[2025-05-13T01:13:35.924+0200] {scheduler_job_runner.py:989} INFO - Starting the scheduler
[2025-05-13T01:13:35.929+0200] {executor_loader.py:269} INFO - Loaded executor: :LocalExecutor:
[2025-05-13T01:13:35.936+0200] {scheduler_job_runner.py:2128} INFO - Adopting or resetting orphaned tasks for active dag runs
[2025-05-13T01:13:35.984+0200] {scheduler_job_runner.py:2188} INFO - Reset the following 16 orphaned TaskInstances:
	<TaskInstance: octopus_pricing_pipeline.trigger_midnight manual__2025-05-12T22:44:07.851263+00:00 [restarting]>
	<TaskInstance: octopus_pricing_pipeline.trigger_midnight manual__2025-05-12T22:56:30.664537+00:00 [restarting]>
	<TaskInstance: octopus_pricing_pipeline.trigger_midnight manual__2025-05-12T22:56:33.969661+00:00 [restarting]>
	<TaskInstance: octopus_pricing_pipeline.trigger_midnight manual__2025-05-12T22:56:35.238231+00:00 [restarting]>
	<TaskInstance: octopus_pricing_pipeline.trigger_midnight manual__2025-05-12T22:56:37.892672+00:00 [restarting]>
	<TaskInstance: octopus_pricing_pipeline.trigger_midnight manual__2025-05-12T22:56:38.054395+00:00 [restarting]>
	<TaskInstance: octopus_pricing_pipeline.trigger_midnight manual__2025-05-12T22:56:39.244902+00:00 [restarting]>
	<TaskInstance: octopus_pricing_pipeline.trigger_midnight manual__2025-05-12T22:56:39.995562+00:00 [restarting]>
	<TaskInstance: octopus_pricing_pipeline.trigger_midnight manual__2025-05-12T22:56:41.178632+00:00 [restarting]>
	<TaskInstance: octopus_pricing_pipeline.trigger_midnight manual__2025-05-12T22:56:43.080613+00:00 [running]>
	<TaskInstance: octopus_pricing_pipeline.trigger_midnight manual__2025-05-12T22:56:43.150610+00:00 [running]>
	<TaskInstance: octopus_pricing_pipeline.trigger_midnight manual__2025-05-12T22:56:45.431427+00:00 [running]>
	<TaskInstance: octopus_pricing_pipeline.trigger_midnight manual__2025-05-12T22:56:45.433343+00:00 [running]>
	<TaskInstance: octopus_pricing_pipeline.trigger_midnight manual__2025-05-12T22:58:11.241256+00:00 [running]>
	<TaskInstance: octopus_pricing_pipeline.trigger_midnight manual__2025-05-12T22:58:26.052357+00:00 [running]>
	<TaskInstance: octopus_pricing_pipeline.trigger_midnight manual__2025-05-12T23:02:50.404750+00:00 [running]>
[2025-05-13T01:18:35.994+0200] {scheduler_job_runner.py:2128} INFO - Adopting or resetting orphaned tasks for active dag runs
[2025-05-13T01:23:35.999+0200] {scheduler_job_runner.py:2128} INFO - Adopting or resetting orphaned tasks for active dag runs
[2025-05-13T01:28:36.000+0200] {scheduler_job_runner.py:2128} INFO - Adopting or resetting orphaned tasks for active dag runs
[2025-05-13T01:33:36.010+0200] {scheduler_job_runner.py:2128} INFO - Adopting or resetting orphaned tasks for active dag runs
[2025-05-13T01:38:36.011+0200] {scheduler_job_runner.py:2128} INFO - Adopting or resetting orphaned tasks for active dag runs
[2025-05-13T01:41:25.085+0200] {dag.py:2517} INFO - Setting next_dagrun for octopus_pricing_midnight to 2025-05-13 00:00:00+00:00, run_after=2025-05-13 00:00:00+00:00
[2025-05-13T01:41:25.295+0200] {scheduler_job_runner.py:450} INFO - 2 tasks up for execution:
	<TaskInstance: octopus_pricing_midnight.ingest_backend_db scheduled__2025-05-12T00:00:00+00:00 [scheduled]>
	<TaskInstance: octopus_pricing_midnight.ingest_backend_db manual__2025-05-12T23:41:24.546631+00:00 [scheduled]>
[2025-05-13T01:41:25.296+0200] {scheduler_job_runner.py:522} INFO - DAG octopus_pricing_midnight has 0/16 running and queued tasks
[2025-05-13T01:41:25.296+0200] {scheduler_job_runner.py:522} INFO - DAG octopus_pricing_midnight has 0/16 running and queued tasks
[2025-05-13T01:41:25.296+0200] {scheduler_job_runner.py:661} INFO - Setting the following tasks to queued state:
	<TaskInstance: octopus_pricing_midnight.ingest_backend_db scheduled__2025-05-12T00:00:00+00:00 [scheduled]>
	<TaskInstance: octopus_pricing_midnight.ingest_backend_db manual__2025-05-12T23:41:24.546631+00:00 [scheduled]>
[2025-05-13T01:41:25.299+0200] {scheduler_job_runner.py:767} INFO - Trying to enqueue tasks: [<TaskInstance: octopus_pricing_midnight.ingest_backend_db scheduled__2025-05-12T00:00:00+00:00 [scheduled]>, <TaskInstance: octopus_pricing_midnight.ingest_backend_db manual__2025-05-12T23:41:24.546631+00:00 [scheduled]>] for executor: LocalExecutor(parallelism=32)
[2025-05-13T01:41:25.307+0200] {local_executor.py:61} INFO - Worker starting up pid=78363
[2025-05-13T01:41:25.311+0200] {local_executor.py:61} INFO - Worker starting up pid=78364
[2m2025-05-13 01:41:25[0m [[32m[1minfo     [0m] [1mSecrets backends loaded for worker[0m [[0m[1m[34msupervisor[0m][0m [36mbackend_classes[0m=[35m['EnvironmentVariablesBackend'][0m [36mcount[0m=[35m1[0m
[2m2025-05-13 01:41:25[0m [[32m[1minfo     [0m] [1mSecrets backends loaded for worker[0m [[0m[1m[34msupervisor[0m][0m [36mbackend_classes[0m=[35m['EnvironmentVariablesBackend'][0m [36mcount[0m=[35m1[0m
[2025-05-13T01:41:25.868+0200] {_client.py:1025} INFO - HTTP Request: PATCH http://localhost:8080/execution/task-instances/0196c6df-e6d2-7219-a8cd-85af87f88eec/run "HTTP/1.1 200 OK"
[2m2025-05-13 01:41:25[0m [[32m[1mdebug    [0m] [1mSending                       [0m [[0m[1m[34msupervisor[0m][0m [36mmsg[0m=[35mStartupDetails(ti=TaskInstance(id=UUID('0196c6df-e6d2-7219-a8cd-85af87f88eec'), task_id='ingest_backend_db', dag_id='octopus_pricing_midnight', run_id='manual__2025-05-12T23:41:24.546631+00:00', try_number=1, map_index=-1, pool_slots=1, queue='default', priority_weight=2, executor_config={}, parent_context_carrier={}, context_carrier=None, queued_dttm=None), dag_rel_path='octopus_pricing_pipeline.py', bundle_info=BundleInfo(name='dags-folder', version=None), requests_fd=30, start_date=datetime.datetime(2025, 5, 12, 23, 41, 25, 467707, tzinfo=datetime.timezone.utc), ti_context=TIRunContext(dag_run=DagRun(dag_id='octopus_pricing_midnight', run_id='manual__2025-05-12T23:41:24.546631+00:00', logical_date=datetime.datetime(2025, 5, 12, 23, 41, 23, 294000, tzinfo=TzInfo(UTC)), data_interval_start=datetime.datetime(2025, 5, 12, 23, 41, 23, 294000, tzinfo=TzInfo(UTC)), data_interval_end=datetime.datetime(2025, 5, 12, 23, 41, 23, 294000, tzinfo=TzInfo(UTC)), run_after=datetime.datetime(2025, 5, 12, 23, 41, 23, 294000, tzinfo=TzInfo(UTC)), start_date=datetime.datetime(2025, 5, 12, 23, 41, 25, 103964, tzinfo=TzInfo(UTC)), end_date=None, clear_number=0, run_type=<DagRunType.MANUAL: 'manual'>, conf={}, consumed_asset_events=[]), task_reschedule_count=0, max_tries=1, variables=[], connections=[], upstream_map_indexes=None, next_method=None, next_kwargs=None, xcom_keys_to_clear=[], should_retry=True), type='StartupDetails')[0m
[2025-05-13T01:41:25.896+0200] {_client.py:1025} INFO - HTTP Request: PATCH http://localhost:8080/execution/task-instances/0196c6df-e8da-7dca-8fbf-e83b6b392a98/run "HTTP/1.1 200 OK"
[2m2025-05-13 01:41:25[0m [[32m[1mdebug    [0m] [1mSending                       [0m [[0m[1m[34msupervisor[0m][0m [36mmsg[0m=[35mStartupDetails(ti=TaskInstance(id=UUID('0196c6df-e8da-7dca-8fbf-e83b6b392a98'), task_id='ingest_backend_db', dag_id='octopus_pricing_midnight', run_id='scheduled__2025-05-12T00:00:00+00:00', try_number=1, map_index=-1, pool_slots=1, queue='default', priority_weight=2, executor_config={}, parent_context_carrier={}, context_carrier=None, queued_dttm=None), dag_rel_path='octopus_pricing_pipeline.py', bundle_info=BundleInfo(name='dags-folder', version=None), requests_fd=28, start_date=datetime.datetime(2025, 5, 12, 23, 41, 25, 467941, tzinfo=datetime.timezone.utc), ti_context=TIRunContext(dag_run=DagRun(dag_id='octopus_pricing_midnight', run_id='scheduled__2025-05-12T00:00:00+00:00', logical_date=datetime.datetime(2025, 5, 12, 0, 0, tzinfo=TzInfo(UTC)), data_interval_start=datetime.datetime(2025, 5, 12, 0, 0, tzinfo=TzInfo(UTC)), data_interval_end=datetime.datetime(2025, 5, 12, 0, 0, tzinfo=TzInfo(UTC)), run_after=datetime.datetime(2025, 5, 12, 0, 0, tzinfo=TzInfo(UTC)), start_date=datetime.datetime(2025, 5, 12, 23, 41, 25, 102792, tzinfo=TzInfo(UTC)), end_date=None, clear_number=0, run_type=<DagRunType.SCHEDULED: 'scheduled'>, conf={}, consumed_asset_events=[]), task_reschedule_count=0, max_tries=1, variables=[], connections=[], upstream_map_indexes=None, next_method=None, next_kwargs=None, xcom_keys_to_clear=[], should_retry=True), type='StartupDetails')[0m
[2025-05-13T01:41:25.912+0200] {_client.py:1025} INFO - HTTP Request: PUT http://localhost:8080/execution/task-instances/0196c6df-e6d2-7219-a8cd-85af87f88eec/heartbeat "HTTP/1.1 204 No Content"
[2025-05-13T01:41:25.930+0200] {_client.py:1025} INFO - HTTP Request: PUT http://localhost:8080/execution/task-instances/0196c6df-e8da-7dca-8fbf-e83b6b392a98/heartbeat "HTTP/1.1 204 No Content"
[2m2025-05-13 01:41:26[0m [[32m[1mdebug    [0m] [1mReceived message from task runner[0m [[0m[1m[34msupervisor[0m][0m [36mmsg[0m=[35mGetVariable(key='BASE_PATH', type='GetVariable')[0m
[2025-05-13T01:41:26.167+0200] {_client.py:1025} INFO - HTTP Request: GET http://localhost:8080/execution/variables/BASE_PATH "HTTP/1.1 200 OK"
[2m2025-05-13 01:41:26[0m [[32m[1mdebug    [0m] [1mReceived message from task runner[0m [[0m[1m[34msupervisor[0m][0m [36mmsg[0m=[35mGetVariable(key='BASE_DATA_PATH', type='GetVariable')[0m
[2m2025-05-13 01:41:26[0m [[32m[1mdebug    [0m] [1mReceived message from task runner[0m [[0m[1m[34msupervisor[0m][0m [36mmsg[0m=[35mGetVariable(key='BASE_PATH', type='GetVariable')[0m
[2025-05-13T01:41:26.174+0200] {_client.py:1025} INFO - HTTP Request: GET http://localhost:8080/execution/variables/BASE_DATA_PATH "HTTP/1.1 200 OK"
[2m2025-05-13 01:41:26[0m [[32m[1mdebug    [0m] [1mReceived message from task runner[0m [[0m[1m[34msupervisor[0m][0m [36mmsg[0m=[35mGetConnection(conn_id='staging_postgres', type='GetConnection')[0m
[2025-05-13T01:41:26.182+0200] {_client.py:1025} INFO - HTTP Request: GET http://localhost:8080/execution/variables/BASE_PATH "HTTP/1.1 200 OK"
[2m2025-05-13 01:41:26[0m [[32m[1mdebug    [0m] [1mReceived message from task runner[0m [[0m[1m[34msupervisor[0m][0m [36mmsg[0m=[35mGetVariable(key='BASE_DATA_PATH', type='GetVariable')[0m
[2025-05-13T01:41:26.187+0200] {_client.py:1025} INFO - HTTP Request: GET http://localhost:8080/execution/connections/staging_postgres "HTTP/1.1 200 OK"
[2025-05-13T01:41:26.190+0200] {_client.py:1025} INFO - HTTP Request: GET http://localhost:8080/execution/variables/BASE_DATA_PATH "HTTP/1.1 200 OK"
[2m2025-05-13 01:41:26[0m [[32m[1mdebug    [0m] [1mReceived message from task runner[0m [[0m[1m[34msupervisor[0m][0m [36mmsg[0m=[35mGetConnection(conn_id='staging_postgres', type='GetConnection')[0m
[2m2025-05-13 01:41:26[0m [[32m[1mdebug    [0m] [1mReceived message from task runner[0m [[0m[1m[34msupervisor[0m][0m [36mmsg[0m=[35mGetConnection(conn_id='staging_postgres', type='GetConnection')[0m
[2025-05-13T01:41:26.200+0200] {_client.py:1025} INFO - HTTP Request: GET http://localhost:8080/execution/connections/staging_postgres "HTTP/1.1 200 OK"
[2025-05-13T01:41:26.201+0200] {_client.py:1025} INFO - HTTP Request: GET http://localhost:8080/execution/connections/staging_postgres "HTTP/1.1 200 OK"
[2m2025-05-13 01:41:26[0m [[32m[1mdebug    [0m] [1mReceived message from task runner[0m [[0m[1m[34msupervisor[0m][0m [36mmsg[0m=[35mGetConnection(conn_id='staging_postgres', type='GetConnection')[0m
[2m2025-05-13 01:41:26[0m [[32m[1mdebug    [0m] [1mReceived message from task runner[0m [[0m[1m[34msupervisor[0m][0m [36mmsg[0m=[35mGetConnection(conn_id='staging_postgres', type='GetConnection')[0m
[2025-05-13T01:41:26.210+0200] {_client.py:1025} INFO - HTTP Request: GET http://localhost:8080/execution/connections/staging_postgres "HTTP/1.1 200 OK"
[2025-05-13T01:41:26.214+0200] {_client.py:1025} INFO - HTTP Request: GET http://localhost:8080/execution/connections/staging_postgres "HTTP/1.1 200 OK"
[2m2025-05-13 01:41:26[0m [[32m[1mdebug    [0m] [1mReceived message from task runner[0m [[0m[1m[34msupervisor[0m][0m [36mmsg[0m=[35mSetRenderedFields(rendered_fields={'templates_dict': None, 'op_args': [], 'op_kwargs': {}}, type='SetRenderedFields')[0m
[2m2025-05-13 01:41:26[0m [[32m[1mdebug    [0m] [1mReceived message from task runner[0m [[0m[1m[34msupervisor[0m][0m [36mmsg[0m=[35mGetConnection(conn_id='staging_postgres', type='GetConnection')[0m
[2025-05-13T01:41:26.227+0200] {_client.py:1025} INFO - HTTP Request: GET http://localhost:8080/execution/connections/staging_postgres "HTTP/1.1 200 OK"
[2m2025-05-13 01:41:26[0m [[32m[1mdebug    [0m] [1mReceived message from task runner[0m [[0m[1m[34msupervisor[0m][0m [36mmsg[0m=[35mSetRenderedFields(rendered_fields={'templates_dict': None, 'op_args': [], 'op_kwargs': {}}, type='SetRenderedFields')[0m
[2025-05-13T01:41:26.256+0200] {_client.py:1025} INFO - HTTP Request: PUT http://localhost:8080/execution/task-instances/0196c6df-e6d2-7219-a8cd-85af87f88eec/rtif "HTTP/1.1 201 Created"
[2m2025-05-13 01:41:26[0m [[32m[1mdebug    [0m] [1mReceived message from task runner[0m [[0m[1m[34msupervisor[0m][0m [36mmsg[0m=[35mGetVariable(key='BACKEND_DB_FILE', type='GetVariable')[0m
[2025-05-13T01:41:26.263+0200] {_client.py:1025} INFO - HTTP Request: GET http://localhost:8080/execution/variables/BACKEND_DB_FILE "HTTP/1.1 200 OK"
[2025-05-13T01:41:26.266+0200] {_client.py:1025} INFO - HTTP Request: PUT http://localhost:8080/execution/task-instances/0196c6df-e8da-7dca-8fbf-e83b6b392a98/rtif "HTTP/1.1 201 Created"
[2m2025-05-13 01:41:26[0m [[32m[1mdebug    [0m] [1mReceived message from task runner[0m [[0m[1m[34msupervisor[0m][0m [36mmsg[0m=[35mGetVariable(key='BACKEND_DB_FILE', type='GetVariable')[0m
[2025-05-13T01:41:26.272+0200] {_client.py:1025} INFO - HTTP Request: GET http://localhost:8080/execution/variables/BACKEND_DB_FILE "HTTP/1.1 200 OK"
[2m2025-05-13 01:41:26[0m [[32m[1mdebug    [0m] [1mReceived message from task runner[0m [[0m[1m[34msupervisor[0m][0m [36mmsg[0m=[35mRetryTask(state='up_for_retry', end_date=datetime.datetime(2025, 5, 12, 23, 41, 26, 341443, tzinfo=TzInfo(UTC)), type='RetryTask')[0m
[2m2025-05-13 01:41:26[0m [[32m[1mdebug    [0m] [1mReceived message from task runner[0m [[0m[1m[34msupervisor[0m][0m [36mmsg[0m=[35mRetryTask(state='up_for_retry', end_date=datetime.datetime(2025, 5, 12, 23, 41, 26, 341424, tzinfo=TzInfo(UTC)), type='RetryTask')[0m
[2025-05-13T01:41:26.368+0200] {_client.py:1025} INFO - HTTP Request: PATCH http://localhost:8080/execution/task-instances/0196c6df-e8da-7dca-8fbf-e83b6b392a98/state "HTTP/1.1 204 No Content"
[2m2025-05-13 01:41:26[0m [[32m[1minfo     [0m] [1mTask finished                 [0m [[0m[1m[34msupervisor[0m][0m [36mduration[0m=[35m0.9097991210001055[0m [36mexit_code[0m=[35m0[0m [36mfinal_state[0m=[35mup_for_retry[0m
[2025-05-13T01:41:26.375+0200] {_client.py:1025} INFO - HTTP Request: PATCH http://localhost:8080/execution/task-instances/0196c6df-e6d2-7219-a8cd-85af87f88eec/state "HTTP/1.1 204 No Content"
[2m2025-05-13 01:41:26[0m [[32m[1minfo     [0m] [1mTask finished                 [0m [[0m[1m[34msupervisor[0m][0m [36mduration[0m=[35m0.9175529959975393[0m [36mexit_code[0m=[35m0[0m [36mfinal_state[0m=[35mup_for_retry[0m
[2025-05-13T01:41:26.996+0200] {scheduler_job_runner.py:810} INFO - Received executor event with state success for task instance TaskInstanceKey(dag_id='octopus_pricing_midnight', task_id='ingest_backend_db', run_id='scheduled__2025-05-12T00:00:00+00:00', try_number=1, map_index=-1)
[2025-05-13T01:41:26.997+0200] {scheduler_job_runner.py:810} INFO - Received executor event with state success for task instance TaskInstanceKey(dag_id='octopus_pricing_midnight', task_id='ingest_backend_db', run_id='manual__2025-05-12T23:41:24.546631+00:00', try_number=1, map_index=-1)
[2025-05-13T01:41:27.010+0200] {scheduler_job_runner.py:852} INFO - TaskInstance Finished: dag_id=octopus_pricing_midnight, task_id=ingest_backend_db, run_id=manual__2025-05-12T23:41:24.546631+00:00, map_index=-1, run_start_date=2025-05-12 23:41:25.467707+00:00, run_end_date=2025-05-12 23:41:26.356705+00:00, run_duration=0.888998, state=up_for_retry, executor=LocalExecutor(parallelism=32), executor_state=success, try_number=1, max_tries=1, pool=default_pool, queue=default, priority_weight=2, operator=PythonOperator, queued_dttm=2025-05-12 23:41:25.297911+00:00, scheduled_dttm=2025-05-12 23:41:25.275744+00:00,queued_by_job_id=13, pid=78366
[2025-05-13T01:41:27.010+0200] {scheduler_job_runner.py:852} INFO - TaskInstance Finished: dag_id=octopus_pricing_midnight, task_id=ingest_backend_db, run_id=scheduled__2025-05-12T00:00:00+00:00, map_index=-1, run_start_date=2025-05-12 23:41:25.467941+00:00, run_end_date=2025-05-12 23:41:26.353757+00:00, run_duration=0.885816, state=up_for_retry, executor=LocalExecutor(parallelism=32), executor_state=success, try_number=1, max_tries=1, pool=default_pool, queue=default, priority_weight=2, operator=PythonOperator, queued_dttm=2025-05-12 23:41:25.297911+00:00, scheduled_dttm=2025-05-12 23:41:25.268024+00:00,queued_by_job_id=13, pid=78367
[2025-05-13T01:41:32.024+0200] {scheduler_job_runner.py:450} INFO - 2 tasks up for execution:
	<TaskInstance: octopus_pricing_midnight.ingest_backend_db scheduled__2025-05-12T00:00:00+00:00 [scheduled]>
	<TaskInstance: octopus_pricing_midnight.ingest_backend_db manual__2025-05-12T23:41:24.546631+00:00 [scheduled]>
[2025-05-13T01:41:32.025+0200] {scheduler_job_runner.py:522} INFO - DAG octopus_pricing_midnight has 0/16 running and queued tasks
[2025-05-13T01:41:32.025+0200] {scheduler_job_runner.py:522} INFO - DAG octopus_pricing_midnight has 0/16 running and queued tasks
[2025-05-13T01:41:32.025+0200] {scheduler_job_runner.py:661} INFO - Setting the following tasks to queued state:
	<TaskInstance: octopus_pricing_midnight.ingest_backend_db scheduled__2025-05-12T00:00:00+00:00 [scheduled]>
	<TaskInstance: octopus_pricing_midnight.ingest_backend_db manual__2025-05-12T23:41:24.546631+00:00 [scheduled]>
[2025-05-13T01:41:32.026+0200] {scheduler_job_runner.py:767} INFO - Trying to enqueue tasks: [<TaskInstance: octopus_pricing_midnight.ingest_backend_db scheduled__2025-05-12T00:00:00+00:00 [scheduled]>, <TaskInstance: octopus_pricing_midnight.ingest_backend_db manual__2025-05-12T23:41:24.546631+00:00 [scheduled]>] for executor: LocalExecutor(parallelism=32)
[2m2025-05-13 01:41:32[0m [[32m[1minfo     [0m] [1mSecrets backends loaded for worker[0m [[0m[1m[34msupervisor[0m][0m [36mbackend_classes[0m=[35m['EnvironmentVariablesBackend'][0m [36mcount[0m=[35m1[0m
[2m2025-05-13 01:41:32[0m [[32m[1minfo     [0m] [1mSecrets backends loaded for worker[0m [[0m[1m[34msupervisor[0m][0m [36mbackend_classes[0m=[35m['EnvironmentVariablesBackend'][0m [36mcount[0m=[35m1[0m
[2025-05-13T01:41:32.093+0200] {_client.py:1025} INFO - HTTP Request: PATCH http://localhost:8080/execution/task-instances/0196c6df-edd2-7f3b-bd2c-ef0faa64fe3a/run "HTTP/1.1 200 OK"
[2m2025-05-13 01:41:32[0m [[32m[1mdebug    [0m] [1mSending                       [0m [[0m[1m[34msupervisor[0m][0m [36mmsg[0m=[35mStartupDetails(ti=TaskInstance(id=UUID('0196c6df-edd2-7f3b-bd2c-ef0faa64fe3a'), task_id='ingest_backend_db', dag_id='octopus_pricing_midnight', run_id='scheduled__2025-05-12T00:00:00+00:00', try_number=2, map_index=-1, pool_slots=1, queue='default', priority_weight=2, executor_config={}, parent_context_carrier={}, context_carrier=None, queued_dttm=datetime.datetime(2025, 5, 12, 23, 41, 25, 297911, tzinfo=Timezone('UTC'))), dag_rel_path='octopus_pricing_pipeline.py', bundle_info=BundleInfo(name='dags-folder', version=None), requests_fd=30, start_date=datetime.datetime(2025, 5, 12, 23, 41, 32, 70429, tzinfo=datetime.timezone.utc), ti_context=TIRunContext(dag_run=DagRun(dag_id='octopus_pricing_midnight', run_id='scheduled__2025-05-12T00:00:00+00:00', logical_date=datetime.datetime(2025, 5, 12, 0, 0, tzinfo=TzInfo(UTC)), data_interval_start=datetime.datetime(2025, 5, 12, 0, 0, tzinfo=TzInfo(UTC)), data_interval_end=datetime.datetime(2025, 5, 12, 0, 0, tzinfo=TzInfo(UTC)), run_after=datetime.datetime(2025, 5, 12, 0, 0, tzinfo=TzInfo(UTC)), start_date=datetime.datetime(2025, 5, 12, 23, 41, 25, 102792, tzinfo=TzInfo(UTC)), end_date=None, clear_number=0, run_type=<DagRunType.SCHEDULED: 'scheduled'>, conf={}, consumed_asset_events=[]), task_reschedule_count=0, max_tries=1, variables=[], connections=[], upstream_map_indexes=None, next_method=None, next_kwargs=None, xcom_keys_to_clear=[], should_retry=False), type='StartupDetails')[0m
[2025-05-13T01:41:32.138+0200] {_client.py:1025} INFO - HTTP Request: PUT http://localhost:8080/execution/task-instances/0196c6df-edd2-7f3b-bd2c-ef0faa64fe3a/heartbeat "HTTP/1.1 204 No Content"
[2m2025-05-13 01:41:32[0m [[32m[1mdebug    [0m] [1mReceived message from task runner[0m [[0m[1m[34msupervisor[0m][0m [36mmsg[0m=[35mGetVariable(key='BASE_PATH', type='GetVariable')[0m
[2025-05-13T01:41:32.369+0200] {_client.py:1025} INFO - HTTP Request: GET http://localhost:8080/execution/variables/BASE_PATH "HTTP/1.1 200 OK"
[2m2025-05-13 01:41:32[0m [[32m[1mdebug    [0m] [1mReceived message from task runner[0m [[0m[1m[34msupervisor[0m][0m [36mmsg[0m=[35mGetVariable(key='BASE_DATA_PATH', type='GetVariable')[0m
[2025-05-13T01:41:32.377+0200] {_client.py:1025} INFO - HTTP Request: GET http://localhost:8080/execution/variables/BASE_DATA_PATH "HTTP/1.1 200 OK"
[2m2025-05-13 01:41:32[0m [[32m[1mdebug    [0m] [1mReceived message from task runner[0m [[0m[1m[34msupervisor[0m][0m [36mmsg[0m=[35mGetConnection(conn_id='staging_postgres', type='GetConnection')[0m
[2025-05-13T01:41:32.386+0200] {_client.py:1025} INFO - HTTP Request: GET http://localhost:8080/execution/connections/staging_postgres "HTTP/1.1 200 OK"
[2m2025-05-13 01:41:32[0m [[32m[1mdebug    [0m] [1mReceived message from task runner[0m [[0m[1m[34msupervisor[0m][0m [36mmsg[0m=[35mGetConnection(conn_id='staging_postgres', type='GetConnection')[0m
[2025-05-13T01:41:32.399+0200] {_client.py:1025} INFO - HTTP Request: GET http://localhost:8080/execution/connections/staging_postgres "HTTP/1.1 200 OK"
[2m2025-05-13 01:41:32[0m [[32m[1mdebug    [0m] [1mReceived message from task runner[0m [[0m[1m[34msupervisor[0m][0m [36mmsg[0m=[35mGetConnection(conn_id='staging_postgres', type='GetConnection')[0m
[2025-05-13T01:41:32.410+0200] {_client.py:1025} INFO - HTTP Request: GET http://localhost:8080/execution/connections/staging_postgres "HTTP/1.1 200 OK"
[2m2025-05-13 01:41:32[0m [[32m[1mdebug    [0m] [1mReceived message from task runner[0m [[0m[1m[34msupervisor[0m][0m [36mmsg[0m=[35mSetRenderedFields(rendered_fields={'templates_dict': None, 'op_args': [], 'op_kwargs': {}}, type='SetRenderedFields')[0m
[2025-05-13T01:41:32.437+0200] {_client.py:1025} INFO - HTTP Request: PUT http://localhost:8080/execution/task-instances/0196c6df-edd2-7f3b-bd2c-ef0faa64fe3a/rtif "HTTP/1.1 201 Created"
[2m2025-05-13 01:41:32[0m [[32m[1mdebug    [0m] [1mReceived message from task runner[0m [[0m[1m[34msupervisor[0m][0m [36mmsg[0m=[35mGetVariable(key='BACKEND_DB_FILE', type='GetVariable')[0m
[2025-05-13T01:41:32.444+0200] {_client.py:1025} INFO - HTTP Request: GET http://localhost:8080/execution/variables/BACKEND_DB_FILE "HTTP/1.1 200 OK"
[2m2025-05-13 01:41:32[0m [[32m[1mdebug    [0m] [1mReceived message from task runner[0m [[0m[1m[34msupervisor[0m][0m [36mmsg[0m=[35mTaskState(state=<TerminalTIState.FAILED: 'failed'>, end_date=datetime.datetime(2025, 5, 12, 23, 41, 32, 479262, tzinfo=TzInfo(UTC)), type='TaskState')[0m
[2025-05-13T01:41:32.504+0200] {_client.py:1025} INFO - HTTP Request: PATCH http://localhost:8080/execution/task-instances/0196c6df-edd2-7f3b-bd2c-ef0faa64fe3a/state "HTTP/1.1 204 No Content"
[2m2025-05-13 01:41:32[0m [[32m[1minfo     [0m] [1mTask finished                 [0m [[0m[1m[34msupervisor[0m][0m [36mduration[0m=[35m0.43942117800179403[0m [36mexit_code[0m=[35m0[0m [36mfinal_state[0m=[35mfailed[0m
[2025-05-13T01:41:32.530+0200] {_client.py:1025} INFO - HTTP Request: PATCH http://localhost:8080/execution/task-instances/0196c6df-eddd-75d2-a0d3-edfdce9d974d/run "HTTP/1.1 200 OK"
[2m2025-05-13 01:41:32[0m [[32m[1mdebug    [0m] [1mSending                       [0m [[0m[1m[34msupervisor[0m][0m [36mmsg[0m=[35mStartupDetails(ti=TaskInstance(id=UUID('0196c6df-eddd-75d2-a0d3-edfdce9d974d'), task_id='ingest_backend_db', dag_id='octopus_pricing_midnight', run_id='manual__2025-05-12T23:41:24.546631+00:00', try_number=2, map_index=-1, pool_slots=1, queue='default', priority_weight=2, executor_config={}, parent_context_carrier={}, context_carrier=None, queued_dttm=datetime.datetime(2025, 5, 12, 23, 41, 25, 297911, tzinfo=Timezone('UTC'))), dag_rel_path='octopus_pricing_pipeline.py', bundle_info=BundleInfo(name='dags-folder', version=None), requests_fd=32, start_date=datetime.datetime(2025, 5, 12, 23, 41, 32, 73348, tzinfo=datetime.timezone.utc), ti_context=TIRunContext(dag_run=DagRun(dag_id='octopus_pricing_midnight', run_id='manual__2025-05-12T23:41:24.546631+00:00', logical_date=datetime.datetime(2025, 5, 12, 23, 41, 23, 294000, tzinfo=TzInfo(UTC)), data_interval_start=datetime.datetime(2025, 5, 12, 23, 41, 23, 294000, tzinfo=TzInfo(UTC)), data_interval_end=datetime.datetime(2025, 5, 12, 23, 41, 23, 294000, tzinfo=TzInfo(UTC)), run_after=datetime.datetime(2025, 5, 12, 23, 41, 23, 294000, tzinfo=TzInfo(UTC)), start_date=datetime.datetime(2025, 5, 12, 23, 41, 25, 103964, tzinfo=TzInfo(UTC)), end_date=None, clear_number=0, run_type=<DagRunType.MANUAL: 'manual'>, conf={}, consumed_asset_events=[]), task_reschedule_count=0, max_tries=1, variables=[], connections=[], upstream_map_indexes=None, next_method=None, next_kwargs=None, xcom_keys_to_clear=[], should_retry=False), type='StartupDetails')[0m
[2025-05-13T01:41:32.571+0200] {_client.py:1025} INFO - HTTP Request: PUT http://localhost:8080/execution/task-instances/0196c6df-eddd-75d2-a0d3-edfdce9d974d/heartbeat "HTTP/1.1 204 No Content"
[2m2025-05-13 01:41:32[0m [[32m[1mdebug    [0m] [1mReceived message from task runner[0m [[0m[1m[34msupervisor[0m][0m [36mmsg[0m=[35mGetVariable(key='BASE_PATH', type='GetVariable')[0m
[2025-05-13T01:41:32.770+0200] {_client.py:1025} INFO - HTTP Request: GET http://localhost:8080/execution/variables/BASE_PATH "HTTP/1.1 200 OK"
[2m2025-05-13 01:41:32[0m [[32m[1mdebug    [0m] [1mReceived message from task runner[0m [[0m[1m[34msupervisor[0m][0m [36mmsg[0m=[35mGetVariable(key='BASE_DATA_PATH', type='GetVariable')[0m
[2025-05-13T01:41:32.777+0200] {_client.py:1025} INFO - HTTP Request: GET http://localhost:8080/execution/variables/BASE_DATA_PATH "HTTP/1.1 200 OK"
[2m2025-05-13 01:41:32[0m [[32m[1mdebug    [0m] [1mReceived message from task runner[0m [[0m[1m[34msupervisor[0m][0m [36mmsg[0m=[35mGetConnection(conn_id='staging_postgres', type='GetConnection')[0m
[2025-05-13T01:41:32.789+0200] {_client.py:1025} INFO - HTTP Request: GET http://localhost:8080/execution/connections/staging_postgres "HTTP/1.1 200 OK"
[2m2025-05-13 01:41:32[0m [[32m[1mdebug    [0m] [1mReceived message from task runner[0m [[0m[1m[34msupervisor[0m][0m [36mmsg[0m=[35mGetConnection(conn_id='staging_postgres', type='GetConnection')[0m
[2025-05-13T01:41:32.801+0200] {_client.py:1025} INFO - HTTP Request: GET http://localhost:8080/execution/connections/staging_postgres "HTTP/1.1 200 OK"
[2m2025-05-13 01:41:32[0m [[32m[1mdebug    [0m] [1mReceived message from task runner[0m [[0m[1m[34msupervisor[0m][0m [36mmsg[0m=[35mGetConnection(conn_id='staging_postgres', type='GetConnection')[0m
[2025-05-13T01:41:32.811+0200] {_client.py:1025} INFO - HTTP Request: GET http://localhost:8080/execution/connections/staging_postgres "HTTP/1.1 200 OK"
[2m2025-05-13 01:41:32[0m [[32m[1mdebug    [0m] [1mReceived message from task runner[0m [[0m[1m[34msupervisor[0m][0m [36mmsg[0m=[35mSetRenderedFields(rendered_fields={'templates_dict': None, 'op_args': [], 'op_kwargs': {}}, type='SetRenderedFields')[0m
[2025-05-13T01:41:32.845+0200] {_client.py:1025} INFO - HTTP Request: PUT http://localhost:8080/execution/task-instances/0196c6df-eddd-75d2-a0d3-edfdce9d974d/rtif "HTTP/1.1 201 Created"
[2m2025-05-13 01:41:32[0m [[32m[1mdebug    [0m] [1mReceived message from task runner[0m [[0m[1m[34msupervisor[0m][0m [36mmsg[0m=[35mGetVariable(key='BACKEND_DB_FILE', type='GetVariable')[0m
[2025-05-13T01:41:32.852+0200] {_client.py:1025} INFO - HTTP Request: GET http://localhost:8080/execution/variables/BACKEND_DB_FILE "HTTP/1.1 200 OK"
[2m2025-05-13 01:41:32[0m [[32m[1mdebug    [0m] [1mReceived message from task runner[0m [[0m[1m[34msupervisor[0m][0m [36mmsg[0m=[35mTaskState(state=<TerminalTIState.FAILED: 'failed'>, end_date=datetime.datetime(2025, 5, 12, 23, 41, 32, 882040, tzinfo=TzInfo(UTC)), type='TaskState')[0m
[2025-05-13T01:41:32.907+0200] {_client.py:1025} INFO - HTTP Request: PATCH http://localhost:8080/execution/task-instances/0196c6df-eddd-75d2-a0d3-edfdce9d974d/state "HTTP/1.1 204 No Content"
[2m2025-05-13 01:41:32[0m [[32m[1minfo     [0m] [1mTask finished                 [0m [[0m[1m[34msupervisor[0m][0m [36mduration[0m=[35m0.8392236690051504[0m [36mexit_code[0m=[35m0[0m [36mfinal_state[0m=[35mfailed[0m
[2025-05-13T01:41:33.107+0200] {scheduler_job_runner.py:810} INFO - Received executor event with state success for task instance TaskInstanceKey(dag_id='octopus_pricing_midnight', task_id='ingest_backend_db', run_id='scheduled__2025-05-12T00:00:00+00:00', try_number=2, map_index=-1)
[2025-05-13T01:41:33.108+0200] {scheduler_job_runner.py:810} INFO - Received executor event with state success for task instance TaskInstanceKey(dag_id='octopus_pricing_midnight', task_id='ingest_backend_db', run_id='manual__2025-05-12T23:41:24.546631+00:00', try_number=2, map_index=-1)
[2025-05-13T01:41:33.112+0200] {scheduler_job_runner.py:852} INFO - TaskInstance Finished: dag_id=octopus_pricing_midnight, task_id=ingest_backend_db, run_id=manual__2025-05-12T23:41:24.546631+00:00, map_index=-1, run_start_date=2025-05-12 23:41:32.073348+00:00, run_end_date=2025-05-12 23:41:32.888933+00:00, run_duration=0.816, state=failed, executor=LocalExecutor(parallelism=32), executor_state=success, try_number=2, max_tries=1, pool=default_pool, queue=default, priority_weight=2, operator=PythonOperator, queued_dttm=2025-05-12 23:41:32.026198+00:00, scheduled_dttm=2025-05-12 23:41:32.009227+00:00,queued_by_job_id=13, pid=78469
[2025-05-13T01:41:33.112+0200] {scheduler_job_runner.py:852} INFO - TaskInstance Finished: dag_id=octopus_pricing_midnight, task_id=ingest_backend_db, run_id=scheduled__2025-05-12T00:00:00+00:00, map_index=-1, run_start_date=2025-05-12 23:41:32.070429+00:00, run_end_date=2025-05-12 23:41:32.486313+00:00, run_duration=0.416, state=failed, executor=LocalExecutor(parallelism=32), executor_state=success, try_number=2, max_tries=1, pool=default_pool, queue=default, priority_weight=2, operator=PythonOperator, queued_dttm=2025-05-12 23:41:32.026198+00:00, scheduled_dttm=2025-05-12 23:41:32.005039+00:00,queued_by_job_id=13, pid=78468
[2025-05-13T01:41:34.130+0200] {dagrun.py:1145} INFO - Marking run <DagRun octopus_pricing_midnight @ 2025-05-12 00:00:00+00:00: scheduled__2025-05-12T00:00:00+00:00, state:running, queued_at: 2025-05-12 23:41:25.074379+00:00. run_type: scheduled> failed
[2025-05-13T01:41:34.132+0200] {dagrun.py:1224} INFO - DagRun Finished: dag_id=octopus_pricing_midnight, logical_date=2025-05-12 00:00:00+00:00, run_id=scheduled__2025-05-12T00:00:00+00:00, run_start_date=2025-05-12 23:41:25.102792+00:00, run_end_date=2025-05-12 23:41:34.132672+00:00, run_duration=9.02988, state=failed, run_type=scheduled, data_interval_start=2025-05-12 00:00:00+00:00, data_interval_end=2025-05-12 00:00:00+00:00,
[2025-05-13T01:41:34.137+0200] {dag.py:2517} INFO - Setting next_dagrun for octopus_pricing_midnight to 2025-05-13 00:00:00+00:00, run_after=2025-05-13 00:00:00+00:00
[2025-05-13T01:41:34.140+0200] {dagrun.py:1145} INFO - Marking run <DagRun octopus_pricing_midnight @ 2025-05-12 23:41:23.294000+00:00: manual__2025-05-12T23:41:24.546631+00:00, state:running, queued_at: 2025-05-12 23:41:24.552065+00:00. run_type: manual> failed
[2025-05-13T01:41:34.140+0200] {dagrun.py:1224} INFO - DagRun Finished: dag_id=octopus_pricing_midnight, logical_date=2025-05-12 23:41:23.294000+00:00, run_id=manual__2025-05-12T23:41:24.546631+00:00, run_start_date=2025-05-12 23:41:25.103964+00:00, run_end_date=2025-05-12 23:41:34.140659+00:00, run_duration=9.036695, state=failed, run_type=manual, data_interval_start=2025-05-12 23:41:23.294000+00:00, data_interval_end=2025-05-12 23:41:23.294000+00:00,
[2025-05-13T01:43:28.724+0200] {scheduler_job_runner.py:450} INFO - 1 tasks up for execution:
	<TaskInstance: octopus_pricing_midnight.ingest_backend_db manual__2025-05-12T23:43:28.293818+00:00 [scheduled]>
[2025-05-13T01:43:28.725+0200] {scheduler_job_runner.py:522} INFO - DAG octopus_pricing_midnight has 0/16 running and queued tasks
[2025-05-13T01:43:28.725+0200] {scheduler_job_runner.py:661} INFO - Setting the following tasks to queued state:
	<TaskInstance: octopus_pricing_midnight.ingest_backend_db manual__2025-05-12T23:43:28.293818+00:00 [scheduled]>
[2025-05-13T01:43:28.726+0200] {scheduler_job_runner.py:767} INFO - Trying to enqueue tasks: [<TaskInstance: octopus_pricing_midnight.ingest_backend_db manual__2025-05-12T23:43:28.293818+00:00 [scheduled]>] for executor: LocalExecutor(parallelism=32)
[2m2025-05-13 01:43:28[0m [[32m[1minfo     [0m] [1mSecrets backends loaded for worker[0m [[0m[1m[34msupervisor[0m][0m [36mbackend_classes[0m=[35m['EnvironmentVariablesBackend'][0m [36mcount[0m=[35m1[0m
[2025-05-13T01:43:28.790+0200] {_client.py:1025} INFO - HTTP Request: PATCH http://localhost:8080/execution/task-instances/0196c6e1-ca2f-7329-8696-3a541ea3b69e/run "HTTP/1.1 200 OK"
[2m2025-05-13 01:43:28[0m [[32m[1mdebug    [0m] [1mSending                       [0m [[0m[1m[34msupervisor[0m][0m [36mmsg[0m=[35mStartupDetails(ti=TaskInstance(id=UUID('0196c6e1-ca2f-7329-8696-3a541ea3b69e'), task_id='ingest_backend_db', dag_id='octopus_pricing_midnight', run_id='manual__2025-05-12T23:43:28.293818+00:00', try_number=1, map_index=-1, pool_slots=1, queue='default', priority_weight=2, executor_config={}, parent_context_carrier={}, context_carrier=None, queued_dttm=None), dag_rel_path='octopus_pricing_pipeline.py', bundle_info=BundleInfo(name='dags-folder', version=None), requests_fd=31, start_date=datetime.datetime(2025, 5, 12, 23, 43, 28, 766976, tzinfo=datetime.timezone.utc), ti_context=TIRunContext(dag_run=DagRun(dag_id='octopus_pricing_midnight', run_id='manual__2025-05-12T23:43:28.293818+00:00', logical_date=datetime.datetime(2025, 5, 12, 23, 43, 27, 353000, tzinfo=TzInfo(UTC)), data_interval_start=datetime.datetime(2025, 5, 12, 23, 43, 27, 353000, tzinfo=TzInfo(UTC)), data_interval_end=datetime.datetime(2025, 5, 12, 23, 43, 27, 353000, tzinfo=TzInfo(UTC)), run_after=datetime.datetime(2025, 5, 12, 23, 43, 27, 353000, tzinfo=TzInfo(UTC)), start_date=datetime.datetime(2025, 5, 12, 23, 43, 28, 695689, tzinfo=TzInfo(UTC)), end_date=None, clear_number=0, run_type=<DagRunType.MANUAL: 'manual'>, conf={}, consumed_asset_events=[]), task_reschedule_count=0, max_tries=1, variables=[], connections=[], upstream_map_indexes=None, next_method=None, next_kwargs=None, xcom_keys_to_clear=[], should_retry=True), type='StartupDetails')[0m
[2025-05-13T01:43:28.826+0200] {_client.py:1025} INFO - HTTP Request: PUT http://localhost:8080/execution/task-instances/0196c6e1-ca2f-7329-8696-3a541ea3b69e/heartbeat "HTTP/1.1 204 No Content"
[2m2025-05-13 01:43:29[0m [[32m[1mdebug    [0m] [1mReceived message from task runner[0m [[0m[1m[34msupervisor[0m][0m [36mmsg[0m=[35mGetVariable(key='BASE_PATH', type='GetVariable')[0m
[2025-05-13T01:43:29.028+0200] {_client.py:1025} INFO - HTTP Request: GET http://localhost:8080/execution/variables/BASE_PATH "HTTP/1.1 200 OK"
[2m2025-05-13 01:43:29[0m [[32m[1mdebug    [0m] [1mReceived message from task runner[0m [[0m[1m[34msupervisor[0m][0m [36mmsg[0m=[35mGetVariable(key='BASE_DATA_PATH', type='GetVariable')[0m
[2025-05-13T01:43:29.036+0200] {_client.py:1025} INFO - HTTP Request: GET http://localhost:8080/execution/variables/BASE_DATA_PATH "HTTP/1.1 200 OK"
[2m2025-05-13 01:43:29[0m [[32m[1mdebug    [0m] [1mReceived message from task runner[0m [[0m[1m[34msupervisor[0m][0m [36mmsg[0m=[35mGetConnection(conn_id='staging_postgres', type='GetConnection')[0m
[2025-05-13T01:43:29.044+0200] {_client.py:1025} INFO - HTTP Request: GET http://localhost:8080/execution/connections/staging_postgres "HTTP/1.1 200 OK"
[2m2025-05-13 01:43:29[0m [[32m[1mdebug    [0m] [1mReceived message from task runner[0m [[0m[1m[34msupervisor[0m][0m [36mmsg[0m=[35mGetConnection(conn_id='staging_postgres', type='GetConnection')[0m
[2025-05-13T01:43:29.056+0200] {_client.py:1025} INFO - HTTP Request: GET http://localhost:8080/execution/connections/staging_postgres "HTTP/1.1 200 OK"
[2m2025-05-13 01:43:29[0m [[32m[1mdebug    [0m] [1mReceived message from task runner[0m [[0m[1m[34msupervisor[0m][0m [36mmsg[0m=[35mSetRenderedFields(rendered_fields={'templates_dict': None, 'op_args': [], 'op_kwargs': {}}, type='SetRenderedFields')[0m
[2025-05-13T01:43:29.086+0200] {_client.py:1025} INFO - HTTP Request: PUT http://localhost:8080/execution/task-instances/0196c6e1-ca2f-7329-8696-3a541ea3b69e/rtif "HTTP/1.1 201 Created"
[2m2025-05-13 01:43:29[0m [[32m[1mdebug    [0m] [1mReceived message from task runner[0m [[0m[1m[34msupervisor[0m][0m [36mmsg[0m=[35mGetVariable(key='BACKEND_DB_FILE', type='GetVariable')[0m
[2025-05-13T01:43:29.092+0200] {_client.py:1025} INFO - HTTP Request: GET http://localhost:8080/execution/variables/BACKEND_DB_FILE "HTTP/1.1 200 OK"
[2m2025-05-13 01:43:29[0m [[32m[1mdebug    [0m] [1mReceived message from task runner[0m [[0m[1m[34msupervisor[0m][0m [36mmsg[0m=[35mSucceedTask(state='success', end_date=datetime.datetime(2025, 5, 12, 23, 43, 29, 149659, tzinfo=TzInfo(UTC)), task_outlets=[], outlet_events=[], type='SucceedTask')[0m
[2025-05-13T01:43:29.168+0200] {_client.py:1025} INFO - HTTP Request: PATCH http://localhost:8080/execution/task-instances/0196c6e1-ca2f-7329-8696-3a541ea3b69e/state "HTTP/1.1 204 No Content"
[2m2025-05-13 01:43:29[0m [[32m[1minfo     [0m] [1mTask finished                 [0m [[0m[1m[34msupervisor[0m][0m [36mduration[0m=[35m0.4063275039952714[0m [36mexit_code[0m=[35m0[0m [36mfinal_state[0m=[35msuccess[0m
[2025-05-13T01:43:29.349+0200] {scheduler_job_runner.py:450} INFO - 1 tasks up for execution:
	<TaskInstance: octopus_pricing_midnight.dbt_run manual__2025-05-12T23:43:28.293818+00:00 [scheduled]>
[2025-05-13T01:43:29.349+0200] {scheduler_job_runner.py:522} INFO - DAG octopus_pricing_midnight has 0/16 running and queued tasks
[2025-05-13T01:43:29.350+0200] {scheduler_job_runner.py:661} INFO - Setting the following tasks to queued state:
	<TaskInstance: octopus_pricing_midnight.dbt_run manual__2025-05-12T23:43:28.293818+00:00 [scheduled]>
[2025-05-13T01:43:29.350+0200] {scheduler_job_runner.py:767} INFO - Trying to enqueue tasks: [<TaskInstance: octopus_pricing_midnight.dbt_run manual__2025-05-12T23:43:28.293818+00:00 [scheduled]>] for executor: LocalExecutor(parallelism=32)
[2025-05-13T01:43:29.357+0200] {scheduler_job_runner.py:810} INFO - Received executor event with state success for task instance TaskInstanceKey(dag_id='octopus_pricing_midnight', task_id='ingest_backend_db', run_id='manual__2025-05-12T23:43:28.293818+00:00', try_number=1, map_index=-1)
[2025-05-13T01:43:29.362+0200] {scheduler_job_runner.py:852} INFO - TaskInstance Finished: dag_id=octopus_pricing_midnight, task_id=ingest_backend_db, run_id=manual__2025-05-12T23:43:28.293818+00:00, map_index=-1, run_start_date=2025-05-12 23:43:28.766976+00:00, run_end_date=2025-05-12 23:43:29.149659+00:00, run_duration=1.383, state=success, executor=LocalExecutor(parallelism=32), executor_state=success, try_number=1, max_tries=1, pool=default_pool, queue=default, priority_weight=2, operator=PythonOperator, queued_dttm=2025-05-12 23:43:28.725706+00:00, scheduled_dttm=2025-05-12 23:43:28.710679+00:00,queued_by_job_id=13, pid=79915
[2m2025-05-13 01:43:29[0m [[32m[1minfo     [0m] [1mSecrets backends loaded for worker[0m [[0m[1m[34msupervisor[0m][0m [36mbackend_classes[0m=[35m['EnvironmentVariablesBackend'][0m [36mcount[0m=[35m1[0m
[2025-05-13T01:43:29.413+0200] {_client.py:1025} INFO - HTTP Request: PATCH http://localhost:8080/execution/task-instances/0196c6e1-ca30-7a62-8644-fb4486ccce5b/run "HTTP/1.1 200 OK"
[2m2025-05-13 01:43:29[0m [[32m[1mdebug    [0m] [1mSending                       [0m [[0m[1m[34msupervisor[0m][0m [36mmsg[0m=[35mStartupDetails(ti=TaskInstance(id=UUID('0196c6e1-ca30-7a62-8644-fb4486ccce5b'), task_id='dbt_run', dag_id='octopus_pricing_midnight', run_id='manual__2025-05-12T23:43:28.293818+00:00', try_number=1, map_index=-1, pool_slots=1, queue='default', priority_weight=1, executor_config={}, parent_context_carrier={}, context_carrier=None, queued_dttm=None), dag_rel_path='octopus_pricing_pipeline.py', bundle_info=BundleInfo(name='dags-folder', version=None), requests_fd=33, start_date=datetime.datetime(2025, 5, 12, 23, 43, 29, 392160, tzinfo=datetime.timezone.utc), ti_context=TIRunContext(dag_run=DagRun(dag_id='octopus_pricing_midnight', run_id='manual__2025-05-12T23:43:28.293818+00:00', logical_date=datetime.datetime(2025, 5, 12, 23, 43, 27, 353000, tzinfo=TzInfo(UTC)), data_interval_start=datetime.datetime(2025, 5, 12, 23, 43, 27, 353000, tzinfo=TzInfo(UTC)), data_interval_end=datetime.datetime(2025, 5, 12, 23, 43, 27, 353000, tzinfo=TzInfo(UTC)), run_after=datetime.datetime(2025, 5, 12, 23, 43, 27, 353000, tzinfo=TzInfo(UTC)), start_date=datetime.datetime(2025, 5, 12, 23, 43, 28, 695689, tzinfo=TzInfo(UTC)), end_date=None, clear_number=0, run_type=<DagRunType.MANUAL: 'manual'>, conf={}, consumed_asset_events=[]), task_reschedule_count=0, max_tries=1, variables=[], connections=[], upstream_map_indexes=None, next_method=None, next_kwargs=None, xcom_keys_to_clear=[], should_retry=True), type='StartupDetails')[0m
[2025-05-13T01:43:29.447+0200] {_client.py:1025} INFO - HTTP Request: PUT http://localhost:8080/execution/task-instances/0196c6e1-ca30-7a62-8644-fb4486ccce5b/heartbeat "HTTP/1.1 204 No Content"
[2m2025-05-13 01:43:29[0m [[32m[1mdebug    [0m] [1mReceived message from task runner[0m [[0m[1m[34msupervisor[0m][0m [36mmsg[0m=[35mGetVariable(key='BASE_PATH', type='GetVariable')[0m
[2025-05-13T01:43:29.644+0200] {_client.py:1025} INFO - HTTP Request: GET http://localhost:8080/execution/variables/BASE_PATH "HTTP/1.1 200 OK"
[2m2025-05-13 01:43:29[0m [[32m[1mdebug    [0m] [1mReceived message from task runner[0m [[0m[1m[34msupervisor[0m][0m [36mmsg[0m=[35mGetVariable(key='BASE_DATA_PATH', type='GetVariable')[0m
[2025-05-13T01:43:29.652+0200] {_client.py:1025} INFO - HTTP Request: GET http://localhost:8080/execution/variables/BASE_DATA_PATH "HTTP/1.1 200 OK"
[2m2025-05-13 01:43:29[0m [[32m[1mdebug    [0m] [1mReceived message from task runner[0m [[0m[1m[34msupervisor[0m][0m [36mmsg[0m=[35mGetConnection(conn_id='staging_postgres', type='GetConnection')[0m
[2025-05-13T01:43:29.660+0200] {_client.py:1025} INFO - HTTP Request: GET http://localhost:8080/execution/connections/staging_postgres "HTTP/1.1 200 OK"
[2m2025-05-13 01:43:29[0m [[32m[1mdebug    [0m] [1mReceived message from task runner[0m [[0m[1m[34msupervisor[0m][0m [36mmsg[0m=[35mGetConnection(conn_id='staging_postgres', type='GetConnection')[0m
[2025-05-13T01:43:29.672+0200] {_client.py:1025} INFO - HTTP Request: GET http://localhost:8080/execution/connections/staging_postgres "HTTP/1.1 200 OK"
[2m2025-05-13 01:43:29[0m [[32m[1mdebug    [0m] [1mReceived message from task runner[0m [[0m[1m[34msupervisor[0m][0m [36mmsg[0m=[35mGetVariable(key='BASE_PATH', type='GetVariable')[0m
[2025-05-13T01:43:29.686+0200] {_client.py:1025} INFO - HTTP Request: GET http://localhost:8080/execution/variables/BASE_PATH "HTTP/1.1 200 OK"
[2m2025-05-13 01:43:29[0m [[32m[1mdebug    [0m] [1mReceived message from task runner[0m [[0m[1m[34msupervisor[0m][0m [36mmsg[0m=[35mSetRenderedFields(rendered_fields={'bash_command': 'cd /home/ilies/octopus_data_engineer_case_study/data_engineer_case_study/octopus_pricing && dbt run --models final_analytics_table', 'env': None, 'cwd': None}, type='SetRenderedFields')[0m
[2025-05-13T01:43:29.707+0200] {_client.py:1025} INFO - HTTP Request: PUT http://localhost:8080/execution/task-instances/0196c6e1-ca30-7a62-8644-fb4486ccce5b/rtif "HTTP/1.1 201 Created"
[2m2025-05-13 01:43:33[0m [[32m[1mdebug    [0m] [1mReceived message from task runner[0m [[0m[1m[34msupervisor[0m][0m [36mmsg[0m=[35mSetXCom(key='return_value', value='\x1b[0m23:43:32  Done. PASS=1 WARN=0 ERROR=0 SKIP=0 TOTAL=1', dag_id='octopus_pricing_midnight', run_id='manual__2025-05-12T23:43:28.293818+00:00', task_id='dbt_run', map_index=-1, mapped_length=None, type='SetXCom')[0m
[2025-05-13T01:43:33.614+0200] {_client.py:1025} INFO - HTTP Request: POST http://localhost:8080/execution/xcoms/octopus_pricing_midnight/manual__2025-05-12T23:43:28.293818+00:00/dbt_run/return_value "HTTP/1.1 201 Created"
[2m2025-05-13 01:43:33[0m [[32m[1mdebug    [0m] [1mReceived message from task runner[0m [[0m[1m[34msupervisor[0m][0m [36mmsg[0m=[35mSucceedTask(state='success', end_date=datetime.datetime(2025, 5, 12, 23, 43, 33, 595406, tzinfo=TzInfo(UTC)), task_outlets=[], outlet_events=[], type='SucceedTask')[0m
[2025-05-13T01:43:33.630+0200] {_client.py:1025} INFO - HTTP Request: PATCH http://localhost:8080/execution/task-instances/0196c6e1-ca30-7a62-8644-fb4486ccce5b/state "HTTP/1.1 204 No Content"
[2m2025-05-13 01:43:33[0m [[32m[1minfo     [0m] [1mTask finished                 [0m [[0m[1m[34msupervisor[0m][0m [36mduration[0m=[35m4.242917818999558[0m [36mexit_code[0m=[35m0[0m [36mfinal_state[0m=[35msuccess[0m
[2025-05-13T01:43:33.748+0200] {dagrun.py:1174} INFO - Marking run <DagRun octopus_pricing_midnight @ 2025-05-12 23:43:27.353000+00:00: manual__2025-05-12T23:43:28.293818+00:00, state:running, queued_at: 2025-05-12 23:43:28.298416+00:00. run_type: manual> successful
[2025-05-13T01:43:33.749+0200] {dagrun.py:1224} INFO - DagRun Finished: dag_id=octopus_pricing_midnight, logical_date=2025-05-12 23:43:27.353000+00:00, run_id=manual__2025-05-12T23:43:28.293818+00:00, run_start_date=2025-05-12 23:43:28.695689+00:00, run_end_date=2025-05-12 23:43:33.748951+00:00, run_duration=5.053262, state=success, run_type=manual, data_interval_start=2025-05-12 23:43:27.353000+00:00, data_interval_end=2025-05-12 23:43:27.353000+00:00,
[2025-05-13T01:43:33.762+0200] {scheduler_job_runner.py:810} INFO - Received executor event with state success for task instance TaskInstanceKey(dag_id='octopus_pricing_midnight', task_id='dbt_run', run_id='manual__2025-05-12T23:43:28.293818+00:00', try_number=1, map_index=-1)
[2025-05-13T01:43:33.764+0200] {scheduler_job_runner.py:852} INFO - TaskInstance Finished: dag_id=octopus_pricing_midnight, task_id=dbt_run, run_id=manual__2025-05-12T23:43:28.293818+00:00, map_index=-1, run_start_date=2025-05-12 23:43:29.392160+00:00, run_end_date=2025-05-12 23:43:33.595406+00:00, run_duration=8.203, state=success, executor=LocalExecutor(parallelism=32), executor_state=success, try_number=1, max_tries=1, pool=default_pool, queue=default, priority_weight=1, operator=BashOperator, queued_dttm=2025-05-12 23:43:29.350441+00:00, scheduled_dttm=2025-05-12 23:43:29.330644+00:00,queued_by_job_id=13, pid=79936
[2025-05-13T01:43:35.921+0200] {base.py:220} INFO - checking for stale bundle versions locally
[2025-05-13T01:43:35.922+0200] {manager.py:120} INFO - DAG bundles loaded: dags-folder
[2025-05-13T01:43:36.020+0200] {scheduler_job_runner.py:2128} INFO - Adopting or resetting orphaned tasks for active dag runs
[2025-05-13T01:43:40.407+0200] {dag.py:2517} INFO - Setting next_dagrun for octopus_pricing_8am to 2025-05-13 08:00:00+00:00, run_after=2025-05-13 08:00:00+00:00
[2025-05-13T01:43:40.450+0200] {scheduler_job_runner.py:450} INFO - 2 tasks up for execution:
	<TaskInstance: octopus_pricing_8am.ingest_price_comparison scheduled__2025-05-12T08:00:00+00:00 [scheduled]>
	<TaskInstance: octopus_pricing_8am.ingest_network_costs scheduled__2025-05-12T08:00:00+00:00 [scheduled]>
[2025-05-13T01:43:40.451+0200] {scheduler_job_runner.py:522} INFO - DAG octopus_pricing_8am has 0/16 running and queued tasks
[2025-05-13T01:43:40.451+0200] {scheduler_job_runner.py:522} INFO - DAG octopus_pricing_8am has 1/16 running and queued tasks
[2025-05-13T01:43:40.451+0200] {scheduler_job_runner.py:661} INFO - Setting the following tasks to queued state:
	<TaskInstance: octopus_pricing_8am.ingest_price_comparison scheduled__2025-05-12T08:00:00+00:00 [scheduled]>
	<TaskInstance: octopus_pricing_8am.ingest_network_costs scheduled__2025-05-12T08:00:00+00:00 [scheduled]>
[2025-05-13T01:43:40.452+0200] {scheduler_job_runner.py:767} INFO - Trying to enqueue tasks: [<TaskInstance: octopus_pricing_8am.ingest_price_comparison scheduled__2025-05-12T08:00:00+00:00 [scheduled]>, <TaskInstance: octopus_pricing_8am.ingest_network_costs scheduled__2025-05-12T08:00:00+00:00 [scheduled]>] for executor: LocalExecutor(parallelism=32)
[2m2025-05-13 01:43:40[0m [[32m[1minfo     [0m] [1mSecrets backends loaded for worker[0m [[0m[1m[34msupervisor[0m][0m [36mbackend_classes[0m=[35m['EnvironmentVariablesBackend'][0m [36mcount[0m=[35m1[0m
[2m2025-05-13 01:43:40[0m [[32m[1minfo     [0m] [1mSecrets backends loaded for worker[0m [[0m[1m[34msupervisor[0m][0m [36mbackend_classes[0m=[35m['EnvironmentVariablesBackend'][0m [36mcount[0m=[35m1[0m
[2025-05-13T01:43:40.515+0200] {_client.py:1025} INFO - HTTP Request: PATCH http://localhost:8080/execution/task-instances/0196c6e1-f978-7ea6-ac20-27457e0d8c5b/run "HTTP/1.1 200 OK"
[2m2025-05-13 01:43:40[0m [[32m[1mdebug    [0m] [1mSending                       [0m [[0m[1m[34msupervisor[0m][0m [36mmsg[0m=[35mStartupDetails(ti=TaskInstance(id=UUID('0196c6e1-f978-7ea6-ac20-27457e0d8c5b'), task_id='ingest_price_comparison', dag_id='octopus_pricing_8am', run_id='scheduled__2025-05-12T08:00:00+00:00', try_number=1, map_index=-1, pool_slots=1, queue='default', priority_weight=2, executor_config={}, parent_context_carrier={}, context_carrier=None, queued_dttm=None), dag_rel_path='octopus_pricing_pipeline.py', bundle_info=BundleInfo(name='dags-folder', version=None), requests_fd=33, start_date=datetime.datetime(2025, 5, 12, 23, 43, 40, 493564, tzinfo=datetime.timezone.utc), ti_context=TIRunContext(dag_run=DagRun(dag_id='octopus_pricing_8am', run_id='scheduled__2025-05-12T08:00:00+00:00', logical_date=datetime.datetime(2025, 5, 12, 8, 0, tzinfo=TzInfo(UTC)), data_interval_start=datetime.datetime(2025, 5, 12, 8, 0, tzinfo=TzInfo(UTC)), data_interval_end=datetime.datetime(2025, 5, 12, 8, 0, tzinfo=TzInfo(UTC)), run_after=datetime.datetime(2025, 5, 12, 8, 0, tzinfo=TzInfo(UTC)), start_date=datetime.datetime(2025, 5, 12, 23, 43, 40, 424605, tzinfo=TzInfo(UTC)), end_date=None, clear_number=0, run_type=<DagRunType.SCHEDULED: 'scheduled'>, conf={}, consumed_asset_events=[]), task_reschedule_count=0, max_tries=1, variables=[], connections=[], upstream_map_indexes=None, next_method=None, next_kwargs=None, xcom_keys_to_clear=[], should_retry=True), type='StartupDetails')[0m
[2025-05-13T01:43:40.524+0200] {_client.py:1025} INFO - HTTP Request: PATCH http://localhost:8080/execution/task-instances/0196c6e1-f979-72e0-aa27-ee6ccce85d64/run "HTTP/1.1 200 OK"
[2m2025-05-13 01:43:40[0m [[32m[1mdebug    [0m] [1mSending                       [0m [[0m[1m[34msupervisor[0m][0m [36mmsg[0m=[35mStartupDetails(ti=TaskInstance(id=UUID('0196c6e1-f979-72e0-aa27-ee6ccce85d64'), task_id='ingest_network_costs', dag_id='octopus_pricing_8am', run_id='scheduled__2025-05-12T08:00:00+00:00', try_number=1, map_index=-1, pool_slots=1, queue='default', priority_weight=2, executor_config={}, parent_context_carrier={}, context_carrier=None, queued_dttm=None), dag_rel_path='octopus_pricing_pipeline.py', bundle_info=BundleInfo(name='dags-folder', version=None), requests_fd=35, start_date=datetime.datetime(2025, 5, 12, 23, 43, 40, 493971, tzinfo=datetime.timezone.utc), ti_context=TIRunContext(dag_run=DagRun(dag_id='octopus_pricing_8am', run_id='scheduled__2025-05-12T08:00:00+00:00', logical_date=datetime.datetime(2025, 5, 12, 8, 0, tzinfo=TzInfo(UTC)), data_interval_start=datetime.datetime(2025, 5, 12, 8, 0, tzinfo=TzInfo(UTC)), data_interval_end=datetime.datetime(2025, 5, 12, 8, 0, tzinfo=TzInfo(UTC)), run_after=datetime.datetime(2025, 5, 12, 8, 0, tzinfo=TzInfo(UTC)), start_date=datetime.datetime(2025, 5, 12, 23, 43, 40, 424605, tzinfo=TzInfo(UTC)), end_date=None, clear_number=0, run_type=<DagRunType.SCHEDULED: 'scheduled'>, conf={}, consumed_asset_events=[]), task_reschedule_count=0, max_tries=1, variables=[], connections=[], upstream_map_indexes=None, next_method=None, next_kwargs=None, xcom_keys_to_clear=[], should_retry=True), type='StartupDetails')[0m
[2025-05-13T01:43:40.546+0200] {_client.py:1025} INFO - HTTP Request: PUT http://localhost:8080/execution/task-instances/0196c6e1-f978-7ea6-ac20-27457e0d8c5b/heartbeat "HTTP/1.1 204 No Content"
[2025-05-13T01:43:40.552+0200] {_client.py:1025} INFO - HTTP Request: PUT http://localhost:8080/execution/task-instances/0196c6e1-f979-72e0-aa27-ee6ccce85d64/heartbeat "HTTP/1.1 204 No Content"
[2m2025-05-13 01:43:40[0m [[32m[1mdebug    [0m] [1mReceived message from task runner[0m [[0m[1m[34msupervisor[0m][0m [36mmsg[0m=[35mGetVariable(key='BASE_PATH', type='GetVariable')[0m
[2025-05-13T01:43:40.814+0200] {_client.py:1025} INFO - HTTP Request: GET http://localhost:8080/execution/variables/BASE_PATH "HTTP/1.1 200 OK"
[2m2025-05-13 01:43:40[0m [[32m[1mdebug    [0m] [1mReceived message from task runner[0m [[0m[1m[34msupervisor[0m][0m [36mmsg[0m=[35mGetVariable(key='BASE_DATA_PATH', type='GetVariable')[0m
[2025-05-13T01:43:40.822+0200] {_client.py:1025} INFO - HTTP Request: GET http://localhost:8080/execution/variables/BASE_DATA_PATH "HTTP/1.1 200 OK"
[2m2025-05-13 01:43:40[0m [[32m[1mdebug    [0m] [1mReceived message from task runner[0m [[0m[1m[34msupervisor[0m][0m [36mmsg[0m=[35mGetConnection(conn_id='staging_postgres', type='GetConnection')[0m
[2025-05-13T01:43:40.831+0200] {_client.py:1025} INFO - HTTP Request: GET http://localhost:8080/execution/connections/staging_postgres "HTTP/1.1 200 OK"
[2m2025-05-13 01:43:40[0m [[32m[1mdebug    [0m] [1mReceived message from task runner[0m [[0m[1m[34msupervisor[0m][0m [36mmsg[0m=[35mGetVariable(key='BASE_PATH', type='GetVariable')[0m
[2m2025-05-13 01:43:40[0m [[32m[1mdebug    [0m] [1mReceived message from task runner[0m [[0m[1m[34msupervisor[0m][0m [36mmsg[0m=[35mGetConnection(conn_id='staging_postgres', type='GetConnection')[0m
[2025-05-13T01:43:40.849+0200] {_client.py:1025} INFO - HTTP Request: GET http://localhost:8080/execution/variables/BASE_PATH "HTTP/1.1 200 OK"
[2025-05-13T01:43:40.851+0200] {_client.py:1025} INFO - HTTP Request: GET http://localhost:8080/execution/connections/staging_postgres "HTTP/1.1 200 OK"
[2m2025-05-13 01:43:40[0m [[32m[1mdebug    [0m] [1mReceived message from task runner[0m [[0m[1m[34msupervisor[0m][0m [36mmsg[0m=[35mGetVariable(key='BASE_DATA_PATH', type='GetVariable')[0m
[2025-05-13T01:43:40.859+0200] {_client.py:1025} INFO - HTTP Request: GET http://localhost:8080/execution/variables/BASE_DATA_PATH "HTTP/1.1 200 OK"
[2m2025-05-13 01:43:40[0m [[32m[1mdebug    [0m] [1mReceived message from task runner[0m [[0m[1m[34msupervisor[0m][0m [36mmsg[0m=[35mSetRenderedFields(rendered_fields={'templates_dict': None, 'op_args': [], 'op_kwargs': {}}, type='SetRenderedFields')[0m
[2m2025-05-13 01:43:40[0m [[32m[1mdebug    [0m] [1mReceived message from task runner[0m [[0m[1m[34msupervisor[0m][0m [36mmsg[0m=[35mGetConnection(conn_id='staging_postgres', type='GetConnection')[0m
[2025-05-13T01:43:40.878+0200] {_client.py:1025} INFO - HTTP Request: GET http://localhost:8080/execution/connections/staging_postgres "HTTP/1.1 200 OK"
[2m2025-05-13 01:43:40[0m [[32m[1mdebug    [0m] [1mReceived message from task runner[0m [[0m[1m[34msupervisor[0m][0m [36mmsg[0m=[35mGetConnection(conn_id='staging_postgres', type='GetConnection')[0m
[2025-05-13T01:43:40.902+0200] {_client.py:1025} INFO - HTTP Request: GET http://localhost:8080/execution/connections/staging_postgres "HTTP/1.1 200 OK"
[2m2025-05-13 01:43:40[0m [[32m[1mdebug    [0m] [1mReceived message from task runner[0m [[0m[1m[34msupervisor[0m][0m [36mmsg[0m=[35mSetRenderedFields(rendered_fields={'templates_dict': None, 'op_args': [], 'op_kwargs': {}}, type='SetRenderedFields')[0m
[2025-05-13T01:43:40.929+0200] {_client.py:1025} INFO - HTTP Request: PUT http://localhost:8080/execution/task-instances/0196c6e1-f978-7ea6-ac20-27457e0d8c5b/rtif "HTTP/1.1 201 Created"
[2m2025-05-13 01:43:40[0m [[32m[1mdebug    [0m] [1mReceived message from task runner[0m [[0m[1m[34msupervisor[0m][0m [36mmsg[0m=[35mGetVariable(key='BASE_DATA_PATH', type='GetVariable')[0m
[2025-05-13T01:43:40.937+0200] {_client.py:1025} INFO - HTTP Request: GET http://localhost:8080/execution/variables/BASE_DATA_PATH "HTTP/1.1 200 OK"
[2025-05-13T01:43:40.944+0200] {_client.py:1025} INFO - HTTP Request: PUT http://localhost:8080/execution/task-instances/0196c6e1-f979-72e0-aa27-ee6ccce85d64/rtif "HTTP/1.1 201 Created"
[2m2025-05-13 01:43:40[0m [[32m[1mdebug    [0m] [1mReceived message from task runner[0m [[0m[1m[34msupervisor[0m][0m [36mmsg[0m=[35mGetVariable(key='BASE_DATA_PATH', type='GetVariable')[0m
[2025-05-13T01:43:40.951+0200] {_client.py:1025} INFO - HTTP Request: GET http://localhost:8080/execution/variables/BASE_DATA_PATH "HTTP/1.1 200 OK"
[2m2025-05-13 01:43:40[0m [[32m[1mdebug    [0m] [1mReceived message from task runner[0m [[0m[1m[34msupervisor[0m][0m [36mmsg[0m=[35mGetVariable(key='NETWORK_COSTS_FILE', type='GetVariable')[0m
[2025-05-13T01:43:40.958+0200] {_client.py:1025} INFO - HTTP Request: GET http://localhost:8080/execution/variables/NETWORK_COSTS_FILE "HTTP/1.1 200 OK"
[2m2025-05-13 01:43:40[0m [[32m[1mdebug    [0m] [1mReceived message from task runner[0m [[0m[1m[34msupervisor[0m][0m [36mmsg[0m=[35mRetryTask(state='up_for_retry', end_date=datetime.datetime(2025, 5, 12, 23, 43, 40, 991813, tzinfo=TzInfo(UTC)), type='RetryTask')[0m
[2m2025-05-13 01:43:40[0m [[32m[1mdebug    [0m] [1mReceived message from task runner[0m [[0m[1m[34msupervisor[0m][0m [36mmsg[0m=[35mRetryTask(state='up_for_retry', end_date=datetime.datetime(2025, 5, 12, 23, 43, 40, 996151, tzinfo=TzInfo(UTC)), type='RetryTask')[0m
[2025-05-13T01:43:41.015+0200] {_client.py:1025} INFO - HTTP Request: PATCH http://localhost:8080/execution/task-instances/0196c6e1-f978-7ea6-ac20-27457e0d8c5b/state "HTTP/1.1 204 No Content"
[2m2025-05-13 01:43:41[0m [[32m[1minfo     [0m] [1mTask finished                 [0m [[0m[1m[34msupervisor[0m][0m [36mduration[0m=[35m0.5275023340000189[0m [36mexit_code[0m=[35m0[0m [36mfinal_state[0m=[35mup_for_retry[0m
[2025-05-13T01:43:41.025+0200] {_client.py:1025} INFO - HTTP Request: PATCH http://localhost:8080/execution/task-instances/0196c6e1-f979-72e0-aa27-ee6ccce85d64/state "HTTP/1.1 204 No Content"
[2m2025-05-13 01:43:41[0m [[32m[1minfo     [0m] [1mTask finished                 [0m [[0m[1m[34msupervisor[0m][0m [36mduration[0m=[35m0.535958369000582[0m [36mexit_code[0m=[35m0[0m [36mfinal_state[0m=[35mup_for_retry[0m
[2025-05-13T01:43:41.531+0200] {scheduler_job_runner.py:810} INFO - Received executor event with state success for task instance TaskInstanceKey(dag_id='octopus_pricing_8am', task_id='ingest_price_comparison', run_id='scheduled__2025-05-12T08:00:00+00:00', try_number=1, map_index=-1)
[2025-05-13T01:43:41.532+0200] {scheduler_job_runner.py:810} INFO - Received executor event with state success for task instance TaskInstanceKey(dag_id='octopus_pricing_8am', task_id='ingest_network_costs', run_id='scheduled__2025-05-12T08:00:00+00:00', try_number=1, map_index=-1)
[2025-05-13T01:43:41.536+0200] {scheduler_job_runner.py:852} INFO - TaskInstance Finished: dag_id=octopus_pricing_8am, task_id=ingest_network_costs, run_id=scheduled__2025-05-12T08:00:00+00:00, map_index=-1, run_start_date=2025-05-12 23:43:40.493971+00:00, run_end_date=2025-05-12 23:43:41.008481+00:00, run_duration=0.51451, state=up_for_retry, executor=LocalExecutor(parallelism=32), executor_state=success, try_number=1, max_tries=1, pool=default_pool, queue=default, priority_weight=2, operator=PythonOperator, queued_dttm=2025-05-12 23:43:40.452136+00:00, scheduled_dttm=2025-05-12 23:43:40.439305+00:00,queued_by_job_id=13, pid=80072
[2025-05-13T01:43:41.536+0200] {scheduler_job_runner.py:852} INFO - TaskInstance Finished: dag_id=octopus_pricing_8am, task_id=ingest_price_comparison, run_id=scheduled__2025-05-12T08:00:00+00:00, map_index=-1, run_start_date=2025-05-12 23:43:40.493564+00:00, run_end_date=2025-05-12 23:43:41.003352+00:00, run_duration=0.509788, state=up_for_retry, executor=LocalExecutor(parallelism=32), executor_state=success, try_number=1, max_tries=1, pool=default_pool, queue=default, priority_weight=2, operator=PythonOperator, queued_dttm=2025-05-12 23:43:40.452136+00:00, scheduled_dttm=2025-05-12 23:43:40.439305+00:00,queued_by_job_id=13, pid=80071
[2025-05-13T01:43:43.868+0200] {scheduler_job_runner.py:450} INFO - 2 tasks up for execution:
	<TaskInstance: octopus_pricing_8am.ingest_price_comparison manual__2025-05-12T23:43:43.623618+00:00 [scheduled]>
	<TaskInstance: octopus_pricing_8am.ingest_network_costs manual__2025-05-12T23:43:43.623618+00:00 [scheduled]>
[2025-05-13T01:43:43.869+0200] {scheduler_job_runner.py:522} INFO - DAG octopus_pricing_8am has 0/16 running and queued tasks
[2025-05-13T01:43:43.869+0200] {scheduler_job_runner.py:522} INFO - DAG octopus_pricing_8am has 1/16 running and queued tasks
[2025-05-13T01:43:43.869+0200] {scheduler_job_runner.py:661} INFO - Setting the following tasks to queued state:
	<TaskInstance: octopus_pricing_8am.ingest_price_comparison manual__2025-05-12T23:43:43.623618+00:00 [scheduled]>
	<TaskInstance: octopus_pricing_8am.ingest_network_costs manual__2025-05-12T23:43:43.623618+00:00 [scheduled]>
[2025-05-13T01:43:43.870+0200] {scheduler_job_runner.py:767} INFO - Trying to enqueue tasks: [<TaskInstance: octopus_pricing_8am.ingest_price_comparison manual__2025-05-12T23:43:43.623618+00:00 [scheduled]>, <TaskInstance: octopus_pricing_8am.ingest_network_costs manual__2025-05-12T23:43:43.623618+00:00 [scheduled]>] for executor: LocalExecutor(parallelism=32)
[2m2025-05-13 01:43:43[0m [[32m[1minfo     [0m] [1mSecrets backends loaded for worker[0m [[0m[1m[34msupervisor[0m][0m [36mbackend_classes[0m=[35m['EnvironmentVariablesBackend'][0m [36mcount[0m=[35m1[0m
[2m2025-05-13 01:43:43[0m [[32m[1minfo     [0m] [1mSecrets backends loaded for worker[0m [[0m[1m[34msupervisor[0m][0m [36mbackend_classes[0m=[35m['EnvironmentVariablesBackend'][0m [36mcount[0m=[35m1[0m
[2025-05-13T01:43:43.933+0200] {_client.py:1025} INFO - HTTP Request: PATCH http://localhost:8080/execution/task-instances/0196c6e2-0611-782e-ba46-c6d4e0540b8a/run "HTTP/1.1 200 OK"
[2m2025-05-13 01:43:43[0m [[32m[1mdebug    [0m] [1mSending                       [0m [[0m[1m[34msupervisor[0m][0m [36mmsg[0m=[35mStartupDetails(ti=TaskInstance(id=UUID('0196c6e2-0611-782e-ba46-c6d4e0540b8a'), task_id='ingest_network_costs', dag_id='octopus_pricing_8am', run_id='manual__2025-05-12T23:43:43.623618+00:00', try_number=1, map_index=-1, pool_slots=1, queue='default', priority_weight=2, executor_config={}, parent_context_carrier={}, context_carrier=None, queued_dttm=None), dag_rel_path='octopus_pricing_pipeline.py', bundle_info=BundleInfo(name='dags-folder', version=None), requests_fd=37, start_date=datetime.datetime(2025, 5, 12, 23, 43, 43, 912281, tzinfo=datetime.timezone.utc), ti_context=TIRunContext(dag_run=DagRun(dag_id='octopus_pricing_8am', run_id='manual__2025-05-12T23:43:43.623618+00:00', logical_date=datetime.datetime(2025, 5, 12, 23, 43, 42, 602000, tzinfo=TzInfo(UTC)), data_interval_start=datetime.datetime(2025, 5, 12, 23, 43, 42, 602000, tzinfo=TzInfo(UTC)), data_interval_end=datetime.datetime(2025, 5, 12, 23, 43, 42, 602000, tzinfo=TzInfo(UTC)), run_after=datetime.datetime(2025, 5, 12, 23, 43, 42, 602000, tzinfo=TzInfo(UTC)), start_date=datetime.datetime(2025, 5, 12, 23, 43, 43, 833020, tzinfo=TzInfo(UTC)), end_date=None, clear_number=0, run_type=<DagRunType.MANUAL: 'manual'>, conf={}, consumed_asset_events=[]), task_reschedule_count=0, max_tries=1, variables=[], connections=[], upstream_map_indexes=None, next_method=None, next_kwargs=None, xcom_keys_to_clear=[], should_retry=True), type='StartupDetails')[0m
[2025-05-13T01:43:43.941+0200] {_client.py:1025} INFO - HTTP Request: PATCH http://localhost:8080/execution/task-instances/0196c6e2-0610-7bd8-a7c2-91fb76718b09/run "HTTP/1.1 200 OK"
[2m2025-05-13 01:43:43[0m [[32m[1mdebug    [0m] [1mSending                       [0m [[0m[1m[34msupervisor[0m][0m [36mmsg[0m=[35mStartupDetails(ti=TaskInstance(id=UUID('0196c6e2-0610-7bd8-a7c2-91fb76718b09'), task_id='ingest_price_comparison', dag_id='octopus_pricing_8am', run_id='manual__2025-05-12T23:43:43.623618+00:00', try_number=1, map_index=-1, pool_slots=1, queue='default', priority_weight=2, executor_config={}, parent_context_carrier={}, context_carrier=None, queued_dttm=None), dag_rel_path='octopus_pricing_pipeline.py', bundle_info=BundleInfo(name='dags-folder', version=None), requests_fd=35, start_date=datetime.datetime(2025, 5, 12, 23, 43, 43, 912808, tzinfo=datetime.timezone.utc), ti_context=TIRunContext(dag_run=DagRun(dag_id='octopus_pricing_8am', run_id='manual__2025-05-12T23:43:43.623618+00:00', logical_date=datetime.datetime(2025, 5, 12, 23, 43, 42, 602000, tzinfo=TzInfo(UTC)), data_interval_start=datetime.datetime(2025, 5, 12, 23, 43, 42, 602000, tzinfo=TzInfo(UTC)), data_interval_end=datetime.datetime(2025, 5, 12, 23, 43, 42, 602000, tzinfo=TzInfo(UTC)), run_after=datetime.datetime(2025, 5, 12, 23, 43, 42, 602000, tzinfo=TzInfo(UTC)), start_date=datetime.datetime(2025, 5, 12, 23, 43, 43, 833020, tzinfo=TzInfo(UTC)), end_date=None, clear_number=0, run_type=<DagRunType.MANUAL: 'manual'>, conf={}, consumed_asset_events=[]), task_reschedule_count=0, max_tries=1, variables=[], connections=[], upstream_map_indexes=None, next_method=None, next_kwargs=None, xcom_keys_to_clear=[], should_retry=True), type='StartupDetails')[0m
[2025-05-13T01:43:43.970+0200] {_client.py:1025} INFO - HTTP Request: PUT http://localhost:8080/execution/task-instances/0196c6e2-0611-782e-ba46-c6d4e0540b8a/heartbeat "HTTP/1.1 204 No Content"
[2025-05-13T01:43:43.986+0200] {_client.py:1025} INFO - HTTP Request: PUT http://localhost:8080/execution/task-instances/0196c6e2-0610-7bd8-a7c2-91fb76718b09/heartbeat "HTTP/1.1 204 No Content"
[2m2025-05-13 01:43:44[0m [[32m[1mdebug    [0m] [1mReceived message from task runner[0m [[0m[1m[34msupervisor[0m][0m [36mmsg[0m=[35mGetVariable(key='BASE_PATH', type='GetVariable')[0m
[2m2025-05-13 01:43:44[0m [[32m[1mdebug    [0m] [1mReceived message from task runner[0m [[0m[1m[34msupervisor[0m][0m [36mmsg[0m=[35mGetVariable(key='BASE_PATH', type='GetVariable')[0m
[2025-05-13T01:43:44.216+0200] {_client.py:1025} INFO - HTTP Request: GET http://localhost:8080/execution/variables/BASE_PATH "HTTP/1.1 200 OK"
[2025-05-13T01:43:44.216+0200] {_client.py:1025} INFO - HTTP Request: GET http://localhost:8080/execution/variables/BASE_PATH "HTTP/1.1 200 OK"
[2m2025-05-13 01:43:44[0m [[32m[1mdebug    [0m] [1mReceived message from task runner[0m [[0m[1m[34msupervisor[0m][0m [36mmsg[0m=[35mGetVariable(key='BASE_DATA_PATH', type='GetVariable')[0m
[2m2025-05-13 01:43:44[0m [[32m[1mdebug    [0m] [1mReceived message from task runner[0m [[0m[1m[34msupervisor[0m][0m [36mmsg[0m=[35mGetVariable(key='BASE_DATA_PATH', type='GetVariable')[0m
[2025-05-13T01:43:44.222+0200] {_client.py:1025} INFO - HTTP Request: GET http://localhost:8080/execution/variables/BASE_DATA_PATH "HTTP/1.1 200 OK"
[2025-05-13T01:43:44.223+0200] {_client.py:1025} INFO - HTTP Request: GET http://localhost:8080/execution/variables/BASE_DATA_PATH "HTTP/1.1 200 OK"
[2m2025-05-13 01:43:44[0m [[32m[1mdebug    [0m] [1mReceived message from task runner[0m [[0m[1m[34msupervisor[0m][0m [36mmsg[0m=[35mGetConnection(conn_id='staging_postgres', type='GetConnection')[0m
[2m2025-05-13 01:43:44[0m [[32m[1mdebug    [0m] [1mReceived message from task runner[0m [[0m[1m[34msupervisor[0m][0m [36mmsg[0m=[35mGetConnection(conn_id='staging_postgres', type='GetConnection')[0m
[2025-05-13T01:43:44.230+0200] {_client.py:1025} INFO - HTTP Request: GET http://localhost:8080/execution/connections/staging_postgres "HTTP/1.1 200 OK"
[2025-05-13T01:43:44.230+0200] {_client.py:1025} INFO - HTTP Request: GET http://localhost:8080/execution/connections/staging_postgres "HTTP/1.1 200 OK"
[2m2025-05-13 01:43:44[0m [[32m[1mdebug    [0m] [1mReceived message from task runner[0m [[0m[1m[34msupervisor[0m][0m [36mmsg[0m=[35mGetConnection(conn_id='staging_postgres', type='GetConnection')[0m
[2m2025-05-13 01:43:44[0m [[32m[1mdebug    [0m] [1mReceived message from task runner[0m [[0m[1m[34msupervisor[0m][0m [36mmsg[0m=[35mGetConnection(conn_id='staging_postgres', type='GetConnection')[0m
[2025-05-13T01:43:44.241+0200] {_client.py:1025} INFO - HTTP Request: GET http://localhost:8080/execution/connections/staging_postgres "HTTP/1.1 200 OK"
[2025-05-13T01:43:44.241+0200] {_client.py:1025} INFO - HTTP Request: GET http://localhost:8080/execution/connections/staging_postgres "HTTP/1.1 200 OK"
[2m2025-05-13 01:43:44[0m [[32m[1mdebug    [0m] [1mReceived message from task runner[0m [[0m[1m[34msupervisor[0m][0m [36mmsg[0m=[35mSetRenderedFields(rendered_fields={'templates_dict': None, 'op_args': [], 'op_kwargs': {}}, type='SetRenderedFields')[0m
[2m2025-05-13 01:43:44[0m [[32m[1mdebug    [0m] [1mReceived message from task runner[0m [[0m[1m[34msupervisor[0m][0m [36mmsg[0m=[35mSetRenderedFields(rendered_fields={'templates_dict': None, 'op_args': [], 'op_kwargs': {}}, type='SetRenderedFields')[0m
[2025-05-13T01:43:44.269+0200] {_client.py:1025} INFO - HTTP Request: PUT http://localhost:8080/execution/task-instances/0196c6e2-0611-782e-ba46-c6d4e0540b8a/rtif "HTTP/1.1 201 Created"
[2m2025-05-13 01:43:44[0m [[32m[1mdebug    [0m] [1mReceived message from task runner[0m [[0m[1m[34msupervisor[0m][0m [36mmsg[0m=[35mGetVariable(key='BASE_DATA_PATH', type='GetVariable')[0m
[2025-05-13T01:43:44.275+0200] {_client.py:1025} INFO - HTTP Request: PUT http://localhost:8080/execution/task-instances/0196c6e2-0610-7bd8-a7c2-91fb76718b09/rtif "HTTP/1.1 201 Created"
[2m2025-05-13 01:43:44[0m [[32m[1mdebug    [0m] [1mReceived message from task runner[0m [[0m[1m[34msupervisor[0m][0m [36mmsg[0m=[35mGetVariable(key='BASE_DATA_PATH', type='GetVariable')[0m
[2025-05-13T01:43:44.277+0200] {_client.py:1025} INFO - HTTP Request: GET http://localhost:8080/execution/variables/BASE_DATA_PATH "HTTP/1.1 200 OK"
[2m2025-05-13 01:43:44[0m [[32m[1mdebug    [0m] [1mReceived message from task runner[0m [[0m[1m[34msupervisor[0m][0m [36mmsg[0m=[35mGetVariable(key='NETWORK_COSTS_FILE', type='GetVariable')[0m
[2025-05-13T01:43:44.282+0200] {_client.py:1025} INFO - HTTP Request: GET http://localhost:8080/execution/variables/BASE_DATA_PATH "HTTP/1.1 200 OK"
[2025-05-13T01:43:44.285+0200] {_client.py:1025} INFO - HTTP Request: GET http://localhost:8080/execution/variables/NETWORK_COSTS_FILE "HTTP/1.1 200 OK"
[2m2025-05-13 01:43:44[0m [[32m[1mdebug    [0m] [1mReceived message from task runner[0m [[0m[1m[34msupervisor[0m][0m [36mmsg[0m=[35mRetryTask(state='up_for_retry', end_date=datetime.datetime(2025, 5, 12, 23, 43, 44, 315642, tzinfo=TzInfo(UTC)), type='RetryTask')[0m
[2m2025-05-13 01:43:44[0m [[32m[1mdebug    [0m] [1mReceived message from task runner[0m [[0m[1m[34msupervisor[0m][0m [36mmsg[0m=[35mRetryTask(state='up_for_retry', end_date=datetime.datetime(2025, 5, 12, 23, 43, 44, 324923, tzinfo=TzInfo(UTC)), type='RetryTask')[0m
[2025-05-13T01:43:44.334+0200] {_client.py:1025} INFO - HTTP Request: PATCH http://localhost:8080/execution/task-instances/0196c6e2-0611-782e-ba46-c6d4e0540b8a/state "HTTP/1.1 204 No Content"
[2m2025-05-13 01:43:44[0m [[32m[1minfo     [0m] [1mTask finished                 [0m [[0m[1m[34msupervisor[0m][0m [36mduration[0m=[35m0.42696540099859703[0m [36mexit_code[0m=[35m0[0m [36mfinal_state[0m=[35mup_for_retry[0m
[2025-05-13T01:43:44.345+0200] {_client.py:1025} INFO - HTTP Request: PATCH http://localhost:8080/execution/task-instances/0196c6e2-0610-7bd8-a7c2-91fb76718b09/state "HTTP/1.1 204 No Content"
[2m2025-05-13 01:43:44[0m [[32m[1minfo     [0m] [1mTask finished                 [0m [[0m[1m[34msupervisor[0m][0m [36mduration[0m=[35m0.4384628820043872[0m [36mexit_code[0m=[35m0[0m [36mfinal_state[0m=[35mup_for_retry[0m
[2025-05-13T01:43:44.948+0200] {scheduler_job_runner.py:810} INFO - Received executor event with state success for task instance TaskInstanceKey(dag_id='octopus_pricing_8am', task_id='ingest_network_costs', run_id='manual__2025-05-12T23:43:43.623618+00:00', try_number=1, map_index=-1)
[2025-05-13T01:43:44.949+0200] {scheduler_job_runner.py:810} INFO - Received executor event with state success for task instance TaskInstanceKey(dag_id='octopus_pricing_8am', task_id='ingest_price_comparison', run_id='manual__2025-05-12T23:43:43.623618+00:00', try_number=1, map_index=-1)
[2025-05-13T01:43:44.952+0200] {scheduler_job_runner.py:852} INFO - TaskInstance Finished: dag_id=octopus_pricing_8am, task_id=ingest_network_costs, run_id=manual__2025-05-12T23:43:43.623618+00:00, map_index=-1, run_start_date=2025-05-12 23:43:43.912281+00:00, run_end_date=2025-05-12 23:43:44.323678+00:00, run_duration=0.411397, state=up_for_retry, executor=LocalExecutor(parallelism=32), executor_state=success, try_number=1, max_tries=1, pool=default_pool, queue=default, priority_weight=2, operator=PythonOperator, queued_dttm=2025-05-12 23:43:43.870089+00:00, scheduled_dttm=2025-05-12 23:43:43.850156+00:00,queued_by_job_id=13, pid=80153
[2025-05-13T01:43:44.952+0200] {scheduler_job_runner.py:852} INFO - TaskInstance Finished: dag_id=octopus_pricing_8am, task_id=ingest_price_comparison, run_id=manual__2025-05-12T23:43:43.623618+00:00, map_index=-1, run_start_date=2025-05-12 23:43:43.912808+00:00, run_end_date=2025-05-12 23:43:44.334011+00:00, run_duration=0.421203, state=up_for_retry, executor=LocalExecutor(parallelism=32), executor_state=success, try_number=1, max_tries=1, pool=default_pool, queue=default, priority_weight=2, operator=PythonOperator, queued_dttm=2025-05-12 23:43:43.870089+00:00, scheduled_dttm=2025-05-12 23:43:43.850156+00:00,queued_by_job_id=13, pid=80154
[2025-05-13T01:43:46.821+0200] {scheduler_job_runner.py:450} INFO - 2 tasks up for execution:
	<TaskInstance: octopus_pricing_8am.ingest_price_comparison scheduled__2025-05-12T08:00:00+00:00 [scheduled]>
	<TaskInstance: octopus_pricing_8am.ingest_network_costs scheduled__2025-05-12T08:00:00+00:00 [scheduled]>
[2025-05-13T01:43:46.822+0200] {scheduler_job_runner.py:522} INFO - DAG octopus_pricing_8am has 0/16 running and queued tasks
[2025-05-13T01:43:46.822+0200] {scheduler_job_runner.py:522} INFO - DAG octopus_pricing_8am has 1/16 running and queued tasks
[2025-05-13T01:43:46.822+0200] {scheduler_job_runner.py:661} INFO - Setting the following tasks to queued state:
	<TaskInstance: octopus_pricing_8am.ingest_price_comparison scheduled__2025-05-12T08:00:00+00:00 [scheduled]>
	<TaskInstance: octopus_pricing_8am.ingest_network_costs scheduled__2025-05-12T08:00:00+00:00 [scheduled]>
[2025-05-13T01:43:46.823+0200] {scheduler_job_runner.py:767} INFO - Trying to enqueue tasks: [<TaskInstance: octopus_pricing_8am.ingest_price_comparison scheduled__2025-05-12T08:00:00+00:00 [scheduled]>, <TaskInstance: octopus_pricing_8am.ingest_network_costs scheduled__2025-05-12T08:00:00+00:00 [scheduled]>] for executor: LocalExecutor(parallelism=32)
[2m2025-05-13 01:43:46[0m [[32m[1minfo     [0m] [1mSecrets backends loaded for worker[0m [[0m[1m[34msupervisor[0m][0m [36mbackend_classes[0m=[35m['EnvironmentVariablesBackend'][0m [36mcount[0m=[35m1[0m
[2m2025-05-13 01:43:46[0m [[32m[1minfo     [0m] [1mSecrets backends loaded for worker[0m [[0m[1m[34msupervisor[0m][0m [36mbackend_classes[0m=[35m['EnvironmentVariablesBackend'][0m [36mcount[0m=[35m1[0m
[2025-05-13T01:43:46.897+0200] {_client.py:1025} INFO - HTTP Request: PATCH http://localhost:8080/execution/task-instances/0196c6e1-fbcc-74ed-ba51-0cf4c3e6aa35/run "HTTP/1.1 200 OK"
[2m2025-05-13 01:43:46[0m [[32m[1mdebug    [0m] [1mSending                       [0m [[0m[1m[34msupervisor[0m][0m [36mmsg[0m=[35mStartupDetails(ti=TaskInstance(id=UUID('0196c6e1-fbcc-74ed-ba51-0cf4c3e6aa35'), task_id='ingest_price_comparison', dag_id='octopus_pricing_8am', run_id='scheduled__2025-05-12T08:00:00+00:00', try_number=2, map_index=-1, pool_slots=1, queue='default', priority_weight=2, executor_config={}, parent_context_carrier={}, context_carrier=None, queued_dttm=datetime.datetime(2025, 5, 12, 23, 43, 40, 452136, tzinfo=Timezone('UTC'))), dag_rel_path='octopus_pricing_pipeline.py', bundle_info=BundleInfo(name='dags-folder', version=None), requests_fd=39, start_date=datetime.datetime(2025, 5, 12, 23, 43, 46, 863531, tzinfo=datetime.timezone.utc), ti_context=TIRunContext(dag_run=DagRun(dag_id='octopus_pricing_8am', run_id='scheduled__2025-05-12T08:00:00+00:00', logical_date=datetime.datetime(2025, 5, 12, 8, 0, tzinfo=TzInfo(UTC)), data_interval_start=datetime.datetime(2025, 5, 12, 8, 0, tzinfo=TzInfo(UTC)), data_interval_end=datetime.datetime(2025, 5, 12, 8, 0, tzinfo=TzInfo(UTC)), run_after=datetime.datetime(2025, 5, 12, 8, 0, tzinfo=TzInfo(UTC)), start_date=datetime.datetime(2025, 5, 12, 23, 43, 40, 424605, tzinfo=TzInfo(UTC)), end_date=None, clear_number=0, run_type=<DagRunType.SCHEDULED: 'scheduled'>, conf={}, consumed_asset_events=[]), task_reschedule_count=0, max_tries=1, variables=[], connections=[], upstream_map_indexes=None, next_method=None, next_kwargs=None, xcom_keys_to_clear=[], should_retry=False), type='StartupDetails')[0m
[2025-05-13T01:43:46.919+0200] {_client.py:1025} INFO - HTTP Request: PATCH http://localhost:8080/execution/task-instances/0196c6e1-fbd9-7764-a0c3-ff8c0b8ec3dd/run "HTTP/1.1 200 OK"
[2m2025-05-13 01:43:46[0m [[32m[1mdebug    [0m] [1mSending                       [0m [[0m[1m[34msupervisor[0m][0m [36mmsg[0m=[35mStartupDetails(ti=TaskInstance(id=UUID('0196c6e1-fbd9-7764-a0c3-ff8c0b8ec3dd'), task_id='ingest_network_costs', dag_id='octopus_pricing_8am', run_id='scheduled__2025-05-12T08:00:00+00:00', try_number=2, map_index=-1, pool_slots=1, queue='default', priority_weight=2, executor_config={}, parent_context_carrier={}, context_carrier=None, queued_dttm=datetime.datetime(2025, 5, 12, 23, 43, 40, 452136, tzinfo=Timezone('UTC'))), dag_rel_path='octopus_pricing_pipeline.py', bundle_info=BundleInfo(name='dags-folder', version=None), requests_fd=37, start_date=datetime.datetime(2025, 5, 12, 23, 43, 46, 864024, tzinfo=datetime.timezone.utc), ti_context=TIRunContext(dag_run=DagRun(dag_id='octopus_pricing_8am', run_id='scheduled__2025-05-12T08:00:00+00:00', logical_date=datetime.datetime(2025, 5, 12, 8, 0, tzinfo=TzInfo(UTC)), data_interval_start=datetime.datetime(2025, 5, 12, 8, 0, tzinfo=TzInfo(UTC)), data_interval_end=datetime.datetime(2025, 5, 12, 8, 0, tzinfo=TzInfo(UTC)), run_after=datetime.datetime(2025, 5, 12, 8, 0, tzinfo=TzInfo(UTC)), start_date=datetime.datetime(2025, 5, 12, 23, 43, 40, 424605, tzinfo=TzInfo(UTC)), end_date=None, clear_number=0, run_type=<DagRunType.SCHEDULED: 'scheduled'>, conf={}, consumed_asset_events=[]), task_reschedule_count=0, max_tries=1, variables=[], connections=[], upstream_map_indexes=None, next_method=None, next_kwargs=None, xcom_keys_to_clear=[], should_retry=False), type='StartupDetails')[0m
[2025-05-13T01:43:46.989+0200] {_client.py:1025} INFO - HTTP Request: PUT http://localhost:8080/execution/task-instances/0196c6e1-fbcc-74ed-ba51-0cf4c3e6aa35/heartbeat "HTTP/1.1 204 No Content"
[2025-05-13T01:43:47.003+0200] {_client.py:1025} INFO - HTTP Request: PUT http://localhost:8080/execution/task-instances/0196c6e1-fbd9-7764-a0c3-ff8c0b8ec3dd/heartbeat "HTTP/1.1 204 No Content"
[2m2025-05-13 01:43:47[0m [[32m[1mdebug    [0m] [1mReceived message from task runner[0m [[0m[1m[34msupervisor[0m][0m [36mmsg[0m=[35mGetVariable(key='BASE_PATH', type='GetVariable')[0m
[2025-05-13T01:43:47.243+0200] {_client.py:1025} INFO - HTTP Request: GET http://localhost:8080/execution/variables/BASE_PATH "HTTP/1.1 200 OK"
[2m2025-05-13 01:43:47[0m [[32m[1mdebug    [0m] [1mReceived message from task runner[0m [[0m[1m[34msupervisor[0m][0m [36mmsg[0m=[35mGetVariable(key='BASE_DATA_PATH', type='GetVariable')[0m
[2025-05-13T01:43:47.251+0200] {_client.py:1025} INFO - HTTP Request: GET http://localhost:8080/execution/variables/BASE_DATA_PATH "HTTP/1.1 200 OK"
[2m2025-05-13 01:43:47[0m [[32m[1mdebug    [0m] [1mReceived message from task runner[0m [[0m[1m[34msupervisor[0m][0m [36mmsg[0m=[35mGetConnection(conn_id='staging_postgres', type='GetConnection')[0m
[2025-05-13T01:43:47.260+0200] {_client.py:1025} INFO - HTTP Request: GET http://localhost:8080/execution/connections/staging_postgres "HTTP/1.1 200 OK"
[2m2025-05-13 01:43:47[0m [[32m[1mdebug    [0m] [1mReceived message from task runner[0m [[0m[1m[34msupervisor[0m][0m [36mmsg[0m=[35mGetConnection(conn_id='staging_postgres', type='GetConnection')[0m
[2025-05-13T01:43:47.273+0200] {_client.py:1025} INFO - HTTP Request: GET http://localhost:8080/execution/connections/staging_postgres "HTTP/1.1 200 OK"
[2m2025-05-13 01:43:47[0m [[32m[1mdebug    [0m] [1mReceived message from task runner[0m [[0m[1m[34msupervisor[0m][0m [36mmsg[0m=[35mGetVariable(key='BASE_PATH', type='GetVariable')[0m
[2m2025-05-13 01:43:47[0m [[32m[1mdebug    [0m] [1mReceived message from task runner[0m [[0m[1m[34msupervisor[0m][0m [36mmsg[0m=[35mSetRenderedFields(rendered_fields={'templates_dict': None, 'op_args': [], 'op_kwargs': {}}, type='SetRenderedFields')[0m
[2025-05-13T01:43:47.287+0200] {_client.py:1025} INFO - HTTP Request: GET http://localhost:8080/execution/variables/BASE_PATH "HTTP/1.1 200 OK"
[2m2025-05-13 01:43:47[0m [[32m[1mdebug    [0m] [1mReceived message from task runner[0m [[0m[1m[34msupervisor[0m][0m [36mmsg[0m=[35mGetVariable(key='BASE_DATA_PATH', type='GetVariable')[0m
[2025-05-13T01:43:47.296+0200] {_client.py:1025} INFO - HTTP Request: GET http://localhost:8080/execution/variables/BASE_DATA_PATH "HTTP/1.1 200 OK"
[2m2025-05-13 01:43:47[0m [[32m[1mdebug    [0m] [1mReceived message from task runner[0m [[0m[1m[34msupervisor[0m][0m [36mmsg[0m=[35mGetConnection(conn_id='staging_postgres', type='GetConnection')[0m
[2025-05-13T01:43:47.308+0200] {_client.py:1025} INFO - HTTP Request: PUT http://localhost:8080/execution/task-instances/0196c6e1-fbd9-7764-a0c3-ff8c0b8ec3dd/rtif "HTTP/1.1 201 Created"
[2m2025-05-13 01:43:47[0m [[32m[1mdebug    [0m] [1mReceived message from task runner[0m [[0m[1m[34msupervisor[0m][0m [36mmsg[0m=[35mGetVariable(key='BASE_DATA_PATH', type='GetVariable')[0m
[2025-05-13T01:43:47.311+0200] {_client.py:1025} INFO - HTTP Request: GET http://localhost:8080/execution/connections/staging_postgres "HTTP/1.1 200 OK"
[2m2025-05-13 01:43:47[0m [[32m[1mdebug    [0m] [1mReceived message from task runner[0m [[0m[1m[34msupervisor[0m][0m [36mmsg[0m=[35mGetConnection(conn_id='staging_postgres', type='GetConnection')[0m
[2025-05-13T01:43:47.317+0200] {_client.py:1025} INFO - HTTP Request: GET http://localhost:8080/execution/variables/BASE_DATA_PATH "HTTP/1.1 200 OK"
[2m2025-05-13 01:43:47[0m [[32m[1mdebug    [0m] [1mReceived message from task runner[0m [[0m[1m[34msupervisor[0m][0m [36mmsg[0m=[35mGetVariable(key='NETWORK_COSTS_FILE', type='GetVariable')[0m
[2025-05-13T01:43:47.327+0200] {_client.py:1025} INFO - HTTP Request: GET http://localhost:8080/execution/connections/staging_postgres "HTTP/1.1 200 OK"
[2025-05-13T01:43:47.329+0200] {_client.py:1025} INFO - HTTP Request: GET http://localhost:8080/execution/variables/NETWORK_COSTS_FILE "HTTP/1.1 200 OK"
[2m2025-05-13 01:43:47[0m [[32m[1mdebug    [0m] [1mReceived message from task runner[0m [[0m[1m[34msupervisor[0m][0m [36mmsg[0m=[35mSetRenderedFields(rendered_fields={'templates_dict': None, 'op_args': [], 'op_kwargs': {}}, type='SetRenderedFields')[0m
[2025-05-13T01:43:47.352+0200] {_client.py:1025} INFO - HTTP Request: PUT http://localhost:8080/execution/task-instances/0196c6e1-fbcc-74ed-ba51-0cf4c3e6aa35/rtif "HTTP/1.1 201 Created"
[2m2025-05-13 01:43:47[0m [[32m[1mdebug    [0m] [1mReceived message from task runner[0m [[0m[1m[34msupervisor[0m][0m [36mmsg[0m=[35mGetVariable(key='BASE_DATA_PATH', type='GetVariable')[0m
[2025-05-13T01:43:47.360+0200] {_client.py:1025} INFO - HTTP Request: GET http://localhost:8080/execution/variables/BASE_DATA_PATH "HTTP/1.1 200 OK"
[2m2025-05-13 01:43:47[0m [[32m[1mdebug    [0m] [1mReceived message from task runner[0m [[0m[1m[34msupervisor[0m][0m [36mmsg[0m=[35mTaskState(state=<TerminalTIState.FAILED: 'failed'>, end_date=datetime.datetime(2025, 5, 12, 23, 43, 47, 374272, tzinfo=TzInfo(UTC)), type='TaskState')[0m
[2025-05-13T01:43:47.400+0200] {_client.py:1025} INFO - HTTP Request: PATCH http://localhost:8080/execution/task-instances/0196c6e1-fbd9-7764-a0c3-ff8c0b8ec3dd/state "HTTP/1.1 204 No Content"
[2m2025-05-13 01:43:47[0m [[32m[1minfo     [0m] [1mTask finished                 [0m [[0m[1m[34msupervisor[0m][0m [36mduration[0m=[35m0.5417972549985279[0m [36mexit_code[0m=[35m0[0m [36mfinal_state[0m=[35mfailed[0m
[2m2025-05-13 01:43:47[0m [[32m[1mdebug    [0m] [1mReceived message from task runner[0m [[0m[1m[34msupervisor[0m][0m [36mmsg[0m=[35mTaskState(state=<TerminalTIState.FAILED: 'failed'>, end_date=datetime.datetime(2025, 5, 12, 23, 43, 47, 411258, tzinfo=TzInfo(UTC)), type='TaskState')[0m
[2025-05-13T01:43:47.437+0200] {_client.py:1025} INFO - HTTP Request: PATCH http://localhost:8080/execution/task-instances/0196c6e1-fbcc-74ed-ba51-0cf4c3e6aa35/state "HTTP/1.1 204 No Content"
[2m2025-05-13 01:43:47[0m [[32m[1minfo     [0m] [1mTask finished                 [0m [[0m[1m[34msupervisor[0m][0m [36mduration[0m=[35m0.5786768139951164[0m [36mexit_code[0m=[35m0[0m [36mfinal_state[0m=[35mfailed[0m
[2025-05-13T01:43:47.913+0200] {scheduler_job_runner.py:810} INFO - Received executor event with state success for task instance TaskInstanceKey(dag_id='octopus_pricing_8am', task_id='ingest_network_costs', run_id='scheduled__2025-05-12T08:00:00+00:00', try_number=2, map_index=-1)
[2025-05-13T01:43:47.914+0200] {scheduler_job_runner.py:810} INFO - Received executor event with state success for task instance TaskInstanceKey(dag_id='octopus_pricing_8am', task_id='ingest_price_comparison', run_id='scheduled__2025-05-12T08:00:00+00:00', try_number=2, map_index=-1)
[2025-05-13T01:43:47.917+0200] {scheduler_job_runner.py:852} INFO - TaskInstance Finished: dag_id=octopus_pricing_8am, task_id=ingest_network_costs, run_id=scheduled__2025-05-12T08:00:00+00:00, map_index=-1, run_start_date=2025-05-12 23:43:46.864024+00:00, run_end_date=2025-05-12 23:43:47.381822+00:00, run_duration=1.518, state=failed, executor=LocalExecutor(parallelism=32), executor_state=success, try_number=2, max_tries=1, pool=default_pool, queue=default, priority_weight=2, operator=PythonOperator, queued_dttm=2025-05-12 23:43:46.823055+00:00, scheduled_dttm=2025-05-12 23:43:46.806624+00:00,queued_by_job_id=13, pid=80205
[2025-05-13T01:43:47.917+0200] {scheduler_job_runner.py:852} INFO - TaskInstance Finished: dag_id=octopus_pricing_8am, task_id=ingest_price_comparison, run_id=scheduled__2025-05-12T08:00:00+00:00, map_index=-1, run_start_date=2025-05-12 23:43:46.863531+00:00, run_end_date=2025-05-12 23:43:47.418782+00:00, run_duration=1.5550000000000002, state=failed, executor=LocalExecutor(parallelism=32), executor_state=success, try_number=2, max_tries=1, pool=default_pool, queue=default, priority_weight=2, operator=PythonOperator, queued_dttm=2025-05-12 23:43:46.823055+00:00, scheduled_dttm=2025-05-12 23:43:46.806624+00:00,queued_by_job_id=13, pid=80204
[2025-05-13T01:43:48.938+0200] {dagrun.py:1145} INFO - Marking run <DagRun octopus_pricing_8am @ 2025-05-12 08:00:00+00:00: scheduled__2025-05-12T08:00:00+00:00, state:running, queued_at: 2025-05-12 23:43:40.403083+00:00. run_type: scheduled> failed
[2025-05-13T01:43:48.938+0200] {dagrun.py:1224} INFO - DagRun Finished: dag_id=octopus_pricing_8am, logical_date=2025-05-12 08:00:00+00:00, run_id=scheduled__2025-05-12T08:00:00+00:00, run_start_date=2025-05-12 23:43:40.424605+00:00, run_end_date=2025-05-12 23:43:48.938911+00:00, run_duration=8.514306, state=failed, run_type=scheduled, data_interval_start=2025-05-12 08:00:00+00:00, data_interval_end=2025-05-12 08:00:00+00:00,
[2025-05-13T01:43:48.941+0200] {dag.py:2517} INFO - Setting next_dagrun for octopus_pricing_8am to 2025-05-13 08:00:00+00:00, run_after=2025-05-13 08:00:00+00:00
[2025-05-13T01:43:49.428+0200] {scheduler_job_runner.py:450} INFO - 2 tasks up for execution:
	<TaskInstance: octopus_pricing_8am.ingest_price_comparison manual__2025-05-12T23:43:43.623618+00:00 [scheduled]>
	<TaskInstance: octopus_pricing_8am.ingest_network_costs manual__2025-05-12T23:43:43.623618+00:00 [scheduled]>
[2025-05-13T01:43:49.428+0200] {scheduler_job_runner.py:522} INFO - DAG octopus_pricing_8am has 0/16 running and queued tasks
[2025-05-13T01:43:49.428+0200] {scheduler_job_runner.py:522} INFO - DAG octopus_pricing_8am has 1/16 running and queued tasks
[2025-05-13T01:43:49.429+0200] {scheduler_job_runner.py:661} INFO - Setting the following tasks to queued state:
	<TaskInstance: octopus_pricing_8am.ingest_price_comparison manual__2025-05-12T23:43:43.623618+00:00 [scheduled]>
	<TaskInstance: octopus_pricing_8am.ingest_network_costs manual__2025-05-12T23:43:43.623618+00:00 [scheduled]>
[2025-05-13T01:43:49.431+0200] {scheduler_job_runner.py:767} INFO - Trying to enqueue tasks: [<TaskInstance: octopus_pricing_8am.ingest_price_comparison manual__2025-05-12T23:43:43.623618+00:00 [scheduled]>, <TaskInstance: octopus_pricing_8am.ingest_network_costs manual__2025-05-12T23:43:43.623618+00:00 [scheduled]>] for executor: LocalExecutor(parallelism=32)
[2m2025-05-13 01:43:49[0m [[32m[1minfo     [0m] [1mSecrets backends loaded for worker[0m [[0m[1m[34msupervisor[0m][0m [36mbackend_classes[0m=[35m['EnvironmentVariablesBackend'][0m [36mcount[0m=[35m1[0m
[2m2025-05-13 01:43:49[0m [[32m[1minfo     [0m] [1mSecrets backends loaded for worker[0m [[0m[1m[34msupervisor[0m][0m [36mbackend_classes[0m=[35m['EnvironmentVariablesBackend'][0m [36mcount[0m=[35m1[0m
[2025-05-13T01:43:49.518+0200] {_client.py:1025} INFO - HTTP Request: PATCH http://localhost:8080/execution/task-instances/0196c6e2-08ce-72dd-a55a-d2a754a16912/run "HTTP/1.1 200 OK"
[2m2025-05-13 01:43:49[0m [[32m[1mdebug    [0m] [1mSending                       [0m [[0m[1m[34msupervisor[0m][0m [36mmsg[0m=[35mStartupDetails(ti=TaskInstance(id=UUID('0196c6e2-08ce-72dd-a55a-d2a754a16912'), task_id='ingest_price_comparison', dag_id='octopus_pricing_8am', run_id='manual__2025-05-12T23:43:43.623618+00:00', try_number=2, map_index=-1, pool_slots=1, queue='default', priority_weight=2, executor_config={}, parent_context_carrier={}, context_carrier=None, queued_dttm=datetime.datetime(2025, 5, 12, 23, 43, 43, 870089, tzinfo=Timezone('UTC'))), dag_rel_path='octopus_pricing_pipeline.py', bundle_info=BundleInfo(name='dags-folder', version=None), requests_fd=39, start_date=datetime.datetime(2025, 5, 12, 23, 43, 49, 488811, tzinfo=datetime.timezone.utc), ti_context=TIRunContext(dag_run=DagRun(dag_id='octopus_pricing_8am', run_id='manual__2025-05-12T23:43:43.623618+00:00', logical_date=datetime.datetime(2025, 5, 12, 23, 43, 42, 602000, tzinfo=TzInfo(UTC)), data_interval_start=datetime.datetime(2025, 5, 12, 23, 43, 42, 602000, tzinfo=TzInfo(UTC)), data_interval_end=datetime.datetime(2025, 5, 12, 23, 43, 42, 602000, tzinfo=TzInfo(UTC)), run_after=datetime.datetime(2025, 5, 12, 23, 43, 42, 602000, tzinfo=TzInfo(UTC)), start_date=datetime.datetime(2025, 5, 12, 23, 43, 43, 833020, tzinfo=TzInfo(UTC)), end_date=None, clear_number=0, run_type=<DagRunType.MANUAL: 'manual'>, conf={}, consumed_asset_events=[]), task_reschedule_count=0, max_tries=1, variables=[], connections=[], upstream_map_indexes=None, next_method=None, next_kwargs=None, xcom_keys_to_clear=[], should_retry=False), type='StartupDetails')[0m
[2025-05-13T01:43:49.526+0200] {_client.py:1025} INFO - HTTP Request: PATCH http://localhost:8080/execution/task-instances/0196c6e2-08c4-7048-9172-5104e24b7e16/run "HTTP/1.1 200 OK"
[2m2025-05-13 01:43:49[0m [[32m[1mdebug    [0m] [1mSending                       [0m [[0m[1m[34msupervisor[0m][0m [36mmsg[0m=[35mStartupDetails(ti=TaskInstance(id=UUID('0196c6e2-08c4-7048-9172-5104e24b7e16'), task_id='ingest_network_costs', dag_id='octopus_pricing_8am', run_id='manual__2025-05-12T23:43:43.623618+00:00', try_number=2, map_index=-1, pool_slots=1, queue='default', priority_weight=2, executor_config={}, parent_context_carrier={}, context_carrier=None, queued_dttm=datetime.datetime(2025, 5, 12, 23, 43, 43, 870089, tzinfo=Timezone('UTC'))), dag_rel_path='octopus_pricing_pipeline.py', bundle_info=BundleInfo(name='dags-folder', version=None), requests_fd=41, start_date=datetime.datetime(2025, 5, 12, 23, 43, 49, 490096, tzinfo=datetime.timezone.utc), ti_context=TIRunContext(dag_run=DagRun(dag_id='octopus_pricing_8am', run_id='manual__2025-05-12T23:43:43.623618+00:00', logical_date=datetime.datetime(2025, 5, 12, 23, 43, 42, 602000, tzinfo=TzInfo(UTC)), data_interval_start=datetime.datetime(2025, 5, 12, 23, 43, 42, 602000, tzinfo=TzInfo(UTC)), data_interval_end=datetime.datetime(2025, 5, 12, 23, 43, 42, 602000, tzinfo=TzInfo(UTC)), run_after=datetime.datetime(2025, 5, 12, 23, 43, 42, 602000, tzinfo=TzInfo(UTC)), start_date=datetime.datetime(2025, 5, 12, 23, 43, 43, 833020, tzinfo=TzInfo(UTC)), end_date=None, clear_number=0, run_type=<DagRunType.MANUAL: 'manual'>, conf={}, consumed_asset_events=[]), task_reschedule_count=0, max_tries=1, variables=[], connections=[], upstream_map_indexes=None, next_method=None, next_kwargs=None, xcom_keys_to_clear=[], should_retry=False), type='StartupDetails')[0m
[2025-05-13T01:43:49.547+0200] {_client.py:1025} INFO - HTTP Request: PUT http://localhost:8080/execution/task-instances/0196c6e2-08ce-72dd-a55a-d2a754a16912/heartbeat "HTTP/1.1 204 No Content"
[2025-05-13T01:43:49.553+0200] {_client.py:1025} INFO - HTTP Request: PUT http://localhost:8080/execution/task-instances/0196c6e2-08c4-7048-9172-5104e24b7e16/heartbeat "HTTP/1.1 204 No Content"
[2m2025-05-13 01:43:49[0m [[32m[1mdebug    [0m] [1mReceived message from task runner[0m [[0m[1m[34msupervisor[0m][0m [36mmsg[0m=[35mGetVariable(key='BASE_PATH', type='GetVariable')[0m
[2025-05-13T01:43:49.811+0200] {_client.py:1025} INFO - HTTP Request: GET http://localhost:8080/execution/variables/BASE_PATH "HTTP/1.1 200 OK"
[2m2025-05-13 01:43:49[0m [[32m[1mdebug    [0m] [1mReceived message from task runner[0m [[0m[1m[34msupervisor[0m][0m [36mmsg[0m=[35mGetVariable(key='BASE_DATA_PATH', type='GetVariable')[0m
[2m2025-05-13 01:43:49[0m [[32m[1mdebug    [0m] [1mReceived message from task runner[0m [[0m[1m[34msupervisor[0m][0m [36mmsg[0m=[35mGetVariable(key='BASE_PATH', type='GetVariable')[0m
[2025-05-13T01:43:49.821+0200] {_client.py:1025} INFO - HTTP Request: GET http://localhost:8080/execution/variables/BASE_DATA_PATH "HTTP/1.1 200 OK"
[2025-05-13T01:43:49.823+0200] {_client.py:1025} INFO - HTTP Request: GET http://localhost:8080/execution/variables/BASE_PATH "HTTP/1.1 200 OK"
[2m2025-05-13 01:43:49[0m [[32m[1mdebug    [0m] [1mReceived message from task runner[0m [[0m[1m[34msupervisor[0m][0m [36mmsg[0m=[35mGetConnection(conn_id='staging_postgres', type='GetConnection')[0m
[2m2025-05-13 01:43:49[0m [[32m[1mdebug    [0m] [1mReceived message from task runner[0m [[0m[1m[34msupervisor[0m][0m [36mmsg[0m=[35mGetVariable(key='BASE_DATA_PATH', type='GetVariable')[0m
[2025-05-13T01:43:49.832+0200] {_client.py:1025} INFO - HTTP Request: GET http://localhost:8080/execution/connections/staging_postgres "HTTP/1.1 200 OK"
[2025-05-13T01:43:49.833+0200] {_client.py:1025} INFO - HTTP Request: GET http://localhost:8080/execution/variables/BASE_DATA_PATH "HTTP/1.1 200 OK"
[2m2025-05-13 01:43:49[0m [[32m[1mdebug    [0m] [1mReceived message from task runner[0m [[0m[1m[34msupervisor[0m][0m [36mmsg[0m=[35mGetConnection(conn_id='staging_postgres', type='GetConnection')[0m
[2m2025-05-13 01:43:49[0m [[32m[1mdebug    [0m] [1mReceived message from task runner[0m [[0m[1m[34msupervisor[0m][0m [36mmsg[0m=[35mGetConnection(conn_id='staging_postgres', type='GetConnection')[0m
[2025-05-13T01:43:49.846+0200] {_client.py:1025} INFO - HTTP Request: GET http://localhost:8080/execution/connections/staging_postgres "HTTP/1.1 200 OK"
[2025-05-13T01:43:49.847+0200] {_client.py:1025} INFO - HTTP Request: GET http://localhost:8080/execution/connections/staging_postgres "HTTP/1.1 200 OK"
[2m2025-05-13 01:43:49[0m [[32m[1mdebug    [0m] [1mReceived message from task runner[0m [[0m[1m[34msupervisor[0m][0m [36mmsg[0m=[35mGetConnection(conn_id='staging_postgres', type='GetConnection')[0m
[2m2025-05-13 01:43:49[0m [[32m[1mdebug    [0m] [1mReceived message from task runner[0m [[0m[1m[34msupervisor[0m][0m [36mmsg[0m=[35mSetRenderedFields(rendered_fields={'templates_dict': None, 'op_args': [], 'op_kwargs': {}}, type='SetRenderedFields')[0m
[2025-05-13T01:43:49.857+0200] {_client.py:1025} INFO - HTTP Request: GET http://localhost:8080/execution/connections/staging_postgres "HTTP/1.1 200 OK"
[2m2025-05-13 01:43:49[0m [[32m[1mdebug    [0m] [1mReceived message from task runner[0m [[0m[1m[34msupervisor[0m][0m [36mmsg[0m=[35mSetRenderedFields(rendered_fields={'templates_dict': None, 'op_args': [], 'op_kwargs': {}}, type='SetRenderedFields')[0m
[2025-05-13T01:43:49.873+0200] {_client.py:1025} INFO - HTTP Request: PUT http://localhost:8080/execution/task-instances/0196c6e2-08ce-72dd-a55a-d2a754a16912/rtif "HTTP/1.1 201 Created"
[2m2025-05-13 01:43:49[0m [[32m[1mdebug    [0m] [1mReceived message from task runner[0m [[0m[1m[34msupervisor[0m][0m [36mmsg[0m=[35mGetVariable(key='BASE_DATA_PATH', type='GetVariable')[0m
[2025-05-13T01:43:49.882+0200] {_client.py:1025} INFO - HTTP Request: GET http://localhost:8080/execution/variables/BASE_DATA_PATH "HTTP/1.1 200 OK"
[2025-05-13T01:43:49.884+0200] {_client.py:1025} INFO - HTTP Request: PUT http://localhost:8080/execution/task-instances/0196c6e2-08c4-7048-9172-5104e24b7e16/rtif "HTTP/1.1 201 Created"
[2m2025-05-13 01:43:49[0m [[32m[1mdebug    [0m] [1mReceived message from task runner[0m [[0m[1m[34msupervisor[0m][0m [36mmsg[0m=[35mGetVariable(key='BASE_DATA_PATH', type='GetVariable')[0m
[2025-05-13T01:43:49.891+0200] {_client.py:1025} INFO - HTTP Request: GET http://localhost:8080/execution/variables/BASE_DATA_PATH "HTTP/1.1 200 OK"
[2m2025-05-13 01:43:49[0m [[32m[1mdebug    [0m] [1mReceived message from task runner[0m [[0m[1m[34msupervisor[0m][0m [36mmsg[0m=[35mGetVariable(key='NETWORK_COSTS_FILE', type='GetVariable')[0m
[2025-05-13T01:43:49.898+0200] {_client.py:1025} INFO - HTTP Request: GET http://localhost:8080/execution/variables/NETWORK_COSTS_FILE "HTTP/1.1 200 OK"
[2m2025-05-13 01:43:49[0m [[32m[1mdebug    [0m] [1mReceived message from task runner[0m [[0m[1m[34msupervisor[0m][0m [36mmsg[0m=[35mTaskState(state=<TerminalTIState.FAILED: 'failed'>, end_date=datetime.datetime(2025, 5, 12, 23, 43, 49, 923074, tzinfo=TzInfo(UTC)), type='TaskState')[0m
[2m2025-05-13 01:43:49[0m [[32m[1mdebug    [0m] [1mReceived message from task runner[0m [[0m[1m[34msupervisor[0m][0m [36mmsg[0m=[35mTaskState(state=<TerminalTIState.FAILED: 'failed'>, end_date=datetime.datetime(2025, 5, 12, 23, 43, 49, 927695, tzinfo=TzInfo(UTC)), type='TaskState')[0m
[2025-05-13T01:43:49.950+0200] {_client.py:1025} INFO - HTTP Request: PATCH http://localhost:8080/execution/task-instances/0196c6e2-08ce-72dd-a55a-d2a754a16912/state "HTTP/1.1 204 No Content"
[2m2025-05-13 01:43:49[0m [[32m[1minfo     [0m] [1mTask finished                 [0m [[0m[1m[34msupervisor[0m][0m [36mduration[0m=[35m0.4675455169999623[0m [36mexit_code[0m=[35m0[0m [36mfinal_state[0m=[35mfailed[0m
[2025-05-13T01:43:49.958+0200] {_client.py:1025} INFO - HTTP Request: PATCH http://localhost:8080/execution/task-instances/0196c6e2-08c4-7048-9172-5104e24b7e16/state "HTTP/1.1 204 No Content"
[2m2025-05-13 01:43:49[0m [[32m[1minfo     [0m] [1mTask finished                 [0m [[0m[1m[34msupervisor[0m][0m [36mduration[0m=[35m0.47329616399656516[0m [36mexit_code[0m=[35m0[0m [36mfinal_state[0m=[35mfailed[0m
[2025-05-13T01:43:50.523+0200] {scheduler_job_runner.py:810} INFO - Received executor event with state success for task instance TaskInstanceKey(dag_id='octopus_pricing_8am', task_id='ingest_price_comparison', run_id='manual__2025-05-12T23:43:43.623618+00:00', try_number=2, map_index=-1)
[2025-05-13T01:43:50.524+0200] {scheduler_job_runner.py:810} INFO - Received executor event with state success for task instance TaskInstanceKey(dag_id='octopus_pricing_8am', task_id='ingest_network_costs', run_id='manual__2025-05-12T23:43:43.623618+00:00', try_number=2, map_index=-1)
[2025-05-13T01:43:50.527+0200] {scheduler_job_runner.py:852} INFO - TaskInstance Finished: dag_id=octopus_pricing_8am, task_id=ingest_network_costs, run_id=manual__2025-05-12T23:43:43.623618+00:00, map_index=-1, run_start_date=2025-05-12 23:43:49.490096+00:00, run_end_date=2025-05-12 23:43:49.934338+00:00, run_duration=0.444, state=failed, executor=LocalExecutor(parallelism=32), executor_state=success, try_number=2, max_tries=1, pool=default_pool, queue=default, priority_weight=2, operator=PythonOperator, queued_dttm=2025-05-12 23:43:49.429911+00:00, scheduled_dttm=2025-05-12 23:43:49.412392+00:00,queued_by_job_id=13, pid=80255
[2025-05-13T01:43:50.527+0200] {scheduler_job_runner.py:852} INFO - TaskInstance Finished: dag_id=octopus_pricing_8am, task_id=ingest_price_comparison, run_id=manual__2025-05-12T23:43:43.623618+00:00, map_index=-1, run_start_date=2025-05-12 23:43:49.488811+00:00, run_end_date=2025-05-12 23:43:49.930023+00:00, run_duration=0.441, state=failed, executor=LocalExecutor(parallelism=32), executor_state=success, try_number=2, max_tries=1, pool=default_pool, queue=default, priority_weight=2, operator=PythonOperator, queued_dttm=2025-05-12 23:43:49.429911+00:00, scheduled_dttm=2025-05-12 23:43:49.412392+00:00,queued_by_job_id=13, pid=80254
[2025-05-13T01:43:51.543+0200] {dagrun.py:1145} INFO - Marking run <DagRun octopus_pricing_8am @ 2025-05-12 23:43:42.602000+00:00: manual__2025-05-12T23:43:43.623618+00:00, state:running, queued_at: 2025-05-12 23:43:43.626811+00:00. run_type: manual> failed
[2025-05-13T01:43:51.543+0200] {dagrun.py:1224} INFO - DagRun Finished: dag_id=octopus_pricing_8am, logical_date=2025-05-12 23:43:42.602000+00:00, run_id=manual__2025-05-12T23:43:43.623618+00:00, run_start_date=2025-05-12 23:43:43.833020+00:00, run_end_date=2025-05-12 23:43:51.543927+00:00, run_duration=7.710907, state=failed, run_type=manual, data_interval_start=2025-05-12 23:43:42.602000+00:00, data_interval_end=2025-05-12 23:43:42.602000+00:00,
[2025-05-13T01:48:36.024+0200] {scheduler_job_runner.py:2128} INFO - Adopting or resetting orphaned tasks for active dag runs
[2025-05-13T01:53:36.029+0200] {scheduler_job_runner.py:2128} INFO - Adopting or resetting orphaned tasks for active dag runs
[2025-05-13T01:55:44.124+0200] {scheduler_job_runner.py:450} INFO - 2 tasks up for execution:
	<TaskInstance: octopus_pricing_8am.ingest_price_comparison manual__2025-05-12T23:55:43.755846+00:00 [scheduled]>
	<TaskInstance: octopus_pricing_8am.ingest_network_costs manual__2025-05-12T23:55:43.755846+00:00 [scheduled]>
[2025-05-13T01:55:44.125+0200] {scheduler_job_runner.py:522} INFO - DAG octopus_pricing_8am has 0/16 running and queued tasks
[2025-05-13T01:55:44.125+0200] {scheduler_job_runner.py:522} INFO - DAG octopus_pricing_8am has 1/16 running and queued tasks
[2025-05-13T01:55:44.126+0200] {scheduler_job_runner.py:661} INFO - Setting the following tasks to queued state:
	<TaskInstance: octopus_pricing_8am.ingest_price_comparison manual__2025-05-12T23:55:43.755846+00:00 [scheduled]>
	<TaskInstance: octopus_pricing_8am.ingest_network_costs manual__2025-05-12T23:55:43.755846+00:00 [scheduled]>
[2025-05-13T01:55:44.127+0200] {scheduler_job_runner.py:767} INFO - Trying to enqueue tasks: [<TaskInstance: octopus_pricing_8am.ingest_price_comparison manual__2025-05-12T23:55:43.755846+00:00 [scheduled]>, <TaskInstance: octopus_pricing_8am.ingest_network_costs manual__2025-05-12T23:55:43.755846+00:00 [scheduled]>] for executor: LocalExecutor(parallelism=32)
[2m2025-05-13 01:55:44[0m [[32m[1minfo     [0m] [1mSecrets backends loaded for worker[0m [[0m[1m[34msupervisor[0m][0m [36mbackend_classes[0m=[35m['EnvironmentVariablesBackend'][0m [36mcount[0m=[35m1[0m
[2m2025-05-13 01:55:44[0m [[32m[1minfo     [0m] [1mSecrets backends loaded for worker[0m [[0m[1m[34msupervisor[0m][0m [36mbackend_classes[0m=[35m['EnvironmentVariablesBackend'][0m [36mcount[0m=[35m1[0m
[2025-05-13T01:55:44.207+0200] {_client.py:1025} INFO - HTTP Request: PATCH http://localhost:8080/execution/task-instances/0196c6ed-0319-72d2-9853-7cfcda496207/run "HTTP/1.1 200 OK"
[2m2025-05-13 01:55:44[0m [[32m[1mdebug    [0m] [1mSending                       [0m [[0m[1m[34msupervisor[0m][0m [36mmsg[0m=[35mStartupDetails(ti=TaskInstance(id=UUID('0196c6ed-0319-72d2-9853-7cfcda496207'), task_id='ingest_network_costs', dag_id='octopus_pricing_8am', run_id='manual__2025-05-12T23:55:43.755846+00:00', try_number=1, map_index=-1, pool_slots=1, queue='default', priority_weight=2, executor_config={}, parent_context_carrier={}, context_carrier=None, queued_dttm=None), dag_rel_path='octopus_pricing_pipeline.py', bundle_info=BundleInfo(name='dags-folder', version=None), requests_fd=43, start_date=datetime.datetime(2025, 5, 12, 23, 55, 44, 177803, tzinfo=datetime.timezone.utc), ti_context=TIRunContext(dag_run=DagRun(dag_id='octopus_pricing_8am', run_id='manual__2025-05-12T23:55:43.755846+00:00', logical_date=datetime.datetime(2025, 5, 12, 23, 55, 42, 868000, tzinfo=TzInfo(UTC)), data_interval_start=datetime.datetime(2025, 5, 12, 23, 55, 42, 868000, tzinfo=TzInfo(UTC)), data_interval_end=datetime.datetime(2025, 5, 12, 23, 55, 42, 868000, tzinfo=TzInfo(UTC)), run_after=datetime.datetime(2025, 5, 12, 23, 55, 42, 868000, tzinfo=TzInfo(UTC)), start_date=datetime.datetime(2025, 5, 12, 23, 55, 44, 92477, tzinfo=TzInfo(UTC)), end_date=None, clear_number=0, run_type=<DagRunType.MANUAL: 'manual'>, conf={}, consumed_asset_events=[]), task_reschedule_count=0, max_tries=1, variables=[], connections=[], upstream_map_indexes=None, next_method=None, next_kwargs=None, xcom_keys_to_clear=[], should_retry=True), type='StartupDetails')[0m
[2025-05-13T01:55:44.218+0200] {_client.py:1025} INFO - HTTP Request: PATCH http://localhost:8080/execution/task-instances/0196c6ed-0318-7ebd-aebe-7a11e23fe96c/run "HTTP/1.1 200 OK"
[2m2025-05-13 01:55:44[0m [[32m[1mdebug    [0m] [1mSending                       [0m [[0m[1m[34msupervisor[0m][0m [36mmsg[0m=[35mStartupDetails(ti=TaskInstance(id=UUID('0196c6ed-0318-7ebd-aebe-7a11e23fe96c'), task_id='ingest_price_comparison', dag_id='octopus_pricing_8am', run_id='manual__2025-05-12T23:55:43.755846+00:00', try_number=1, map_index=-1, pool_slots=1, queue='default', priority_weight=2, executor_config={}, parent_context_carrier={}, context_carrier=None, queued_dttm=None), dag_rel_path='octopus_pricing_pipeline.py', bundle_info=BundleInfo(name='dags-folder', version=None), requests_fd=41, start_date=datetime.datetime(2025, 5, 12, 23, 55, 44, 177918, tzinfo=datetime.timezone.utc), ti_context=TIRunContext(dag_run=DagRun(dag_id='octopus_pricing_8am', run_id='manual__2025-05-12T23:55:43.755846+00:00', logical_date=datetime.datetime(2025, 5, 12, 23, 55, 42, 868000, tzinfo=TzInfo(UTC)), data_interval_start=datetime.datetime(2025, 5, 12, 23, 55, 42, 868000, tzinfo=TzInfo(UTC)), data_interval_end=datetime.datetime(2025, 5, 12, 23, 55, 42, 868000, tzinfo=TzInfo(UTC)), run_after=datetime.datetime(2025, 5, 12, 23, 55, 42, 868000, tzinfo=TzInfo(UTC)), start_date=datetime.datetime(2025, 5, 12, 23, 55, 44, 92477, tzinfo=TzInfo(UTC)), end_date=None, clear_number=0, run_type=<DagRunType.MANUAL: 'manual'>, conf={}, consumed_asset_events=[]), task_reschedule_count=0, max_tries=1, variables=[], connections=[], upstream_map_indexes=None, next_method=None, next_kwargs=None, xcom_keys_to_clear=[], should_retry=True), type='StartupDetails')[0m
[2025-05-13T01:55:44.247+0200] {_client.py:1025} INFO - HTTP Request: PUT http://localhost:8080/execution/task-instances/0196c6ed-0319-72d2-9853-7cfcda496207/heartbeat "HTTP/1.1 204 No Content"
[2025-05-13T01:55:44.276+0200] {_client.py:1025} INFO - HTTP Request: PUT http://localhost:8080/execution/task-instances/0196c6ed-0318-7ebd-aebe-7a11e23fe96c/heartbeat "HTTP/1.1 204 No Content"
[2m2025-05-13 01:55:44[0m [[32m[1mdebug    [0m] [1mReceived message from task runner[0m [[0m[1m[34msupervisor[0m][0m [36mmsg[0m=[35mGetVariable(key='BASE_PATH', type='GetVariable')[0m
[2025-05-13T01:55:44.512+0200] {_client.py:1025} INFO - HTTP Request: GET http://localhost:8080/execution/variables/BASE_PATH "HTTP/1.1 200 OK"
[2m2025-05-13 01:55:44[0m [[32m[1mdebug    [0m] [1mReceived message from task runner[0m [[0m[1m[34msupervisor[0m][0m [36mmsg[0m=[35mGetVariable(key='BASE_DATA_PATH', type='GetVariable')[0m
[2025-05-13T01:55:44.520+0200] {_client.py:1025} INFO - HTTP Request: GET http://localhost:8080/execution/variables/BASE_DATA_PATH "HTTP/1.1 200 OK"
[2m2025-05-13 01:55:44[0m [[32m[1mdebug    [0m] [1mReceived message from task runner[0m [[0m[1m[34msupervisor[0m][0m [36mmsg[0m=[35mGetVariable(key='BASE_PATH', type='GetVariable')[0m
[2m2025-05-13 01:55:44[0m [[32m[1mdebug    [0m] [1mReceived message from task runner[0m [[0m[1m[34msupervisor[0m][0m [36mmsg[0m=[35mGetConnection(conn_id='staging_postgres', type='GetConnection')[0m
[2025-05-13T01:55:44.529+0200] {_client.py:1025} INFO - HTTP Request: GET http://localhost:8080/execution/connections/staging_postgres "HTTP/1.1 200 OK"
[2025-05-13T01:55:44.529+0200] {_client.py:1025} INFO - HTTP Request: GET http://localhost:8080/execution/variables/BASE_PATH "HTTP/1.1 200 OK"
[2m2025-05-13 01:55:44[0m [[32m[1mdebug    [0m] [1mReceived message from task runner[0m [[0m[1m[34msupervisor[0m][0m [36mmsg[0m=[35mGetVariable(key='BASE_DATA_PATH', type='GetVariable')[0m
[2025-05-13T01:55:44.538+0200] {_client.py:1025} INFO - HTTP Request: GET http://localhost:8080/execution/variables/BASE_DATA_PATH "HTTP/1.1 200 OK"
[2m2025-05-13 01:55:44[0m [[32m[1mdebug    [0m] [1mReceived message from task runner[0m [[0m[1m[34msupervisor[0m][0m [36mmsg[0m=[35mGetConnection(conn_id='staging_postgres', type='GetConnection')[0m
[2m2025-05-13 01:55:44[0m [[32m[1mdebug    [0m] [1mReceived message from task runner[0m [[0m[1m[34msupervisor[0m][0m [36mmsg[0m=[35mSetRenderedFields(rendered_fields={'templates_dict': None, 'op_args': [], 'op_kwargs': {}}, type='SetRenderedFields')[0m
[2025-05-13T01:55:44.549+0200] {_client.py:1025} INFO - HTTP Request: GET http://localhost:8080/execution/connections/staging_postgres "HTTP/1.1 200 OK"
[2m2025-05-13 01:55:44[0m [[32m[1mdebug    [0m] [1mReceived message from task runner[0m [[0m[1m[34msupervisor[0m][0m [36mmsg[0m=[35mSetRenderedFields(rendered_fields={'templates_dict': None, 'op_args': [], 'op_kwargs': {}}, type='SetRenderedFields')[0m
[2025-05-13T01:55:44.571+0200] {_client.py:1025} INFO - HTTP Request: PUT http://localhost:8080/execution/task-instances/0196c6ed-0319-72d2-9853-7cfcda496207/rtif "HTTP/1.1 201 Created"
[2m2025-05-13 01:55:44[0m [[32m[1mdebug    [0m] [1mReceived message from task runner[0m [[0m[1m[34msupervisor[0m][0m [36mmsg[0m=[35mGetVariable(key='BASE_DATA_PATH', type='GetVariable')[0m
[2025-05-13T01:55:44.578+0200] {_client.py:1025} INFO - HTTP Request: GET http://localhost:8080/execution/variables/BASE_DATA_PATH "HTTP/1.1 200 OK"
[2m2025-05-13 01:55:44[0m [[32m[1mdebug    [0m] [1mReceived message from task runner[0m [[0m[1m[34msupervisor[0m][0m [36mmsg[0m=[35mGetVariable(key='NETWORK_COSTS_FILE', type='GetVariable')[0m
[2025-05-13T01:55:44.586+0200] {_client.py:1025} INFO - HTTP Request: GET http://localhost:8080/execution/variables/NETWORK_COSTS_FILE "HTTP/1.1 200 OK"
[2025-05-13T01:55:44.595+0200] {_client.py:1025} INFO - HTTP Request: PUT http://localhost:8080/execution/task-instances/0196c6ed-0318-7ebd-aebe-7a11e23fe96c/rtif "HTTP/1.1 201 Created"
[2m2025-05-13 01:55:44[0m [[32m[1mdebug    [0m] [1mReceived message from task runner[0m [[0m[1m[34msupervisor[0m][0m [36mmsg[0m=[35mGetVariable(key='BASE_DATA_PATH', type='GetVariable')[0m
[2025-05-13T01:55:44.602+0200] {_client.py:1025} INFO - HTTP Request: GET http://localhost:8080/execution/variables/BASE_DATA_PATH "HTTP/1.1 200 OK"
[2m2025-05-13 01:55:44[0m [[32m[1mdebug    [0m] [1mReceived message from task runner[0m [[0m[1m[34msupervisor[0m][0m [36mmsg[0m=[35mRetryTask(state='up_for_retry', end_date=datetime.datetime(2025, 5, 12, 23, 55, 44, 631948, tzinfo=TzInfo(UTC)), type='RetryTask')[0m
[2m2025-05-13 01:55:44[0m [[32m[1mdebug    [0m] [1mReceived message from task runner[0m [[0m[1m[34msupervisor[0m][0m [36mmsg[0m=[35mRetryTask(state='up_for_retry', end_date=datetime.datetime(2025, 5, 12, 23, 55, 44, 651810, tzinfo=TzInfo(UTC)), type='RetryTask')[0m
[2025-05-13T01:55:44.656+0200] {_client.py:1025} INFO - HTTP Request: PATCH http://localhost:8080/execution/task-instances/0196c6ed-0319-72d2-9853-7cfcda496207/state "HTTP/1.1 204 No Content"
[2m2025-05-13 01:55:44[0m [[32m[1minfo     [0m] [1mTask finished                 [0m [[0m[1m[34msupervisor[0m][0m [36mduration[0m=[35m0.4864146549953148[0m [36mexit_code[0m=[35m0[0m [36mfinal_state[0m=[35mup_for_retry[0m
[2025-05-13T01:55:44.676+0200] {_client.py:1025} INFO - HTTP Request: PATCH http://localhost:8080/execution/task-instances/0196c6ed-0318-7ebd-aebe-7a11e23fe96c/state "HTTP/1.1 204 No Content"
[2m2025-05-13 01:55:44[0m [[32m[1minfo     [0m] [1mTask finished                 [0m [[0m[1m[34msupervisor[0m][0m [36mduration[0m=[35m0.5039520840000478[0m [36mexit_code[0m=[35m0[0m [36mfinal_state[0m=[35mup_for_retry[0m
[2025-05-13T01:55:45.201+0200] {scheduler_job_runner.py:810} INFO - Received executor event with state success for task instance TaskInstanceKey(dag_id='octopus_pricing_8am', task_id='ingest_network_costs', run_id='manual__2025-05-12T23:55:43.755846+00:00', try_number=1, map_index=-1)
[2025-05-13T01:55:45.202+0200] {scheduler_job_runner.py:810} INFO - Received executor event with state success for task instance TaskInstanceKey(dag_id='octopus_pricing_8am', task_id='ingest_price_comparison', run_id='manual__2025-05-12T23:55:43.755846+00:00', try_number=1, map_index=-1)
[2025-05-13T01:55:45.205+0200] {scheduler_job_runner.py:852} INFO - TaskInstance Finished: dag_id=octopus_pricing_8am, task_id=ingest_network_costs, run_id=manual__2025-05-12T23:55:43.755846+00:00, map_index=-1, run_start_date=2025-05-12 23:55:44.177803+00:00, run_end_date=2025-05-12 23:55:44.643201+00:00, run_duration=0.465398, state=up_for_retry, executor=LocalExecutor(parallelism=32), executor_state=success, try_number=1, max_tries=1, pool=default_pool, queue=default, priority_weight=2, operator=PythonOperator, queued_dttm=2025-05-12 23:55:44.126541+00:00, scheduled_dttm=2025-05-12 23:55:44.110393+00:00,queued_by_job_id=13, pid=88265
[2025-05-13T01:55:45.205+0200] {scheduler_job_runner.py:852} INFO - TaskInstance Finished: dag_id=octopus_pricing_8am, task_id=ingest_price_comparison, run_id=manual__2025-05-12T23:55:43.755846+00:00, map_index=-1, run_start_date=2025-05-12 23:55:44.177918+00:00, run_end_date=2025-05-12 23:55:44.662408+00:00, run_duration=0.48449, state=up_for_retry, executor=LocalExecutor(parallelism=32), executor_state=success, try_number=1, max_tries=1, pool=default_pool, queue=default, priority_weight=2, operator=PythonOperator, queued_dttm=2025-05-12 23:55:44.126541+00:00, scheduled_dttm=2025-05-12 23:55:44.110393+00:00,queued_by_job_id=13, pid=88266
[2025-05-13T01:55:50.214+0200] {scheduler_job_runner.py:450} INFO - 2 tasks up for execution:
	<TaskInstance: octopus_pricing_8am.ingest_price_comparison manual__2025-05-12T23:55:43.755846+00:00 [scheduled]>
	<TaskInstance: octopus_pricing_8am.ingest_network_costs manual__2025-05-12T23:55:43.755846+00:00 [scheduled]>
[2025-05-13T01:55:50.214+0200] {scheduler_job_runner.py:522} INFO - DAG octopus_pricing_8am has 0/16 running and queued tasks
[2025-05-13T01:55:50.215+0200] {scheduler_job_runner.py:522} INFO - DAG octopus_pricing_8am has 1/16 running and queued tasks
[2025-05-13T01:55:50.215+0200] {scheduler_job_runner.py:661} INFO - Setting the following tasks to queued state:
	<TaskInstance: octopus_pricing_8am.ingest_price_comparison manual__2025-05-12T23:55:43.755846+00:00 [scheduled]>
	<TaskInstance: octopus_pricing_8am.ingest_network_costs manual__2025-05-12T23:55:43.755846+00:00 [scheduled]>
[2025-05-13T01:55:50.216+0200] {scheduler_job_runner.py:767} INFO - Trying to enqueue tasks: [<TaskInstance: octopus_pricing_8am.ingest_price_comparison manual__2025-05-12T23:55:43.755846+00:00 [scheduled]>, <TaskInstance: octopus_pricing_8am.ingest_network_costs manual__2025-05-12T23:55:43.755846+00:00 [scheduled]>] for executor: LocalExecutor(parallelism=32)
[2m2025-05-13 01:55:50[0m [[32m[1minfo     [0m] [1mSecrets backends loaded for worker[0m [[0m[1m[34msupervisor[0m][0m [36mbackend_classes[0m=[35m['EnvironmentVariablesBackend'][0m [36mcount[0m=[35m1[0m
[2m2025-05-13 01:55:50[0m [[32m[1minfo     [0m] [1mSecrets backends loaded for worker[0m [[0m[1m[34msupervisor[0m][0m [36mbackend_classes[0m=[35m['EnvironmentVariablesBackend'][0m [36mcount[0m=[35m1[0m
[2025-05-13T01:55:50.286+0200] {_client.py:1025} INFO - HTTP Request: PATCH http://localhost:8080/execution/task-instances/0196c6ed-0697-7357-af6a-c57eb77d296d/run "HTTP/1.1 200 OK"
[2m2025-05-13 01:55:50[0m [[32m[1mdebug    [0m] [1mSending                       [0m [[0m[1m[34msupervisor[0m][0m [36mmsg[0m=[35mStartupDetails(ti=TaskInstance(id=UUID('0196c6ed-0697-7357-af6a-c57eb77d296d'), task_id='ingest_price_comparison', dag_id='octopus_pricing_8am', run_id='manual__2025-05-12T23:55:43.755846+00:00', try_number=2, map_index=-1, pool_slots=1, queue='default', priority_weight=2, executor_config={}, parent_context_carrier={}, context_carrier=None, queued_dttm=datetime.datetime(2025, 5, 12, 23, 55, 44, 126541, tzinfo=Timezone('UTC'))), dag_rel_path='octopus_pricing_pipeline.py', bundle_info=BundleInfo(name='dags-folder', version=None), requests_fd=45, start_date=datetime.datetime(2025, 5, 12, 23, 55, 50, 264898, tzinfo=datetime.timezone.utc), ti_context=TIRunContext(dag_run=DagRun(dag_id='octopus_pricing_8am', run_id='manual__2025-05-12T23:55:43.755846+00:00', logical_date=datetime.datetime(2025, 5, 12, 23, 55, 42, 868000, tzinfo=TzInfo(UTC)), data_interval_start=datetime.datetime(2025, 5, 12, 23, 55, 42, 868000, tzinfo=TzInfo(UTC)), data_interval_end=datetime.datetime(2025, 5, 12, 23, 55, 42, 868000, tzinfo=TzInfo(UTC)), run_after=datetime.datetime(2025, 5, 12, 23, 55, 42, 868000, tzinfo=TzInfo(UTC)), start_date=datetime.datetime(2025, 5, 12, 23, 55, 44, 92477, tzinfo=TzInfo(UTC)), end_date=None, clear_number=0, run_type=<DagRunType.MANUAL: 'manual'>, conf={}, consumed_asset_events=[]), task_reschedule_count=0, max_tries=1, variables=[], connections=[], upstream_map_indexes=None, next_method=None, next_kwargs=None, xcom_keys_to_clear=[], should_retry=False), type='StartupDetails')[0m
[2025-05-13T01:55:50.294+0200] {_client.py:1025} INFO - HTTP Request: PATCH http://localhost:8080/execution/task-instances/0196c6ed-0683-790f-a119-d38e3b61986c/run "HTTP/1.1 200 OK"
[2m2025-05-13 01:55:50[0m [[32m[1mdebug    [0m] [1mSending                       [0m [[0m[1m[34msupervisor[0m][0m [36mmsg[0m=[35mStartupDetails(ti=TaskInstance(id=UUID('0196c6ed-0683-790f-a119-d38e3b61986c'), task_id='ingest_network_costs', dag_id='octopus_pricing_8am', run_id='manual__2025-05-12T23:55:43.755846+00:00', try_number=2, map_index=-1, pool_slots=1, queue='default', priority_weight=2, executor_config={}, parent_context_carrier={}, context_carrier=None, queued_dttm=datetime.datetime(2025, 5, 12, 23, 55, 44, 126541, tzinfo=Timezone('UTC'))), dag_rel_path='octopus_pricing_pipeline.py', bundle_info=BundleInfo(name='dags-folder', version=None), requests_fd=43, start_date=datetime.datetime(2025, 5, 12, 23, 55, 50, 264838, tzinfo=datetime.timezone.utc), ti_context=TIRunContext(dag_run=DagRun(dag_id='octopus_pricing_8am', run_id='manual__2025-05-12T23:55:43.755846+00:00', logical_date=datetime.datetime(2025, 5, 12, 23, 55, 42, 868000, tzinfo=TzInfo(UTC)), data_interval_start=datetime.datetime(2025, 5, 12, 23, 55, 42, 868000, tzinfo=TzInfo(UTC)), data_interval_end=datetime.datetime(2025, 5, 12, 23, 55, 42, 868000, tzinfo=TzInfo(UTC)), run_after=datetime.datetime(2025, 5, 12, 23, 55, 42, 868000, tzinfo=TzInfo(UTC)), start_date=datetime.datetime(2025, 5, 12, 23, 55, 44, 92477, tzinfo=TzInfo(UTC)), end_date=None, clear_number=0, run_type=<DagRunType.MANUAL: 'manual'>, conf={}, consumed_asset_events=[]), task_reschedule_count=0, max_tries=1, variables=[], connections=[], upstream_map_indexes=None, next_method=None, next_kwargs=None, xcom_keys_to_clear=[], should_retry=False), type='StartupDetails')[0m
[2025-05-13T01:55:50.318+0200] {_client.py:1025} INFO - HTTP Request: PUT http://localhost:8080/execution/task-instances/0196c6ed-0697-7357-af6a-c57eb77d296d/heartbeat "HTTP/1.1 204 No Content"
[2025-05-13T01:55:50.327+0200] {_client.py:1025} INFO - HTTP Request: PUT http://localhost:8080/execution/task-instances/0196c6ed-0683-790f-a119-d38e3b61986c/heartbeat "HTTP/1.1 204 No Content"
[2m2025-05-13 01:55:50[0m [[32m[1mdebug    [0m] [1mReceived message from task runner[0m [[0m[1m[34msupervisor[0m][0m [36mmsg[0m=[35mGetVariable(key='BASE_PATH', type='GetVariable')[0m
[2m2025-05-13 01:55:50[0m [[32m[1mdebug    [0m] [1mReceived message from task runner[0m [[0m[1m[34msupervisor[0m][0m [36mmsg[0m=[35mGetVariable(key='BASE_PATH', type='GetVariable')[0m
[2025-05-13T01:55:50.588+0200] {_client.py:1025} INFO - HTTP Request: GET http://localhost:8080/execution/variables/BASE_PATH "HTTP/1.1 200 OK"
[2025-05-13T01:55:50.588+0200] {_client.py:1025} INFO - HTTP Request: GET http://localhost:8080/execution/variables/BASE_PATH "HTTP/1.1 200 OK"
[2m2025-05-13 01:55:50[0m [[32m[1mdebug    [0m] [1mReceived message from task runner[0m [[0m[1m[34msupervisor[0m][0m [36mmsg[0m=[35mGetVariable(key='BASE_DATA_PATH', type='GetVariable')[0m
[2m2025-05-13 01:55:50[0m [[32m[1mdebug    [0m] [1mReceived message from task runner[0m [[0m[1m[34msupervisor[0m][0m [36mmsg[0m=[35mGetVariable(key='BASE_DATA_PATH', type='GetVariable')[0m
[2025-05-13T01:55:50.595+0200] {_client.py:1025} INFO - HTTP Request: GET http://localhost:8080/execution/variables/BASE_DATA_PATH "HTTP/1.1 200 OK"
[2025-05-13T01:55:50.595+0200] {_client.py:1025} INFO - HTTP Request: GET http://localhost:8080/execution/variables/BASE_DATA_PATH "HTTP/1.1 200 OK"
[2m2025-05-13 01:55:50[0m [[32m[1mdebug    [0m] [1mReceived message from task runner[0m [[0m[1m[34msupervisor[0m][0m [36mmsg[0m=[35mGetConnection(conn_id='staging_postgres', type='GetConnection')[0m
[2m2025-05-13 01:55:50[0m [[32m[1mdebug    [0m] [1mReceived message from task runner[0m [[0m[1m[34msupervisor[0m][0m [36mmsg[0m=[35mGetConnection(conn_id='staging_postgres', type='GetConnection')[0m
[2025-05-13T01:55:50.604+0200] {_client.py:1025} INFO - HTTP Request: GET http://localhost:8080/execution/connections/staging_postgres "HTTP/1.1 200 OK"
[2025-05-13T01:55:50.605+0200] {_client.py:1025} INFO - HTTP Request: GET http://localhost:8080/execution/connections/staging_postgres "HTTP/1.1 200 OK"
[2m2025-05-13 01:55:50[0m [[32m[1mdebug    [0m] [1mReceived message from task runner[0m [[0m[1m[34msupervisor[0m][0m [36mmsg[0m=[35mSetRenderedFields(rendered_fields={'templates_dict': None, 'op_args': [], 'op_kwargs': {}}, type='SetRenderedFields')[0m
[2m2025-05-13 01:55:50[0m [[32m[1mdebug    [0m] [1mReceived message from task runner[0m [[0m[1m[34msupervisor[0m][0m [36mmsg[0m=[35mSetRenderedFields(rendered_fields={'templates_dict': None, 'op_args': [], 'op_kwargs': {}}, type='SetRenderedFields')[0m
[2025-05-13T01:55:50.632+0200] {_client.py:1025} INFO - HTTP Request: PUT http://localhost:8080/execution/task-instances/0196c6ed-0683-790f-a119-d38e3b61986c/rtif "HTTP/1.1 201 Created"
[2025-05-13T01:55:50.633+0200] {_client.py:1025} INFO - HTTP Request: PUT http://localhost:8080/execution/task-instances/0196c6ed-0697-7357-af6a-c57eb77d296d/rtif "HTTP/1.1 201 Created"
[2m2025-05-13 01:55:50[0m [[32m[1mdebug    [0m] [1mReceived message from task runner[0m [[0m[1m[34msupervisor[0m][0m [36mmsg[0m=[35mGetVariable(key='BASE_DATA_PATH', type='GetVariable')[0m
[2m2025-05-13 01:55:50[0m [[32m[1mdebug    [0m] [1mReceived message from task runner[0m [[0m[1m[34msupervisor[0m][0m [36mmsg[0m=[35mGetVariable(key='BASE_DATA_PATH', type='GetVariable')[0m
[2025-05-13T01:55:50.639+0200] {_client.py:1025} INFO - HTTP Request: GET http://localhost:8080/execution/variables/BASE_DATA_PATH "HTTP/1.1 200 OK"
[2025-05-13T01:55:50.639+0200] {_client.py:1025} INFO - HTTP Request: GET http://localhost:8080/execution/variables/BASE_DATA_PATH "HTTP/1.1 200 OK"
[2m2025-05-13 01:55:50[0m [[32m[1mdebug    [0m] [1mReceived message from task runner[0m [[0m[1m[34msupervisor[0m][0m [36mmsg[0m=[35mGetVariable(key='NETWORK_COSTS_FILE', type='GetVariable')[0m
[2025-05-13T01:55:50.647+0200] {_client.py:1025} INFO - HTTP Request: GET http://localhost:8080/execution/variables/NETWORK_COSTS_FILE "HTTP/1.1 200 OK"
[2m2025-05-13 01:55:50[0m [[32m[1mdebug    [0m] [1mReceived message from task runner[0m [[0m[1m[34msupervisor[0m][0m [36mmsg[0m=[35mTaskState(state=<TerminalTIState.FAILED: 'failed'>, end_date=datetime.datetime(2025, 5, 12, 23, 55, 50, 687162, tzinfo=TzInfo(UTC)), type='TaskState')[0m
[2m2025-05-13 01:55:50[0m [[32m[1mdebug    [0m] [1mReceived message from task runner[0m [[0m[1m[34msupervisor[0m][0m [36mmsg[0m=[35mTaskState(state=<TerminalTIState.FAILED: 'failed'>, end_date=datetime.datetime(2025, 5, 12, 23, 55, 50, 691526, tzinfo=TzInfo(UTC)), type='TaskState')[0m
[2025-05-13T01:55:50.717+0200] {_client.py:1025} INFO - HTTP Request: PATCH http://localhost:8080/execution/task-instances/0196c6ed-0697-7357-af6a-c57eb77d296d/state "HTTP/1.1 204 No Content"
[2m2025-05-13 01:55:50[0m [[32m[1minfo     [0m] [1mTask finished                 [0m [[0m[1m[34msupervisor[0m][0m [36mduration[0m=[35m0.4571667139971396[0m [36mexit_code[0m=[35m0[0m [36mfinal_state[0m=[35mfailed[0m
[2025-05-13T01:55:50.724+0200] {_client.py:1025} INFO - HTTP Request: PATCH http://localhost:8080/execution/task-instances/0196c6ed-0683-790f-a119-d38e3b61986c/state "HTTP/1.1 204 No Content"
[2m2025-05-13 01:55:50[0m [[32m[1minfo     [0m] [1mTask finished                 [0m [[0m[1m[34msupervisor[0m][0m [36mduration[0m=[35m0.46538091600086773[0m [36mexit_code[0m=[35m0[0m [36mfinal_state[0m=[35mfailed[0m
[2025-05-13T01:55:50.834+0200] {scheduler_job_runner.py:810} INFO - Received executor event with state success for task instance TaskInstanceKey(dag_id='octopus_pricing_8am', task_id='ingest_price_comparison', run_id='manual__2025-05-12T23:55:43.755846+00:00', try_number=2, map_index=-1)
[2025-05-13T01:55:50.835+0200] {scheduler_job_runner.py:810} INFO - Received executor event with state success for task instance TaskInstanceKey(dag_id='octopus_pricing_8am', task_id='ingest_network_costs', run_id='manual__2025-05-12T23:55:43.755846+00:00', try_number=2, map_index=-1)
[2025-05-13T01:55:50.837+0200] {scheduler_job_runner.py:852} INFO - TaskInstance Finished: dag_id=octopus_pricing_8am, task_id=ingest_network_costs, run_id=manual__2025-05-12T23:55:43.755846+00:00, map_index=-1, run_start_date=2025-05-12 23:55:50.264838+00:00, run_end_date=2025-05-12 23:55:50.696609+00:00, run_duration=0.432, state=failed, executor=LocalExecutor(parallelism=32), executor_state=success, try_number=2, max_tries=1, pool=default_pool, queue=default, priority_weight=2, operator=PythonOperator, queued_dttm=2025-05-12 23:55:50.215763+00:00, scheduled_dttm=2025-05-12 23:55:50.200873+00:00,queued_by_job_id=13, pid=88353
[2025-05-13T01:55:50.838+0200] {scheduler_job_runner.py:852} INFO - TaskInstance Finished: dag_id=octopus_pricing_8am, task_id=ingest_price_comparison, run_id=manual__2025-05-12T23:55:43.755846+00:00, map_index=-1, run_start_date=2025-05-12 23:55:50.264898+00:00, run_end_date=2025-05-12 23:55:50.697972+00:00, run_duration=0.433, state=failed, executor=LocalExecutor(parallelism=32), executor_state=success, try_number=2, max_tries=1, pool=default_pool, queue=default, priority_weight=2, operator=PythonOperator, queued_dttm=2025-05-12 23:55:50.215763+00:00, scheduled_dttm=2025-05-12 23:55:50.200873+00:00,queued_by_job_id=13, pid=88354
[2025-05-13T01:55:51.096+0200] {dagrun.py:1145} INFO - Marking run <DagRun octopus_pricing_8am @ 2025-05-12 23:55:42.868000+00:00: manual__2025-05-12T23:55:43.755846+00:00, state:running, queued_at: 2025-05-12 23:55:43.761119+00:00. run_type: manual> failed
[2025-05-13T01:55:51.097+0200] {dagrun.py:1224} INFO - DagRun Finished: dag_id=octopus_pricing_8am, logical_date=2025-05-12 23:55:42.868000+00:00, run_id=manual__2025-05-12T23:55:43.755846+00:00, run_start_date=2025-05-12 23:55:44.092477+00:00, run_end_date=2025-05-12 23:55:51.097053+00:00, run_duration=7.004576, state=failed, run_type=manual, data_interval_start=2025-05-12 23:55:42.868000+00:00, data_interval_end=2025-05-12 23:55:42.868000+00:00,
[2025-05-13T01:58:36.037+0200] {scheduler_job_runner.py:2128} INFO - Adopting or resetting orphaned tasks for active dag runs
[2025-05-13T01:59:34.508+0200] {scheduler_job_runner.py:450} INFO - 2 tasks up for execution:
	<TaskInstance: octopus_pricing_8am.ingest_price_comparison manual__2025-05-12T23:59:34.174463+00:00 [scheduled]>
	<TaskInstance: octopus_pricing_8am.ingest_network_costs manual__2025-05-12T23:59:34.174463+00:00 [scheduled]>
[2025-05-13T01:59:34.509+0200] {scheduler_job_runner.py:522} INFO - DAG octopus_pricing_8am has 0/16 running and queued tasks
[2025-05-13T01:59:34.509+0200] {scheduler_job_runner.py:522} INFO - DAG octopus_pricing_8am has 1/16 running and queued tasks
[2025-05-13T01:59:34.509+0200] {scheduler_job_runner.py:661} INFO - Setting the following tasks to queued state:
	<TaskInstance: octopus_pricing_8am.ingest_price_comparison manual__2025-05-12T23:59:34.174463+00:00 [scheduled]>
	<TaskInstance: octopus_pricing_8am.ingest_network_costs manual__2025-05-12T23:59:34.174463+00:00 [scheduled]>
[2025-05-13T01:59:34.510+0200] {scheduler_job_runner.py:767} INFO - Trying to enqueue tasks: [<TaskInstance: octopus_pricing_8am.ingest_price_comparison manual__2025-05-12T23:59:34.174463+00:00 [scheduled]>, <TaskInstance: octopus_pricing_8am.ingest_network_costs manual__2025-05-12T23:59:34.174463+00:00 [scheduled]>] for executor: LocalExecutor(parallelism=32)
[2m2025-05-13 01:59:34[0m [[32m[1minfo     [0m] [1mSecrets backends loaded for worker[0m [[0m[1m[34msupervisor[0m][0m [36mbackend_classes[0m=[35m['EnvironmentVariablesBackend'][0m [36mcount[0m=[35m1[0m
[2m2025-05-13 01:59:34[0m [[32m[1minfo     [0m] [1mSecrets backends loaded for worker[0m [[0m[1m[34msupervisor[0m][0m [36mbackend_classes[0m=[35m['EnvironmentVariablesBackend'][0m [36mcount[0m=[35m1[0m
[2025-05-13T01:59:34.600+0200] {_client.py:1025} INFO - HTTP Request: PATCH http://localhost:8080/execution/task-instances/0196c6f0-8730-7ef3-bb32-d4a1da67db15/run "HTTP/1.1 200 OK"
[2m2025-05-13 01:59:34[0m [[32m[1mdebug    [0m] [1mSending                       [0m [[0m[1m[34msupervisor[0m][0m [36mmsg[0m=[35mStartupDetails(ti=TaskInstance(id=UUID('0196c6f0-8730-7ef3-bb32-d4a1da67db15'), task_id='ingest_price_comparison', dag_id='octopus_pricing_8am', run_id='manual__2025-05-12T23:59:34.174463+00:00', try_number=1, map_index=-1, pool_slots=1, queue='default', priority_weight=2, executor_config={}, parent_context_carrier={}, context_carrier=None, queued_dttm=None), dag_rel_path='octopus_pricing_pipeline.py', bundle_info=BundleInfo(name='dags-folder', version=None), requests_fd=47, start_date=datetime.datetime(2025, 5, 12, 23, 59, 34, 564588, tzinfo=datetime.timezone.utc), ti_context=TIRunContext(dag_run=DagRun(dag_id='octopus_pricing_8am', run_id='manual__2025-05-12T23:59:34.174463+00:00', logical_date=datetime.datetime(2025, 5, 12, 23, 59, 32, 730000, tzinfo=TzInfo(UTC)), data_interval_start=datetime.datetime(2025, 5, 12, 23, 59, 32, 730000, tzinfo=TzInfo(UTC)), data_interval_end=datetime.datetime(2025, 5, 12, 23, 59, 32, 730000, tzinfo=TzInfo(UTC)), run_after=datetime.datetime(2025, 5, 12, 23, 59, 32, 730000, tzinfo=TzInfo(UTC)), start_date=datetime.datetime(2025, 5, 12, 23, 59, 34, 477162, tzinfo=TzInfo(UTC)), end_date=None, clear_number=0, run_type=<DagRunType.MANUAL: 'manual'>, conf={}, consumed_asset_events=[]), task_reschedule_count=0, max_tries=1, variables=[], connections=[], upstream_map_indexes=None, next_method=None, next_kwargs=None, xcom_keys_to_clear=[], should_retry=True), type='StartupDetails')[0m
[2025-05-13T01:59:34.619+0200] {_client.py:1025} INFO - HTTP Request: PATCH http://localhost:8080/execution/task-instances/0196c6f0-8731-7630-b9cf-178c886dd033/run "HTTP/1.1 200 OK"
[2m2025-05-13 01:59:34[0m [[32m[1mdebug    [0m] [1mSending                       [0m [[0m[1m[34msupervisor[0m][0m [36mmsg[0m=[35mStartupDetails(ti=TaskInstance(id=UUID('0196c6f0-8731-7630-b9cf-178c886dd033'), task_id='ingest_network_costs', dag_id='octopus_pricing_8am', run_id='manual__2025-05-12T23:59:34.174463+00:00', try_number=1, map_index=-1, pool_slots=1, queue='default', priority_weight=2, executor_config={}, parent_context_carrier={}, context_carrier=None, queued_dttm=None), dag_rel_path='octopus_pricing_pipeline.py', bundle_info=BundleInfo(name='dags-folder', version=None), requests_fd=44, start_date=datetime.datetime(2025, 5, 12, 23, 59, 34, 562567, tzinfo=datetime.timezone.utc), ti_context=TIRunContext(dag_run=DagRun(dag_id='octopus_pricing_8am', run_id='manual__2025-05-12T23:59:34.174463+00:00', logical_date=datetime.datetime(2025, 5, 12, 23, 59, 32, 730000, tzinfo=TzInfo(UTC)), data_interval_start=datetime.datetime(2025, 5, 12, 23, 59, 32, 730000, tzinfo=TzInfo(UTC)), data_interval_end=datetime.datetime(2025, 5, 12, 23, 59, 32, 730000, tzinfo=TzInfo(UTC)), run_after=datetime.datetime(2025, 5, 12, 23, 59, 32, 730000, tzinfo=TzInfo(UTC)), start_date=datetime.datetime(2025, 5, 12, 23, 59, 34, 477162, tzinfo=TzInfo(UTC)), end_date=None, clear_number=0, run_type=<DagRunType.MANUAL: 'manual'>, conf={}, consumed_asset_events=[]), task_reschedule_count=0, max_tries=1, variables=[], connections=[], upstream_map_indexes=None, next_method=None, next_kwargs=None, xcom_keys_to_clear=[], should_retry=True), type='StartupDetails')[0m
[2025-05-13T01:59:34.656+0200] {_client.py:1025} INFO - HTTP Request: PUT http://localhost:8080/execution/task-instances/0196c6f0-8730-7ef3-bb32-d4a1da67db15/heartbeat "HTTP/1.1 204 No Content"
[2025-05-13T01:59:34.671+0200] {_client.py:1025} INFO - HTTP Request: PUT http://localhost:8080/execution/task-instances/0196c6f0-8731-7630-b9cf-178c886dd033/heartbeat "HTTP/1.1 204 No Content"
[2m2025-05-13 01:59:34[0m [[32m[1mdebug    [0m] [1mReceived message from task runner[0m [[0m[1m[34msupervisor[0m][0m [36mmsg[0m=[35mGetVariable(key='BASE_PATH', type='GetVariable')[0m
[2025-05-13T01:59:35.003+0200] {_client.py:1025} INFO - HTTP Request: GET http://localhost:8080/execution/variables/BASE_PATH "HTTP/1.1 200 OK"
[2m2025-05-13 01:59:35[0m [[32m[1mdebug    [0m] [1mReceived message from task runner[0m [[0m[1m[34msupervisor[0m][0m [36mmsg[0m=[35mGetVariable(key='BASE_DATA_PATH', type='GetVariable')[0m
[2m2025-05-13 01:59:35[0m [[32m[1mdebug    [0m] [1mReceived message from task runner[0m [[0m[1m[34msupervisor[0m][0m [36mmsg[0m=[35mGetVariable(key='BASE_PATH', type='GetVariable')[0m
[2025-05-13T01:59:35.011+0200] {_client.py:1025} INFO - HTTP Request: GET http://localhost:8080/execution/variables/BASE_DATA_PATH "HTTP/1.1 200 OK"
[2025-05-13T01:59:35.012+0200] {_client.py:1025} INFO - HTTP Request: GET http://localhost:8080/execution/variables/BASE_PATH "HTTP/1.1 200 OK"
[2m2025-05-13 01:59:35[0m [[32m[1mdebug    [0m] [1mReceived message from task runner[0m [[0m[1m[34msupervisor[0m][0m [36mmsg[0m=[35mGetConnection(conn_id='staging_postgres', type='GetConnection')[0m
[2m2025-05-13 01:59:35[0m [[32m[1mdebug    [0m] [1mReceived message from task runner[0m [[0m[1m[34msupervisor[0m][0m [36mmsg[0m=[35mGetVariable(key='BASE_DATA_PATH', type='GetVariable')[0m
[2025-05-13T01:59:35.021+0200] {_client.py:1025} INFO - HTTP Request: GET http://localhost:8080/execution/variables/BASE_DATA_PATH "HTTP/1.1 200 OK"
[2025-05-13T01:59:35.022+0200] {_client.py:1025} INFO - HTTP Request: GET http://localhost:8080/execution/connections/staging_postgres "HTTP/1.1 200 OK"
[2m2025-05-13 01:59:35[0m [[32m[1mdebug    [0m] [1mReceived message from task runner[0m [[0m[1m[34msupervisor[0m][0m [36mmsg[0m=[35mGetConnection(conn_id='staging_postgres', type='GetConnection')[0m
[2025-05-13T01:59:35.033+0200] {_client.py:1025} INFO - HTTP Request: GET http://localhost:8080/execution/connections/staging_postgres "HTTP/1.1 200 OK"
[2m2025-05-13 01:59:35[0m [[32m[1mdebug    [0m] [1mReceived message from task runner[0m [[0m[1m[34msupervisor[0m][0m [36mmsg[0m=[35mSetRenderedFields(rendered_fields={'templates_dict': None, 'op_args': [], 'op_kwargs': {}}, type='SetRenderedFields')[0m
[2m2025-05-13 01:59:35[0m [[32m[1mdebug    [0m] [1mReceived message from task runner[0m [[0m[1m[34msupervisor[0m][0m [36mmsg[0m=[35mSetRenderedFields(rendered_fields={'templates_dict': None, 'op_args': [], 'op_kwargs': {}}, type='SetRenderedFields')[0m
[2025-05-13T01:59:35.062+0200] {_client.py:1025} INFO - HTTP Request: PUT http://localhost:8080/execution/task-instances/0196c6f0-8730-7ef3-bb32-d4a1da67db15/rtif "HTTP/1.1 201 Created"
[2m2025-05-13 01:59:35[0m [[32m[1mdebug    [0m] [1mReceived message from task runner[0m [[0m[1m[34msupervisor[0m][0m [36mmsg[0m=[35mGetVariable(key='BASE_DATA_PATH', type='GetVariable')[0m
[2025-05-13T01:59:35.071+0200] {_client.py:1025} INFO - HTTP Request: GET http://localhost:8080/execution/variables/BASE_DATA_PATH "HTTP/1.1 200 OK"
[2025-05-13T01:59:35.073+0200] {_client.py:1025} INFO - HTTP Request: PUT http://localhost:8080/execution/task-instances/0196c6f0-8731-7630-b9cf-178c886dd033/rtif "HTTP/1.1 201 Created"
[2m2025-05-13 01:59:35[0m [[32m[1mdebug    [0m] [1mReceived message from task runner[0m [[0m[1m[34msupervisor[0m][0m [36mmsg[0m=[35mGetVariable(key='BASE_DATA_PATH', type='GetVariable')[0m
[2025-05-13T01:59:35.082+0200] {_client.py:1025} INFO - HTTP Request: GET http://localhost:8080/execution/variables/BASE_DATA_PATH "HTTP/1.1 200 OK"
[2m2025-05-13 01:59:35[0m [[32m[1mdebug    [0m] [1mReceived message from task runner[0m [[0m[1m[34msupervisor[0m][0m [36mmsg[0m=[35mGetVariable(key='NETWORK_COSTS_FILE', type='GetVariable')[0m
[2025-05-13T01:59:35.091+0200] {_client.py:1025} INFO - HTTP Request: GET http://localhost:8080/execution/variables/NETWORK_COSTS_FILE "HTTP/1.1 200 OK"
[2m2025-05-13 01:59:35[0m [[32m[1mdebug    [0m] [1mReceived message from task runner[0m [[0m[1m[34msupervisor[0m][0m [36mmsg[0m=[35mRetryTask(state='up_for_retry', end_date=datetime.datetime(2025, 5, 12, 23, 59, 35, 127355, tzinfo=TzInfo(UTC)), type='RetryTask')[0m
[2m2025-05-13 01:59:35[0m [[32m[1mdebug    [0m] [1mReceived message from task runner[0m [[0m[1m[34msupervisor[0m][0m [36mmsg[0m=[35mRetryTask(state='up_for_retry', end_date=datetime.datetime(2025, 5, 12, 23, 59, 35, 151437, tzinfo=TzInfo(UTC)), type='RetryTask')[0m
[2025-05-13T01:59:35.153+0200] {_client.py:1025} INFO - HTTP Request: PATCH http://localhost:8080/execution/task-instances/0196c6f0-8730-7ef3-bb32-d4a1da67db15/state "HTTP/1.1 204 No Content"
[2m2025-05-13 01:59:35[0m [[32m[1minfo     [0m] [1mTask finished                 [0m [[0m[1m[34msupervisor[0m][0m [36mduration[0m=[35m0.5954235859971959[0m [36mexit_code[0m=[35m0[0m [36mfinal_state[0m=[35mup_for_retry[0m
[2025-05-13T01:59:35.172+0200] {_client.py:1025} INFO - HTTP Request: PATCH http://localhost:8080/execution/task-instances/0196c6f0-8731-7630-b9cf-178c886dd033/state "HTTP/1.1 204 No Content"
[2m2025-05-13 01:59:35[0m [[32m[1minfo     [0m] [1mTask finished                 [0m [[0m[1m[34msupervisor[0m][0m [36mduration[0m=[35m0.6154789989959681[0m [36mexit_code[0m=[35m0[0m [36mfinal_state[0m=[35mup_for_retry[0m
[2025-05-13T01:59:35.576+0200] {scheduler_job_runner.py:810} INFO - Received executor event with state success for task instance TaskInstanceKey(dag_id='octopus_pricing_8am', task_id='ingest_price_comparison', run_id='manual__2025-05-12T23:59:34.174463+00:00', try_number=1, map_index=-1)
[2025-05-13T01:59:35.576+0200] {scheduler_job_runner.py:810} INFO - Received executor event with state success for task instance TaskInstanceKey(dag_id='octopus_pricing_8am', task_id='ingest_network_costs', run_id='manual__2025-05-12T23:59:34.174463+00:00', try_number=1, map_index=-1)
[2025-05-13T01:59:35.579+0200] {scheduler_job_runner.py:852} INFO - TaskInstance Finished: dag_id=octopus_pricing_8am, task_id=ingest_network_costs, run_id=manual__2025-05-12T23:59:34.174463+00:00, map_index=-1, run_start_date=2025-05-12 23:59:34.562567+00:00, run_end_date=2025-05-12 23:59:35.160760+00:00, run_duration=0.598193, state=up_for_retry, executor=LocalExecutor(parallelism=32), executor_state=success, try_number=1, max_tries=1, pool=default_pool, queue=default, priority_weight=2, operator=PythonOperator, queued_dttm=2025-05-12 23:59:34.509854+00:00, scheduled_dttm=2025-05-12 23:59:34.494691+00:00,queued_by_job_id=13, pid=90864
[2025-05-13T01:59:35.580+0200] {scheduler_job_runner.py:852} INFO - TaskInstance Finished: dag_id=octopus_pricing_8am, task_id=ingest_price_comparison, run_id=manual__2025-05-12T23:59:34.174463+00:00, map_index=-1, run_start_date=2025-05-12 23:59:34.564588+00:00, run_end_date=2025-05-12 23:59:35.137707+00:00, run_duration=0.573119, state=up_for_retry, executor=LocalExecutor(parallelism=32), executor_state=success, try_number=1, max_tries=1, pool=default_pool, queue=default, priority_weight=2, operator=PythonOperator, queued_dttm=2025-05-12 23:59:34.509854+00:00, scheduled_dttm=2025-05-12 23:59:34.494691+00:00,queued_by_job_id=13, pid=90865
[2025-05-13T01:59:40.429+0200] {scheduler_job_runner.py:450} INFO - 2 tasks up for execution:
	<TaskInstance: octopus_pricing_8am.ingest_price_comparison manual__2025-05-12T23:59:34.174463+00:00 [scheduled]>
	<TaskInstance: octopus_pricing_8am.ingest_network_costs manual__2025-05-12T23:59:34.174463+00:00 [scheduled]>
[2025-05-13T01:59:40.430+0200] {scheduler_job_runner.py:522} INFO - DAG octopus_pricing_8am has 0/16 running and queued tasks
[2025-05-13T01:59:40.430+0200] {scheduler_job_runner.py:522} INFO - DAG octopus_pricing_8am has 1/16 running and queued tasks
[2025-05-13T01:59:40.430+0200] {scheduler_job_runner.py:661} INFO - Setting the following tasks to queued state:
	<TaskInstance: octopus_pricing_8am.ingest_price_comparison manual__2025-05-12T23:59:34.174463+00:00 [scheduled]>
	<TaskInstance: octopus_pricing_8am.ingest_network_costs manual__2025-05-12T23:59:34.174463+00:00 [scheduled]>
[2025-05-13T01:59:40.432+0200] {scheduler_job_runner.py:767} INFO - Trying to enqueue tasks: [<TaskInstance: octopus_pricing_8am.ingest_price_comparison manual__2025-05-12T23:59:34.174463+00:00 [scheduled]>, <TaskInstance: octopus_pricing_8am.ingest_network_costs manual__2025-05-12T23:59:34.174463+00:00 [scheduled]>] for executor: LocalExecutor(parallelism=32)
[2m2025-05-13 01:59:40[0m [[32m[1minfo     [0m] [1mSecrets backends loaded for worker[0m [[0m[1m[34msupervisor[0m][0m [36mbackend_classes[0m=[35m['EnvironmentVariablesBackend'][0m [36mcount[0m=[35m1[0m
[2m2025-05-13 01:59:40[0m [[32m[1minfo     [0m] [1mSecrets backends loaded for worker[0m [[0m[1m[34msupervisor[0m][0m [36mbackend_classes[0m=[35m['EnvironmentVariablesBackend'][0m [36mcount[0m=[35m1[0m
[2025-05-13T01:59:40.500+0200] {_client.py:1025} INFO - HTTP Request: PATCH http://localhost:8080/execution/task-instances/0196c6f0-8af9-7c28-b504-6f3658605619/run "HTTP/1.1 200 OK"
[2m2025-05-13 01:59:40[0m [[32m[1mdebug    [0m] [1mSending                       [0m [[0m[1m[34msupervisor[0m][0m [36mmsg[0m=[35mStartupDetails(ti=TaskInstance(id=UUID('0196c6f0-8af9-7c28-b504-6f3658605619'), task_id='ingest_network_costs', dag_id='octopus_pricing_8am', run_id='manual__2025-05-12T23:59:34.174463+00:00', try_number=2, map_index=-1, pool_slots=1, queue='default', priority_weight=2, executor_config={}, parent_context_carrier={}, context_carrier=None, queued_dttm=datetime.datetime(2025, 5, 12, 23, 59, 34, 509854, tzinfo=Timezone('UTC'))), dag_rel_path='octopus_pricing_pipeline.py', bundle_info=BundleInfo(name='dags-folder', version=None), requests_fd=46, start_date=datetime.datetime(2025, 5, 12, 23, 59, 40, 479330, tzinfo=datetime.timezone.utc), ti_context=TIRunContext(dag_run=DagRun(dag_id='octopus_pricing_8am', run_id='manual__2025-05-12T23:59:34.174463+00:00', logical_date=datetime.datetime(2025, 5, 12, 23, 59, 32, 730000, tzinfo=TzInfo(UTC)), data_interval_start=datetime.datetime(2025, 5, 12, 23, 59, 32, 730000, tzinfo=TzInfo(UTC)), data_interval_end=datetime.datetime(2025, 5, 12, 23, 59, 32, 730000, tzinfo=TzInfo(UTC)), run_after=datetime.datetime(2025, 5, 12, 23, 59, 32, 730000, tzinfo=TzInfo(UTC)), start_date=datetime.datetime(2025, 5, 12, 23, 59, 34, 477162, tzinfo=TzInfo(UTC)), end_date=None, clear_number=0, run_type=<DagRunType.MANUAL: 'manual'>, conf={}, consumed_asset_events=[]), task_reschedule_count=0, max_tries=1, variables=[], connections=[], upstream_map_indexes=None, next_method=None, next_kwargs=None, xcom_keys_to_clear=[], should_retry=False), type='StartupDetails')[0m
[2025-05-13T01:59:40.514+0200] {_client.py:1025} INFO - HTTP Request: PATCH http://localhost:8080/execution/task-instances/0196c6f0-8ae2-7ec4-9cb3-2a5ba3bb7eb6/run "HTTP/1.1 200 OK"
[2m2025-05-13 01:59:40[0m [[32m[1mdebug    [0m] [1mSending                       [0m [[0m[1m[34msupervisor[0m][0m [36mmsg[0m=[35mStartupDetails(ti=TaskInstance(id=UUID('0196c6f0-8ae2-7ec4-9cb3-2a5ba3bb7eb6'), task_id='ingest_price_comparison', dag_id='octopus_pricing_8am', run_id='manual__2025-05-12T23:59:34.174463+00:00', try_number=2, map_index=-1, pool_slots=1, queue='default', priority_weight=2, executor_config={}, parent_context_carrier={}, context_carrier=None, queued_dttm=datetime.datetime(2025, 5, 12, 23, 59, 34, 509854, tzinfo=Timezone('UTC'))), dag_rel_path='octopus_pricing_pipeline.py', bundle_info=BundleInfo(name='dags-folder', version=None), requests_fd=48, start_date=datetime.datetime(2025, 5, 12, 23, 59, 40, 480889, tzinfo=datetime.timezone.utc), ti_context=TIRunContext(dag_run=DagRun(dag_id='octopus_pricing_8am', run_id='manual__2025-05-12T23:59:34.174463+00:00', logical_date=datetime.datetime(2025, 5, 12, 23, 59, 32, 730000, tzinfo=TzInfo(UTC)), data_interval_start=datetime.datetime(2025, 5, 12, 23, 59, 32, 730000, tzinfo=TzInfo(UTC)), data_interval_end=datetime.datetime(2025, 5, 12, 23, 59, 32, 730000, tzinfo=TzInfo(UTC)), run_after=datetime.datetime(2025, 5, 12, 23, 59, 32, 730000, tzinfo=TzInfo(UTC)), start_date=datetime.datetime(2025, 5, 12, 23, 59, 34, 477162, tzinfo=TzInfo(UTC)), end_date=None, clear_number=0, run_type=<DagRunType.MANUAL: 'manual'>, conf={}, consumed_asset_events=[]), task_reschedule_count=0, max_tries=1, variables=[], connections=[], upstream_map_indexes=None, next_method=None, next_kwargs=None, xcom_keys_to_clear=[], should_retry=False), type='StartupDetails')[0m
[2025-05-13T01:59:40.534+0200] {_client.py:1025} INFO - HTTP Request: PUT http://localhost:8080/execution/task-instances/0196c6f0-8af9-7c28-b504-6f3658605619/heartbeat "HTTP/1.1 204 No Content"
[2025-05-13T01:59:40.542+0200] {_client.py:1025} INFO - HTTP Request: PUT http://localhost:8080/execution/task-instances/0196c6f0-8ae2-7ec4-9cb3-2a5ba3bb7eb6/heartbeat "HTTP/1.1 204 No Content"
[2m2025-05-13 01:59:40[0m [[32m[1mdebug    [0m] [1mReceived message from task runner[0m [[0m[1m[34msupervisor[0m][0m [36mmsg[0m=[35mGetVariable(key='BASE_PATH', type='GetVariable')[0m
[2m2025-05-13 01:59:40[0m [[32m[1mdebug    [0m] [1mReceived message from task runner[0m [[0m[1m[34msupervisor[0m][0m [36mmsg[0m=[35mGetVariable(key='BASE_PATH', type='GetVariable')[0m
[2025-05-13T01:59:40.856+0200] {_client.py:1025} INFO - HTTP Request: GET http://localhost:8080/execution/variables/BASE_PATH "HTTP/1.1 200 OK"
[2m2025-05-13 01:59:40[0m [[32m[1mdebug    [0m] [1mReceived message from task runner[0m [[0m[1m[34msupervisor[0m][0m [36mmsg[0m=[35mGetVariable(key='BASE_DATA_PATH', type='GetVariable')[0m
[2025-05-13T01:59:40.860+0200] {_client.py:1025} INFO - HTTP Request: GET http://localhost:8080/execution/variables/BASE_PATH "HTTP/1.1 200 OK"
[2m2025-05-13 01:59:40[0m [[32m[1mdebug    [0m] [1mReceived message from task runner[0m [[0m[1m[34msupervisor[0m][0m [36mmsg[0m=[35mGetVariable(key='BASE_DATA_PATH', type='GetVariable')[0m
[2025-05-13T01:59:40.865+0200] {_client.py:1025} INFO - HTTP Request: GET http://localhost:8080/execution/variables/BASE_DATA_PATH "HTTP/1.1 200 OK"
[2m2025-05-13 01:59:40[0m [[32m[1mdebug    [0m] [1mReceived message from task runner[0m [[0m[1m[34msupervisor[0m][0m [36mmsg[0m=[35mGetConnection(conn_id='staging_postgres', type='GetConnection')[0m
[2025-05-13T01:59:40.869+0200] {_client.py:1025} INFO - HTTP Request: GET http://localhost:8080/execution/variables/BASE_DATA_PATH "HTTP/1.1 200 OK"
[2m2025-05-13 01:59:40[0m [[32m[1mdebug    [0m] [1mReceived message from task runner[0m [[0m[1m[34msupervisor[0m][0m [36mmsg[0m=[35mGetConnection(conn_id='staging_postgres', type='GetConnection')[0m
[2025-05-13T01:59:40.877+0200] {_client.py:1025} INFO - HTTP Request: GET http://localhost:8080/execution/connections/staging_postgres "HTTP/1.1 200 OK"
[2025-05-13T01:59:40.879+0200] {_client.py:1025} INFO - HTTP Request: GET http://localhost:8080/execution/connections/staging_postgres "HTTP/1.1 200 OK"
[2m2025-05-13 01:59:40[0m [[32m[1mdebug    [0m] [1mReceived message from task runner[0m [[0m[1m[34msupervisor[0m][0m [36mmsg[0m=[35mSetRenderedFields(rendered_fields={'templates_dict': None, 'op_args': [], 'op_kwargs': {}}, type='SetRenderedFields')[0m
[2m2025-05-13 01:59:40[0m [[32m[1mdebug    [0m] [1mReceived message from task runner[0m [[0m[1m[34msupervisor[0m][0m [36mmsg[0m=[35mSetRenderedFields(rendered_fields={'templates_dict': None, 'op_args': [], 'op_kwargs': {}}, type='SetRenderedFields')[0m
[2025-05-13T01:59:40.910+0200] {_client.py:1025} INFO - HTTP Request: PUT http://localhost:8080/execution/task-instances/0196c6f0-8af9-7c28-b504-6f3658605619/rtif "HTTP/1.1 201 Created"
[2m2025-05-13 01:59:40[0m [[32m[1mdebug    [0m] [1mReceived message from task runner[0m [[0m[1m[34msupervisor[0m][0m [36mmsg[0m=[35mGetVariable(key='BASE_DATA_PATH', type='GetVariable')[0m
[2025-05-13T01:59:40.912+0200] {_client.py:1025} INFO - HTTP Request: PUT http://localhost:8080/execution/task-instances/0196c6f0-8ae2-7ec4-9cb3-2a5ba3bb7eb6/rtif "HTTP/1.1 201 Created"
[2m2025-05-13 01:59:40[0m [[32m[1mdebug    [0m] [1mReceived message from task runner[0m [[0m[1m[34msupervisor[0m][0m [36mmsg[0m=[35mGetVariable(key='BASE_DATA_PATH', type='GetVariable')[0m
[2025-05-13T01:59:40.920+0200] {_client.py:1025} INFO - HTTP Request: GET http://localhost:8080/execution/variables/BASE_DATA_PATH "HTTP/1.1 200 OK"
[2m2025-05-13 01:59:40[0m [[32m[1mdebug    [0m] [1mReceived message from task runner[0m [[0m[1m[34msupervisor[0m][0m [36mmsg[0m=[35mGetVariable(key='NETWORK_COSTS_FILE', type='GetVariable')[0m
[2025-05-13T01:59:40.923+0200] {_client.py:1025} INFO - HTTP Request: GET http://localhost:8080/execution/variables/BASE_DATA_PATH "HTTP/1.1 200 OK"
[2025-05-13T01:59:40.929+0200] {_client.py:1025} INFO - HTTP Request: GET http://localhost:8080/execution/variables/NETWORK_COSTS_FILE "HTTP/1.1 200 OK"
[2m2025-05-13 01:59:40[0m [[32m[1mdebug    [0m] [1mReceived message from task runner[0m [[0m[1m[34msupervisor[0m][0m [36mmsg[0m=[35mTaskState(state=<TerminalTIState.FAILED: 'failed'>, end_date=datetime.datetime(2025, 5, 12, 23, 59, 40, 980024, tzinfo=TzInfo(UTC)), type='TaskState')[0m
[2m2025-05-13 01:59:40[0m [[32m[1mdebug    [0m] [1mReceived message from task runner[0m [[0m[1m[34msupervisor[0m][0m [36mmsg[0m=[35mTaskState(state=<TerminalTIState.FAILED: 'failed'>, end_date=datetime.datetime(2025, 5, 12, 23, 59, 40, 984417, tzinfo=TzInfo(UTC)), type='TaskState')[0m
[2025-05-13T01:59:41.008+0200] {_client.py:1025} INFO - HTTP Request: PATCH http://localhost:8080/execution/task-instances/0196c6f0-8ae2-7ec4-9cb3-2a5ba3bb7eb6/state "HTTP/1.1 204 No Content"
[2m2025-05-13 01:59:41[0m [[32m[1minfo     [0m] [1mTask finished                 [0m [[0m[1m[34msupervisor[0m][0m [36mduration[0m=[35m0.5319906919976347[0m [36mexit_code[0m=[35m0[0m [36mfinal_state[0m=[35mfailed[0m
[2025-05-13T01:59:41.014+0200] {_client.py:1025} INFO - HTTP Request: PATCH http://localhost:8080/execution/task-instances/0196c6f0-8af9-7c28-b504-6f3658605619/state "HTTP/1.1 204 No Content"
[2m2025-05-13 01:59:41[0m [[32m[1minfo     [0m] [1mTask finished                 [0m [[0m[1m[34msupervisor[0m][0m [36mduration[0m=[35m0.5395751470059622[0m [36mexit_code[0m=[35m0[0m [36mfinal_state[0m=[35mfailed[0m
[2025-05-13T01:59:41.288+0200] {scheduler_job_runner.py:810} INFO - Received executor event with state success for task instance TaskInstanceKey(dag_id='octopus_pricing_8am', task_id='ingest_price_comparison', run_id='manual__2025-05-12T23:59:34.174463+00:00', try_number=2, map_index=-1)
[2025-05-13T01:59:41.289+0200] {scheduler_job_runner.py:810} INFO - Received executor event with state success for task instance TaskInstanceKey(dag_id='octopus_pricing_8am', task_id='ingest_network_costs', run_id='manual__2025-05-12T23:59:34.174463+00:00', try_number=2, map_index=-1)
[2025-05-13T01:59:41.296+0200] {scheduler_job_runner.py:852} INFO - TaskInstance Finished: dag_id=octopus_pricing_8am, task_id=ingest_network_costs, run_id=manual__2025-05-12T23:59:34.174463+00:00, map_index=-1, run_start_date=2025-05-12 23:59:40.479330+00:00, run_end_date=2025-05-12 23:59:40.991626+00:00, run_duration=0.513, state=failed, executor=LocalExecutor(parallelism=32), executor_state=success, try_number=2, max_tries=1, pool=default_pool, queue=default, priority_weight=2, operator=PythonOperator, queued_dttm=2025-05-12 23:59:40.431343+00:00, scheduled_dttm=2025-05-12 23:59:40.416499+00:00,queued_by_job_id=13, pid=90948
[2025-05-13T01:59:41.298+0200] {scheduler_job_runner.py:852} INFO - TaskInstance Finished: dag_id=octopus_pricing_8am, task_id=ingest_price_comparison, run_id=manual__2025-05-12T23:59:34.174463+00:00, map_index=-1, run_start_date=2025-05-12 23:59:40.480889+00:00, run_end_date=2025-05-12 23:59:40.988183+00:00, run_duration=0.507, state=failed, executor=LocalExecutor(parallelism=32), executor_state=success, try_number=2, max_tries=1, pool=default_pool, queue=default, priority_weight=2, operator=PythonOperator, queued_dttm=2025-05-12 23:59:40.431343+00:00, scheduled_dttm=2025-05-12 23:59:40.416499+00:00,queued_by_job_id=13, pid=90949
[2025-05-13T01:59:42.319+0200] {dagrun.py:1145} INFO - Marking run <DagRun octopus_pricing_8am @ 2025-05-12 23:59:32.730000+00:00: manual__2025-05-12T23:59:34.174463+00:00, state:running, queued_at: 2025-05-12 23:59:34.183070+00:00. run_type: manual> failed
[2025-05-13T01:59:42.319+0200] {dagrun.py:1224} INFO - DagRun Finished: dag_id=octopus_pricing_8am, logical_date=2025-05-12 23:59:32.730000+00:00, run_id=manual__2025-05-12T23:59:34.174463+00:00, run_start_date=2025-05-12 23:59:34.477162+00:00, run_end_date=2025-05-12 23:59:42.319604+00:00, run_duration=7.842442, state=failed, run_type=manual, data_interval_start=2025-05-12 23:59:32.730000+00:00, data_interval_end=2025-05-12 23:59:32.730000+00:00,
[2025-05-13T02:00:01.348+0200] {dag.py:2517} INFO - Setting next_dagrun for octopus_pricing_midnight to 2025-05-14 00:00:00+00:00, run_after=2025-05-14 00:00:00+00:00
[2025-05-13T02:00:01.390+0200] {scheduler_job_runner.py:450} INFO - 1 tasks up for execution:
	<TaskInstance: octopus_pricing_midnight.ingest_backend_db scheduled__2025-05-13T00:00:00+00:00 [scheduled]>
[2025-05-13T02:00:01.390+0200] {scheduler_job_runner.py:522} INFO - DAG octopus_pricing_midnight has 0/16 running and queued tasks
[2025-05-13T02:00:01.391+0200] {scheduler_job_runner.py:661} INFO - Setting the following tasks to queued state:
	<TaskInstance: octopus_pricing_midnight.ingest_backend_db scheduled__2025-05-13T00:00:00+00:00 [scheduled]>
[2025-05-13T02:00:01.392+0200] {scheduler_job_runner.py:767} INFO - Trying to enqueue tasks: [<TaskInstance: octopus_pricing_midnight.ingest_backend_db scheduled__2025-05-13T00:00:00+00:00 [scheduled]>] for executor: LocalExecutor(parallelism=32)
[2m2025-05-13 02:00:01[0m [[32m[1minfo     [0m] [1mSecrets backends loaded for worker[0m [[0m[1m[34msupervisor[0m][0m [36mbackend_classes[0m=[35m['EnvironmentVariablesBackend'][0m [36mcount[0m=[35m1[0m
[2025-05-13T02:00:01.453+0200] {_client.py:1025} INFO - HTTP Request: PATCH http://localhost:8080/execution/task-instances/0196c6f0-f144-7e4a-b726-e3374edceb55/run "HTTP/1.1 200 OK"
[2m2025-05-13 02:00:01[0m [[32m[1mdebug    [0m] [1mSending                       [0m [[0m[1m[34msupervisor[0m][0m [36mmsg[0m=[35mStartupDetails(ti=TaskInstance(id=UUID('0196c6f0-f144-7e4a-b726-e3374edceb55'), task_id='ingest_backend_db', dag_id='octopus_pricing_midnight', run_id='scheduled__2025-05-13T00:00:00+00:00', try_number=1, map_index=-1, pool_slots=1, queue='default', priority_weight=2, executor_config={}, parent_context_carrier={}, context_carrier=None, queued_dttm=None), dag_rel_path='octopus_pricing_pipeline.py', bundle_info=BundleInfo(name='dags-folder', version=None), requests_fd=50, start_date=datetime.datetime(2025, 5, 13, 0, 0, 1, 433168, tzinfo=datetime.timezone.utc), ti_context=TIRunContext(dag_run=DagRun(dag_id='octopus_pricing_midnight', run_id='scheduled__2025-05-13T00:00:00+00:00', logical_date=datetime.datetime(2025, 5, 13, 0, 0, tzinfo=TzInfo(UTC)), data_interval_start=datetime.datetime(2025, 5, 13, 0, 0, tzinfo=TzInfo(UTC)), data_interval_end=datetime.datetime(2025, 5, 13, 0, 0, tzinfo=TzInfo(UTC)), run_after=datetime.datetime(2025, 5, 13, 0, 0, tzinfo=TzInfo(UTC)), start_date=datetime.datetime(2025, 5, 13, 0, 0, 1, 361994, tzinfo=TzInfo(UTC)), end_date=None, clear_number=0, run_type=<DagRunType.SCHEDULED: 'scheduled'>, conf={}, consumed_asset_events=[]), task_reschedule_count=0, max_tries=1, variables=[], connections=[], upstream_map_indexes=None, next_method=None, next_kwargs=None, xcom_keys_to_clear=[], should_retry=True), type='StartupDetails')[0m
[2025-05-13T02:00:01.504+0200] {_client.py:1025} INFO - HTTP Request: PUT http://localhost:8080/execution/task-instances/0196c6f0-f144-7e4a-b726-e3374edceb55/heartbeat "HTTP/1.1 204 No Content"
[2m2025-05-13 02:00:01[0m [[32m[1mdebug    [0m] [1mReceived message from task runner[0m [[0m[1m[34msupervisor[0m][0m [36mmsg[0m=[35mGetVariable(key='BASE_PATH', type='GetVariable')[0m
[2025-05-13T02:00:01.686+0200] {_client.py:1025} INFO - HTTP Request: GET http://localhost:8080/execution/variables/BASE_PATH "HTTP/1.1 200 OK"
[2m2025-05-13 02:00:01[0m [[32m[1mdebug    [0m] [1mReceived message from task runner[0m [[0m[1m[34msupervisor[0m][0m [36mmsg[0m=[35mGetVariable(key='BASE_DATA_PATH', type='GetVariable')[0m
[2025-05-13T02:00:01.692+0200] {_client.py:1025} INFO - HTTP Request: GET http://localhost:8080/execution/variables/BASE_DATA_PATH "HTTP/1.1 200 OK"
[2m2025-05-13 02:00:01[0m [[32m[1mdebug    [0m] [1mReceived message from task runner[0m [[0m[1m[34msupervisor[0m][0m [36mmsg[0m=[35mGetConnection(conn_id='staging_postgres', type='GetConnection')[0m
[2025-05-13T02:00:01.701+0200] {_client.py:1025} INFO - HTTP Request: GET http://localhost:8080/execution/connections/staging_postgres "HTTP/1.1 200 OK"
[2m2025-05-13 02:00:01[0m [[32m[1mdebug    [0m] [1mReceived message from task runner[0m [[0m[1m[34msupervisor[0m][0m [36mmsg[0m=[35mSetRenderedFields(rendered_fields={'templates_dict': None, 'op_args': [], 'op_kwargs': {}}, type='SetRenderedFields')[0m
[2025-05-13T02:00:01.732+0200] {_client.py:1025} INFO - HTTP Request: PUT http://localhost:8080/execution/task-instances/0196c6f0-f144-7e4a-b726-e3374edceb55/rtif "HTTP/1.1 201 Created"
[2m2025-05-13 02:00:01[0m [[32m[1mdebug    [0m] [1mReceived message from task runner[0m [[0m[1m[34msupervisor[0m][0m [36mmsg[0m=[35mGetVariable(key='BACKEND_DB_FILE', type='GetVariable')[0m
[2025-05-13T02:00:01.737+0200] {_client.py:1025} INFO - HTTP Request: GET http://localhost:8080/execution/variables/BACKEND_DB_FILE "HTTP/1.1 200 OK"
[2m2025-05-13 02:00:01[0m [[32m[1mdebug    [0m] [1mReceived message from task runner[0m [[0m[1m[34msupervisor[0m][0m [36mmsg[0m=[35mSucceedTask(state='success', end_date=datetime.datetime(2025, 5, 13, 0, 0, 1, 788795, tzinfo=TzInfo(UTC)), task_outlets=[], outlet_events=[], type='SucceedTask')[0m
[2025-05-13T02:00:01.805+0200] {_client.py:1025} INFO - HTTP Request: PATCH http://localhost:8080/execution/task-instances/0196c6f0-f144-7e4a-b726-e3374edceb55/state "HTTP/1.1 204 No Content"
[2m2025-05-13 02:00:01[0m [[32m[1minfo     [0m] [1mTask finished                 [0m [[0m[1m[34msupervisor[0m][0m [36mduration[0m=[35m0.37668694899912225[0m [36mexit_code[0m=[35m0[0m [36mfinal_state[0m=[35msuccess[0m
[2025-05-13T02:00:02.475+0200] {scheduler_job_runner.py:450} INFO - 1 tasks up for execution:
	<TaskInstance: octopus_pricing_midnight.dbt_run scheduled__2025-05-13T00:00:00+00:00 [scheduled]>
[2025-05-13T02:00:02.476+0200] {scheduler_job_runner.py:522} INFO - DAG octopus_pricing_midnight has 0/16 running and queued tasks
[2025-05-13T02:00:02.477+0200] {scheduler_job_runner.py:661} INFO - Setting the following tasks to queued state:
	<TaskInstance: octopus_pricing_midnight.dbt_run scheduled__2025-05-13T00:00:00+00:00 [scheduled]>
[2025-05-13T02:00:02.479+0200] {scheduler_job_runner.py:767} INFO - Trying to enqueue tasks: [<TaskInstance: octopus_pricing_midnight.dbt_run scheduled__2025-05-13T00:00:00+00:00 [scheduled]>] for executor: LocalExecutor(parallelism=32)
[2025-05-13T02:00:02.488+0200] {scheduler_job_runner.py:810} INFO - Received executor event with state success for task instance TaskInstanceKey(dag_id='octopus_pricing_midnight', task_id='ingest_backend_db', run_id='scheduled__2025-05-13T00:00:00+00:00', try_number=1, map_index=-1)
[2025-05-13T02:00:02.492+0200] {scheduler_job_runner.py:852} INFO - TaskInstance Finished: dag_id=octopus_pricing_midnight, task_id=ingest_backend_db, run_id=scheduled__2025-05-13T00:00:00+00:00, map_index=-1, run_start_date=2025-05-13 00:00:01.433168+00:00, run_end_date=2025-05-13 00:00:01.788795+00:00, run_duration=0.356, state=success, executor=LocalExecutor(parallelism=32), executor_state=success, try_number=1, max_tries=1, pool=default_pool, queue=default, priority_weight=2, operator=PythonOperator, queued_dttm=2025-05-13 00:00:01.391670+00:00, scheduled_dttm=2025-05-13 00:00:01.376475+00:00,queued_by_job_id=13, pid=91214
[2m2025-05-13 02:00:02[0m [[32m[1minfo     [0m] [1mSecrets backends loaded for worker[0m [[0m[1m[34msupervisor[0m][0m [36mbackend_classes[0m=[35m['EnvironmentVariablesBackend'][0m [36mcount[0m=[35m1[0m
[2025-05-13T02:00:02.554+0200] {_client.py:1025} INFO - HTTP Request: PATCH http://localhost:8080/execution/task-instances/0196c6f0-f145-78f9-97f6-594fcc9d27e6/run "HTTP/1.1 200 OK"
[2m2025-05-13 02:00:02[0m [[32m[1mdebug    [0m] [1mSending                       [0m [[0m[1m[34msupervisor[0m][0m [36mmsg[0m=[35mStartupDetails(ti=TaskInstance(id=UUID('0196c6f0-f145-78f9-97f6-594fcc9d27e6'), task_id='dbt_run', dag_id='octopus_pricing_midnight', run_id='scheduled__2025-05-13T00:00:00+00:00', try_number=1, map_index=-1, pool_slots=1, queue='default', priority_weight=1, executor_config={}, parent_context_carrier={}, context_carrier=None, queued_dttm=None), dag_rel_path='octopus_pricing_pipeline.py', bundle_info=BundleInfo(name='dags-folder', version=None), requests_fd=48, start_date=datetime.datetime(2025, 5, 13, 0, 0, 2, 529560, tzinfo=datetime.timezone.utc), ti_context=TIRunContext(dag_run=DagRun(dag_id='octopus_pricing_midnight', run_id='scheduled__2025-05-13T00:00:00+00:00', logical_date=datetime.datetime(2025, 5, 13, 0, 0, tzinfo=TzInfo(UTC)), data_interval_start=datetime.datetime(2025, 5, 13, 0, 0, tzinfo=TzInfo(UTC)), data_interval_end=datetime.datetime(2025, 5, 13, 0, 0, tzinfo=TzInfo(UTC)), run_after=datetime.datetime(2025, 5, 13, 0, 0, tzinfo=TzInfo(UTC)), start_date=datetime.datetime(2025, 5, 13, 0, 0, 1, 361994, tzinfo=TzInfo(UTC)), end_date=None, clear_number=0, run_type=<DagRunType.SCHEDULED: 'scheduled'>, conf={}, consumed_asset_events=[]), task_reschedule_count=0, max_tries=1, variables=[], connections=[], upstream_map_indexes=None, next_method=None, next_kwargs=None, xcom_keys_to_clear=[], should_retry=True), type='StartupDetails')[0m
[2025-05-13T02:00:02.623+0200] {_client.py:1025} INFO - HTTP Request: PUT http://localhost:8080/execution/task-instances/0196c6f0-f145-78f9-97f6-594fcc9d27e6/heartbeat "HTTP/1.1 204 No Content"
[2m2025-05-13 02:00:02[0m [[32m[1mdebug    [0m] [1mReceived message from task runner[0m [[0m[1m[34msupervisor[0m][0m [36mmsg[0m=[35mGetVariable(key='BASE_PATH', type='GetVariable')[0m
[2025-05-13T02:00:02.860+0200] {_client.py:1025} INFO - HTTP Request: GET http://localhost:8080/execution/variables/BASE_PATH "HTTP/1.1 200 OK"
[2m2025-05-13 02:00:02[0m [[32m[1mdebug    [0m] [1mReceived message from task runner[0m [[0m[1m[34msupervisor[0m][0m [36mmsg[0m=[35mGetVariable(key='BASE_DATA_PATH', type='GetVariable')[0m
[2025-05-13T02:00:02.868+0200] {_client.py:1025} INFO - HTTP Request: GET http://localhost:8080/execution/variables/BASE_DATA_PATH "HTTP/1.1 200 OK"
[2m2025-05-13 02:00:02[0m [[32m[1mdebug    [0m] [1mReceived message from task runner[0m [[0m[1m[34msupervisor[0m][0m [36mmsg[0m=[35mGetConnection(conn_id='staging_postgres', type='GetConnection')[0m
[2025-05-13T02:00:02.876+0200] {_client.py:1025} INFO - HTTP Request: GET http://localhost:8080/execution/connections/staging_postgres "HTTP/1.1 200 OK"
[2m2025-05-13 02:00:02[0m [[32m[1mdebug    [0m] [1mReceived message from task runner[0m [[0m[1m[34msupervisor[0m][0m [36mmsg[0m=[35mGetVariable(key='BASE_PATH', type='GetVariable')[0m
[2025-05-13T02:00:02.896+0200] {_client.py:1025} INFO - HTTP Request: GET http://localhost:8080/execution/variables/BASE_PATH "HTTP/1.1 200 OK"
[2m2025-05-13 02:00:02[0m [[32m[1mdebug    [0m] [1mReceived message from task runner[0m [[0m[1m[34msupervisor[0m][0m [36mmsg[0m=[35mSetRenderedFields(rendered_fields={'bash_command': 'cd /home/ilies/octopus_data_engineer_case_study/data_engineer_case_study/octopus_pricing && dbt run --models final_analytics_table', 'env': None, 'cwd': None}, type='SetRenderedFields')[0m
[2025-05-13T02:00:02.920+0200] {_client.py:1025} INFO - HTTP Request: PUT http://localhost:8080/execution/task-instances/0196c6f0-f145-78f9-97f6-594fcc9d27e6/rtif "HTTP/1.1 201 Created"
[2m2025-05-13 02:00:05[0m [[32m[1mdebug    [0m] [1mReceived message from task runner[0m [[0m[1m[34msupervisor[0m][0m [36mmsg[0m=[35mSetXCom(key='return_value', value='\x1b[0m00:00:05  Done. PASS=1 WARN=0 ERROR=0 SKIP=0 TOTAL=1', dag_id='octopus_pricing_midnight', run_id='scheduled__2025-05-13T00:00:00+00:00', task_id='dbt_run', map_index=-1, mapped_length=None, type='SetXCom')[0m
[2025-05-13T02:00:05.784+0200] {_client.py:1025} INFO - HTTP Request: POST http://localhost:8080/execution/xcoms/octopus_pricing_midnight/scheduled__2025-05-13T00:00:00+00:00/dbt_run/return_value "HTTP/1.1 201 Created"
[2m2025-05-13 02:00:05[0m [[32m[1mdebug    [0m] [1mReceived message from task runner[0m [[0m[1m[34msupervisor[0m][0m [36mmsg[0m=[35mSucceedTask(state='success', end_date=datetime.datetime(2025, 5, 13, 0, 0, 5, 769394, tzinfo=TzInfo(UTC)), task_outlets=[], outlet_events=[], type='SucceedTask')[0m
[2025-05-13T02:00:05.798+0200] {_client.py:1025} INFO - HTTP Request: PATCH http://localhost:8080/execution/task-instances/0196c6f0-f145-78f9-97f6-594fcc9d27e6/state "HTTP/1.1 204 No Content"
[2m2025-05-13 02:00:05[0m [[32m[1minfo     [0m] [1mTask finished                 [0m [[0m[1m[34msupervisor[0m][0m [36mduration[0m=[35m3.274176869999792[0m [36mexit_code[0m=[35m0[0m [36mfinal_state[0m=[35msuccess[0m
[2025-05-13T02:00:05.801+0200] {dagrun.py:1174} INFO - Marking run <DagRun octopus_pricing_midnight @ 2025-05-13 00:00:00+00:00: scheduled__2025-05-13T00:00:00+00:00, state:running, queued_at: 2025-05-13 00:00:01.344273+00:00. run_type: scheduled> successful
[2025-05-13T02:00:05.801+0200] {dagrun.py:1224} INFO - DagRun Finished: dag_id=octopus_pricing_midnight, logical_date=2025-05-13 00:00:00+00:00, run_id=scheduled__2025-05-13T00:00:00+00:00, run_start_date=2025-05-13 00:00:01.361994+00:00, run_end_date=2025-05-13 00:00:05.801858+00:00, run_duration=4.439864, state=success, run_type=scheduled, data_interval_start=2025-05-13 00:00:00+00:00, data_interval_end=2025-05-13 00:00:00+00:00,
[2025-05-13T02:00:05.804+0200] {dag.py:2517} INFO - Setting next_dagrun for octopus_pricing_midnight to 2025-05-14 00:00:00+00:00, run_after=2025-05-14 00:00:00+00:00
[2025-05-13T02:00:05.813+0200] {scheduler_job_runner.py:810} INFO - Received executor event with state success for task instance TaskInstanceKey(dag_id='octopus_pricing_midnight', task_id='dbt_run', run_id='scheduled__2025-05-13T00:00:00+00:00', try_number=1, map_index=-1)
[2025-05-13T02:00:05.816+0200] {scheduler_job_runner.py:852} INFO - TaskInstance Finished: dag_id=octopus_pricing_midnight, task_id=dbt_run, run_id=scheduled__2025-05-13T00:00:00+00:00, map_index=-1, run_start_date=2025-05-13 00:00:02.529560+00:00, run_end_date=2025-05-13 00:00:05.769394+00:00, run_duration=6.239, state=success, executor=LocalExecutor(parallelism=32), executor_state=success, try_number=1, max_tries=1, pool=default_pool, queue=default, priority_weight=1, operator=BashOperator, queued_dttm=2025-05-13 00:00:02.478022+00:00, scheduled_dttm=2025-05-13 00:00:02.457994+00:00,queued_by_job_id=13, pid=91244
[2025-05-13T02:03:36.032+0200] {scheduler_job_runner.py:2128} INFO - Adopting or resetting orphaned tasks for active dag runs
[2025-05-13T02:04:07.844+0200] {scheduler_job_runner.py:450} INFO - 2 tasks up for execution:
	<TaskInstance: octopus_pricing_8am.ingest_price_comparison manual__2025-05-13T00:04:07.718377+00:00 [scheduled]>
	<TaskInstance: octopus_pricing_8am.ingest_network_costs manual__2025-05-13T00:04:07.718377+00:00 [scheduled]>
[2025-05-13T02:04:07.845+0200] {scheduler_job_runner.py:522} INFO - DAG octopus_pricing_8am has 0/16 running and queued tasks
[2025-05-13T02:04:07.845+0200] {scheduler_job_runner.py:522} INFO - DAG octopus_pricing_8am has 1/16 running and queued tasks
[2025-05-13T02:04:07.846+0200] {scheduler_job_runner.py:661} INFO - Setting the following tasks to queued state:
	<TaskInstance: octopus_pricing_8am.ingest_price_comparison manual__2025-05-13T00:04:07.718377+00:00 [scheduled]>
	<TaskInstance: octopus_pricing_8am.ingest_network_costs manual__2025-05-13T00:04:07.718377+00:00 [scheduled]>
[2025-05-13T02:04:07.847+0200] {scheduler_job_runner.py:767} INFO - Trying to enqueue tasks: [<TaskInstance: octopus_pricing_8am.ingest_price_comparison manual__2025-05-13T00:04:07.718377+00:00 [scheduled]>, <TaskInstance: octopus_pricing_8am.ingest_network_costs manual__2025-05-13T00:04:07.718377+00:00 [scheduled]>] for executor: LocalExecutor(parallelism=32)
[2m2025-05-13 02:04:07[0m [[32m[1minfo     [0m] [1mSecrets backends loaded for worker[0m [[0m[1m[34msupervisor[0m][0m [36mbackend_classes[0m=[35m['EnvironmentVariablesBackend'][0m [36mcount[0m=[35m1[0m
[2m2025-05-13 02:04:07[0m [[32m[1minfo     [0m] [1mSecrets backends loaded for worker[0m [[0m[1m[34msupervisor[0m][0m [36mbackend_classes[0m=[35m['EnvironmentVariablesBackend'][0m [36mcount[0m=[35m1[0m
[2025-05-13T02:04:07.921+0200] {_client.py:1025} INFO - HTTP Request: PATCH http://localhost:8080/execution/task-instances/0196c6f4-b3b1-76f6-84d2-a78a0b217934/run "HTTP/1.1 200 OK"
[2m2025-05-13 02:04:07[0m [[32m[1mdebug    [0m] [1mSending                       [0m [[0m[1m[34msupervisor[0m][0m [36mmsg[0m=[35mStartupDetails(ti=TaskInstance(id=UUID('0196c6f4-b3b1-76f6-84d2-a78a0b217934'), task_id='ingest_price_comparison', dag_id='octopus_pricing_8am', run_id='manual__2025-05-13T00:04:07.718377+00:00', try_number=1, map_index=-1, pool_slots=1, queue='default', priority_weight=2, executor_config={}, parent_context_carrier={}, context_carrier=None, queued_dttm=None), dag_rel_path='octopus_pricing_pipeline.py', bundle_info=BundleInfo(name='dags-folder', version=None), requests_fd=52, start_date=datetime.datetime(2025, 5, 13, 0, 4, 7, 894839, tzinfo=datetime.timezone.utc), ti_context=TIRunContext(dag_run=DagRun(dag_id='octopus_pricing_8am', run_id='manual__2025-05-13T00:04:07.718377+00:00', logical_date=datetime.datetime(2025, 5, 13, 0, 4, 6, 74000, tzinfo=TzInfo(UTC)), data_interval_start=datetime.datetime(2025, 5, 13, 0, 4, 6, 74000, tzinfo=TzInfo(UTC)), data_interval_end=datetime.datetime(2025, 5, 13, 0, 4, 6, 74000, tzinfo=TzInfo(UTC)), run_after=datetime.datetime(2025, 5, 13, 0, 4, 6, 74000, tzinfo=TzInfo(UTC)), start_date=datetime.datetime(2025, 5, 13, 0, 4, 7, 802968, tzinfo=TzInfo(UTC)), end_date=None, clear_number=0, run_type=<DagRunType.MANUAL: 'manual'>, conf={}, consumed_asset_events=[]), task_reschedule_count=0, max_tries=1, variables=[], connections=[], upstream_map_indexes=None, next_method=None, next_kwargs=None, xcom_keys_to_clear=[], should_retry=True), type='StartupDetails')[0m
[2025-05-13T02:04:07.933+0200] {_client.py:1025} INFO - HTTP Request: PATCH http://localhost:8080/execution/task-instances/0196c6f4-b3b2-7dd0-ae6b-981ef69d35a2/run "HTTP/1.1 200 OK"
[2m2025-05-13 02:04:07[0m [[32m[1mdebug    [0m] [1mSending                       [0m [[0m[1m[34msupervisor[0m][0m [36mmsg[0m=[35mStartupDetails(ti=TaskInstance(id=UUID('0196c6f4-b3b2-7dd0-ae6b-981ef69d35a2'), task_id='ingest_network_costs', dag_id='octopus_pricing_8am', run_id='manual__2025-05-13T00:04:07.718377+00:00', try_number=1, map_index=-1, pool_slots=1, queue='default', priority_weight=2, executor_config={}, parent_context_carrier={}, context_carrier=None, queued_dttm=None), dag_rel_path='octopus_pricing_pipeline.py', bundle_info=BundleInfo(name='dags-folder', version=None), requests_fd=50, start_date=datetime.datetime(2025, 5, 13, 0, 4, 7, 894866, tzinfo=datetime.timezone.utc), ti_context=TIRunContext(dag_run=DagRun(dag_id='octopus_pricing_8am', run_id='manual__2025-05-13T00:04:07.718377+00:00', logical_date=datetime.datetime(2025, 5, 13, 0, 4, 6, 74000, tzinfo=TzInfo(UTC)), data_interval_start=datetime.datetime(2025, 5, 13, 0, 4, 6, 74000, tzinfo=TzInfo(UTC)), data_interval_end=datetime.datetime(2025, 5, 13, 0, 4, 6, 74000, tzinfo=TzInfo(UTC)), run_after=datetime.datetime(2025, 5, 13, 0, 4, 6, 74000, tzinfo=TzInfo(UTC)), start_date=datetime.datetime(2025, 5, 13, 0, 4, 7, 802968, tzinfo=TzInfo(UTC)), end_date=None, clear_number=0, run_type=<DagRunType.MANUAL: 'manual'>, conf={}, consumed_asset_events=[]), task_reschedule_count=0, max_tries=1, variables=[], connections=[], upstream_map_indexes=None, next_method=None, next_kwargs=None, xcom_keys_to_clear=[], should_retry=True), type='StartupDetails')[0m
[2025-05-13T02:04:07.978+0200] {_client.py:1025} INFO - HTTP Request: PUT http://localhost:8080/execution/task-instances/0196c6f4-b3b1-76f6-84d2-a78a0b217934/heartbeat "HTTP/1.1 204 No Content"
[2025-05-13T02:04:07.986+0200] {_client.py:1025} INFO - HTTP Request: PUT http://localhost:8080/execution/task-instances/0196c6f4-b3b2-7dd0-ae6b-981ef69d35a2/heartbeat "HTTP/1.1 204 No Content"
[2m2025-05-13 02:04:08[0m [[32m[1mdebug    [0m] [1mReceived message from task runner[0m [[0m[1m[34msupervisor[0m][0m [36mmsg[0m=[35mGetVariable(key='BASE_PATH', type='GetVariable')[0m
[2m2025-05-13 02:04:08[0m [[32m[1mdebug    [0m] [1mReceived message from task runner[0m [[0m[1m[34msupervisor[0m][0m [36mmsg[0m=[35mGetVariable(key='BASE_PATH', type='GetVariable')[0m
[2025-05-13T02:04:08.240+0200] {_client.py:1025} INFO - HTTP Request: GET http://localhost:8080/execution/variables/BASE_PATH "HTTP/1.1 200 OK"
[2m2025-05-13 02:04:08[0m [[32m[1mdebug    [0m] [1mReceived message from task runner[0m [[0m[1m[34msupervisor[0m][0m [36mmsg[0m=[35mGetVariable(key='BASE_DATA_PATH', type='GetVariable')[0m
[2025-05-13T02:04:08.244+0200] {_client.py:1025} INFO - HTTP Request: GET http://localhost:8080/execution/variables/BASE_PATH "HTTP/1.1 200 OK"
[2m2025-05-13 02:04:08[0m [[32m[1mdebug    [0m] [1mReceived message from task runner[0m [[0m[1m[34msupervisor[0m][0m [36mmsg[0m=[35mGetVariable(key='BASE_DATA_PATH', type='GetVariable')[0m
[2025-05-13T02:04:08.248+0200] {_client.py:1025} INFO - HTTP Request: GET http://localhost:8080/execution/variables/BASE_DATA_PATH "HTTP/1.1 200 OK"
[2m2025-05-13 02:04:08[0m [[32m[1mdebug    [0m] [1mReceived message from task runner[0m [[0m[1m[34msupervisor[0m][0m [36mmsg[0m=[35mGetConnection(conn_id='staging_postgres', type='GetConnection')[0m
[2025-05-13T02:04:08.251+0200] {_client.py:1025} INFO - HTTP Request: GET http://localhost:8080/execution/variables/BASE_DATA_PATH "HTTP/1.1 200 OK"
[2m2025-05-13 02:04:08[0m [[32m[1mdebug    [0m] [1mReceived message from task runner[0m [[0m[1m[34msupervisor[0m][0m [36mmsg[0m=[35mGetConnection(conn_id='staging_postgres', type='GetConnection')[0m
[2025-05-13T02:04:08.257+0200] {_client.py:1025} INFO - HTTP Request: GET http://localhost:8080/execution/connections/staging_postgres "HTTP/1.1 200 OK"
[2025-05-13T02:04:08.259+0200] {_client.py:1025} INFO - HTTP Request: GET http://localhost:8080/execution/connections/staging_postgres "HTTP/1.1 200 OK"
[2m2025-05-13 02:04:08[0m [[32m[1mdebug    [0m] [1mReceived message from task runner[0m [[0m[1m[34msupervisor[0m][0m [36mmsg[0m=[35mSetRenderedFields(rendered_fields={'templates_dict': None, 'op_args': [], 'op_kwargs': {}}, type='SetRenderedFields')[0m
[2m2025-05-13 02:04:08[0m [[32m[1mdebug    [0m] [1mReceived message from task runner[0m [[0m[1m[34msupervisor[0m][0m [36mmsg[0m=[35mSetRenderedFields(rendered_fields={'templates_dict': None, 'op_args': [], 'op_kwargs': {}}, type='SetRenderedFields')[0m
[2025-05-13T02:04:08.291+0200] {_client.py:1025} INFO - HTTP Request: PUT http://localhost:8080/execution/task-instances/0196c6f4-b3b2-7dd0-ae6b-981ef69d35a2/rtif "HTTP/1.1 201 Created"
[2m2025-05-13 02:04:08[0m [[32m[1mdebug    [0m] [1mReceived message from task runner[0m [[0m[1m[34msupervisor[0m][0m [36mmsg[0m=[35mGetVariable(key='BASE_DATA_PATH', type='GetVariable')[0m
[2025-05-13T02:04:08.298+0200] {_client.py:1025} INFO - HTTP Request: GET http://localhost:8080/execution/variables/BASE_DATA_PATH "HTTP/1.1 200 OK"
[2m2025-05-13 02:04:08[0m [[32m[1mdebug    [0m] [1mReceived message from task runner[0m [[0m[1m[34msupervisor[0m][0m [36mmsg[0m=[35mGetVariable(key='NETWORK_COSTS_FILE', type='GetVariable')[0m
[2025-05-13T02:04:08.300+0200] {_client.py:1025} INFO - HTTP Request: PUT http://localhost:8080/execution/task-instances/0196c6f4-b3b1-76f6-84d2-a78a0b217934/rtif "HTTP/1.1 201 Created"
[2m2025-05-13 02:04:08[0m [[32m[1mdebug    [0m] [1mReceived message from task runner[0m [[0m[1m[34msupervisor[0m][0m [36mmsg[0m=[35mGetVariable(key='BASE_DATA_PATH', type='GetVariable')[0m
[2025-05-13T02:04:08.305+0200] {_client.py:1025} INFO - HTTP Request: GET http://localhost:8080/execution/variables/NETWORK_COSTS_FILE "HTTP/1.1 200 OK"
[2025-05-13T02:04:08.305+0200] {_client.py:1025} INFO - HTTP Request: GET http://localhost:8080/execution/variables/BASE_DATA_PATH "HTTP/1.1 200 OK"
[2m2025-05-13 02:04:08[0m [[32m[1mdebug    [0m] [1mReceived message from task runner[0m [[0m[1m[34msupervisor[0m][0m [36mmsg[0m=[35mSucceedTask(state='success', end_date=datetime.datetime(2025, 5, 13, 0, 4, 8, 362373, tzinfo=TzInfo(UTC)), task_outlets=[], outlet_events=[], type='SucceedTask')[0m
[2025-05-13T02:04:08.380+0200] {_client.py:1025} INFO - HTTP Request: PATCH http://localhost:8080/execution/task-instances/0196c6f4-b3b2-7dd0-ae6b-981ef69d35a2/state "HTTP/1.1 204 No Content"
[2m2025-05-13 02:04:08[0m [[32m[1minfo     [0m] [1mTask finished                 [0m [[0m[1m[34msupervisor[0m][0m [36mduration[0m=[35m0.49137146200519055[0m [36mexit_code[0m=[35m0[0m [36mfinal_state[0m=[35msuccess[0m
[2m2025-05-13 02:04:08[0m [[32m[1mdebug    [0m] [1mReceived message from task runner[0m [[0m[1m[34msupervisor[0m][0m [36mmsg[0m=[35mRetryTask(state='up_for_retry', end_date=datetime.datetime(2025, 5, 13, 0, 4, 8, 402430, tzinfo=TzInfo(UTC)), type='RetryTask')[0m
[2025-05-13T02:04:08.422+0200] {_client.py:1025} INFO - HTTP Request: PATCH http://localhost:8080/execution/task-instances/0196c6f4-b3b1-76f6-84d2-a78a0b217934/state "HTTP/1.1 204 No Content"
[2m2025-05-13 02:04:08[0m [[32m[1minfo     [0m] [1mTask finished                 [0m [[0m[1m[34msupervisor[0m][0m [36mduration[0m=[35m0.5332198699979926[0m [36mexit_code[0m=[35m0[0m [36mfinal_state[0m=[35mup_for_retry[0m
[2025-05-13T02:04:08.918+0200] {scheduler_job_runner.py:810} INFO - Received executor event with state success for task instance TaskInstanceKey(dag_id='octopus_pricing_8am', task_id='ingest_network_costs', run_id='manual__2025-05-13T00:04:07.718377+00:00', try_number=1, map_index=-1)
[2025-05-13T02:04:08.919+0200] {scheduler_job_runner.py:810} INFO - Received executor event with state success for task instance TaskInstanceKey(dag_id='octopus_pricing_8am', task_id='ingest_price_comparison', run_id='manual__2025-05-13T00:04:07.718377+00:00', try_number=1, map_index=-1)
[2025-05-13T02:04:08.923+0200] {scheduler_job_runner.py:852} INFO - TaskInstance Finished: dag_id=octopus_pricing_8am, task_id=ingest_network_costs, run_id=manual__2025-05-13T00:04:07.718377+00:00, map_index=-1, run_start_date=2025-05-13 00:04:07.894866+00:00, run_end_date=2025-05-13 00:04:08.362373+00:00, run_duration=1.467, state=success, executor=LocalExecutor(parallelism=32), executor_state=success, try_number=1, max_tries=1, pool=default_pool, queue=default, priority_weight=2, operator=PythonOperator, queued_dttm=2025-05-13 00:04:07.846562+00:00, scheduled_dttm=2025-05-13 00:04:07.822875+00:00,queued_by_job_id=13, pid=93991
[2025-05-13T02:04:08.924+0200] {scheduler_job_runner.py:852} INFO - TaskInstance Finished: dag_id=octopus_pricing_8am, task_id=ingest_price_comparison, run_id=manual__2025-05-13T00:04:07.718377+00:00, map_index=-1, run_start_date=2025-05-13 00:04:07.894839+00:00, run_end_date=2025-05-13 00:04:08.409578+00:00, run_duration=0.514739, state=up_for_retry, executor=LocalExecutor(parallelism=32), executor_state=success, try_number=1, max_tries=1, pool=default_pool, queue=default, priority_weight=2, operator=PythonOperator, queued_dttm=2025-05-13 00:04:07.846562+00:00, scheduled_dttm=2025-05-13 00:04:07.822875+00:00,queued_by_job_id=13, pid=93992
[2025-05-13T02:04:13.905+0200] {scheduler_job_runner.py:450} INFO - 1 tasks up for execution:
	<TaskInstance: octopus_pricing_8am.ingest_price_comparison manual__2025-05-13T00:04:07.718377+00:00 [scheduled]>
[2025-05-13T02:04:13.906+0200] {scheduler_job_runner.py:522} INFO - DAG octopus_pricing_8am has 0/16 running and queued tasks
[2025-05-13T02:04:13.906+0200] {scheduler_job_runner.py:661} INFO - Setting the following tasks to queued state:
	<TaskInstance: octopus_pricing_8am.ingest_price_comparison manual__2025-05-13T00:04:07.718377+00:00 [scheduled]>
[2025-05-13T02:04:13.907+0200] {scheduler_job_runner.py:767} INFO - Trying to enqueue tasks: [<TaskInstance: octopus_pricing_8am.ingest_price_comparison manual__2025-05-13T00:04:07.718377+00:00 [scheduled]>] for executor: LocalExecutor(parallelism=32)
[2m2025-05-13 02:04:13[0m [[32m[1minfo     [0m] [1mSecrets backends loaded for worker[0m [[0m[1m[34msupervisor[0m][0m [36mbackend_classes[0m=[35m['EnvironmentVariablesBackend'][0m [36mcount[0m=[35m1[0m
[2025-05-13T02:04:13.972+0200] {_client.py:1025} INFO - HTTP Request: PATCH http://localhost:8080/execution/task-instances/0196c6f4-b65a-7d7a-a729-5297bd068f0d/run "HTTP/1.1 200 OK"
[2m2025-05-13 02:04:13[0m [[32m[1mdebug    [0m] [1mSending                       [0m [[0m[1m[34msupervisor[0m][0m [36mmsg[0m=[35mStartupDetails(ti=TaskInstance(id=UUID('0196c6f4-b65a-7d7a-a729-5297bd068f0d'), task_id='ingest_price_comparison', dag_id='octopus_pricing_8am', run_id='manual__2025-05-13T00:04:07.718377+00:00', try_number=2, map_index=-1, pool_slots=1, queue='default', priority_weight=2, executor_config={}, parent_context_carrier={}, context_carrier=None, queued_dttm=datetime.datetime(2025, 5, 13, 0, 4, 7, 846562, tzinfo=Timezone('UTC'))), dag_rel_path='octopus_pricing_pipeline.py', bundle_info=BundleInfo(name='dags-folder', version=None), requests_fd=52, start_date=datetime.datetime(2025, 5, 13, 0, 4, 13, 948274, tzinfo=datetime.timezone.utc), ti_context=TIRunContext(dag_run=DagRun(dag_id='octopus_pricing_8am', run_id='manual__2025-05-13T00:04:07.718377+00:00', logical_date=datetime.datetime(2025, 5, 13, 0, 4, 6, 74000, tzinfo=TzInfo(UTC)), data_interval_start=datetime.datetime(2025, 5, 13, 0, 4, 6, 74000, tzinfo=TzInfo(UTC)), data_interval_end=datetime.datetime(2025, 5, 13, 0, 4, 6, 74000, tzinfo=TzInfo(UTC)), run_after=datetime.datetime(2025, 5, 13, 0, 4, 6, 74000, tzinfo=TzInfo(UTC)), start_date=datetime.datetime(2025, 5, 13, 0, 4, 7, 802968, tzinfo=TzInfo(UTC)), end_date=None, clear_number=0, run_type=<DagRunType.MANUAL: 'manual'>, conf={}, consumed_asset_events=[]), task_reschedule_count=0, max_tries=1, variables=[], connections=[], upstream_map_indexes=None, next_method=None, next_kwargs=None, xcom_keys_to_clear=[], should_retry=False), type='StartupDetails')[0m
[2025-05-13T02:04:14.019+0200] {_client.py:1025} INFO - HTTP Request: PUT http://localhost:8080/execution/task-instances/0196c6f4-b65a-7d7a-a729-5297bd068f0d/heartbeat "HTTP/1.1 204 No Content"
[2m2025-05-13 02:04:14[0m [[32m[1mdebug    [0m] [1mReceived message from task runner[0m [[0m[1m[34msupervisor[0m][0m [36mmsg[0m=[35mGetVariable(key='BASE_PATH', type='GetVariable')[0m
[2025-05-13T02:04:14.215+0200] {_client.py:1025} INFO - HTTP Request: GET http://localhost:8080/execution/variables/BASE_PATH "HTTP/1.1 200 OK"
[2m2025-05-13 02:04:14[0m [[32m[1mdebug    [0m] [1mReceived message from task runner[0m [[0m[1m[34msupervisor[0m][0m [36mmsg[0m=[35mGetVariable(key='BASE_DATA_PATH', type='GetVariable')[0m
[2025-05-13T02:04:14.222+0200] {_client.py:1025} INFO - HTTP Request: GET http://localhost:8080/execution/variables/BASE_DATA_PATH "HTTP/1.1 200 OK"
[2m2025-05-13 02:04:14[0m [[32m[1mdebug    [0m] [1mReceived message from task runner[0m [[0m[1m[34msupervisor[0m][0m [36mmsg[0m=[35mGetConnection(conn_id='staging_postgres', type='GetConnection')[0m
[2025-05-13T02:04:14.229+0200] {_client.py:1025} INFO - HTTP Request: GET http://localhost:8080/execution/connections/staging_postgres "HTTP/1.1 200 OK"
[2m2025-05-13 02:04:14[0m [[32m[1mdebug    [0m] [1mReceived message from task runner[0m [[0m[1m[34msupervisor[0m][0m [36mmsg[0m=[35mSetRenderedFields(rendered_fields={'templates_dict': None, 'op_args': [], 'op_kwargs': {}}, type='SetRenderedFields')[0m
[2025-05-13T02:04:14.255+0200] {_client.py:1025} INFO - HTTP Request: PUT http://localhost:8080/execution/task-instances/0196c6f4-b65a-7d7a-a729-5297bd068f0d/rtif "HTTP/1.1 201 Created"
[2m2025-05-13 02:04:14[0m [[32m[1mdebug    [0m] [1mReceived message from task runner[0m [[0m[1m[34msupervisor[0m][0m [36mmsg[0m=[35mGetVariable(key='BASE_DATA_PATH', type='GetVariable')[0m
[2025-05-13T02:04:14.261+0200] {_client.py:1025} INFO - HTTP Request: GET http://localhost:8080/execution/variables/BASE_DATA_PATH "HTTP/1.1 200 OK"
[2m2025-05-13 02:04:14[0m [[32m[1mdebug    [0m] [1mReceived message from task runner[0m [[0m[1m[34msupervisor[0m][0m [36mmsg[0m=[35mTaskState(state=<TerminalTIState.FAILED: 'failed'>, end_date=datetime.datetime(2025, 5, 13, 0, 4, 14, 351340, tzinfo=TzInfo(UTC)), type='TaskState')[0m
[2025-05-13T02:04:14.379+0200] {_client.py:1025} INFO - HTTP Request: PATCH http://localhost:8080/execution/task-instances/0196c6f4-b65a-7d7a-a729-5297bd068f0d/state "HTTP/1.1 204 No Content"
[2m2025-05-13 02:04:14[0m [[32m[1minfo     [0m] [1mTask finished                 [0m [[0m[1m[34msupervisor[0m][0m [36mduration[0m=[35m0.4354474490028224[0m [36mexit_code[0m=[35m0[0m [36mfinal_state[0m=[35mfailed[0m
[2025-05-13T02:04:15.173+0200] {scheduler_job_runner.py:810} INFO - Received executor event with state success for task instance TaskInstanceKey(dag_id='octopus_pricing_8am', task_id='ingest_price_comparison', run_id='manual__2025-05-13T00:04:07.718377+00:00', try_number=2, map_index=-1)
[2025-05-13T02:04:15.175+0200] {scheduler_job_runner.py:852} INFO - TaskInstance Finished: dag_id=octopus_pricing_8am, task_id=ingest_price_comparison, run_id=manual__2025-05-13T00:04:07.718377+00:00, map_index=-1, run_start_date=2025-05-13 00:04:13.948274+00:00, run_end_date=2025-05-13 00:04:14.357976+00:00, run_duration=1.41, state=failed, executor=LocalExecutor(parallelism=32), executor_state=success, try_number=2, max_tries=1, pool=default_pool, queue=default, priority_weight=2, operator=PythonOperator, queued_dttm=2025-05-13 00:04:13.906695+00:00, scheduled_dttm=2025-05-13 00:04:13.889485+00:00,queued_by_job_id=13, pid=94072
[2025-05-13T02:04:16.191+0200] {dagrun.py:1145} INFO - Marking run <DagRun octopus_pricing_8am @ 2025-05-13 00:04:06.074000+00:00: manual__2025-05-13T00:04:07.718377+00:00, state:running, queued_at: 2025-05-13 00:04:07.722883+00:00. run_type: manual> failed
[2025-05-13T02:04:16.192+0200] {dagrun.py:1224} INFO - DagRun Finished: dag_id=octopus_pricing_8am, logical_date=2025-05-13 00:04:06.074000+00:00, run_id=manual__2025-05-13T00:04:07.718377+00:00, run_start_date=2025-05-13 00:04:07.802968+00:00, run_end_date=2025-05-13 00:04:16.192027+00:00, run_duration=8.389059, state=failed, run_type=manual, data_interval_start=2025-05-13 00:04:06.074000+00:00, data_interval_end=2025-05-13 00:04:06.074000+00:00,
[2025-05-13T02:05:23.013+0200] {scheduler_job_runner.py:450} INFO - 2 tasks up for execution:
	<TaskInstance: octopus_pricing_8am.ingest_price_comparison manual__2025-05-13T00:05:22.240074+00:00 [scheduled]>
	<TaskInstance: octopus_pricing_8am.ingest_network_costs manual__2025-05-13T00:05:22.240074+00:00 [scheduled]>
[2025-05-13T02:05:23.014+0200] {scheduler_job_runner.py:522} INFO - DAG octopus_pricing_8am has 0/16 running and queued tasks
[2025-05-13T02:05:23.014+0200] {scheduler_job_runner.py:522} INFO - DAG octopus_pricing_8am has 1/16 running and queued tasks
[2025-05-13T02:05:23.014+0200] {scheduler_job_runner.py:661} INFO - Setting the following tasks to queued state:
	<TaskInstance: octopus_pricing_8am.ingest_price_comparison manual__2025-05-13T00:05:22.240074+00:00 [scheduled]>
	<TaskInstance: octopus_pricing_8am.ingest_network_costs manual__2025-05-13T00:05:22.240074+00:00 [scheduled]>
[2025-05-13T02:05:23.015+0200] {scheduler_job_runner.py:767} INFO - Trying to enqueue tasks: [<TaskInstance: octopus_pricing_8am.ingest_price_comparison manual__2025-05-13T00:05:22.240074+00:00 [scheduled]>, <TaskInstance: octopus_pricing_8am.ingest_network_costs manual__2025-05-13T00:05:22.240074+00:00 [scheduled]>] for executor: LocalExecutor(parallelism=32)
[2m2025-05-13 02:05:23[0m [[32m[1minfo     [0m] [1mSecrets backends loaded for worker[0m [[0m[1m[34msupervisor[0m][0m [36mbackend_classes[0m=[35m['EnvironmentVariablesBackend'][0m [36mcount[0m=[35m1[0m
[2m2025-05-13 02:05:23[0m [[32m[1minfo     [0m] [1mSecrets backends loaded for worker[0m [[0m[1m[34msupervisor[0m][0m [36mbackend_classes[0m=[35m['EnvironmentVariablesBackend'][0m [36mcount[0m=[35m1[0m
[2025-05-13T02:05:23.085+0200] {_client.py:1025} INFO - HTTP Request: PATCH http://localhost:8080/execution/task-instances/0196c6f5-d6d1-7bda-9570-f45865f98bd9/run "HTTP/1.1 200 OK"
[2m2025-05-13 02:05:23[0m [[32m[1mdebug    [0m] [1mSending                       [0m [[0m[1m[34msupervisor[0m][0m [36mmsg[0m=[35mStartupDetails(ti=TaskInstance(id=UUID('0196c6f5-d6d1-7bda-9570-f45865f98bd9'), task_id='ingest_network_costs', dag_id='octopus_pricing_8am', run_id='manual__2025-05-13T00:05:22.240074+00:00', try_number=1, map_index=-1, pool_slots=1, queue='default', priority_weight=2, executor_config={}, parent_context_carrier={}, context_carrier=None, queued_dttm=None), dag_rel_path='octopus_pricing_pipeline.py', bundle_info=BundleInfo(name='dags-folder', version=None), requests_fd=54, start_date=datetime.datetime(2025, 5, 13, 0, 5, 23, 58878, tzinfo=datetime.timezone.utc), ti_context=TIRunContext(dag_run=DagRun(dag_id='octopus_pricing_8am', run_id='manual__2025-05-13T00:05:22.240074+00:00', logical_date=datetime.datetime(2025, 5, 13, 0, 5, 21, 342000, tzinfo=TzInfo(UTC)), data_interval_start=datetime.datetime(2025, 5, 13, 0, 5, 21, 342000, tzinfo=TzInfo(UTC)), data_interval_end=datetime.datetime(2025, 5, 13, 0, 5, 21, 342000, tzinfo=TzInfo(UTC)), run_after=datetime.datetime(2025, 5, 13, 0, 5, 21, 342000, tzinfo=TzInfo(UTC)), start_date=datetime.datetime(2025, 5, 13, 0, 5, 22, 984504, tzinfo=TzInfo(UTC)), end_date=None, clear_number=0, run_type=<DagRunType.MANUAL: 'manual'>, conf={}, consumed_asset_events=[]), task_reschedule_count=0, max_tries=1, variables=[], connections=[], upstream_map_indexes=None, next_method=None, next_kwargs=None, xcom_keys_to_clear=[], should_retry=True), type='StartupDetails')[0m
[2025-05-13T02:05:23.130+0200] {_client.py:1025} INFO - HTTP Request: PUT http://localhost:8080/execution/task-instances/0196c6f5-d6d1-7bda-9570-f45865f98bd9/heartbeat "HTTP/1.1 204 No Content"
[2m2025-05-13 02:05:23[0m [[32m[1mdebug    [0m] [1mReceived message from task runner[0m [[0m[1m[34msupervisor[0m][0m [36mmsg[0m=[35mGetVariable(key='BASE_PATH', type='GetVariable')[0m
[2025-05-13T02:05:23.326+0200] {_client.py:1025} INFO - HTTP Request: GET http://localhost:8080/execution/variables/BASE_PATH "HTTP/1.1 200 OK"
[2m2025-05-13 02:05:23[0m [[32m[1mdebug    [0m] [1mReceived message from task runner[0m [[0m[1m[34msupervisor[0m][0m [36mmsg[0m=[35mGetVariable(key='BASE_DATA_PATH', type='GetVariable')[0m
[2025-05-13T02:05:23.333+0200] {_client.py:1025} INFO - HTTP Request: GET http://localhost:8080/execution/variables/BASE_DATA_PATH "HTTP/1.1 200 OK"
[2m2025-05-13 02:05:23[0m [[32m[1mdebug    [0m] [1mReceived message from task runner[0m [[0m[1m[34msupervisor[0m][0m [36mmsg[0m=[35mGetConnection(conn_id='staging_postgres', type='GetConnection')[0m
[2025-05-13T02:05:23.341+0200] {_client.py:1025} INFO - HTTP Request: GET http://localhost:8080/execution/connections/staging_postgres "HTTP/1.1 200 OK"
[2m2025-05-13 02:05:23[0m [[32m[1mdebug    [0m] [1mReceived message from task runner[0m [[0m[1m[34msupervisor[0m][0m [36mmsg[0m=[35mSetRenderedFields(rendered_fields={'templates_dict': None, 'op_args': [], 'op_kwargs': {}}, type='SetRenderedFields')[0m
[2025-05-13T02:05:23.364+0200] {_client.py:1025} INFO - HTTP Request: PATCH http://localhost:8080/execution/task-instances/0196c6f5-d6d0-7541-863c-e6e6014fcfa4/run "HTTP/1.1 200 OK"
[2m2025-05-13 02:05:23[0m [[32m[1mdebug    [0m] [1mSending                       [0m [[0m[1m[34msupervisor[0m][0m [36mmsg[0m=[35mStartupDetails(ti=TaskInstance(id=UUID('0196c6f5-d6d0-7541-863c-e6e6014fcfa4'), task_id='ingest_price_comparison', dag_id='octopus_pricing_8am', run_id='manual__2025-05-13T00:05:22.240074+00:00', try_number=1, map_index=-1, pool_slots=1, queue='default', priority_weight=2, executor_config={}, parent_context_carrier={}, context_carrier=None, queued_dttm=None), dag_rel_path='octopus_pricing_pipeline.py', bundle_info=BundleInfo(name='dags-folder', version=None), requests_fd=54, start_date=datetime.datetime(2025, 5, 13, 0, 5, 23, 58907, tzinfo=datetime.timezone.utc), ti_context=TIRunContext(dag_run=DagRun(dag_id='octopus_pricing_8am', run_id='manual__2025-05-13T00:05:22.240074+00:00', logical_date=datetime.datetime(2025, 5, 13, 0, 5, 21, 342000, tzinfo=TzInfo(UTC)), data_interval_start=datetime.datetime(2025, 5, 13, 0, 5, 21, 342000, tzinfo=TzInfo(UTC)), data_interval_end=datetime.datetime(2025, 5, 13, 0, 5, 21, 342000, tzinfo=TzInfo(UTC)), run_after=datetime.datetime(2025, 5, 13, 0, 5, 21, 342000, tzinfo=TzInfo(UTC)), start_date=datetime.datetime(2025, 5, 13, 0, 5, 22, 984504, tzinfo=TzInfo(UTC)), end_date=None, clear_number=0, run_type=<DagRunType.MANUAL: 'manual'>, conf={}, consumed_asset_events=[]), task_reschedule_count=0, max_tries=1, variables=[], connections=[], upstream_map_indexes=None, next_method=None, next_kwargs=None, xcom_keys_to_clear=[], should_retry=True), type='StartupDetails')[0m
[2025-05-13T02:05:23.375+0200] {_client.py:1025} INFO - HTTP Request: PUT http://localhost:8080/execution/task-instances/0196c6f5-d6d1-7bda-9570-f45865f98bd9/rtif "HTTP/1.1 201 Created"
[2m2025-05-13 02:05:23[0m [[32m[1mdebug    [0m] [1mReceived message from task runner[0m [[0m[1m[34msupervisor[0m][0m [36mmsg[0m=[35mGetVariable(key='BASE_DATA_PATH', type='GetVariable')[0m
[2025-05-13T02:05:23.382+0200] {_client.py:1025} INFO - HTTP Request: GET http://localhost:8080/execution/variables/BASE_DATA_PATH "HTTP/1.1 200 OK"
[2m2025-05-13 02:05:23[0m [[32m[1mdebug    [0m] [1mReceived message from task runner[0m [[0m[1m[34msupervisor[0m][0m [36mmsg[0m=[35mGetVariable(key='NETWORK_COSTS_FILE', type='GetVariable')[0m
[2025-05-13T02:05:23.406+0200] {_client.py:1025} INFO - HTTP Request: PUT http://localhost:8080/execution/task-instances/0196c6f5-d6d0-7541-863c-e6e6014fcfa4/heartbeat "HTTP/1.1 204 No Content"
[2025-05-13T02:05:23.432+0200] {_client.py:1025} INFO - HTTP Request: GET http://localhost:8080/execution/variables/NETWORK_COSTS_FILE "HTTP/1.1 200 OK"
[2m2025-05-13 02:05:23[0m [[32m[1mdebug    [0m] [1mReceived message from task runner[0m [[0m[1m[34msupervisor[0m][0m [36mmsg[0m=[35mSucceedTask(state='success', end_date=datetime.datetime(2025, 5, 13, 0, 5, 23, 507484, tzinfo=TzInfo(UTC)), task_outlets=[], outlet_events=[], type='SucceedTask')[0m
[2025-05-13T02:05:23.528+0200] {_client.py:1025} INFO - HTTP Request: PATCH http://localhost:8080/execution/task-instances/0196c6f5-d6d1-7bda-9570-f45865f98bd9/state "HTTP/1.1 204 No Content"
[2m2025-05-13 02:05:23[0m [[32m[1minfo     [0m] [1mTask finished                 [0m [[0m[1m[34msupervisor[0m][0m [36mduration[0m=[35m0.4747339050009032[0m [36mexit_code[0m=[35m0[0m [36mfinal_state[0m=[35msuccess[0m
[2m2025-05-13 02:05:23[0m [[32m[1mdebug    [0m] [1mReceived message from task runner[0m [[0m[1m[34msupervisor[0m][0m [36mmsg[0m=[35mGetVariable(key='BASE_PATH', type='GetVariable')[0m
[2025-05-13T02:05:23.622+0200] {_client.py:1025} INFO - HTTP Request: GET http://localhost:8080/execution/variables/BASE_PATH "HTTP/1.1 200 OK"
[2m2025-05-13 02:05:23[0m [[32m[1mdebug    [0m] [1mReceived message from task runner[0m [[0m[1m[34msupervisor[0m][0m [36mmsg[0m=[35mGetVariable(key='BASE_DATA_PATH', type='GetVariable')[0m
[2025-05-13T02:05:23.629+0200] {_client.py:1025} INFO - HTTP Request: GET http://localhost:8080/execution/variables/BASE_DATA_PATH "HTTP/1.1 200 OK"
[2m2025-05-13 02:05:23[0m [[32m[1mdebug    [0m] [1mReceived message from task runner[0m [[0m[1m[34msupervisor[0m][0m [36mmsg[0m=[35mGetConnection(conn_id='staging_postgres', type='GetConnection')[0m
[2025-05-13T02:05:23.640+0200] {_client.py:1025} INFO - HTTP Request: GET http://localhost:8080/execution/connections/staging_postgres "HTTP/1.1 200 OK"
[2m2025-05-13 02:05:23[0m [[32m[1mdebug    [0m] [1mReceived message from task runner[0m [[0m[1m[34msupervisor[0m][0m [36mmsg[0m=[35mSetRenderedFields(rendered_fields={'templates_dict': None, 'op_args': [], 'op_kwargs': {}}, type='SetRenderedFields')[0m
[2025-05-13T02:05:23.689+0200] {_client.py:1025} INFO - HTTP Request: PUT http://localhost:8080/execution/task-instances/0196c6f5-d6d0-7541-863c-e6e6014fcfa4/rtif "HTTP/1.1 201 Created"
[2m2025-05-13 02:05:23[0m [[32m[1mdebug    [0m] [1mReceived message from task runner[0m [[0m[1m[34msupervisor[0m][0m [36mmsg[0m=[35mGetVariable(key='BASE_DATA_PATH', type='GetVariable')[0m
[2025-05-13T02:05:23.694+0200] {_client.py:1025} INFO - HTTP Request: GET http://localhost:8080/execution/variables/BASE_DATA_PATH "HTTP/1.1 200 OK"
[2m2025-05-13 02:05:23[0m [[32m[1mdebug    [0m] [1mReceived message from task runner[0m [[0m[1m[34msupervisor[0m][0m [36mmsg[0m=[35mRetryTask(state='up_for_retry', end_date=datetime.datetime(2025, 5, 13, 0, 5, 23, 784762, tzinfo=TzInfo(UTC)), type='RetryTask')[0m
[2025-05-13T02:05:23.816+0200] {_client.py:1025} INFO - HTTP Request: PATCH http://localhost:8080/execution/task-instances/0196c6f5-d6d0-7541-863c-e6e6014fcfa4/state "HTTP/1.1 204 No Content"
[2m2025-05-13 02:05:23[0m [[32m[1minfo     [0m] [1mTask finished                 [0m [[0m[1m[34msupervisor[0m][0m [36mduration[0m=[35m0.7634180120003293[0m [36mexit_code[0m=[35m0[0m [36mfinal_state[0m=[35mup_for_retry[0m
[2025-05-13T02:05:24.083+0200] {scheduler_job_runner.py:810} INFO - Received executor event with state success for task instance TaskInstanceKey(dag_id='octopus_pricing_8am', task_id='ingest_network_costs', run_id='manual__2025-05-13T00:05:22.240074+00:00', try_number=1, map_index=-1)
[2025-05-13T02:05:24.083+0200] {scheduler_job_runner.py:810} INFO - Received executor event with state success for task instance TaskInstanceKey(dag_id='octopus_pricing_8am', task_id='ingest_price_comparison', run_id='manual__2025-05-13T00:05:22.240074+00:00', try_number=1, map_index=-1)
[2025-05-13T02:05:24.086+0200] {scheduler_job_runner.py:852} INFO - TaskInstance Finished: dag_id=octopus_pricing_8am, task_id=ingest_network_costs, run_id=manual__2025-05-13T00:05:22.240074+00:00, map_index=-1, run_start_date=2025-05-13 00:05:23.058878+00:00, run_end_date=2025-05-13 00:05:23.507484+00:00, run_duration=0.448, state=success, executor=LocalExecutor(parallelism=32), executor_state=success, try_number=1, max_tries=1, pool=default_pool, queue=default, priority_weight=2, operator=PythonOperator, queued_dttm=2025-05-13 00:05:23.015230+00:00, scheduled_dttm=2025-05-13 00:05:23.001980+00:00,queued_by_job_id=13, pid=94887
[2025-05-13T02:05:24.086+0200] {scheduler_job_runner.py:852} INFO - TaskInstance Finished: dag_id=octopus_pricing_8am, task_id=ingest_price_comparison, run_id=manual__2025-05-13T00:05:22.240074+00:00, map_index=-1, run_start_date=2025-05-13 00:05:23.058907+00:00, run_end_date=2025-05-13 00:05:23.798008+00:00, run_duration=0.739101, state=up_for_retry, executor=LocalExecutor(parallelism=32), executor_state=success, try_number=1, max_tries=1, pool=default_pool, queue=default, priority_weight=2, operator=PythonOperator, queued_dttm=2025-05-13 00:05:23.015230+00:00, scheduled_dttm=2025-05-13 00:05:23.001980+00:00,queued_by_job_id=13, pid=94886
[2025-05-13T02:05:28.962+0200] {scheduler_job_runner.py:450} INFO - 1 tasks up for execution:
	<TaskInstance: octopus_pricing_8am.ingest_price_comparison manual__2025-05-13T00:05:22.240074+00:00 [scheduled]>
[2025-05-13T02:05:28.962+0200] {scheduler_job_runner.py:522} INFO - DAG octopus_pricing_8am has 0/16 running and queued tasks
[2025-05-13T02:05:28.962+0200] {scheduler_job_runner.py:661} INFO - Setting the following tasks to queued state:
	<TaskInstance: octopus_pricing_8am.ingest_price_comparison manual__2025-05-13T00:05:22.240074+00:00 [scheduled]>
[2025-05-13T02:05:28.963+0200] {scheduler_job_runner.py:767} INFO - Trying to enqueue tasks: [<TaskInstance: octopus_pricing_8am.ingest_price_comparison manual__2025-05-13T00:05:22.240074+00:00 [scheduled]>] for executor: LocalExecutor(parallelism=32)
[2m2025-05-13 02:05:29[0m [[32m[1minfo     [0m] [1mSecrets backends loaded for worker[0m [[0m[1m[34msupervisor[0m][0m [36mbackend_classes[0m=[35m['EnvironmentVariablesBackend'][0m [36mcount[0m=[35m1[0m
[2025-05-13T02:05:29.024+0200] {_client.py:1025} INFO - HTTP Request: PATCH http://localhost:8080/execution/task-instances/0196c6f5-dcd7-7d36-9f1a-aeb25d6aace1/run "HTTP/1.1 200 OK"
[2m2025-05-13 02:05:29[0m [[32m[1mdebug    [0m] [1mSending                       [0m [[0m[1m[34msupervisor[0m][0m [36mmsg[0m=[35mStartupDetails(ti=TaskInstance(id=UUID('0196c6f5-dcd7-7d36-9f1a-aeb25d6aace1'), task_id='ingest_price_comparison', dag_id='octopus_pricing_8am', run_id='manual__2025-05-13T00:05:22.240074+00:00', try_number=2, map_index=-1, pool_slots=1, queue='default', priority_weight=2, executor_config={}, parent_context_carrier={}, context_carrier=None, queued_dttm=datetime.datetime(2025, 5, 13, 0, 5, 23, 15230, tzinfo=Timezone('UTC'))), dag_rel_path='octopus_pricing_pipeline.py', bundle_info=BundleInfo(name='dags-folder', version=None), requests_fd=44, start_date=datetime.datetime(2025, 5, 13, 0, 5, 29, 5172, tzinfo=datetime.timezone.utc), ti_context=TIRunContext(dag_run=DagRun(dag_id='octopus_pricing_8am', run_id='manual__2025-05-13T00:05:22.240074+00:00', logical_date=datetime.datetime(2025, 5, 13, 0, 5, 21, 342000, tzinfo=TzInfo(UTC)), data_interval_start=datetime.datetime(2025, 5, 13, 0, 5, 21, 342000, tzinfo=TzInfo(UTC)), data_interval_end=datetime.datetime(2025, 5, 13, 0, 5, 21, 342000, tzinfo=TzInfo(UTC)), run_after=datetime.datetime(2025, 5, 13, 0, 5, 21, 342000, tzinfo=TzInfo(UTC)), start_date=datetime.datetime(2025, 5, 13, 0, 5, 22, 984504, tzinfo=TzInfo(UTC)), end_date=None, clear_number=0, run_type=<DagRunType.MANUAL: 'manual'>, conf={}, consumed_asset_events=[]), task_reschedule_count=0, max_tries=1, variables=[], connections=[], upstream_map_indexes=None, next_method=None, next_kwargs=None, xcom_keys_to_clear=[], should_retry=False), type='StartupDetails')[0m
[2025-05-13T02:05:29.060+0200] {_client.py:1025} INFO - HTTP Request: PUT http://localhost:8080/execution/task-instances/0196c6f5-dcd7-7d36-9f1a-aeb25d6aace1/heartbeat "HTTP/1.1 204 No Content"
[2m2025-05-13 02:05:29[0m [[32m[1mdebug    [0m] [1mReceived message from task runner[0m [[0m[1m[34msupervisor[0m][0m [36mmsg[0m=[35mGetVariable(key='BASE_PATH', type='GetVariable')[0m
[2025-05-13T02:05:29.256+0200] {_client.py:1025} INFO - HTTP Request: GET http://localhost:8080/execution/variables/BASE_PATH "HTTP/1.1 200 OK"
[2m2025-05-13 02:05:29[0m [[32m[1mdebug    [0m] [1mReceived message from task runner[0m [[0m[1m[34msupervisor[0m][0m [36mmsg[0m=[35mGetVariable(key='BASE_DATA_PATH', type='GetVariable')[0m
[2025-05-13T02:05:29.263+0200] {_client.py:1025} INFO - HTTP Request: GET http://localhost:8080/execution/variables/BASE_DATA_PATH "HTTP/1.1 200 OK"
[2m2025-05-13 02:05:29[0m [[32m[1mdebug    [0m] [1mReceived message from task runner[0m [[0m[1m[34msupervisor[0m][0m [36mmsg[0m=[35mGetConnection(conn_id='staging_postgres', type='GetConnection')[0m
[2025-05-13T02:05:29.272+0200] {_client.py:1025} INFO - HTTP Request: GET http://localhost:8080/execution/connections/staging_postgres "HTTP/1.1 200 OK"
[2m2025-05-13 02:05:29[0m [[32m[1mdebug    [0m] [1mReceived message from task runner[0m [[0m[1m[34msupervisor[0m][0m [36mmsg[0m=[35mSetRenderedFields(rendered_fields={'templates_dict': None, 'op_args': [], 'op_kwargs': {}}, type='SetRenderedFields')[0m
[2025-05-13T02:05:29.297+0200] {_client.py:1025} INFO - HTTP Request: PUT http://localhost:8080/execution/task-instances/0196c6f5-dcd7-7d36-9f1a-aeb25d6aace1/rtif "HTTP/1.1 201 Created"
[2m2025-05-13 02:05:29[0m [[32m[1mdebug    [0m] [1mReceived message from task runner[0m [[0m[1m[34msupervisor[0m][0m [36mmsg[0m=[35mGetVariable(key='BASE_DATA_PATH', type='GetVariable')[0m
[2025-05-13T02:05:29.303+0200] {_client.py:1025} INFO - HTTP Request: GET http://localhost:8080/execution/variables/BASE_DATA_PATH "HTTP/1.1 200 OK"
[2m2025-05-13 02:05:29[0m [[32m[1mdebug    [0m] [1mReceived message from task runner[0m [[0m[1m[34msupervisor[0m][0m [36mmsg[0m=[35mTaskState(state=<TerminalTIState.FAILED: 'failed'>, end_date=datetime.datetime(2025, 5, 13, 0, 5, 29, 394389, tzinfo=TzInfo(UTC)), type='TaskState')[0m
[2025-05-13T02:05:29.420+0200] {_client.py:1025} INFO - HTTP Request: PATCH http://localhost:8080/execution/task-instances/0196c6f5-dcd7-7d36-9f1a-aeb25d6aace1/state "HTTP/1.1 204 No Content"
[2m2025-05-13 02:05:29[0m [[32m[1minfo     [0m] [1mTask finished                 [0m [[0m[1m[34msupervisor[0m][0m [36mduration[0m=[35m0.4187402820025454[0m [36mexit_code[0m=[35m0[0m [36mfinal_state[0m=[35mfailed[0m
[2025-05-13T02:05:29.615+0200] {scheduler_job_runner.py:810} INFO - Received executor event with state success for task instance TaskInstanceKey(dag_id='octopus_pricing_8am', task_id='ingest_price_comparison', run_id='manual__2025-05-13T00:05:22.240074+00:00', try_number=2, map_index=-1)
[2025-05-13T02:05:29.619+0200] {scheduler_job_runner.py:852} INFO - TaskInstance Finished: dag_id=octopus_pricing_8am, task_id=ingest_price_comparison, run_id=manual__2025-05-13T00:05:22.240074+00:00, map_index=-1, run_start_date=2025-05-13 00:05:29.005172+00:00, run_end_date=2025-05-13 00:05:29.401876+00:00, run_duration=0.397, state=failed, executor=LocalExecutor(parallelism=32), executor_state=success, try_number=2, max_tries=1, pool=default_pool, queue=default, priority_weight=2, operator=PythonOperator, queued_dttm=2025-05-13 00:05:28.963061+00:00, scheduled_dttm=2025-05-13 00:05:28.946876+00:00,queued_by_job_id=13, pid=94970
[2025-05-13T02:05:30.649+0200] {dagrun.py:1145} INFO - Marking run <DagRun octopus_pricing_8am @ 2025-05-13 00:05:21.342000+00:00: manual__2025-05-13T00:05:22.240074+00:00, state:running, queued_at: 2025-05-13 00:05:22.249240+00:00. run_type: manual> failed
[2025-05-13T02:05:30.650+0200] {dagrun.py:1224} INFO - DagRun Finished: dag_id=octopus_pricing_8am, logical_date=2025-05-13 00:05:21.342000+00:00, run_id=manual__2025-05-13T00:05:22.240074+00:00, run_start_date=2025-05-13 00:05:22.984504+00:00, run_end_date=2025-05-13 00:05:30.650074+00:00, run_duration=7.66557, state=failed, run_type=manual, data_interval_start=2025-05-13 00:05:21.342000+00:00, data_interval_end=2025-05-13 00:05:21.342000+00:00,
[2025-05-13T02:05:50.786+0200] {scheduler_job_runner.py:450} INFO - 2 tasks up for execution:
	<TaskInstance: octopus_pricing_8am.ingest_price_comparison manual__2025-05-13T00:05:49.959703+00:00 [scheduled]>
	<TaskInstance: octopus_pricing_8am.ingest_network_costs manual__2025-05-13T00:05:49.959703+00:00 [scheduled]>
[2025-05-13T02:05:50.787+0200] {scheduler_job_runner.py:522} INFO - DAG octopus_pricing_8am has 0/16 running and queued tasks
[2025-05-13T02:05:50.787+0200] {scheduler_job_runner.py:522} INFO - DAG octopus_pricing_8am has 1/16 running and queued tasks
[2025-05-13T02:05:50.787+0200] {scheduler_job_runner.py:661} INFO - Setting the following tasks to queued state:
	<TaskInstance: octopus_pricing_8am.ingest_price_comparison manual__2025-05-13T00:05:49.959703+00:00 [scheduled]>
	<TaskInstance: octopus_pricing_8am.ingest_network_costs manual__2025-05-13T00:05:49.959703+00:00 [scheduled]>
[2025-05-13T02:05:50.788+0200] {scheduler_job_runner.py:767} INFO - Trying to enqueue tasks: [<TaskInstance: octopus_pricing_8am.ingest_price_comparison manual__2025-05-13T00:05:49.959703+00:00 [scheduled]>, <TaskInstance: octopus_pricing_8am.ingest_network_costs manual__2025-05-13T00:05:49.959703+00:00 [scheduled]>] for executor: LocalExecutor(parallelism=32)
[2m2025-05-13 02:05:50[0m [[32m[1minfo     [0m] [1mSecrets backends loaded for worker[0m [[0m[1m[34msupervisor[0m][0m [36mbackend_classes[0m=[35m['EnvironmentVariablesBackend'][0m [36mcount[0m=[35m1[0m
[2m2025-05-13 02:05:50[0m [[32m[1minfo     [0m] [1mSecrets backends loaded for worker[0m [[0m[1m[34msupervisor[0m][0m [36mbackend_classes[0m=[35m['EnvironmentVariablesBackend'][0m [36mcount[0m=[35m1[0m
[2025-05-13T02:05:50.856+0200] {_client.py:1025} INFO - HTTP Request: PATCH http://localhost:8080/execution/task-instances/0196c6f6-4312-739e-a1bc-c16bb57ca60e/run "HTTP/1.1 200 OK"
[2m2025-05-13 02:05:50[0m [[32m[1mdebug    [0m] [1mSending                       [0m [[0m[1m[34msupervisor[0m][0m [36mmsg[0m=[35mStartupDetails(ti=TaskInstance(id=UUID('0196c6f6-4312-739e-a1bc-c16bb57ca60e'), task_id='ingest_price_comparison', dag_id='octopus_pricing_8am', run_id='manual__2025-05-13T00:05:49.959703+00:00', try_number=1, map_index=-1, pool_slots=1, queue='default', priority_weight=2, executor_config={}, parent_context_carrier={}, context_carrier=None, queued_dttm=None), dag_rel_path='octopus_pricing_pipeline.py', bundle_info=BundleInfo(name='dags-folder', version=None), requests_fd=56, start_date=datetime.datetime(2025, 5, 13, 0, 5, 50, 827599, tzinfo=datetime.timezone.utc), ti_context=TIRunContext(dag_run=DagRun(dag_id='octopus_pricing_8am', run_id='manual__2025-05-13T00:05:49.959703+00:00', logical_date=datetime.datetime(2025, 5, 13, 0, 5, 48, 635000, tzinfo=TzInfo(UTC)), data_interval_start=datetime.datetime(2025, 5, 13, 0, 5, 48, 635000, tzinfo=TzInfo(UTC)), data_interval_end=datetime.datetime(2025, 5, 13, 0, 5, 48, 635000, tzinfo=TzInfo(UTC)), run_after=datetime.datetime(2025, 5, 13, 0, 5, 48, 635000, tzinfo=TzInfo(UTC)), start_date=datetime.datetime(2025, 5, 13, 0, 5, 50, 756032, tzinfo=TzInfo(UTC)), end_date=None, clear_number=0, run_type=<DagRunType.MANUAL: 'manual'>, conf={}, consumed_asset_events=[]), task_reschedule_count=0, max_tries=1, variables=[], connections=[], upstream_map_indexes=None, next_method=None, next_kwargs=None, xcom_keys_to_clear=[], should_retry=True), type='StartupDetails')[0m
[2025-05-13T02:05:50.864+0200] {_client.py:1025} INFO - HTTP Request: PATCH http://localhost:8080/execution/task-instances/0196c6f6-4313-7bf1-a5d1-472adec560b8/run "HTTP/1.1 200 OK"
[2m2025-05-13 02:05:50[0m [[32m[1mdebug    [0m] [1mSending                       [0m [[0m[1m[34msupervisor[0m][0m [36mmsg[0m=[35mStartupDetails(ti=TaskInstance(id=UUID('0196c6f6-4313-7bf1-a5d1-472adec560b8'), task_id='ingest_network_costs', dag_id='octopus_pricing_8am', run_id='manual__2025-05-13T00:05:49.959703+00:00', try_number=1, map_index=-1, pool_slots=1, queue='default', priority_weight=2, executor_config={}, parent_context_carrier={}, context_carrier=None, queued_dttm=None), dag_rel_path='octopus_pricing_pipeline.py', bundle_info=BundleInfo(name='dags-folder', version=None), requests_fd=46, start_date=datetime.datetime(2025, 5, 13, 0, 5, 50, 828385, tzinfo=datetime.timezone.utc), ti_context=TIRunContext(dag_run=DagRun(dag_id='octopus_pricing_8am', run_id='manual__2025-05-13T00:05:49.959703+00:00', logical_date=datetime.datetime(2025, 5, 13, 0, 5, 48, 635000, tzinfo=TzInfo(UTC)), data_interval_start=datetime.datetime(2025, 5, 13, 0, 5, 48, 635000, tzinfo=TzInfo(UTC)), data_interval_end=datetime.datetime(2025, 5, 13, 0, 5, 48, 635000, tzinfo=TzInfo(UTC)), run_after=datetime.datetime(2025, 5, 13, 0, 5, 48, 635000, tzinfo=TzInfo(UTC)), start_date=datetime.datetime(2025, 5, 13, 0, 5, 50, 756032, tzinfo=TzInfo(UTC)), end_date=None, clear_number=0, run_type=<DagRunType.MANUAL: 'manual'>, conf={}, consumed_asset_events=[]), task_reschedule_count=0, max_tries=1, variables=[], connections=[], upstream_map_indexes=None, next_method=None, next_kwargs=None, xcom_keys_to_clear=[], should_retry=True), type='StartupDetails')[0m
[2025-05-13T02:05:50.888+0200] {_client.py:1025} INFO - HTTP Request: PUT http://localhost:8080/execution/task-instances/0196c6f6-4313-7bf1-a5d1-472adec560b8/heartbeat "HTTP/1.1 204 No Content"
[2025-05-13T02:05:50.897+0200] {_client.py:1025} INFO - HTTP Request: PUT http://localhost:8080/execution/task-instances/0196c6f6-4312-739e-a1bc-c16bb57ca60e/heartbeat "HTTP/1.1 204 No Content"
[2m2025-05-13 02:05:51[0m [[32m[1mdebug    [0m] [1mReceived message from task runner[0m [[0m[1m[34msupervisor[0m][0m [36mmsg[0m=[35mGetVariable(key='BASE_PATH', type='GetVariable')[0m
[2m2025-05-13 02:05:51[0m [[32m[1mdebug    [0m] [1mReceived message from task runner[0m [[0m[1m[34msupervisor[0m][0m [36mmsg[0m=[35mGetVariable(key='BASE_PATH', type='GetVariable')[0m
[2025-05-13T02:05:51.134+0200] {_client.py:1025} INFO - HTTP Request: GET http://localhost:8080/execution/variables/BASE_PATH "HTTP/1.1 200 OK"
[2m2025-05-13 02:05:51[0m [[32m[1mdebug    [0m] [1mReceived message from task runner[0m [[0m[1m[34msupervisor[0m][0m [36mmsg[0m=[35mGetVariable(key='BASE_DATA_PATH', type='GetVariable')[0m
[2025-05-13T02:05:51.140+0200] {_client.py:1025} INFO - HTTP Request: GET http://localhost:8080/execution/variables/BASE_PATH "HTTP/1.1 200 OK"
[2m2025-05-13 02:05:51[0m [[32m[1mdebug    [0m] [1mReceived message from task runner[0m [[0m[1m[34msupervisor[0m][0m [36mmsg[0m=[35mGetVariable(key='BASE_DATA_PATH', type='GetVariable')[0m
[2025-05-13T02:05:51.151+0200] {_client.py:1025} INFO - HTTP Request: GET http://localhost:8080/execution/variables/BASE_DATA_PATH "HTTP/1.1 200 OK"
[2025-05-13T02:05:51.151+0200] {_client.py:1025} INFO - HTTP Request: GET http://localhost:8080/execution/variables/BASE_DATA_PATH "HTTP/1.1 200 OK"
[2m2025-05-13 02:05:51[0m [[32m[1mdebug    [0m] [1mReceived message from task runner[0m [[0m[1m[34msupervisor[0m][0m [36mmsg[0m=[35mGetConnection(conn_id='staging_postgres', type='GetConnection')[0m
[2m2025-05-13 02:05:51[0m [[32m[1mdebug    [0m] [1mReceived message from task runner[0m [[0m[1m[34msupervisor[0m][0m [36mmsg[0m=[35mGetConnection(conn_id='staging_postgres', type='GetConnection')[0m
[2025-05-13T02:05:51.162+0200] {_client.py:1025} INFO - HTTP Request: GET http://localhost:8080/execution/connections/staging_postgres "HTTP/1.1 200 OK"
[2025-05-13T02:05:51.164+0200] {_client.py:1025} INFO - HTTP Request: GET http://localhost:8080/execution/connections/staging_postgres "HTTP/1.1 200 OK"
[2m2025-05-13 02:05:51[0m [[32m[1mdebug    [0m] [1mReceived message from task runner[0m [[0m[1m[34msupervisor[0m][0m [36mmsg[0m=[35mSetRenderedFields(rendered_fields={'templates_dict': None, 'op_args': [], 'op_kwargs': {}}, type='SetRenderedFields')[0m
[2m2025-05-13 02:05:51[0m [[32m[1mdebug    [0m] [1mReceived message from task runner[0m [[0m[1m[34msupervisor[0m][0m [36mmsg[0m=[35mSetRenderedFields(rendered_fields={'templates_dict': None, 'op_args': [], 'op_kwargs': {}}, type='SetRenderedFields')[0m
[2025-05-13T02:05:51.206+0200] {_client.py:1025} INFO - HTTP Request: PUT http://localhost:8080/execution/task-instances/0196c6f6-4313-7bf1-a5d1-472adec560b8/rtif "HTTP/1.1 201 Created"
[2m2025-05-13 02:05:51[0m [[32m[1mdebug    [0m] [1mReceived message from task runner[0m [[0m[1m[34msupervisor[0m][0m [36mmsg[0m=[35mGetVariable(key='BASE_DATA_PATH', type='GetVariable')[0m
[2025-05-13T02:05:51.214+0200] {_client.py:1025} INFO - HTTP Request: GET http://localhost:8080/execution/variables/BASE_DATA_PATH "HTTP/1.1 200 OK"
[2m2025-05-13 02:05:51[0m [[32m[1mdebug    [0m] [1mReceived message from task runner[0m [[0m[1m[34msupervisor[0m][0m [36mmsg[0m=[35mGetVariable(key='NETWORK_COSTS_FILE', type='GetVariable')[0m
[2025-05-13T02:05:51.216+0200] {_client.py:1025} INFO - HTTP Request: PUT http://localhost:8080/execution/task-instances/0196c6f6-4312-739e-a1bc-c16bb57ca60e/rtif "HTTP/1.1 201 Created"
[2m2025-05-13 02:05:51[0m [[32m[1mdebug    [0m] [1mReceived message from task runner[0m [[0m[1m[34msupervisor[0m][0m [36mmsg[0m=[35mGetVariable(key='BASE_DATA_PATH', type='GetVariable')[0m
[2025-05-13T02:05:51.224+0200] {_client.py:1025} INFO - HTTP Request: GET http://localhost:8080/execution/variables/NETWORK_COSTS_FILE "HTTP/1.1 200 OK"
[2025-05-13T02:05:51.226+0200] {_client.py:1025} INFO - HTTP Request: GET http://localhost:8080/execution/variables/BASE_DATA_PATH "HTTP/1.1 200 OK"
[2m2025-05-13 02:05:51[0m [[32m[1mdebug    [0m] [1mReceived message from task runner[0m [[0m[1m[34msupervisor[0m][0m [36mmsg[0m=[35mSucceedTask(state='success', end_date=datetime.datetime(2025, 5, 13, 0, 5, 51, 286957, tzinfo=TzInfo(UTC)), task_outlets=[], outlet_events=[], type='SucceedTask')[0m
[2025-05-13T02:05:51.309+0200] {_client.py:1025} INFO - HTTP Request: PATCH http://localhost:8080/execution/task-instances/0196c6f6-4313-7bf1-a5d1-472adec560b8/state "HTTP/1.1 204 No Content"
[2m2025-05-13 02:05:51[0m [[32m[1minfo     [0m] [1mTask finished                 [0m [[0m[1m[34msupervisor[0m][0m [36mduration[0m=[35m0.48477136099972995[0m [36mexit_code[0m=[35m0[0m [36mfinal_state[0m=[35msuccess[0m
[2025-05-13T02:05:51.861+0200] {scheduler_job_runner.py:810} INFO - Received executor event with state success for task instance TaskInstanceKey(dag_id='octopus_pricing_8am', task_id='ingest_network_costs', run_id='manual__2025-05-13T00:05:49.959703+00:00', try_number=1, map_index=-1)
[2025-05-13T02:05:51.865+0200] {scheduler_job_runner.py:852} INFO - TaskInstance Finished: dag_id=octopus_pricing_8am, task_id=ingest_network_costs, run_id=manual__2025-05-13T00:05:49.959703+00:00, map_index=-1, run_start_date=2025-05-13 00:05:50.828385+00:00, run_end_date=2025-05-13 00:05:51.286957+00:00, run_duration=1.459, state=success, executor=LocalExecutor(parallelism=32), executor_state=success, try_number=1, max_tries=1, pool=default_pool, queue=default, priority_weight=2, operator=PythonOperator, queued_dttm=2025-05-13 00:05:50.787918+00:00, scheduled_dttm=2025-05-13 00:05:50.773480+00:00,queued_by_job_id=13, pid=95225
[2m2025-05-13 02:05:55[0m [[32m[1mdebug    [0m] [1mReceived message from task runner[0m [[0m[1m[34msupervisor[0m][0m [36mmsg[0m=[35mSucceedTask(state='success', end_date=datetime.datetime(2025, 5, 13, 0, 5, 55, 249833, tzinfo=TzInfo(UTC)), task_outlets=[], outlet_events=[], type='SucceedTask')[0m
[2025-05-13T02:05:55.273+0200] {_client.py:1025} INFO - HTTP Request: PATCH http://localhost:8080/execution/task-instances/0196c6f6-4312-739e-a1bc-c16bb57ca60e/state "HTTP/1.1 204 No Content"
[2m2025-05-13 02:05:55[0m [[32m[1minfo     [0m] [1mTask finished                 [0m [[0m[1m[34msupervisor[0m][0m [36mduration[0m=[35m4.450132646001293[0m [36mexit_code[0m=[35m0[0m [36mfinal_state[0m=[35msuccess[0m
[2025-05-13T02:05:55.916+0200] {scheduler_job_runner.py:450} INFO - 1 tasks up for execution:
	<TaskInstance: octopus_pricing_8am.dbt_run manual__2025-05-13T00:05:49.959703+00:00 [scheduled]>
[2025-05-13T02:05:55.916+0200] {scheduler_job_runner.py:522} INFO - DAG octopus_pricing_8am has 0/16 running and queued tasks
[2025-05-13T02:05:55.916+0200] {scheduler_job_runner.py:661} INFO - Setting the following tasks to queued state:
	<TaskInstance: octopus_pricing_8am.dbt_run manual__2025-05-13T00:05:49.959703+00:00 [scheduled]>
[2025-05-13T02:05:55.917+0200] {scheduler_job_runner.py:767} INFO - Trying to enqueue tasks: [<TaskInstance: octopus_pricing_8am.dbt_run manual__2025-05-13T00:05:49.959703+00:00 [scheduled]>] for executor: LocalExecutor(parallelism=32)
[2025-05-13T02:05:55.925+0200] {scheduler_job_runner.py:810} INFO - Received executor event with state success for task instance TaskInstanceKey(dag_id='octopus_pricing_8am', task_id='ingest_price_comparison', run_id='manual__2025-05-13T00:05:49.959703+00:00', try_number=1, map_index=-1)
[2025-05-13T02:05:55.928+0200] {scheduler_job_runner.py:852} INFO - TaskInstance Finished: dag_id=octopus_pricing_8am, task_id=ingest_price_comparison, run_id=manual__2025-05-13T00:05:49.959703+00:00, map_index=-1, run_start_date=2025-05-13 00:05:50.827599+00:00, run_end_date=2025-05-13 00:05:55.249833+00:00, run_duration=9.422, state=success, executor=LocalExecutor(parallelism=32), executor_state=success, try_number=1, max_tries=1, pool=default_pool, queue=default, priority_weight=2, operator=PythonOperator, queued_dttm=2025-05-13 00:05:50.787918+00:00, scheduled_dttm=2025-05-13 00:05:50.773480+00:00,queued_by_job_id=13, pid=95224
[2m2025-05-13 02:05:55[0m [[32m[1minfo     [0m] [1mSecrets backends loaded for worker[0m [[0m[1m[34msupervisor[0m][0m [36mbackend_classes[0m=[35m['EnvironmentVariablesBackend'][0m [36mcount[0m=[35m1[0m
[2025-05-13T02:05:55.990+0200] {_client.py:1025} INFO - HTTP Request: PATCH http://localhost:8080/execution/task-instances/0196c6f6-4314-76b9-9b83-8e170ac2ed78/run "HTTP/1.1 200 OK"
[2m2025-05-13 02:05:55[0m [[32m[1mdebug    [0m] [1mSending                       [0m [[0m[1m[34msupervisor[0m][0m [36mmsg[0m=[35mStartupDetails(ti=TaskInstance(id=UUID('0196c6f6-4314-76b9-9b83-8e170ac2ed78'), task_id='dbt_run', dag_id='octopus_pricing_8am', run_id='manual__2025-05-13T00:05:49.959703+00:00', try_number=1, map_index=-1, pool_slots=1, queue='default', priority_weight=1, executor_config={}, parent_context_carrier={}, context_carrier=None, queued_dttm=None), dag_rel_path='octopus_pricing_pipeline.py', bundle_info=BundleInfo(name='dags-folder', version=None), requests_fd=47, start_date=datetime.datetime(2025, 5, 13, 0, 5, 55, 959821, tzinfo=datetime.timezone.utc), ti_context=TIRunContext(dag_run=DagRun(dag_id='octopus_pricing_8am', run_id='manual__2025-05-13T00:05:49.959703+00:00', logical_date=datetime.datetime(2025, 5, 13, 0, 5, 48, 635000, tzinfo=TzInfo(UTC)), data_interval_start=datetime.datetime(2025, 5, 13, 0, 5, 48, 635000, tzinfo=TzInfo(UTC)), data_interval_end=datetime.datetime(2025, 5, 13, 0, 5, 48, 635000, tzinfo=TzInfo(UTC)), run_after=datetime.datetime(2025, 5, 13, 0, 5, 48, 635000, tzinfo=TzInfo(UTC)), start_date=datetime.datetime(2025, 5, 13, 0, 5, 50, 756032, tzinfo=TzInfo(UTC)), end_date=None, clear_number=0, run_type=<DagRunType.MANUAL: 'manual'>, conf={}, consumed_asset_events=[]), task_reschedule_count=0, max_tries=1, variables=[], connections=[], upstream_map_indexes=None, next_method=None, next_kwargs=None, xcom_keys_to_clear=[], should_retry=True), type='StartupDetails')[0m
[2025-05-13T02:05:56.017+0200] {_client.py:1025} INFO - HTTP Request: PUT http://localhost:8080/execution/task-instances/0196c6f6-4314-76b9-9b83-8e170ac2ed78/heartbeat "HTTP/1.1 204 No Content"
[2m2025-05-13 02:05:56[0m [[32m[1mdebug    [0m] [1mReceived message from task runner[0m [[0m[1m[34msupervisor[0m][0m [36mmsg[0m=[35mGetVariable(key='BASE_PATH', type='GetVariable')[0m
[2025-05-13T02:05:56.227+0200] {_client.py:1025} INFO - HTTP Request: GET http://localhost:8080/execution/variables/BASE_PATH "HTTP/1.1 200 OK"
[2m2025-05-13 02:05:56[0m [[32m[1mdebug    [0m] [1mReceived message from task runner[0m [[0m[1m[34msupervisor[0m][0m [36mmsg[0m=[35mGetVariable(key='BASE_DATA_PATH', type='GetVariable')[0m
[2025-05-13T02:05:56.233+0200] {_client.py:1025} INFO - HTTP Request: GET http://localhost:8080/execution/variables/BASE_DATA_PATH "HTTP/1.1 200 OK"
[2m2025-05-13 02:05:56[0m [[32m[1mdebug    [0m] [1mReceived message from task runner[0m [[0m[1m[34msupervisor[0m][0m [36mmsg[0m=[35mGetConnection(conn_id='staging_postgres', type='GetConnection')[0m
[2025-05-13T02:05:56.241+0200] {_client.py:1025} INFO - HTTP Request: GET http://localhost:8080/execution/connections/staging_postgres "HTTP/1.1 200 OK"
[2m2025-05-13 02:05:56[0m [[32m[1mdebug    [0m] [1mReceived message from task runner[0m [[0m[1m[34msupervisor[0m][0m [36mmsg[0m=[35mGetVariable(key='BASE_PATH', type='GetVariable')[0m
[2025-05-13T02:05:56.260+0200] {_client.py:1025} INFO - HTTP Request: GET http://localhost:8080/execution/variables/BASE_PATH "HTTP/1.1 200 OK"
[2m2025-05-13 02:05:56[0m [[32m[1mdebug    [0m] [1mReceived message from task runner[0m [[0m[1m[34msupervisor[0m][0m [36mmsg[0m=[35mSetRenderedFields(rendered_fields={'bash_command': 'cd /home/ilies/octopus_data_engineer_case_study/data_engineer_case_study/octopus_pricing && dbt run --models final_analytics_table', 'env': None, 'cwd': None}, type='SetRenderedFields')[0m
[2025-05-13T02:05:56.286+0200] {_client.py:1025} INFO - HTTP Request: PUT http://localhost:8080/execution/task-instances/0196c6f6-4314-76b9-9b83-8e170ac2ed78/rtif "HTTP/1.1 201 Created"
[2m2025-05-13 02:05:58[0m [[32m[1mdebug    [0m] [1mReceived message from task runner[0m [[0m[1m[34msupervisor[0m][0m [36mmsg[0m=[35mSetXCom(key='return_value', value='\x1b[0m00:05:58  Done. PASS=1 WARN=0 ERROR=0 SKIP=0 TOTAL=1', dag_id='octopus_pricing_8am', run_id='manual__2025-05-13T00:05:49.959703+00:00', task_id='dbt_run', map_index=-1, mapped_length=None, type='SetXCom')[0m
[2025-05-13T02:05:58.954+0200] {_client.py:1025} INFO - HTTP Request: POST http://localhost:8080/execution/xcoms/octopus_pricing_8am/manual__2025-05-13T00:05:49.959703+00:00/dbt_run/return_value "HTTP/1.1 201 Created"
[2m2025-05-13 02:05:58[0m [[32m[1mdebug    [0m] [1mReceived message from task runner[0m [[0m[1m[34msupervisor[0m][0m [36mmsg[0m=[35mSucceedTask(state='success', end_date=datetime.datetime(2025, 5, 13, 0, 5, 58, 934875, tzinfo=TzInfo(UTC)), task_outlets=[], outlet_events=[], type='SucceedTask')[0m
[2025-05-13T02:05:58.975+0200] {_client.py:1025} INFO - HTTP Request: PATCH http://localhost:8080/execution/task-instances/0196c6f6-4314-76b9-9b83-8e170ac2ed78/state "HTTP/1.1 204 No Content"
[2m2025-05-13 02:05:58[0m [[32m[1minfo     [0m] [1mTask finished                 [0m [[0m[1m[34msupervisor[0m][0m [36mduration[0m=[35m3.0208851839997806[0m [36mexit_code[0m=[35m0[0m [36mfinal_state[0m=[35msuccess[0m
[2025-05-13T02:05:59.179+0200] {dagrun.py:1174} INFO - Marking run <DagRun octopus_pricing_8am @ 2025-05-13 00:05:48.635000+00:00: manual__2025-05-13T00:05:49.959703+00:00, state:running, queued_at: 2025-05-13 00:05:49.964933+00:00. run_type: manual> successful
[2025-05-13T02:05:59.180+0200] {dagrun.py:1224} INFO - DagRun Finished: dag_id=octopus_pricing_8am, logical_date=2025-05-13 00:05:48.635000+00:00, run_id=manual__2025-05-13T00:05:49.959703+00:00, run_start_date=2025-05-13 00:05:50.756032+00:00, run_end_date=2025-05-13 00:05:59.180204+00:00, run_duration=8.424172, state=success, run_type=manual, data_interval_start=2025-05-13 00:05:48.635000+00:00, data_interval_end=2025-05-13 00:05:48.635000+00:00,
[2025-05-13T02:05:59.191+0200] {scheduler_job_runner.py:810} INFO - Received executor event with state success for task instance TaskInstanceKey(dag_id='octopus_pricing_8am', task_id='dbt_run', run_id='manual__2025-05-13T00:05:49.959703+00:00', try_number=1, map_index=-1)
[2025-05-13T02:05:59.194+0200] {scheduler_job_runner.py:852} INFO - TaskInstance Finished: dag_id=octopus_pricing_8am, task_id=dbt_run, run_id=manual__2025-05-13T00:05:49.959703+00:00, map_index=-1, run_start_date=2025-05-13 00:05:55.959821+00:00, run_end_date=2025-05-13 00:05:58.934875+00:00, run_duration=5.975, state=success, executor=LocalExecutor(parallelism=32), executor_state=success, try_number=1, max_tries=1, pool=default_pool, queue=default, priority_weight=1, operator=BashOperator, queued_dttm=2025-05-13 00:05:55.917248+00:00, scheduled_dttm=2025-05-13 00:05:55.900699+00:00,queued_by_job_id=13, pid=95302
[2025-05-13T02:08:36.033+0200] {scheduler_job_runner.py:2128} INFO - Adopting or resetting orphaned tasks for active dag runs
[2025-05-13T02:08:46.807+0200] {scheduler_job_runner.py:450} INFO - 2 tasks up for execution:
	<TaskInstance: octopus_pricing_8am.ingest_price_comparison manual__2025-05-13T00:08:46.684763+00:00 [scheduled]>
	<TaskInstance: octopus_pricing_8am.ingest_network_costs manual__2025-05-13T00:08:46.684763+00:00 [scheduled]>
[2025-05-13T02:08:46.807+0200] {scheduler_job_runner.py:522} INFO - DAG octopus_pricing_8am has 0/16 running and queued tasks
[2025-05-13T02:08:46.807+0200] {scheduler_job_runner.py:522} INFO - DAG octopus_pricing_8am has 1/16 running and queued tasks
[2025-05-13T02:08:46.808+0200] {scheduler_job_runner.py:661} INFO - Setting the following tasks to queued state:
	<TaskInstance: octopus_pricing_8am.ingest_price_comparison manual__2025-05-13T00:08:46.684763+00:00 [scheduled]>
	<TaskInstance: octopus_pricing_8am.ingest_network_costs manual__2025-05-13T00:08:46.684763+00:00 [scheduled]>
[2025-05-13T02:08:46.809+0200] {scheduler_job_runner.py:767} INFO - Trying to enqueue tasks: [<TaskInstance: octopus_pricing_8am.ingest_price_comparison manual__2025-05-13T00:08:46.684763+00:00 [scheduled]>, <TaskInstance: octopus_pricing_8am.ingest_network_costs manual__2025-05-13T00:08:46.684763+00:00 [scheduled]>] for executor: LocalExecutor(parallelism=32)
[2m2025-05-13 02:08:46[0m [[32m[1minfo     [0m] [1mSecrets backends loaded for worker[0m [[0m[1m[34msupervisor[0m][0m [36mbackend_classes[0m=[35m['EnvironmentVariablesBackend'][0m [36mcount[0m=[35m1[0m
[2m2025-05-13 02:08:46[0m [[32m[1minfo     [0m] [1mSecrets backends loaded for worker[0m [[0m[1m[34msupervisor[0m][0m [36mbackend_classes[0m=[35m['EnvironmentVariablesBackend'][0m [36mcount[0m=[35m1[0m
[2025-05-13T02:08:46.886+0200] {_client.py:1025} INFO - HTTP Request: PATCH http://localhost:8080/execution/task-instances/0196c6f8-f568-73b9-a425-ddea1ecf578f/run "HTTP/1.1 200 OK"
[2m2025-05-13 02:08:46[0m [[32m[1mdebug    [0m] [1mSending                       [0m [[0m[1m[34msupervisor[0m][0m [36mmsg[0m=[35mStartupDetails(ti=TaskInstance(id=UUID('0196c6f8-f568-73b9-a425-ddea1ecf578f'), task_id='ingest_price_comparison', dag_id='octopus_pricing_8am', run_id='manual__2025-05-13T00:08:46.684763+00:00', try_number=1, map_index=-1, pool_slots=1, queue='default', priority_weight=2, executor_config={}, parent_context_carrier={}, context_carrier=None, queued_dttm=None), dag_rel_path='octopus_pricing_pipeline.py', bundle_info=BundleInfo(name='dags-folder', version=None), requests_fd=57, start_date=datetime.datetime(2025, 5, 13, 0, 8, 46, 859961, tzinfo=datetime.timezone.utc), ti_context=TIRunContext(dag_run=DagRun(dag_id='octopus_pricing_8am', run_id='manual__2025-05-13T00:08:46.684763+00:00', logical_date=datetime.datetime(2025, 5, 13, 0, 8, 45, 471000, tzinfo=TzInfo(UTC)), data_interval_start=datetime.datetime(2025, 5, 13, 0, 8, 45, 471000, tzinfo=TzInfo(UTC)), data_interval_end=datetime.datetime(2025, 5, 13, 0, 8, 45, 471000, tzinfo=TzInfo(UTC)), run_after=datetime.datetime(2025, 5, 13, 0, 8, 45, 471000, tzinfo=TzInfo(UTC)), start_date=datetime.datetime(2025, 5, 13, 0, 8, 46, 778752, tzinfo=TzInfo(UTC)), end_date=None, clear_number=0, run_type=<DagRunType.MANUAL: 'manual'>, conf={}, consumed_asset_events=[]), task_reschedule_count=0, max_tries=1, variables=[], connections=[], upstream_map_indexes=None, next_method=None, next_kwargs=None, xcom_keys_to_clear=[], should_retry=True), type='StartupDetails')[0m
[2025-05-13T02:08:46.895+0200] {_client.py:1025} INFO - HTTP Request: PATCH http://localhost:8080/execution/task-instances/0196c6f8-f569-7b01-b1fe-eb9d30b154b2/run "HTTP/1.1 200 OK"
[2m2025-05-13 02:08:46[0m [[32m[1mdebug    [0m] [1mSending                       [0m [[0m[1m[34msupervisor[0m][0m [36mmsg[0m=[35mStartupDetails(ti=TaskInstance(id=UUID('0196c6f8-f569-7b01-b1fe-eb9d30b154b2'), task_id='ingest_network_costs', dag_id='octopus_pricing_8am', run_id='manual__2025-05-13T00:08:46.684763+00:00', try_number=1, map_index=-1, pool_slots=1, queue='default', priority_weight=2, executor_config={}, parent_context_carrier={}, context_carrier=None, queued_dttm=None), dag_rel_path='octopus_pricing_pipeline.py', bundle_info=BundleInfo(name='dags-folder', version=None), requests_fd=49, start_date=datetime.datetime(2025, 5, 13, 0, 8, 46, 860161, tzinfo=datetime.timezone.utc), ti_context=TIRunContext(dag_run=DagRun(dag_id='octopus_pricing_8am', run_id='manual__2025-05-13T00:08:46.684763+00:00', logical_date=datetime.datetime(2025, 5, 13, 0, 8, 45, 471000, tzinfo=TzInfo(UTC)), data_interval_start=datetime.datetime(2025, 5, 13, 0, 8, 45, 471000, tzinfo=TzInfo(UTC)), data_interval_end=datetime.datetime(2025, 5, 13, 0, 8, 45, 471000, tzinfo=TzInfo(UTC)), run_after=datetime.datetime(2025, 5, 13, 0, 8, 45, 471000, tzinfo=TzInfo(UTC)), start_date=datetime.datetime(2025, 5, 13, 0, 8, 46, 778752, tzinfo=TzInfo(UTC)), end_date=None, clear_number=0, run_type=<DagRunType.MANUAL: 'manual'>, conf={}, consumed_asset_events=[]), task_reschedule_count=0, max_tries=1, variables=[], connections=[], upstream_map_indexes=None, next_method=None, next_kwargs=None, xcom_keys_to_clear=[], should_retry=True), type='StartupDetails')[0m
[2025-05-13T02:08:46.928+0200] {_client.py:1025} INFO - HTTP Request: PUT http://localhost:8080/execution/task-instances/0196c6f8-f569-7b01-b1fe-eb9d30b154b2/heartbeat "HTTP/1.1 204 No Content"
[2025-05-13T02:08:46.955+0200] {_client.py:1025} INFO - HTTP Request: PUT http://localhost:8080/execution/task-instances/0196c6f8-f568-73b9-a425-ddea1ecf578f/heartbeat "HTTP/1.1 204 No Content"
[2m2025-05-13 02:08:47[0m [[32m[1mdebug    [0m] [1mReceived message from task runner[0m [[0m[1m[34msupervisor[0m][0m [36mmsg[0m=[35mGetVariable(key='BASE_PATH', type='GetVariable')[0m
[2m2025-05-13 02:08:47[0m [[32m[1mdebug    [0m] [1mReceived message from task runner[0m [[0m[1m[34msupervisor[0m][0m [36mmsg[0m=[35mGetVariable(key='BASE_PATH', type='GetVariable')[0m
[2025-05-13T02:08:47.218+0200] {_client.py:1025} INFO - HTTP Request: GET http://localhost:8080/execution/variables/BASE_PATH "HTTP/1.1 200 OK"
[2m2025-05-13 02:08:47[0m [[32m[1mdebug    [0m] [1mReceived message from task runner[0m [[0m[1m[34msupervisor[0m][0m [36mmsg[0m=[35mGetVariable(key='BASE_DATA_PATH', type='GetVariable')[0m
[2025-05-13T02:08:47.224+0200] {_client.py:1025} INFO - HTTP Request: GET http://localhost:8080/execution/variables/BASE_PATH "HTTP/1.1 200 OK"
[2m2025-05-13 02:08:47[0m [[32m[1mdebug    [0m] [1mReceived message from task runner[0m [[0m[1m[34msupervisor[0m][0m [36mmsg[0m=[35mGetVariable(key='BASE_DATA_PATH', type='GetVariable')[0m
[2025-05-13T02:08:47.226+0200] {_client.py:1025} INFO - HTTP Request: GET http://localhost:8080/execution/variables/BASE_DATA_PATH "HTTP/1.1 200 OK"
[2m2025-05-13 02:08:47[0m [[32m[1mdebug    [0m] [1mReceived message from task runner[0m [[0m[1m[34msupervisor[0m][0m [36mmsg[0m=[35mGetConnection(conn_id='staging_postgres', type='GetConnection')[0m
[2025-05-13T02:08:47.232+0200] {_client.py:1025} INFO - HTTP Request: GET http://localhost:8080/execution/variables/BASE_DATA_PATH "HTTP/1.1 200 OK"
[2m2025-05-13 02:08:47[0m [[32m[1mdebug    [0m] [1mReceived message from task runner[0m [[0m[1m[34msupervisor[0m][0m [36mmsg[0m=[35mGetConnection(conn_id='staging_postgres', type='GetConnection')[0m
[2025-05-13T02:08:47.236+0200] {_client.py:1025} INFO - HTTP Request: GET http://localhost:8080/execution/connections/staging_postgres "HTTP/1.1 200 OK"
[2025-05-13T02:08:47.241+0200] {_client.py:1025} INFO - HTTP Request: GET http://localhost:8080/execution/connections/staging_postgres "HTTP/1.1 200 OK"
[2m2025-05-13 02:08:47[0m [[32m[1mdebug    [0m] [1mReceived message from task runner[0m [[0m[1m[34msupervisor[0m][0m [36mmsg[0m=[35mSetRenderedFields(rendered_fields={'templates_dict': None, 'op_args': [], 'op_kwargs': {}}, type='SetRenderedFields')[0m
[2m2025-05-13 02:08:47[0m [[32m[1mdebug    [0m] [1mReceived message from task runner[0m [[0m[1m[34msupervisor[0m][0m [36mmsg[0m=[35mSetRenderedFields(rendered_fields={'templates_dict': None, 'op_args': [], 'op_kwargs': {}}, type='SetRenderedFields')[0m
[2025-05-13T02:08:47.272+0200] {_client.py:1025} INFO - HTTP Request: PUT http://localhost:8080/execution/task-instances/0196c6f8-f568-73b9-a425-ddea1ecf578f/rtif "HTTP/1.1 201 Created"
[2m2025-05-13 02:08:47[0m [[32m[1mdebug    [0m] [1mReceived message from task runner[0m [[0m[1m[34msupervisor[0m][0m [36mmsg[0m=[35mGetVariable(key='BASE_DATA_PATH', type='GetVariable')[0m
[2025-05-13T02:08:47.278+0200] {_client.py:1025} INFO - HTTP Request: PUT http://localhost:8080/execution/task-instances/0196c6f8-f569-7b01-b1fe-eb9d30b154b2/rtif "HTTP/1.1 201 Created"
[2m2025-05-13 02:08:47[0m [[32m[1mdebug    [0m] [1mReceived message from task runner[0m [[0m[1m[34msupervisor[0m][0m [36mmsg[0m=[35mGetVariable(key='BASE_DATA_PATH', type='GetVariable')[0m
[2025-05-13T02:08:47.279+0200] {_client.py:1025} INFO - HTTP Request: GET http://localhost:8080/execution/variables/BASE_DATA_PATH "HTTP/1.1 200 OK"
[2025-05-13T02:08:47.285+0200] {_client.py:1025} INFO - HTTP Request: GET http://localhost:8080/execution/variables/BASE_DATA_PATH "HTTP/1.1 200 OK"
[2m2025-05-13 02:08:47[0m [[32m[1mdebug    [0m] [1mReceived message from task runner[0m [[0m[1m[34msupervisor[0m][0m [36mmsg[0m=[35mGetVariable(key='NETWORK_COSTS_FILE', type='GetVariable')[0m
[2025-05-13T02:08:47.292+0200] {_client.py:1025} INFO - HTTP Request: GET http://localhost:8080/execution/variables/NETWORK_COSTS_FILE "HTTP/1.1 200 OK"
[2m2025-05-13 02:08:47[0m [[32m[1mdebug    [0m] [1mReceived message from task runner[0m [[0m[1m[34msupervisor[0m][0m [36mmsg[0m=[35mSucceedTask(state='success', end_date=datetime.datetime(2025, 5, 13, 0, 8, 47, 362910, tzinfo=TzInfo(UTC)), task_outlets=[], outlet_events=[], type='SucceedTask')[0m
[2m2025-05-13 02:08:47[0m [[32m[1mdebug    [0m] [1mReceived message from task runner[0m [[0m[1m[34msupervisor[0m][0m [36mmsg[0m=[35mRetryTask(state='up_for_retry', end_date=datetime.datetime(2025, 5, 13, 0, 8, 47, 373042, tzinfo=TzInfo(UTC)), type='RetryTask')[0m
[2025-05-13T02:08:47.381+0200] {_client.py:1025} INFO - HTTP Request: PATCH http://localhost:8080/execution/task-instances/0196c6f8-f569-7b01-b1fe-eb9d30b154b2/state "HTTP/1.1 204 No Content"
[2m2025-05-13 02:08:47[0m [[32m[1minfo     [0m] [1mTask finished                 [0m [[0m[1m[34msupervisor[0m][0m [36mduration[0m=[35m0.5260009089979576[0m [36mexit_code[0m=[35m0[0m [36mfinal_state[0m=[35msuccess[0m
[2025-05-13T02:08:47.392+0200] {_client.py:1025} INFO - HTTP Request: PATCH http://localhost:8080/execution/task-instances/0196c6f8-f568-73b9-a425-ddea1ecf578f/state "HTTP/1.1 204 No Content"
[2m2025-05-13 02:08:47[0m [[32m[1minfo     [0m] [1mTask finished                 [0m [[0m[1m[34msupervisor[0m][0m [36mduration[0m=[35m0.5381999249948421[0m [36mexit_code[0m=[35m0[0m [36mfinal_state[0m=[35mup_for_retry[0m
[2025-05-13T02:08:47.894+0200] {scheduler_job_runner.py:810} INFO - Received executor event with state success for task instance TaskInstanceKey(dag_id='octopus_pricing_8am', task_id='ingest_network_costs', run_id='manual__2025-05-13T00:08:46.684763+00:00', try_number=1, map_index=-1)
[2025-05-13T02:08:47.894+0200] {scheduler_job_runner.py:810} INFO - Received executor event with state success for task instance TaskInstanceKey(dag_id='octopus_pricing_8am', task_id='ingest_price_comparison', run_id='manual__2025-05-13T00:08:46.684763+00:00', try_number=1, map_index=-1)
[2025-05-13T02:08:47.897+0200] {scheduler_job_runner.py:852} INFO - TaskInstance Finished: dag_id=octopus_pricing_8am, task_id=ingest_network_costs, run_id=manual__2025-05-13T00:08:46.684763+00:00, map_index=-1, run_start_date=2025-05-13 00:08:46.860161+00:00, run_end_date=2025-05-13 00:08:47.362910+00:00, run_duration=1.5030000000000001, state=success, executor=LocalExecutor(parallelism=32), executor_state=success, try_number=1, max_tries=1, pool=default_pool, queue=default, priority_weight=2, operator=PythonOperator, queued_dttm=2025-05-13 00:08:46.808522+00:00, scheduled_dttm=2025-05-13 00:08:46.794138+00:00,queued_by_job_id=13, pid=96887
[2025-05-13T02:08:47.897+0200] {scheduler_job_runner.py:852} INFO - TaskInstance Finished: dag_id=octopus_pricing_8am, task_id=ingest_price_comparison, run_id=manual__2025-05-13T00:08:46.684763+00:00, map_index=-1, run_start_date=2025-05-13 00:08:46.859961+00:00, run_end_date=2025-05-13 00:08:47.382516+00:00, run_duration=0.522555, state=up_for_retry, executor=LocalExecutor(parallelism=32), executor_state=success, try_number=1, max_tries=1, pool=default_pool, queue=default, priority_weight=2, operator=PythonOperator, queued_dttm=2025-05-13 00:08:46.808522+00:00, scheduled_dttm=2025-05-13 00:08:46.794138+00:00,queued_by_job_id=13, pid=96886
[2025-05-13T02:08:52.464+0200] {scheduler_job_runner.py:450} INFO - 1 tasks up for execution:
	<TaskInstance: octopus_pricing_8am.ingest_price_comparison manual__2025-05-13T00:08:46.684763+00:00 [scheduled]>
[2025-05-13T02:08:52.464+0200] {scheduler_job_runner.py:522} INFO - DAG octopus_pricing_8am has 0/16 running and queued tasks
[2025-05-13T02:08:52.465+0200] {scheduler_job_runner.py:661} INFO - Setting the following tasks to queued state:
	<TaskInstance: octopus_pricing_8am.ingest_price_comparison manual__2025-05-13T00:08:46.684763+00:00 [scheduled]>
[2025-05-13T02:08:52.467+0200] {scheduler_job_runner.py:767} INFO - Trying to enqueue tasks: [<TaskInstance: octopus_pricing_8am.ingest_price_comparison manual__2025-05-13T00:08:46.684763+00:00 [scheduled]>] for executor: LocalExecutor(parallelism=32)
[2m2025-05-13 02:08:52[0m [[32m[1minfo     [0m] [1mSecrets backends loaded for worker[0m [[0m[1m[34msupervisor[0m][0m [36mbackend_classes[0m=[35m['EnvironmentVariablesBackend'][0m [36mcount[0m=[35m1[0m
[2025-05-13T02:08:52.562+0200] {_client.py:1025} INFO - HTTP Request: PATCH http://localhost:8080/execution/task-instances/0196c6f8-f817-7890-9aca-ead41af16b6d/run "HTTP/1.1 200 OK"
[2m2025-05-13 02:08:52[0m [[32m[1mdebug    [0m] [1mSending                       [0m [[0m[1m[34msupervisor[0m][0m [36mmsg[0m=[35mStartupDetails(ti=TaskInstance(id=UUID('0196c6f8-f817-7890-9aca-ead41af16b6d'), task_id='ingest_price_comparison', dag_id='octopus_pricing_8am', run_id='manual__2025-05-13T00:08:46.684763+00:00', try_number=2, map_index=-1, pool_slots=1, queue='default', priority_weight=2, executor_config={}, parent_context_carrier={}, context_carrier=None, queued_dttm=datetime.datetime(2025, 5, 13, 0, 8, 46, 808522, tzinfo=Timezone('UTC'))), dag_rel_path='octopus_pricing_pipeline.py', bundle_info=BundleInfo(name='dags-folder', version=None), requests_fd=52, start_date=datetime.datetime(2025, 5, 13, 0, 8, 52, 534845, tzinfo=datetime.timezone.utc), ti_context=TIRunContext(dag_run=DagRun(dag_id='octopus_pricing_8am', run_id='manual__2025-05-13T00:08:46.684763+00:00', logical_date=datetime.datetime(2025, 5, 13, 0, 8, 45, 471000, tzinfo=TzInfo(UTC)), data_interval_start=datetime.datetime(2025, 5, 13, 0, 8, 45, 471000, tzinfo=TzInfo(UTC)), data_interval_end=datetime.datetime(2025, 5, 13, 0, 8, 45, 471000, tzinfo=TzInfo(UTC)), run_after=datetime.datetime(2025, 5, 13, 0, 8, 45, 471000, tzinfo=TzInfo(UTC)), start_date=datetime.datetime(2025, 5, 13, 0, 8, 46, 778752, tzinfo=TzInfo(UTC)), end_date=None, clear_number=0, run_type=<DagRunType.MANUAL: 'manual'>, conf={}, consumed_asset_events=[]), task_reschedule_count=0, max_tries=1, variables=[], connections=[], upstream_map_indexes=None, next_method=None, next_kwargs=None, xcom_keys_to_clear=[], should_retry=False), type='StartupDetails')[0m
[2025-05-13T02:08:52.621+0200] {_client.py:1025} INFO - HTTP Request: PUT http://localhost:8080/execution/task-instances/0196c6f8-f817-7890-9aca-ead41af16b6d/heartbeat "HTTP/1.1 204 No Content"
[2m2025-05-13 02:08:52[0m [[32m[1mdebug    [0m] [1mReceived message from task runner[0m [[0m[1m[34msupervisor[0m][0m [36mmsg[0m=[35mGetVariable(key='BASE_PATH', type='GetVariable')[0m
[2025-05-13T02:08:52.942+0200] {_client.py:1025} INFO - HTTP Request: GET http://localhost:8080/execution/variables/BASE_PATH "HTTP/1.1 200 OK"
[2m2025-05-13 02:08:52[0m [[32m[1mdebug    [0m] [1mReceived message from task runner[0m [[0m[1m[34msupervisor[0m][0m [36mmsg[0m=[35mGetVariable(key='BASE_DATA_PATH', type='GetVariable')[0m
[2025-05-13T02:08:52.950+0200] {_client.py:1025} INFO - HTTP Request: GET http://localhost:8080/execution/variables/BASE_DATA_PATH "HTTP/1.1 200 OK"
[2m2025-05-13 02:08:52[0m [[32m[1mdebug    [0m] [1mReceived message from task runner[0m [[0m[1m[34msupervisor[0m][0m [36mmsg[0m=[35mGetConnection(conn_id='staging_postgres', type='GetConnection')[0m
[2025-05-13T02:08:52.960+0200] {_client.py:1025} INFO - HTTP Request: GET http://localhost:8080/execution/connections/staging_postgres "HTTP/1.1 200 OK"
[2m2025-05-13 02:08:52[0m [[32m[1mdebug    [0m] [1mReceived message from task runner[0m [[0m[1m[34msupervisor[0m][0m [36mmsg[0m=[35mSetRenderedFields(rendered_fields={'templates_dict': None, 'op_args': [], 'op_kwargs': {}}, type='SetRenderedFields')[0m
[2025-05-13T02:08:52.990+0200] {_client.py:1025} INFO - HTTP Request: PUT http://localhost:8080/execution/task-instances/0196c6f8-f817-7890-9aca-ead41af16b6d/rtif "HTTP/1.1 201 Created"
[2m2025-05-13 02:08:52[0m [[32m[1mdebug    [0m] [1mReceived message from task runner[0m [[0m[1m[34msupervisor[0m][0m [36mmsg[0m=[35mGetVariable(key='BASE_DATA_PATH', type='GetVariable')[0m
[2025-05-13T02:08:52.997+0200] {_client.py:1025} INFO - HTTP Request: GET http://localhost:8080/execution/variables/BASE_DATA_PATH "HTTP/1.1 200 OK"
[2m2025-05-13 02:08:53[0m [[32m[1mdebug    [0m] [1mReceived message from task runner[0m [[0m[1m[34msupervisor[0m][0m [36mmsg[0m=[35mTaskState(state=<TerminalTIState.FAILED: 'failed'>, end_date=datetime.datetime(2025, 5, 13, 0, 8, 53, 90398, tzinfo=TzInfo(UTC)), type='TaskState')[0m
[2025-05-13T02:08:53.115+0200] {_client.py:1025} INFO - HTTP Request: PATCH http://localhost:8080/execution/task-instances/0196c6f8-f817-7890-9aca-ead41af16b6d/state "HTTP/1.1 204 No Content"
[2m2025-05-13 02:08:53[0m [[32m[1minfo     [0m] [1mTask finished                 [0m [[0m[1m[34msupervisor[0m][0m [36mduration[0m=[35m0.5879511259990977[0m [36mexit_code[0m=[35m0[0m [36mfinal_state[0m=[35mfailed[0m
[2025-05-13T02:08:53.595+0200] {scheduler_job_runner.py:810} INFO - Received executor event with state success for task instance TaskInstanceKey(dag_id='octopus_pricing_8am', task_id='ingest_price_comparison', run_id='manual__2025-05-13T00:08:46.684763+00:00', try_number=2, map_index=-1)
[2025-05-13T02:08:53.601+0200] {scheduler_job_runner.py:852} INFO - TaskInstance Finished: dag_id=octopus_pricing_8am, task_id=ingest_price_comparison, run_id=manual__2025-05-13T00:08:46.684763+00:00, map_index=-1, run_start_date=2025-05-13 00:08:52.534845+00:00, run_end_date=2025-05-13 00:08:53.096206+00:00, run_duration=1.561, state=failed, executor=LocalExecutor(parallelism=32), executor_state=success, try_number=2, max_tries=1, pool=default_pool, queue=default, priority_weight=2, operator=PythonOperator, queued_dttm=2025-05-13 00:08:52.466202+00:00, scheduled_dttm=2025-05-13 00:08:52.429123+00:00,queued_by_job_id=13, pid=96965
[2025-05-13T02:08:54.619+0200] {dagrun.py:1145} INFO - Marking run <DagRun octopus_pricing_8am @ 2025-05-13 00:08:45.471000+00:00: manual__2025-05-13T00:08:46.684763+00:00, state:running, queued_at: 2025-05-13 00:08:46.690057+00:00. run_type: manual> failed
[2025-05-13T02:08:54.620+0200] {dagrun.py:1224} INFO - DagRun Finished: dag_id=octopus_pricing_8am, logical_date=2025-05-13 00:08:45.471000+00:00, run_id=manual__2025-05-13T00:08:46.684763+00:00, run_start_date=2025-05-13 00:08:46.778752+00:00, run_end_date=2025-05-13 00:08:54.620143+00:00, run_duration=7.841391, state=failed, run_type=manual, data_interval_start=2025-05-13 00:08:45.471000+00:00, data_interval_end=2025-05-13 00:08:45.471000+00:00,
[2025-05-13T02:10:39.094+0200] {scheduler_job_runner.py:450} INFO - 1 tasks up for execution:
	<TaskInstance: octopus_pricing_midnight.ingest_backend_db manual__2025-05-13T00:10:38.109562+00:00 [scheduled]>
[2025-05-13T02:10:39.095+0200] {scheduler_job_runner.py:522} INFO - DAG octopus_pricing_midnight has 0/16 running and queued tasks
[2025-05-13T02:10:39.095+0200] {scheduler_job_runner.py:661} INFO - Setting the following tasks to queued state:
	<TaskInstance: octopus_pricing_midnight.ingest_backend_db manual__2025-05-13T00:10:38.109562+00:00 [scheduled]>
[2025-05-13T02:10:39.096+0200] {scheduler_job_runner.py:767} INFO - Trying to enqueue tasks: [<TaskInstance: octopus_pricing_midnight.ingest_backend_db manual__2025-05-13T00:10:38.109562+00:00 [scheduled]>] for executor: LocalExecutor(parallelism=32)
[2m2025-05-13 02:10:39[0m [[32m[1minfo     [0m] [1mSecrets backends loaded for worker[0m [[0m[1m[34msupervisor[0m][0m [36mbackend_classes[0m=[35m['EnvironmentVariablesBackend'][0m [36mcount[0m=[35m1[0m
[2025-05-13T02:10:39.158+0200] {_client.py:1025} INFO - HTTP Request: PATCH http://localhost:8080/execution/task-instances/0196c6fa-a8a6-7105-97fd-2381faf5dfe1/run "HTTP/1.1 200 OK"
[2m2025-05-13 02:10:39[0m [[32m[1mdebug    [0m] [1mSending                       [0m [[0m[1m[34msupervisor[0m][0m [36mmsg[0m=[35mStartupDetails(ti=TaskInstance(id=UUID('0196c6fa-a8a6-7105-97fd-2381faf5dfe1'), task_id='ingest_backend_db', dag_id='octopus_pricing_midnight', run_id='manual__2025-05-13T00:10:38.109562+00:00', try_number=1, map_index=-1, pool_slots=1, queue='default', priority_weight=2, executor_config={}, parent_context_carrier={}, context_carrier=None, queued_dttm=None), dag_rel_path='octopus_pricing_pipeline.py', bundle_info=BundleInfo(name='dags-folder', version=None), requests_fd=46, start_date=datetime.datetime(2025, 5, 13, 0, 10, 39, 137406, tzinfo=datetime.timezone.utc), ti_context=TIRunContext(dag_run=DagRun(dag_id='octopus_pricing_midnight', run_id='manual__2025-05-13T00:10:38.109562+00:00', logical_date=datetime.datetime(2025, 5, 13, 0, 10, 37, 19000, tzinfo=TzInfo(UTC)), data_interval_start=datetime.datetime(2025, 5, 13, 0, 10, 37, 19000, tzinfo=TzInfo(UTC)), data_interval_end=datetime.datetime(2025, 5, 13, 0, 10, 37, 19000, tzinfo=TzInfo(UTC)), run_after=datetime.datetime(2025, 5, 13, 0, 10, 37, 19000, tzinfo=TzInfo(UTC)), start_date=datetime.datetime(2025, 5, 13, 0, 10, 39, 66716, tzinfo=TzInfo(UTC)), end_date=None, clear_number=0, run_type=<DagRunType.MANUAL: 'manual'>, conf={}, consumed_asset_events=[]), task_reschedule_count=0, max_tries=1, variables=[], connections=[], upstream_map_indexes=None, next_method=None, next_kwargs=None, xcom_keys_to_clear=[], should_retry=True), type='StartupDetails')[0m
[2025-05-13T02:10:39.195+0200] {_client.py:1025} INFO - HTTP Request: PUT http://localhost:8080/execution/task-instances/0196c6fa-a8a6-7105-97fd-2381faf5dfe1/heartbeat "HTTP/1.1 204 No Content"
[2m2025-05-13 02:10:39[0m [[32m[1mdebug    [0m] [1mReceived message from task runner[0m [[0m[1m[34msupervisor[0m][0m [36mmsg[0m=[35mGetVariable(key='BASE_PATH', type='GetVariable')[0m
[2025-05-13T02:10:39.407+0200] {_client.py:1025} INFO - HTTP Request: GET http://localhost:8080/execution/variables/BASE_PATH "HTTP/1.1 200 OK"
[2m2025-05-13 02:10:39[0m [[32m[1mdebug    [0m] [1mReceived message from task runner[0m [[0m[1m[34msupervisor[0m][0m [36mmsg[0m=[35mGetVariable(key='BASE_DATA_PATH', type='GetVariable')[0m
[2025-05-13T02:10:39.414+0200] {_client.py:1025} INFO - HTTP Request: GET http://localhost:8080/execution/variables/BASE_DATA_PATH "HTTP/1.1 200 OK"
[2m2025-05-13 02:10:39[0m [[32m[1mdebug    [0m] [1mReceived message from task runner[0m [[0m[1m[34msupervisor[0m][0m [36mmsg[0m=[35mGetConnection(conn_id='staging_postgres', type='GetConnection')[0m
[2025-05-13T02:10:39.422+0200] {_client.py:1025} INFO - HTTP Request: GET http://localhost:8080/execution/connections/staging_postgres "HTTP/1.1 200 OK"
[2m2025-05-13 02:10:39[0m [[32m[1mdebug    [0m] [1mReceived message from task runner[0m [[0m[1m[34msupervisor[0m][0m [36mmsg[0m=[35mSetRenderedFields(rendered_fields={'templates_dict': None, 'op_args': [], 'op_kwargs': {}}, type='SetRenderedFields')[0m
[2025-05-13T02:10:39.457+0200] {_client.py:1025} INFO - HTTP Request: PUT http://localhost:8080/execution/task-instances/0196c6fa-a8a6-7105-97fd-2381faf5dfe1/rtif "HTTP/1.1 201 Created"
[2m2025-05-13 02:10:39[0m [[32m[1mdebug    [0m] [1mReceived message from task runner[0m [[0m[1m[34msupervisor[0m][0m [36mmsg[0m=[35mGetVariable(key='BACKEND_DB_FILE', type='GetVariable')[0m
[2025-05-13T02:10:39.462+0200] {_client.py:1025} INFO - HTTP Request: GET http://localhost:8080/execution/variables/BACKEND_DB_FILE "HTTP/1.1 200 OK"
[2m2025-05-13 02:10:39[0m [[32m[1mdebug    [0m] [1mReceived message from task runner[0m [[0m[1m[34msupervisor[0m][0m [36mmsg[0m=[35mSucceedTask(state='success', end_date=datetime.datetime(2025, 5, 13, 0, 10, 39, 511006, tzinfo=TzInfo(UTC)), task_outlets=[], outlet_events=[], type='SucceedTask')[0m
[2025-05-13T02:10:39.530+0200] {_client.py:1025} INFO - HTTP Request: PATCH http://localhost:8080/execution/task-instances/0196c6fa-a8a6-7105-97fd-2381faf5dfe1/state "HTTP/1.1 204 No Content"
[2m2025-05-13 02:10:39[0m [[32m[1minfo     [0m] [1mTask finished                 [0m [[0m[1m[34msupervisor[0m][0m [36mduration[0m=[35m0.3983876380007132[0m [36mexit_code[0m=[35m0[0m [36mfinal_state[0m=[35msuccess[0m
[2025-05-13T02:10:40.168+0200] {scheduler_job_runner.py:450} INFO - 1 tasks up for execution:
	<TaskInstance: octopus_pricing_midnight.dbt_run manual__2025-05-13T00:10:38.109562+00:00 [scheduled]>
[2025-05-13T02:10:40.168+0200] {scheduler_job_runner.py:522} INFO - DAG octopus_pricing_midnight has 0/16 running and queued tasks
[2025-05-13T02:10:40.169+0200] {scheduler_job_runner.py:661} INFO - Setting the following tasks to queued state:
	<TaskInstance: octopus_pricing_midnight.dbt_run manual__2025-05-13T00:10:38.109562+00:00 [scheduled]>
[2025-05-13T02:10:40.170+0200] {scheduler_job_runner.py:767} INFO - Trying to enqueue tasks: [<TaskInstance: octopus_pricing_midnight.dbt_run manual__2025-05-13T00:10:38.109562+00:00 [scheduled]>] for executor: LocalExecutor(parallelism=32)
[2025-05-13T02:10:40.176+0200] {scheduler_job_runner.py:810} INFO - Received executor event with state success for task instance TaskInstanceKey(dag_id='octopus_pricing_midnight', task_id='ingest_backend_db', run_id='manual__2025-05-13T00:10:38.109562+00:00', try_number=1, map_index=-1)
[2025-05-13T02:10:40.181+0200] {scheduler_job_runner.py:852} INFO - TaskInstance Finished: dag_id=octopus_pricing_midnight, task_id=ingest_backend_db, run_id=manual__2025-05-13T00:10:38.109562+00:00, map_index=-1, run_start_date=2025-05-13 00:10:39.137406+00:00, run_end_date=2025-05-13 00:10:39.511006+00:00, run_duration=0.374, state=success, executor=LocalExecutor(parallelism=32), executor_state=success, try_number=1, max_tries=1, pool=default_pool, queue=default, priority_weight=2, operator=PythonOperator, queued_dttm=2025-05-13 00:10:39.095946+00:00, scheduled_dttm=2025-05-13 00:10:39.082880+00:00,queued_by_job_id=13, pid=97708
[2m2025-05-13 02:10:40[0m [[32m[1minfo     [0m] [1mSecrets backends loaded for worker[0m [[0m[1m[34msupervisor[0m][0m [36mbackend_classes[0m=[35m['EnvironmentVariablesBackend'][0m [36mcount[0m=[35m1[0m
[2025-05-13T02:10:40.239+0200] {_client.py:1025} INFO - HTTP Request: PATCH http://localhost:8080/execution/task-instances/0196c6fa-a8a7-72ca-ab4c-0d8867db3e06/run "HTTP/1.1 200 OK"
[2m2025-05-13 02:10:40[0m [[32m[1mdebug    [0m] [1mSending                       [0m [[0m[1m[34msupervisor[0m][0m [36mmsg[0m=[35mStartupDetails(ti=TaskInstance(id=UUID('0196c6fa-a8a7-72ca-ab4c-0d8867db3e06'), task_id='dbt_run', dag_id='octopus_pricing_midnight', run_id='manual__2025-05-13T00:10:38.109562+00:00', try_number=1, map_index=-1, pool_slots=1, queue='default', priority_weight=1, executor_config={}, parent_context_carrier={}, context_carrier=None, queued_dttm=None), dag_rel_path='octopus_pricing_pipeline.py', bundle_info=BundleInfo(name='dags-folder', version=None), requests_fd=54, start_date=datetime.datetime(2025, 5, 13, 0, 10, 40, 218516, tzinfo=datetime.timezone.utc), ti_context=TIRunContext(dag_run=DagRun(dag_id='octopus_pricing_midnight', run_id='manual__2025-05-13T00:10:38.109562+00:00', logical_date=datetime.datetime(2025, 5, 13, 0, 10, 37, 19000, tzinfo=TzInfo(UTC)), data_interval_start=datetime.datetime(2025, 5, 13, 0, 10, 37, 19000, tzinfo=TzInfo(UTC)), data_interval_end=datetime.datetime(2025, 5, 13, 0, 10, 37, 19000, tzinfo=TzInfo(UTC)), run_after=datetime.datetime(2025, 5, 13, 0, 10, 37, 19000, tzinfo=TzInfo(UTC)), start_date=datetime.datetime(2025, 5, 13, 0, 10, 39, 66716, tzinfo=TzInfo(UTC)), end_date=None, clear_number=0, run_type=<DagRunType.MANUAL: 'manual'>, conf={}, consumed_asset_events=[]), task_reschedule_count=0, max_tries=1, variables=[], connections=[], upstream_map_indexes=None, next_method=None, next_kwargs=None, xcom_keys_to_clear=[], should_retry=True), type='StartupDetails')[0m
[2025-05-13T02:10:40.274+0200] {_client.py:1025} INFO - HTTP Request: PUT http://localhost:8080/execution/task-instances/0196c6fa-a8a7-72ca-ab4c-0d8867db3e06/heartbeat "HTTP/1.1 204 No Content"
[2m2025-05-13 02:10:40[0m [[32m[1mdebug    [0m] [1mReceived message from task runner[0m [[0m[1m[34msupervisor[0m][0m [36mmsg[0m=[35mGetVariable(key='BASE_PATH', type='GetVariable')[0m
[2025-05-13T02:10:40.482+0200] {_client.py:1025} INFO - HTTP Request: GET http://localhost:8080/execution/variables/BASE_PATH "HTTP/1.1 200 OK"
[2m2025-05-13 02:10:40[0m [[32m[1mdebug    [0m] [1mReceived message from task runner[0m [[0m[1m[34msupervisor[0m][0m [36mmsg[0m=[35mGetVariable(key='BASE_DATA_PATH', type='GetVariable')[0m
[2025-05-13T02:10:40.488+0200] {_client.py:1025} INFO - HTTP Request: GET http://localhost:8080/execution/variables/BASE_DATA_PATH "HTTP/1.1 200 OK"
[2m2025-05-13 02:10:40[0m [[32m[1mdebug    [0m] [1mReceived message from task runner[0m [[0m[1m[34msupervisor[0m][0m [36mmsg[0m=[35mGetConnection(conn_id='staging_postgres', type='GetConnection')[0m
[2025-05-13T02:10:40.495+0200] {_client.py:1025} INFO - HTTP Request: GET http://localhost:8080/execution/connections/staging_postgres "HTTP/1.1 200 OK"
[2m2025-05-13 02:10:40[0m [[32m[1mdebug    [0m] [1mReceived message from task runner[0m [[0m[1m[34msupervisor[0m][0m [36mmsg[0m=[35mGetVariable(key='BASE_PATH', type='GetVariable')[0m
[2025-05-13T02:10:40.511+0200] {_client.py:1025} INFO - HTTP Request: GET http://localhost:8080/execution/variables/BASE_PATH "HTTP/1.1 200 OK"
[2m2025-05-13 02:10:40[0m [[32m[1mdebug    [0m] [1mReceived message from task runner[0m [[0m[1m[34msupervisor[0m][0m [36mmsg[0m=[35mSetRenderedFields(rendered_fields={'bash_command': 'cd /home/ilies/octopus_data_engineer_case_study/data_engineer_case_study/octopus_pricing && dbt run --models final_analytics_table', 'env': None, 'cwd': None}, type='SetRenderedFields')[0m
[2025-05-13T02:10:40.536+0200] {_client.py:1025} INFO - HTTP Request: PUT http://localhost:8080/execution/task-instances/0196c6fa-a8a7-72ca-ab4c-0d8867db3e06/rtif "HTTP/1.1 201 Created"
[2m2025-05-13 02:10:43[0m [[32m[1mdebug    [0m] [1mReceived message from task runner[0m [[0m[1m[34msupervisor[0m][0m [36mmsg[0m=[35mSetXCom(key='return_value', value='\x1b[0m00:10:42  Done. PASS=1 WARN=0 ERROR=0 SKIP=0 TOTAL=1', dag_id='octopus_pricing_midnight', run_id='manual__2025-05-13T00:10:38.109562+00:00', task_id='dbt_run', map_index=-1, mapped_length=None, type='SetXCom')[0m
[2025-05-13T02:10:43.209+0200] {_client.py:1025} INFO - HTTP Request: POST http://localhost:8080/execution/xcoms/octopus_pricing_midnight/manual__2025-05-13T00:10:38.109562+00:00/dbt_run/return_value "HTTP/1.1 201 Created"
[2m2025-05-13 02:10:43[0m [[32m[1mdebug    [0m] [1mReceived message from task runner[0m [[0m[1m[34msupervisor[0m][0m [36mmsg[0m=[35mSucceedTask(state='success', end_date=datetime.datetime(2025, 5, 13, 0, 10, 43, 191585, tzinfo=TzInfo(UTC)), task_outlets=[], outlet_events=[], type='SucceedTask')[0m
[2025-05-13T02:10:43.224+0200] {_client.py:1025} INFO - HTTP Request: PATCH http://localhost:8080/execution/task-instances/0196c6fa-a8a7-72ca-ab4c-0d8867db3e06/state "HTTP/1.1 204 No Content"
[2m2025-05-13 02:10:43[0m [[32m[1minfo     [0m] [1mTask finished                 [0m [[0m[1m[34msupervisor[0m][0m [36mduration[0m=[35m3.01239897999767[0m [36mexit_code[0m=[35m0[0m [36mfinal_state[0m=[35msuccess[0m
[2025-05-13T02:10:43.729+0200] {dagrun.py:1174} INFO - Marking run <DagRun octopus_pricing_midnight @ 2025-05-13 00:10:37.019000+00:00: manual__2025-05-13T00:10:38.109562+00:00, state:running, queued_at: 2025-05-13 00:10:38.113474+00:00. run_type: manual> successful
[2025-05-13T02:10:43.729+0200] {dagrun.py:1224} INFO - DagRun Finished: dag_id=octopus_pricing_midnight, logical_date=2025-05-13 00:10:37.019000+00:00, run_id=manual__2025-05-13T00:10:38.109562+00:00, run_start_date=2025-05-13 00:10:39.066716+00:00, run_end_date=2025-05-13 00:10:43.729502+00:00, run_duration=4.662786, state=success, run_type=manual, data_interval_start=2025-05-13 00:10:37.019000+00:00, data_interval_end=2025-05-13 00:10:37.019000+00:00,
[2025-05-13T02:10:43.743+0200] {scheduler_job_runner.py:810} INFO - Received executor event with state success for task instance TaskInstanceKey(dag_id='octopus_pricing_midnight', task_id='dbt_run', run_id='manual__2025-05-13T00:10:38.109562+00:00', try_number=1, map_index=-1)
[2025-05-13T02:10:43.746+0200] {scheduler_job_runner.py:852} INFO - TaskInstance Finished: dag_id=octopus_pricing_midnight, task_id=dbt_run, run_id=manual__2025-05-13T00:10:38.109562+00:00, map_index=-1, run_start_date=2025-05-13 00:10:40.218516+00:00, run_end_date=2025-05-13 00:10:43.191585+00:00, run_duration=5.973, state=success, executor=LocalExecutor(parallelism=32), executor_state=success, try_number=1, max_tries=1, pool=default_pool, queue=default, priority_weight=1, operator=BashOperator, queued_dttm=2025-05-13 00:10:40.169594+00:00, scheduled_dttm=2025-05-13 00:10:40.153861+00:00,queued_by_job_id=13, pid=97723
[2025-05-13T02:13:35.829+0200] {base.py:220} INFO - checking for stale bundle versions locally
[2025-05-13T02:13:35.829+0200] {manager.py:120} INFO - DAG bundles loaded: dags-folder
[2025-05-13T02:13:36.029+0200] {scheduler_job_runner.py:2128} INFO - Adopting or resetting orphaned tasks for active dag runs
[2025-05-13T02:16:38.644+0200] {scheduler_job_runner.py:450} INFO - 2 tasks up for execution:
	<TaskInstance: octopus_pricing_8am.ingest_price_comparison manual__2025-05-13T00:16:38.441659+00:00 [scheduled]>
	<TaskInstance: octopus_pricing_8am.ingest_network_costs manual__2025-05-13T00:16:38.441659+00:00 [scheduled]>
[2025-05-13T02:16:38.645+0200] {scheduler_job_runner.py:522} INFO - DAG octopus_pricing_8am has 0/16 running and queued tasks
[2025-05-13T02:16:38.646+0200] {scheduler_job_runner.py:522} INFO - DAG octopus_pricing_8am has 1/16 running and queued tasks
[2025-05-13T02:16:38.646+0200] {scheduler_job_runner.py:661} INFO - Setting the following tasks to queued state:
	<TaskInstance: octopus_pricing_8am.ingest_price_comparison manual__2025-05-13T00:16:38.441659+00:00 [scheduled]>
	<TaskInstance: octopus_pricing_8am.ingest_network_costs manual__2025-05-13T00:16:38.441659+00:00 [scheduled]>
[2025-05-13T02:16:38.648+0200] {scheduler_job_runner.py:767} INFO - Trying to enqueue tasks: [<TaskInstance: octopus_pricing_8am.ingest_price_comparison manual__2025-05-13T00:16:38.441659+00:00 [scheduled]>, <TaskInstance: octopus_pricing_8am.ingest_network_costs manual__2025-05-13T00:16:38.441659+00:00 [scheduled]>] for executor: LocalExecutor(parallelism=32)
[2m2025-05-13 02:16:38[0m [[32m[1minfo     [0m] [1mSecrets backends loaded for worker[0m [[0m[1m[34msupervisor[0m][0m [36mbackend_classes[0m=[35m['EnvironmentVariablesBackend'][0m [36mcount[0m=[35m1[0m
[2m2025-05-13 02:16:38[0m [[32m[1minfo     [0m] [1mSecrets backends loaded for worker[0m [[0m[1m[34msupervisor[0m][0m [36mbackend_classes[0m=[35m['EnvironmentVariablesBackend'][0m [36mcount[0m=[35m1[0m
[2025-05-13T02:16:38.729+0200] {_client.py:1025} INFO - HTTP Request: PATCH http://localhost:8080/execution/task-instances/0196c700-2838-7611-b390-9b91a2a4a3d4/run "HTTP/1.1 200 OK"
[2m2025-05-13 02:16:38[0m [[32m[1mdebug    [0m] [1mSending                       [0m [[0m[1m[34msupervisor[0m][0m [36mmsg[0m=[35mStartupDetails(ti=TaskInstance(id=UUID('0196c700-2838-7611-b390-9b91a2a4a3d4'), task_id='ingest_network_costs', dag_id='octopus_pricing_8am', run_id='manual__2025-05-13T00:16:38.441659+00:00', try_number=1, map_index=-1, pool_slots=1, queue='default', priority_weight=2, executor_config={}, parent_context_carrier={}, context_carrier=None, queued_dttm=None), dag_rel_path='octopus_pricing_pipeline.py', bundle_info=BundleInfo(name='dags-folder', version=None), requests_fd=56, start_date=datetime.datetime(2025, 5, 13, 0, 16, 38, 694181, tzinfo=datetime.timezone.utc), ti_context=TIRunContext(dag_run=DagRun(dag_id='octopus_pricing_8am', run_id='manual__2025-05-13T00:16:38.441659+00:00', logical_date=datetime.datetime(2025, 5, 13, 0, 16, 37, 466000, tzinfo=TzInfo(UTC)), data_interval_start=datetime.datetime(2025, 5, 13, 0, 16, 37, 466000, tzinfo=TzInfo(UTC)), data_interval_end=datetime.datetime(2025, 5, 13, 0, 16, 37, 466000, tzinfo=TzInfo(UTC)), run_after=datetime.datetime(2025, 5, 13, 0, 16, 37, 466000, tzinfo=TzInfo(UTC)), start_date=datetime.datetime(2025, 5, 13, 0, 16, 38, 610385, tzinfo=TzInfo(UTC)), end_date=None, clear_number=0, run_type=<DagRunType.MANUAL: 'manual'>, conf={}, consumed_asset_events=[]), task_reschedule_count=0, max_tries=1, variables=[], connections=[], upstream_map_indexes=None, next_method=None, next_kwargs=None, xcom_keys_to_clear=[], should_retry=True), type='StartupDetails')[0m
[2025-05-13T02:16:38.738+0200] {_client.py:1025} INFO - HTTP Request: PATCH http://localhost:8080/execution/task-instances/0196c700-2837-79df-9d75-e145c2c15d6e/run "HTTP/1.1 200 OK"
[2m2025-05-13 02:16:38[0m [[32m[1mdebug    [0m] [1mSending                       [0m [[0m[1m[34msupervisor[0m][0m [36mmsg[0m=[35mStartupDetails(ti=TaskInstance(id=UUID('0196c700-2837-79df-9d75-e145c2c15d6e'), task_id='ingest_price_comparison', dag_id='octopus_pricing_8am', run_id='manual__2025-05-13T00:16:38.441659+00:00', try_number=1, map_index=-1, pool_slots=1, queue='default', priority_weight=2, executor_config={}, parent_context_carrier={}, context_carrier=None, queued_dttm=None), dag_rel_path='octopus_pricing_pipeline.py', bundle_info=BundleInfo(name='dags-folder', version=None), requests_fd=49, start_date=datetime.datetime(2025, 5, 13, 0, 16, 38, 694912, tzinfo=datetime.timezone.utc), ti_context=TIRunContext(dag_run=DagRun(dag_id='octopus_pricing_8am', run_id='manual__2025-05-13T00:16:38.441659+00:00', logical_date=datetime.datetime(2025, 5, 13, 0, 16, 37, 466000, tzinfo=TzInfo(UTC)), data_interval_start=datetime.datetime(2025, 5, 13, 0, 16, 37, 466000, tzinfo=TzInfo(UTC)), data_interval_end=datetime.datetime(2025, 5, 13, 0, 16, 37, 466000, tzinfo=TzInfo(UTC)), run_after=datetime.datetime(2025, 5, 13, 0, 16, 37, 466000, tzinfo=TzInfo(UTC)), start_date=datetime.datetime(2025, 5, 13, 0, 16, 38, 610385, tzinfo=TzInfo(UTC)), end_date=None, clear_number=0, run_type=<DagRunType.MANUAL: 'manual'>, conf={}, consumed_asset_events=[]), task_reschedule_count=0, max_tries=1, variables=[], connections=[], upstream_map_indexes=None, next_method=None, next_kwargs=None, xcom_keys_to_clear=[], should_retry=True), type='StartupDetails')[0m
[2025-05-13T02:16:38.763+0200] {_client.py:1025} INFO - HTTP Request: PUT http://localhost:8080/execution/task-instances/0196c700-2838-7611-b390-9b91a2a4a3d4/heartbeat "HTTP/1.1 204 No Content"
[2025-05-13T02:16:38.770+0200] {_client.py:1025} INFO - HTTP Request: PUT http://localhost:8080/execution/task-instances/0196c700-2837-79df-9d75-e145c2c15d6e/heartbeat "HTTP/1.1 204 No Content"
[2m2025-05-13 02:16:39[0m [[32m[1mdebug    [0m] [1mReceived message from task runner[0m [[0m[1m[34msupervisor[0m][0m [36mmsg[0m=[35mGetVariable(key='BASE_PATH', type='GetVariable')[0m
[2m2025-05-13 02:16:39[0m [[32m[1mdebug    [0m] [1mReceived message from task runner[0m [[0m[1m[34msupervisor[0m][0m [36mmsg[0m=[35mGetVariable(key='BASE_PATH', type='GetVariable')[0m
[2025-05-13T02:16:39.145+0200] {_client.py:1025} INFO - HTTP Request: GET http://localhost:8080/execution/variables/BASE_PATH "HTTP/1.1 200 OK"
[2m2025-05-13 02:16:39[0m [[32m[1mdebug    [0m] [1mReceived message from task runner[0m [[0m[1m[34msupervisor[0m][0m [36mmsg[0m=[35mGetVariable(key='BASE_DATA_PATH', type='GetVariable')[0m
[2025-05-13T02:16:39.148+0200] {_client.py:1025} INFO - HTTP Request: GET http://localhost:8080/execution/variables/BASE_PATH "HTTP/1.1 200 OK"
[2m2025-05-13 02:16:39[0m [[32m[1mdebug    [0m] [1mReceived message from task runner[0m [[0m[1m[34msupervisor[0m][0m [36mmsg[0m=[35mGetVariable(key='BASE_DATA_PATH', type='GetVariable')[0m
[2025-05-13T02:16:39.162+0200] {_client.py:1025} INFO - HTTP Request: GET http://localhost:8080/execution/variables/BASE_DATA_PATH "HTTP/1.1 200 OK"
[2025-05-13T02:16:39.166+0200] {_client.py:1025} INFO - HTTP Request: GET http://localhost:8080/execution/variables/BASE_DATA_PATH "HTTP/1.1 200 OK"
[2m2025-05-13 02:16:39[0m [[32m[1mdebug    [0m] [1mReceived message from task runner[0m [[0m[1m[34msupervisor[0m][0m [36mmsg[0m=[35mGetConnection(conn_id='staging_postgres', type='GetConnection')[0m
[2m2025-05-13 02:16:39[0m [[32m[1mdebug    [0m] [1mReceived message from task runner[0m [[0m[1m[34msupervisor[0m][0m [36mmsg[0m=[35mGetConnection(conn_id='staging_postgres', type='GetConnection')[0m
[2025-05-13T02:16:39.186+0200] {_client.py:1025} INFO - HTTP Request: GET http://localhost:8080/execution/connections/staging_postgres "HTTP/1.1 200 OK"
[2025-05-13T02:16:39.189+0200] {_client.py:1025} INFO - HTTP Request: GET http://localhost:8080/execution/connections/staging_postgres "HTTP/1.1 200 OK"
[2m2025-05-13 02:16:39[0m [[32m[1mdebug    [0m] [1mReceived message from task runner[0m [[0m[1m[34msupervisor[0m][0m [36mmsg[0m=[35mSetRenderedFields(rendered_fields={'templates_dict': None, 'op_args': [], 'op_kwargs': {}}, type='SetRenderedFields')[0m
[2m2025-05-13 02:16:39[0m [[32m[1mdebug    [0m] [1mReceived message from task runner[0m [[0m[1m[34msupervisor[0m][0m [36mmsg[0m=[35mSetRenderedFields(rendered_fields={'templates_dict': None, 'op_args': [], 'op_kwargs': {}}, type='SetRenderedFields')[0m
[2025-05-13T02:16:39.251+0200] {_client.py:1025} INFO - HTTP Request: PUT http://localhost:8080/execution/task-instances/0196c700-2838-7611-b390-9b91a2a4a3d4/rtif "HTTP/1.1 201 Created"
[2m2025-05-13 02:16:39[0m [[32m[1mdebug    [0m] [1mReceived message from task runner[0m [[0m[1m[34msupervisor[0m][0m [36mmsg[0m=[35mGetVariable(key='BASE_DATA_PATH', type='GetVariable')[0m
[2025-05-13T02:16:39.260+0200] {_client.py:1025} INFO - HTTP Request: PUT http://localhost:8080/execution/task-instances/0196c700-2837-79df-9d75-e145c2c15d6e/rtif "HTTP/1.1 201 Created"
[2m2025-05-13 02:16:39[0m [[32m[1mdebug    [0m] [1mReceived message from task runner[0m [[0m[1m[34msupervisor[0m][0m [36mmsg[0m=[35mGetVariable(key='BASE_DATA_PATH', type='GetVariable')[0m
[2025-05-13T02:16:39.271+0200] {_client.py:1025} INFO - HTTP Request: GET http://localhost:8080/execution/variables/BASE_DATA_PATH "HTTP/1.1 200 OK"
[2m2025-05-13 02:16:39[0m [[32m[1mdebug    [0m] [1mReceived message from task runner[0m [[0m[1m[34msupervisor[0m][0m [36mmsg[0m=[35mGetVariable(key='NETWORK_COSTS_FILE', type='GetVariable')[0m
[2025-05-13T02:16:39.277+0200] {_client.py:1025} INFO - HTTP Request: GET http://localhost:8080/execution/variables/BASE_DATA_PATH "HTTP/1.1 200 OK"
[2025-05-13T02:16:39.283+0200] {_client.py:1025} INFO - HTTP Request: GET http://localhost:8080/execution/variables/NETWORK_COSTS_FILE "HTTP/1.1 200 OK"
[2m2025-05-13 02:16:39[0m [[32m[1mdebug    [0m] [1mReceived message from task runner[0m [[0m[1m[34msupervisor[0m][0m [36mmsg[0m=[35mRetryTask(state='up_for_retry', end_date=datetime.datetime(2025, 5, 13, 0, 16, 39, 363497, tzinfo=TzInfo(UTC)), type='RetryTask')[0m
[2m2025-05-13 02:16:39[0m [[32m[1mdebug    [0m] [1mReceived message from task runner[0m [[0m[1m[34msupervisor[0m][0m [36mmsg[0m=[35mRetryTask(state='up_for_retry', end_date=datetime.datetime(2025, 5, 13, 0, 16, 39, 373560, tzinfo=TzInfo(UTC)), type='RetryTask')[0m
[2025-05-13T02:16:39.404+0200] {_client.py:1025} INFO - HTTP Request: PATCH http://localhost:8080/execution/task-instances/0196c700-2838-7611-b390-9b91a2a4a3d4/state "HTTP/1.1 204 No Content"
[2m2025-05-13 02:16:39[0m [[32m[1minfo     [0m] [1mTask finished                 [0m [[0m[1m[34msupervisor[0m][0m [36mduration[0m=[35m0.7177022870018845[0m [36mexit_code[0m=[35m0[0m [36mfinal_state[0m=[35mup_for_retry[0m
[2025-05-13T02:16:39.418+0200] {_client.py:1025} INFO - HTTP Request: PATCH http://localhost:8080/execution/task-instances/0196c700-2837-79df-9d75-e145c2c15d6e/state "HTTP/1.1 204 No Content"
[2m2025-05-13 02:16:39[0m [[32m[1minfo     [0m] [1mTask finished                 [0m [[0m[1m[34msupervisor[0m][0m [36mduration[0m=[35m0.7295825539986254[0m [36mexit_code[0m=[35m0[0m [36mfinal_state[0m=[35mup_for_retry[0m
[2025-05-13T02:16:39.736+0200] {scheduler_job_runner.py:810} INFO - Received executor event with state success for task instance TaskInstanceKey(dag_id='octopus_pricing_8am', task_id='ingest_network_costs', run_id='manual__2025-05-13T00:16:38.441659+00:00', try_number=1, map_index=-1)
[2025-05-13T02:16:39.737+0200] {scheduler_job_runner.py:810} INFO - Received executor event with state success for task instance TaskInstanceKey(dag_id='octopus_pricing_8am', task_id='ingest_price_comparison', run_id='manual__2025-05-13T00:16:38.441659+00:00', try_number=1, map_index=-1)
[2025-05-13T02:16:39.741+0200] {scheduler_job_runner.py:852} INFO - TaskInstance Finished: dag_id=octopus_pricing_8am, task_id=ingest_network_costs, run_id=manual__2025-05-13T00:16:38.441659+00:00, map_index=-1, run_start_date=2025-05-13 00:16:38.694181+00:00, run_end_date=2025-05-13 00:16:39.376919+00:00, run_duration=0.682738, state=up_for_retry, executor=LocalExecutor(parallelism=32), executor_state=success, try_number=1, max_tries=1, pool=default_pool, queue=default, priority_weight=2, operator=PythonOperator, queued_dttm=2025-05-13 00:16:38.646915+00:00, scheduled_dttm=2025-05-13 00:16:38.628987+00:00,queued_by_job_id=13, pid=685
[2025-05-13T02:16:39.741+0200] {scheduler_job_runner.py:852} INFO - TaskInstance Finished: dag_id=octopus_pricing_8am, task_id=ingest_price_comparison, run_id=manual__2025-05-13T00:16:38.441659+00:00, map_index=-1, run_start_date=2025-05-13 00:16:38.694912+00:00, run_end_date=2025-05-13 00:16:39.400284+00:00, run_duration=0.705372, state=up_for_retry, executor=LocalExecutor(parallelism=32), executor_state=success, try_number=1, max_tries=1, pool=default_pool, queue=default, priority_weight=2, operator=PythonOperator, queued_dttm=2025-05-13 00:16:38.646915+00:00, scheduled_dttm=2025-05-13 00:16:38.628987+00:00,queued_by_job_id=13, pid=686
[2025-05-13T02:16:44.751+0200] {scheduler_job_runner.py:450} INFO - 2 tasks up for execution:
	<TaskInstance: octopus_pricing_8am.ingest_price_comparison manual__2025-05-13T00:16:38.441659+00:00 [scheduled]>
	<TaskInstance: octopus_pricing_8am.ingest_network_costs manual__2025-05-13T00:16:38.441659+00:00 [scheduled]>
[2025-05-13T02:16:44.751+0200] {scheduler_job_runner.py:522} INFO - DAG octopus_pricing_8am has 0/16 running and queued tasks
[2025-05-13T02:16:44.752+0200] {scheduler_job_runner.py:522} INFO - DAG octopus_pricing_8am has 1/16 running and queued tasks
[2025-05-13T02:16:44.752+0200] {scheduler_job_runner.py:661} INFO - Setting the following tasks to queued state:
	<TaskInstance: octopus_pricing_8am.ingest_price_comparison manual__2025-05-13T00:16:38.441659+00:00 [scheduled]>
	<TaskInstance: octopus_pricing_8am.ingest_network_costs manual__2025-05-13T00:16:38.441659+00:00 [scheduled]>
[2025-05-13T02:16:44.753+0200] {scheduler_job_runner.py:767} INFO - Trying to enqueue tasks: [<TaskInstance: octopus_pricing_8am.ingest_price_comparison manual__2025-05-13T00:16:38.441659+00:00 [scheduled]>, <TaskInstance: octopus_pricing_8am.ingest_network_costs manual__2025-05-13T00:16:38.441659+00:00 [scheduled]>] for executor: LocalExecutor(parallelism=32)
[2m2025-05-13 02:16:44[0m [[32m[1minfo     [0m] [1mSecrets backends loaded for worker[0m [[0m[1m[34msupervisor[0m][0m [36mbackend_classes[0m=[35m['EnvironmentVariablesBackend'][0m [36mcount[0m=[35m1[0m
[2m2025-05-13 02:16:44[0m [[32m[1minfo     [0m] [1mSecrets backends loaded for worker[0m [[0m[1m[34msupervisor[0m][0m [36mbackend_classes[0m=[35m['EnvironmentVariablesBackend'][0m [36mcount[0m=[35m1[0m
[2025-05-13T02:16:44.828+0200] {_client.py:1025} INFO - HTTP Request: PATCH http://localhost:8080/execution/task-instances/0196c700-2bec-79e6-95bc-513bd7a0b4cc/run "HTTP/1.1 200 OK"
[2m2025-05-13 02:16:44[0m [[32m[1mdebug    [0m] [1mSending                       [0m [[0m[1m[34msupervisor[0m][0m [36mmsg[0m=[35mStartupDetails(ti=TaskInstance(id=UUID('0196c700-2bec-79e6-95bc-513bd7a0b4cc'), task_id='ingest_price_comparison', dag_id='octopus_pricing_8am', run_id='manual__2025-05-13T00:16:38.441659+00:00', try_number=2, map_index=-1, pool_slots=1, queue='default', priority_weight=2, executor_config={}, parent_context_carrier={}, context_carrier=None, queued_dttm=datetime.datetime(2025, 5, 13, 0, 16, 38, 646915, tzinfo=Timezone('UTC'))), dag_rel_path='octopus_pricing_pipeline.py', bundle_info=BundleInfo(name='dags-folder', version=None), requests_fd=58, start_date=datetime.datetime(2025, 5, 13, 0, 16, 44, 801792, tzinfo=datetime.timezone.utc), ti_context=TIRunContext(dag_run=DagRun(dag_id='octopus_pricing_8am', run_id='manual__2025-05-13T00:16:38.441659+00:00', logical_date=datetime.datetime(2025, 5, 13, 0, 16, 37, 466000, tzinfo=TzInfo(UTC)), data_interval_start=datetime.datetime(2025, 5, 13, 0, 16, 37, 466000, tzinfo=TzInfo(UTC)), data_interval_end=datetime.datetime(2025, 5, 13, 0, 16, 37, 466000, tzinfo=TzInfo(UTC)), run_after=datetime.datetime(2025, 5, 13, 0, 16, 37, 466000, tzinfo=TzInfo(UTC)), start_date=datetime.datetime(2025, 5, 13, 0, 16, 38, 610385, tzinfo=TzInfo(UTC)), end_date=None, clear_number=0, run_type=<DagRunType.MANUAL: 'manual'>, conf={}, consumed_asset_events=[]), task_reschedule_count=0, max_tries=1, variables=[], connections=[], upstream_map_indexes=None, next_method=None, next_kwargs=None, xcom_keys_to_clear=[], should_retry=False), type='StartupDetails')[0m
[2025-05-13T02:16:44.838+0200] {_client.py:1025} INFO - HTTP Request: PATCH http://localhost:8080/execution/task-instances/0196c700-2bd2-73d8-9ec2-d5f36c401faf/run "HTTP/1.1 200 OK"
[2m2025-05-13 02:16:44[0m [[32m[1mdebug    [0m] [1mSending                       [0m [[0m[1m[34msupervisor[0m][0m [36mmsg[0m=[35mStartupDetails(ti=TaskInstance(id=UUID('0196c700-2bd2-73d8-9ec2-d5f36c401faf'), task_id='ingest_network_costs', dag_id='octopus_pricing_8am', run_id='manual__2025-05-13T00:16:38.441659+00:00', try_number=2, map_index=-1, pool_slots=1, queue='default', priority_weight=2, executor_config={}, parent_context_carrier={}, context_carrier=None, queued_dttm=datetime.datetime(2025, 5, 13, 0, 16, 38, 646915, tzinfo=Timezone('UTC'))), dag_rel_path='octopus_pricing_pipeline.py', bundle_info=BundleInfo(name='dags-folder', version=None), requests_fd=51, start_date=datetime.datetime(2025, 5, 13, 0, 16, 44, 806655, tzinfo=datetime.timezone.utc), ti_context=TIRunContext(dag_run=DagRun(dag_id='octopus_pricing_8am', run_id='manual__2025-05-13T00:16:38.441659+00:00', logical_date=datetime.datetime(2025, 5, 13, 0, 16, 37, 466000, tzinfo=TzInfo(UTC)), data_interval_start=datetime.datetime(2025, 5, 13, 0, 16, 37, 466000, tzinfo=TzInfo(UTC)), data_interval_end=datetime.datetime(2025, 5, 13, 0, 16, 37, 466000, tzinfo=TzInfo(UTC)), run_after=datetime.datetime(2025, 5, 13, 0, 16, 37, 466000, tzinfo=TzInfo(UTC)), start_date=datetime.datetime(2025, 5, 13, 0, 16, 38, 610385, tzinfo=TzInfo(UTC)), end_date=None, clear_number=0, run_type=<DagRunType.MANUAL: 'manual'>, conf={}, consumed_asset_events=[]), task_reschedule_count=0, max_tries=1, variables=[], connections=[], upstream_map_indexes=None, next_method=None, next_kwargs=None, xcom_keys_to_clear=[], should_retry=False), type='StartupDetails')[0m
[2025-05-13T02:16:44.868+0200] {_client.py:1025} INFO - HTTP Request: PUT http://localhost:8080/execution/task-instances/0196c700-2bec-79e6-95bc-513bd7a0b4cc/heartbeat "HTTP/1.1 204 No Content"
[2025-05-13T02:16:44.888+0200] {_client.py:1025} INFO - HTTP Request: PUT http://localhost:8080/execution/task-instances/0196c700-2bd2-73d8-9ec2-d5f36c401faf/heartbeat "HTTP/1.1 204 No Content"
[2m2025-05-13 02:16:45[0m [[32m[1mdebug    [0m] [1mReceived message from task runner[0m [[0m[1m[34msupervisor[0m][0m [36mmsg[0m=[35mGetVariable(key='BASE_PATH', type='GetVariable')[0m
[2025-05-13T02:16:45.197+0200] {_client.py:1025} INFO - HTTP Request: GET http://localhost:8080/execution/variables/BASE_PATH "HTTP/1.1 200 OK"
[2m2025-05-13 02:16:45[0m [[32m[1mdebug    [0m] [1mReceived message from task runner[0m [[0m[1m[34msupervisor[0m][0m [36mmsg[0m=[35mGetVariable(key='BASE_DATA_PATH', type='GetVariable')[0m
[2025-05-13T02:16:45.208+0200] {_client.py:1025} INFO - HTTP Request: GET http://localhost:8080/execution/variables/BASE_DATA_PATH "HTTP/1.1 200 OK"
[2m2025-05-13 02:16:45[0m [[32m[1mdebug    [0m] [1mReceived message from task runner[0m [[0m[1m[34msupervisor[0m][0m [36mmsg[0m=[35mGetConnection(conn_id='staging_postgres', type='GetConnection')[0m
[2025-05-13T02:16:45.218+0200] {_client.py:1025} INFO - HTTP Request: GET http://localhost:8080/execution/connections/staging_postgres "HTTP/1.1 200 OK"
[2m2025-05-13 02:16:45[0m [[32m[1mdebug    [0m] [1mReceived message from task runner[0m [[0m[1m[34msupervisor[0m][0m [36mmsg[0m=[35mSetRenderedFields(rendered_fields={'templates_dict': None, 'op_args': [], 'op_kwargs': {}}, type='SetRenderedFields')[0m
[2m2025-05-13 02:16:45[0m [[32m[1mdebug    [0m] [1mReceived message from task runner[0m [[0m[1m[34msupervisor[0m][0m [36mmsg[0m=[35mGetVariable(key='BASE_PATH', type='GetVariable')[0m
[2025-05-13T02:16:45.244+0200] {_client.py:1025} INFO - HTTP Request: GET http://localhost:8080/execution/variables/BASE_PATH "HTTP/1.1 200 OK"
[2m2025-05-13 02:16:45[0m [[32m[1mdebug    [0m] [1mReceived message from task runner[0m [[0m[1m[34msupervisor[0m][0m [36mmsg[0m=[35mGetVariable(key='BASE_DATA_PATH', type='GetVariable')[0m
[2025-05-13T02:16:45.254+0200] {_client.py:1025} INFO - HTTP Request: GET http://localhost:8080/execution/variables/BASE_DATA_PATH "HTTP/1.1 200 OK"
[2025-05-13T02:16:45.256+0200] {_client.py:1025} INFO - HTTP Request: PUT http://localhost:8080/execution/task-instances/0196c700-2bec-79e6-95bc-513bd7a0b4cc/rtif "HTTP/1.1 201 Created"
[2m2025-05-13 02:16:45[0m [[32m[1mdebug    [0m] [1mReceived message from task runner[0m [[0m[1m[34msupervisor[0m][0m [36mmsg[0m=[35mGetConnection(conn_id='staging_postgres', type='GetConnection')[0m
[2m2025-05-13 02:16:45[0m [[32m[1mdebug    [0m] [1mReceived message from task runner[0m [[0m[1m[34msupervisor[0m][0m [36mmsg[0m=[35mGetVariable(key='BASE_DATA_PATH', type='GetVariable')[0m
[2025-05-13T02:16:45.265+0200] {_client.py:1025} INFO - HTTP Request: GET http://localhost:8080/execution/connections/staging_postgres "HTTP/1.1 200 OK"
[2025-05-13T02:16:45.267+0200] {_client.py:1025} INFO - HTTP Request: GET http://localhost:8080/execution/variables/BASE_DATA_PATH "HTTP/1.1 200 OK"
[2m2025-05-13 02:16:45[0m [[32m[1mdebug    [0m] [1mReceived message from task runner[0m [[0m[1m[34msupervisor[0m][0m [36mmsg[0m=[35mSetRenderedFields(rendered_fields={'templates_dict': None, 'op_args': [], 'op_kwargs': {}}, type='SetRenderedFields')[0m
[2025-05-13T02:16:45.293+0200] {_client.py:1025} INFO - HTTP Request: PUT http://localhost:8080/execution/task-instances/0196c700-2bd2-73d8-9ec2-d5f36c401faf/rtif "HTTP/1.1 201 Created"
[2m2025-05-13 02:16:45[0m [[32m[1mdebug    [0m] [1mReceived message from task runner[0m [[0m[1m[34msupervisor[0m][0m [36mmsg[0m=[35mGetVariable(key='BASE_DATA_PATH', type='GetVariable')[0m
[2025-05-13T02:16:45.301+0200] {_client.py:1025} INFO - HTTP Request: GET http://localhost:8080/execution/variables/BASE_DATA_PATH "HTTP/1.1 200 OK"
[2m2025-05-13 02:16:45[0m [[32m[1mdebug    [0m] [1mReceived message from task runner[0m [[0m[1m[34msupervisor[0m][0m [36mmsg[0m=[35mGetVariable(key='NETWORK_COSTS_FILE', type='GetVariable')[0m
[2025-05-13T02:16:45.308+0200] {_client.py:1025} INFO - HTTP Request: GET http://localhost:8080/execution/variables/NETWORK_COSTS_FILE "HTTP/1.1 200 OK"
[2m2025-05-13 02:16:45[0m [[32m[1mdebug    [0m] [1mReceived message from task runner[0m [[0m[1m[34msupervisor[0m][0m [36mmsg[0m=[35mTaskState(state=<TerminalTIState.FAILED: 'failed'>, end_date=datetime.datetime(2025, 5, 13, 0, 16, 45, 328719, tzinfo=TzInfo(UTC)), type='TaskState')[0m
[2025-05-13T02:16:45.355+0200] {_client.py:1025} INFO - HTTP Request: PATCH http://localhost:8080/execution/task-instances/0196c700-2bec-79e6-95bc-513bd7a0b4cc/state "HTTP/1.1 204 No Content"
[2m2025-05-13 02:16:45[0m [[32m[1minfo     [0m] [1mTask finished                 [0m [[0m[1m[34msupervisor[0m][0m [36mduration[0m=[35m0.5577520219958387[0m [36mexit_code[0m=[35m0[0m [36mfinal_state[0m=[35mfailed[0m
[2m2025-05-13 02:16:45[0m [[32m[1mdebug    [0m] [1mReceived message from task runner[0m [[0m[1m[34msupervisor[0m][0m [36mmsg[0m=[35mTaskState(state=<TerminalTIState.FAILED: 'failed'>, end_date=datetime.datetime(2025, 5, 13, 0, 16, 45, 355774, tzinfo=TzInfo(UTC)), type='TaskState')[0m
[2025-05-13T02:16:45.382+0200] {_client.py:1025} INFO - HTTP Request: PATCH http://localhost:8080/execution/task-instances/0196c700-2bd2-73d8-9ec2-d5f36c401faf/state "HTTP/1.1 204 No Content"
[2m2025-05-13 02:16:45[0m [[32m[1minfo     [0m] [1mTask finished                 [0m [[0m[1m[34msupervisor[0m][0m [36mduration[0m=[35m0.5803945160005242[0m [36mexit_code[0m=[35m0[0m [36mfinal_state[0m=[35mfailed[0m
[2025-05-13T02:16:45.826+0200] {scheduler_job_runner.py:810} INFO - Received executor event with state success for task instance TaskInstanceKey(dag_id='octopus_pricing_8am', task_id='ingest_price_comparison', run_id='manual__2025-05-13T00:16:38.441659+00:00', try_number=2, map_index=-1)
[2025-05-13T02:16:45.826+0200] {scheduler_job_runner.py:810} INFO - Received executor event with state success for task instance TaskInstanceKey(dag_id='octopus_pricing_8am', task_id='ingest_network_costs', run_id='manual__2025-05-13T00:16:38.441659+00:00', try_number=2, map_index=-1)
[2025-05-13T02:16:45.829+0200] {scheduler_job_runner.py:852} INFO - TaskInstance Finished: dag_id=octopus_pricing_8am, task_id=ingest_network_costs, run_id=manual__2025-05-13T00:16:38.441659+00:00, map_index=-1, run_start_date=2025-05-13 00:16:44.806655+00:00, run_end_date=2025-05-13 00:16:45.362606+00:00, run_duration=1.556, state=failed, executor=LocalExecutor(parallelism=32), executor_state=success, try_number=2, max_tries=1, pool=default_pool, queue=default, priority_weight=2, operator=PythonOperator, queued_dttm=2025-05-13 00:16:44.752911+00:00, scheduled_dttm=2025-05-13 00:16:44.731636+00:00,queued_by_job_id=13, pid=744
[2025-05-13T02:16:45.829+0200] {scheduler_job_runner.py:852} INFO - TaskInstance Finished: dag_id=octopus_pricing_8am, task_id=ingest_price_comparison, run_id=manual__2025-05-13T00:16:38.441659+00:00, map_index=-1, run_start_date=2025-05-13 00:16:44.801792+00:00, run_end_date=2025-05-13 00:16:45.336227+00:00, run_duration=1.534, state=failed, executor=LocalExecutor(parallelism=32), executor_state=success, try_number=2, max_tries=1, pool=default_pool, queue=default, priority_weight=2, operator=PythonOperator, queued_dttm=2025-05-13 00:16:44.752911+00:00, scheduled_dttm=2025-05-13 00:16:44.731636+00:00,queued_by_job_id=13, pid=743
[2025-05-13T02:16:46.846+0200] {dagrun.py:1145} INFO - Marking run <DagRun octopus_pricing_8am @ 2025-05-13 00:16:37.466000+00:00: manual__2025-05-13T00:16:38.441659+00:00, state:running, queued_at: 2025-05-13 00:16:38.447557+00:00. run_type: manual> failed
[2025-05-13T02:16:46.846+0200] {dagrun.py:1224} INFO - DagRun Finished: dag_id=octopus_pricing_8am, logical_date=2025-05-13 00:16:37.466000+00:00, run_id=manual__2025-05-13T00:16:38.441659+00:00, run_start_date=2025-05-13 00:16:38.610385+00:00, run_end_date=2025-05-13 00:16:46.846457+00:00, run_duration=8.236072, state=failed, run_type=manual, data_interval_start=2025-05-13 00:16:37.466000+00:00, data_interval_end=2025-05-13 00:16:37.466000+00:00,
[2025-05-13T02:18:02.282+0200] {scheduler_job_runner.py:450} INFO - 2 tasks up for execution:
	<TaskInstance: octopus_pricing_8am.ingest_price_comparison manual__2025-05-13T00:18:02.130123+00:00 [scheduled]>
	<TaskInstance: octopus_pricing_8am.ingest_network_costs manual__2025-05-13T00:18:02.130123+00:00 [scheduled]>
[2025-05-13T02:18:02.283+0200] {scheduler_job_runner.py:522} INFO - DAG octopus_pricing_8am has 0/16 running and queued tasks
[2025-05-13T02:18:02.283+0200] {scheduler_job_runner.py:522} INFO - DAG octopus_pricing_8am has 1/16 running and queued tasks
[2025-05-13T02:18:02.284+0200] {scheduler_job_runner.py:661} INFO - Setting the following tasks to queued state:
	<TaskInstance: octopus_pricing_8am.ingest_price_comparison manual__2025-05-13T00:18:02.130123+00:00 [scheduled]>
	<TaskInstance: octopus_pricing_8am.ingest_network_costs manual__2025-05-13T00:18:02.130123+00:00 [scheduled]>
[2025-05-13T02:18:02.286+0200] {scheduler_job_runner.py:767} INFO - Trying to enqueue tasks: [<TaskInstance: octopus_pricing_8am.ingest_price_comparison manual__2025-05-13T00:18:02.130123+00:00 [scheduled]>, <TaskInstance: octopus_pricing_8am.ingest_network_costs manual__2025-05-13T00:18:02.130123+00:00 [scheduled]>] for executor: LocalExecutor(parallelism=32)
[2m2025-05-13 02:18:02[0m [[32m[1minfo     [0m] [1mSecrets backends loaded for worker[0m [[0m[1m[34msupervisor[0m][0m [36mbackend_classes[0m=[35m['EnvironmentVariablesBackend'][0m [36mcount[0m=[35m1[0m
[2m2025-05-13 02:18:02[0m [[32m[1minfo     [0m] [1mSecrets backends loaded for worker[0m [[0m[1m[34msupervisor[0m][0m [36mbackend_classes[0m=[35m['EnvironmentVariablesBackend'][0m [36mcount[0m=[35m1[0m
[2025-05-13T02:18:02.389+0200] {_client.py:1025} INFO - HTTP Request: PATCH http://localhost:8080/execution/task-instances/0196c701-6f1f-75db-aab1-f8d4b489e767/run "HTTP/1.1 200 OK"
[2m2025-05-13 02:18:02[0m [[32m[1mdebug    [0m] [1mSending                       [0m [[0m[1m[34msupervisor[0m][0m [36mmsg[0m=[35mStartupDetails(ti=TaskInstance(id=UUID('0196c701-6f1f-75db-aab1-f8d4b489e767'), task_id='ingest_price_comparison', dag_id='octopus_pricing_8am', run_id='manual__2025-05-13T00:18:02.130123+00:00', try_number=1, map_index=-1, pool_slots=1, queue='default', priority_weight=2, executor_config={}, parent_context_carrier={}, context_carrier=None, queued_dttm=None), dag_rel_path='octopus_pricing_pipeline.py', bundle_info=BundleInfo(name='dags-folder', version=None), requests_fd=60, start_date=datetime.datetime(2025, 5, 13, 0, 18, 2, 357805, tzinfo=datetime.timezone.utc), ti_context=TIRunContext(dag_run=DagRun(dag_id='octopus_pricing_8am', run_id='manual__2025-05-13T00:18:02.130123+00:00', logical_date=datetime.datetime(2025, 5, 13, 0, 18, 1, 150000, tzinfo=TzInfo(UTC)), data_interval_start=datetime.datetime(2025, 5, 13, 0, 18, 1, 150000, tzinfo=TzInfo(UTC)), data_interval_end=datetime.datetime(2025, 5, 13, 0, 18, 1, 150000, tzinfo=TzInfo(UTC)), run_after=datetime.datetime(2025, 5, 13, 0, 18, 1, 150000, tzinfo=TzInfo(UTC)), start_date=datetime.datetime(2025, 5, 13, 0, 18, 2, 237168, tzinfo=TzInfo(UTC)), end_date=None, clear_number=0, run_type=<DagRunType.MANUAL: 'manual'>, conf={}, consumed_asset_events=[]), task_reschedule_count=0, max_tries=1, variables=[], connections=[], upstream_map_indexes=None, next_method=None, next_kwargs=None, xcom_keys_to_clear=[], should_retry=True), type='StartupDetails')[0m
[2025-05-13T02:18:02.401+0200] {_client.py:1025} INFO - HTTP Request: PATCH http://localhost:8080/execution/task-instances/0196c701-6f20-75cb-9e46-c29df7cda699/run "HTTP/1.1 200 OK"
[2m2025-05-13 02:18:02[0m [[32m[1mdebug    [0m] [1mSending                       [0m [[0m[1m[34msupervisor[0m][0m [36mmsg[0m=[35mStartupDetails(ti=TaskInstance(id=UUID('0196c701-6f20-75cb-9e46-c29df7cda699'), task_id='ingest_network_costs', dag_id='octopus_pricing_8am', run_id='manual__2025-05-13T00:18:02.130123+00:00', try_number=1, map_index=-1, pool_slots=1, queue='default', priority_weight=2, executor_config={}, parent_context_carrier={}, context_carrier=None, queued_dttm=None), dag_rel_path='octopus_pricing_pipeline.py', bundle_info=BundleInfo(name='dags-folder', version=None), requests_fd=54, start_date=datetime.datetime(2025, 5, 13, 0, 18, 2, 360659, tzinfo=datetime.timezone.utc), ti_context=TIRunContext(dag_run=DagRun(dag_id='octopus_pricing_8am', run_id='manual__2025-05-13T00:18:02.130123+00:00', logical_date=datetime.datetime(2025, 5, 13, 0, 18, 1, 150000, tzinfo=TzInfo(UTC)), data_interval_start=datetime.datetime(2025, 5, 13, 0, 18, 1, 150000, tzinfo=TzInfo(UTC)), data_interval_end=datetime.datetime(2025, 5, 13, 0, 18, 1, 150000, tzinfo=TzInfo(UTC)), run_after=datetime.datetime(2025, 5, 13, 0, 18, 1, 150000, tzinfo=TzInfo(UTC)), start_date=datetime.datetime(2025, 5, 13, 0, 18, 2, 237168, tzinfo=TzInfo(UTC)), end_date=None, clear_number=0, run_type=<DagRunType.MANUAL: 'manual'>, conf={}, consumed_asset_events=[]), task_reschedule_count=0, max_tries=1, variables=[], connections=[], upstream_map_indexes=None, next_method=None, next_kwargs=None, xcom_keys_to_clear=[], should_retry=True), type='StartupDetails')[0m
[2025-05-13T02:18:02.496+0200] {_client.py:1025} INFO - HTTP Request: PUT http://localhost:8080/execution/task-instances/0196c701-6f1f-75db-aab1-f8d4b489e767/heartbeat "HTTP/1.1 204 No Content"
[2025-05-13T02:18:02.546+0200] {_client.py:1025} INFO - HTTP Request: PUT http://localhost:8080/execution/task-instances/0196c701-6f20-75cb-9e46-c29df7cda699/heartbeat "HTTP/1.1 204 No Content"
[2m2025-05-13 02:18:02[0m [[32m[1mdebug    [0m] [1mReceived message from task runner[0m [[0m[1m[34msupervisor[0m][0m [36mmsg[0m=[35mGetVariable(key='BASE_PATH', type='GetVariable')[0m
[2025-05-13T02:18:02.796+0200] {_client.py:1025} INFO - HTTP Request: GET http://localhost:8080/execution/variables/BASE_PATH "HTTP/1.1 200 OK"
[2m2025-05-13 02:18:02[0m [[32m[1mdebug    [0m] [1mReceived message from task runner[0m [[0m[1m[34msupervisor[0m][0m [36mmsg[0m=[35mGetVariable(key='BASE_DATA_PATH', type='GetVariable')[0m
[2025-05-13T02:18:02.805+0200] {_client.py:1025} INFO - HTTP Request: GET http://localhost:8080/execution/variables/BASE_DATA_PATH "HTTP/1.1 200 OK"
[2m2025-05-13 02:18:02[0m [[32m[1mdebug    [0m] [1mReceived message from task runner[0m [[0m[1m[34msupervisor[0m][0m [36mmsg[0m=[35mGetConnection(conn_id='staging_postgres', type='GetConnection')[0m
[2025-05-13T02:18:02.816+0200] {_client.py:1025} INFO - HTTP Request: GET http://localhost:8080/execution/connections/staging_postgres "HTTP/1.1 200 OK"
[2m2025-05-13 02:18:02[0m [[32m[1mdebug    [0m] [1mReceived message from task runner[0m [[0m[1m[34msupervisor[0m][0m [36mmsg[0m=[35mGetVariable(key='BASE_PATH', type='GetVariable')[0m
[2025-05-13T02:18:02.824+0200] {_client.py:1025} INFO - HTTP Request: GET http://localhost:8080/execution/variables/BASE_PATH "HTTP/1.1 200 OK"
[2m2025-05-13 02:18:02[0m [[32m[1mdebug    [0m] [1mReceived message from task runner[0m [[0m[1m[34msupervisor[0m][0m [36mmsg[0m=[35mGetVariable(key='BASE_DATA_PATH', type='GetVariable')[0m
[2m2025-05-13 02:18:02[0m [[32m[1mdebug    [0m] [1mReceived message from task runner[0m [[0m[1m[34msupervisor[0m][0m [36mmsg[0m=[35mSetRenderedFields(rendered_fields={'templates_dict': None, 'op_args': [], 'op_kwargs': {}}, type='SetRenderedFields')[0m
[2025-05-13T02:18:02.831+0200] {_client.py:1025} INFO - HTTP Request: GET http://localhost:8080/execution/variables/BASE_DATA_PATH "HTTP/1.1 200 OK"
[2m2025-05-13 02:18:02[0m [[32m[1mdebug    [0m] [1mReceived message from task runner[0m [[0m[1m[34msupervisor[0m][0m [36mmsg[0m=[35mGetConnection(conn_id='staging_postgres', type='GetConnection')[0m
[2025-05-13T02:18:02.841+0200] {_client.py:1025} INFO - HTTP Request: GET http://localhost:8080/execution/connections/staging_postgres "HTTP/1.1 200 OK"
[2m2025-05-13 02:18:02[0m [[32m[1mdebug    [0m] [1mReceived message from task runner[0m [[0m[1m[34msupervisor[0m][0m [36mmsg[0m=[35mSetRenderedFields(rendered_fields={'templates_dict': None, 'op_args': [], 'op_kwargs': {}}, type='SetRenderedFields')[0m
[2025-05-13T02:18:02.854+0200] {_client.py:1025} INFO - HTTP Request: PUT http://localhost:8080/execution/task-instances/0196c701-6f1f-75db-aab1-f8d4b489e767/rtif "HTTP/1.1 201 Created"
[2m2025-05-13 02:18:02[0m [[32m[1mdebug    [0m] [1mReceived message from task runner[0m [[0m[1m[34msupervisor[0m][0m [36mmsg[0m=[35mGetVariable(key='BASE_DATA_PATH', type='GetVariable')[0m
[2025-05-13T02:18:02.861+0200] {_client.py:1025} INFO - HTTP Request: GET http://localhost:8080/execution/variables/BASE_DATA_PATH "HTTP/1.1 200 OK"
[2025-05-13T02:18:02.877+0200] {_client.py:1025} INFO - HTTP Request: PUT http://localhost:8080/execution/task-instances/0196c701-6f20-75cb-9e46-c29df7cda699/rtif "HTTP/1.1 201 Created"
[2m2025-05-13 02:18:02[0m [[32m[1mdebug    [0m] [1mReceived message from task runner[0m [[0m[1m[34msupervisor[0m][0m [36mmsg[0m=[35mGetVariable(key='BASE_DATA_PATH', type='GetVariable')[0m
[2025-05-13T02:18:02.884+0200] {_client.py:1025} INFO - HTTP Request: GET http://localhost:8080/execution/variables/BASE_DATA_PATH "HTTP/1.1 200 OK"
[2m2025-05-13 02:18:02[0m [[32m[1mdebug    [0m] [1mReceived message from task runner[0m [[0m[1m[34msupervisor[0m][0m [36mmsg[0m=[35mGetVariable(key='NETWORK_COSTS_FILE', type='GetVariable')[0m
[2025-05-13T02:18:02.892+0200] {_client.py:1025} INFO - HTTP Request: GET http://localhost:8080/execution/variables/NETWORK_COSTS_FILE "HTTP/1.1 200 OK"
[2m2025-05-13 02:18:02[0m [[32m[1mdebug    [0m] [1mReceived message from task runner[0m [[0m[1m[34msupervisor[0m][0m [36mmsg[0m=[35mRetryTask(state='up_for_retry', end_date=datetime.datetime(2025, 5, 13, 0, 18, 2, 926070, tzinfo=TzInfo(UTC)), type='RetryTask')[0m
[2m2025-05-13 02:18:02[0m [[32m[1mdebug    [0m] [1mReceived message from task runner[0m [[0m[1m[34msupervisor[0m][0m [36mmsg[0m=[35mRetryTask(state='up_for_retry', end_date=datetime.datetime(2025, 5, 13, 0, 18, 2, 941497, tzinfo=TzInfo(UTC)), type='RetryTask')[0m
[2025-05-13T02:18:02.949+0200] {_client.py:1025} INFO - HTTP Request: PATCH http://localhost:8080/execution/task-instances/0196c701-6f1f-75db-aab1-f8d4b489e767/state "HTTP/1.1 204 No Content"
[2m2025-05-13 02:18:02[0m [[32m[1minfo     [0m] [1mTask finished                 [0m [[0m[1m[34msupervisor[0m][0m [36mduration[0m=[35m0.5994317119984771[0m [36mexit_code[0m=[35m0[0m [36mfinal_state[0m=[35mup_for_retry[0m
[2025-05-13T02:18:02.970+0200] {_client.py:1025} INFO - HTTP Request: PATCH http://localhost:8080/execution/task-instances/0196c701-6f20-75cb-9e46-c29df7cda699/state "HTTP/1.1 204 No Content"
[2m2025-05-13 02:18:02[0m [[32m[1minfo     [0m] [1mTask finished                 [0m [[0m[1m[34msupervisor[0m][0m [36mduration[0m=[35m0.6197434240020812[0m [36mexit_code[0m=[35m0[0m [36mfinal_state[0m=[35mup_for_retry[0m
[2025-05-13T02:18:03.396+0200] {scheduler_job_runner.py:810} INFO - Received executor event with state success for task instance TaskInstanceKey(dag_id='octopus_pricing_8am', task_id='ingest_price_comparison', run_id='manual__2025-05-13T00:18:02.130123+00:00', try_number=1, map_index=-1)
[2025-05-13T02:18:03.396+0200] {scheduler_job_runner.py:810} INFO - Received executor event with state success for task instance TaskInstanceKey(dag_id='octopus_pricing_8am', task_id='ingest_network_costs', run_id='manual__2025-05-13T00:18:02.130123+00:00', try_number=1, map_index=-1)
[2025-05-13T02:18:03.400+0200] {scheduler_job_runner.py:852} INFO - TaskInstance Finished: dag_id=octopus_pricing_8am, task_id=ingest_network_costs, run_id=manual__2025-05-13T00:18:02.130123+00:00, map_index=-1, run_start_date=2025-05-13 00:18:02.360659+00:00, run_end_date=2025-05-13 00:18:02.955162+00:00, run_duration=0.594503, state=up_for_retry, executor=LocalExecutor(parallelism=32), executor_state=success, try_number=1, max_tries=1, pool=default_pool, queue=default, priority_weight=2, operator=PythonOperator, queued_dttm=2025-05-13 00:18:02.284924+00:00, scheduled_dttm=2025-05-13 00:18:02.261137+00:00,queued_by_job_id=13, pid=1552
[2025-05-13T02:18:03.400+0200] {scheduler_job_runner.py:852} INFO - TaskInstance Finished: dag_id=octopus_pricing_8am, task_id=ingest_price_comparison, run_id=manual__2025-05-13T00:18:02.130123+00:00, map_index=-1, run_start_date=2025-05-13 00:18:02.357805+00:00, run_end_date=2025-05-13 00:18:02.934733+00:00, run_duration=0.576928, state=up_for_retry, executor=LocalExecutor(parallelism=32), executor_state=success, try_number=1, max_tries=1, pool=default_pool, queue=default, priority_weight=2, operator=PythonOperator, queued_dttm=2025-05-13 00:18:02.284924+00:00, scheduled_dttm=2025-05-13 00:18:02.261137+00:00,queued_by_job_id=13, pid=1553
[2025-05-13T02:18:08.313+0200] {scheduler_job_runner.py:450} INFO - 2 tasks up for execution:
	<TaskInstance: octopus_pricing_8am.ingest_price_comparison manual__2025-05-13T00:18:02.130123+00:00 [scheduled]>
	<TaskInstance: octopus_pricing_8am.ingest_network_costs manual__2025-05-13T00:18:02.130123+00:00 [scheduled]>
[2025-05-13T02:18:08.314+0200] {scheduler_job_runner.py:522} INFO - DAG octopus_pricing_8am has 0/16 running and queued tasks
[2025-05-13T02:18:08.314+0200] {scheduler_job_runner.py:522} INFO - DAG octopus_pricing_8am has 1/16 running and queued tasks
[2025-05-13T02:18:08.314+0200] {scheduler_job_runner.py:661} INFO - Setting the following tasks to queued state:
	<TaskInstance: octopus_pricing_8am.ingest_price_comparison manual__2025-05-13T00:18:02.130123+00:00 [scheduled]>
	<TaskInstance: octopus_pricing_8am.ingest_network_costs manual__2025-05-13T00:18:02.130123+00:00 [scheduled]>
[2025-05-13T02:18:08.316+0200] {scheduler_job_runner.py:767} INFO - Trying to enqueue tasks: [<TaskInstance: octopus_pricing_8am.ingest_price_comparison manual__2025-05-13T00:18:02.130123+00:00 [scheduled]>, <TaskInstance: octopus_pricing_8am.ingest_network_costs manual__2025-05-13T00:18:02.130123+00:00 [scheduled]>] for executor: LocalExecutor(parallelism=32)
[2m2025-05-13 02:18:08[0m [[32m[1minfo     [0m] [1mSecrets backends loaded for worker[0m [[0m[1m[34msupervisor[0m][0m [36mbackend_classes[0m=[35m['EnvironmentVariablesBackend'][0m [36mcount[0m=[35m1[0m
[2m2025-05-13 02:18:08[0m [[32m[1minfo     [0m] [1mSecrets backends loaded for worker[0m [[0m[1m[34msupervisor[0m][0m [36mbackend_classes[0m=[35m['EnvironmentVariablesBackend'][0m [36mcount[0m=[35m1[0m
[2025-05-13T02:18:08.380+0200] {_client.py:1025} INFO - HTTP Request: PATCH http://localhost:8080/execution/task-instances/0196c701-7237-7565-8de3-11652fbefa45/run "HTTP/1.1 200 OK"
[2m2025-05-13 02:18:08[0m [[32m[1mdebug    [0m] [1mSending                       [0m [[0m[1m[34msupervisor[0m][0m [36mmsg[0m=[35mStartupDetails(ti=TaskInstance(id=UUID('0196c701-7237-7565-8de3-11652fbefa45'), task_id='ingest_price_comparison', dag_id='octopus_pricing_8am', run_id='manual__2025-05-13T00:18:02.130123+00:00', try_number=2, map_index=-1, pool_slots=1, queue='default', priority_weight=2, executor_config={}, parent_context_carrier={}, context_carrier=None, queued_dttm=datetime.datetime(2025, 5, 13, 0, 18, 2, 284924, tzinfo=Timezone('UTC'))), dag_rel_path='octopus_pricing_pipeline.py', bundle_info=BundleInfo(name='dags-folder', version=None), requests_fd=61, start_date=datetime.datetime(2025, 5, 13, 0, 18, 8, 356405, tzinfo=datetime.timezone.utc), ti_context=TIRunContext(dag_run=DagRun(dag_id='octopus_pricing_8am', run_id='manual__2025-05-13T00:18:02.130123+00:00', logical_date=datetime.datetime(2025, 5, 13, 0, 18, 1, 150000, tzinfo=TzInfo(UTC)), data_interval_start=datetime.datetime(2025, 5, 13, 0, 18, 1, 150000, tzinfo=TzInfo(UTC)), data_interval_end=datetime.datetime(2025, 5, 13, 0, 18, 1, 150000, tzinfo=TzInfo(UTC)), run_after=datetime.datetime(2025, 5, 13, 0, 18, 1, 150000, tzinfo=TzInfo(UTC)), start_date=datetime.datetime(2025, 5, 13, 0, 18, 2, 237168, tzinfo=TzInfo(UTC)), end_date=None, clear_number=0, run_type=<DagRunType.MANUAL: 'manual'>, conf={}, consumed_asset_events=[]), task_reschedule_count=0, max_tries=1, variables=[], connections=[], upstream_map_indexes=None, next_method=None, next_kwargs=None, xcom_keys_to_clear=[], should_retry=False), type='StartupDetails')[0m
[2025-05-13T02:18:08.389+0200] {_client.py:1025} INFO - HTTP Request: PATCH http://localhost:8080/execution/task-instances/0196c701-724c-75b6-a87a-9e7e41935cdc/run "HTTP/1.1 200 OK"
[2m2025-05-13 02:18:08[0m [[32m[1mdebug    [0m] [1mSending                       [0m [[0m[1m[34msupervisor[0m][0m [36mmsg[0m=[35mStartupDetails(ti=TaskInstance(id=UUID('0196c701-724c-75b6-a87a-9e7e41935cdc'), task_id='ingest_network_costs', dag_id='octopus_pricing_8am', run_id='manual__2025-05-13T00:18:02.130123+00:00', try_number=2, map_index=-1, pool_slots=1, queue='default', priority_weight=2, executor_config={}, parent_context_carrier={}, context_carrier=None, queued_dttm=datetime.datetime(2025, 5, 13, 0, 18, 2, 284924, tzinfo=Timezone('UTC'))), dag_rel_path='octopus_pricing_pipeline.py', bundle_info=BundleInfo(name='dags-folder', version=None), requests_fd=55, start_date=datetime.datetime(2025, 5, 13, 0, 18, 8, 356831, tzinfo=datetime.timezone.utc), ti_context=TIRunContext(dag_run=DagRun(dag_id='octopus_pricing_8am', run_id='manual__2025-05-13T00:18:02.130123+00:00', logical_date=datetime.datetime(2025, 5, 13, 0, 18, 1, 150000, tzinfo=TzInfo(UTC)), data_interval_start=datetime.datetime(2025, 5, 13, 0, 18, 1, 150000, tzinfo=TzInfo(UTC)), data_interval_end=datetime.datetime(2025, 5, 13, 0, 18, 1, 150000, tzinfo=TzInfo(UTC)), run_after=datetime.datetime(2025, 5, 13, 0, 18, 1, 150000, tzinfo=TzInfo(UTC)), start_date=datetime.datetime(2025, 5, 13, 0, 18, 2, 237168, tzinfo=TzInfo(UTC)), end_date=None, clear_number=0, run_type=<DagRunType.MANUAL: 'manual'>, conf={}, consumed_asset_events=[]), task_reschedule_count=0, max_tries=1, variables=[], connections=[], upstream_map_indexes=None, next_method=None, next_kwargs=None, xcom_keys_to_clear=[], should_retry=False), type='StartupDetails')[0m
[2025-05-13T02:18:08.421+0200] {_client.py:1025} INFO - HTTP Request: PUT http://localhost:8080/execution/task-instances/0196c701-7237-7565-8de3-11652fbefa45/heartbeat "HTTP/1.1 204 No Content"
[2025-05-13T02:18:08.427+0200] {_client.py:1025} INFO - HTTP Request: PUT http://localhost:8080/execution/task-instances/0196c701-724c-75b6-a87a-9e7e41935cdc/heartbeat "HTTP/1.1 204 No Content"
[2m2025-05-13 02:18:08[0m [[32m[1mdebug    [0m] [1mReceived message from task runner[0m [[0m[1m[34msupervisor[0m][0m [36mmsg[0m=[35mGetVariable(key='BASE_PATH', type='GetVariable')[0m
[2025-05-13T02:18:08.672+0200] {_client.py:1025} INFO - HTTP Request: GET http://localhost:8080/execution/variables/BASE_PATH "HTTP/1.1 200 OK"
[2m2025-05-13 02:18:08[0m [[32m[1mdebug    [0m] [1mReceived message from task runner[0m [[0m[1m[34msupervisor[0m][0m [36mmsg[0m=[35mGetVariable(key='BASE_PATH', type='GetVariable')[0m
[2m2025-05-13 02:18:08[0m [[32m[1mdebug    [0m] [1mReceived message from task runner[0m [[0m[1m[34msupervisor[0m][0m [36mmsg[0m=[35mGetVariable(key='BASE_DATA_PATH', type='GetVariable')[0m
[2025-05-13T02:18:08.679+0200] {_client.py:1025} INFO - HTTP Request: GET http://localhost:8080/execution/variables/BASE_DATA_PATH "HTTP/1.1 200 OK"
[2025-05-13T02:18:08.679+0200] {_client.py:1025} INFO - HTTP Request: GET http://localhost:8080/execution/variables/BASE_PATH "HTTP/1.1 200 OK"
[2m2025-05-13 02:18:08[0m [[32m[1mdebug    [0m] [1mReceived message from task runner[0m [[0m[1m[34msupervisor[0m][0m [36mmsg[0m=[35mGetVariable(key='BASE_DATA_PATH', type='GetVariable')[0m
[2m2025-05-13 02:18:08[0m [[32m[1mdebug    [0m] [1mReceived message from task runner[0m [[0m[1m[34msupervisor[0m][0m [36mmsg[0m=[35mGetConnection(conn_id='staging_postgres', type='GetConnection')[0m
[2025-05-13T02:18:08.687+0200] {_client.py:1025} INFO - HTTP Request: GET http://localhost:8080/execution/variables/BASE_DATA_PATH "HTTP/1.1 200 OK"
[2025-05-13T02:18:08.687+0200] {_client.py:1025} INFO - HTTP Request: GET http://localhost:8080/execution/connections/staging_postgres "HTTP/1.1 200 OK"
[2m2025-05-13 02:18:08[0m [[32m[1mdebug    [0m] [1mReceived message from task runner[0m [[0m[1m[34msupervisor[0m][0m [36mmsg[0m=[35mGetConnection(conn_id='staging_postgres', type='GetConnection')[0m
[2025-05-13T02:18:08.695+0200] {_client.py:1025} INFO - HTTP Request: GET http://localhost:8080/execution/connections/staging_postgres "HTTP/1.1 200 OK"
[2m2025-05-13 02:18:08[0m [[32m[1mdebug    [0m] [1mReceived message from task runner[0m [[0m[1m[34msupervisor[0m][0m [36mmsg[0m=[35mSetRenderedFields(rendered_fields={'templates_dict': None, 'op_args': [], 'op_kwargs': {}}, type='SetRenderedFields')[0m
[2m2025-05-13 02:18:08[0m [[32m[1mdebug    [0m] [1mReceived message from task runner[0m [[0m[1m[34msupervisor[0m][0m [36mmsg[0m=[35mSetRenderedFields(rendered_fields={'templates_dict': None, 'op_args': [], 'op_kwargs': {}}, type='SetRenderedFields')[0m
[2025-05-13T02:18:08.715+0200] {_client.py:1025} INFO - HTTP Request: PUT http://localhost:8080/execution/task-instances/0196c701-7237-7565-8de3-11652fbefa45/rtif "HTTP/1.1 201 Created"
[2m2025-05-13 02:18:08[0m [[32m[1mdebug    [0m] [1mReceived message from task runner[0m [[0m[1m[34msupervisor[0m][0m [36mmsg[0m=[35mGetVariable(key='BASE_DATA_PATH', type='GetVariable')[0m
[2025-05-13T02:18:08.720+0200] {_client.py:1025} INFO - HTTP Request: GET http://localhost:8080/execution/variables/BASE_DATA_PATH "HTTP/1.1 200 OK"
[2025-05-13T02:18:08.722+0200] {_client.py:1025} INFO - HTTP Request: PUT http://localhost:8080/execution/task-instances/0196c701-724c-75b6-a87a-9e7e41935cdc/rtif "HTTP/1.1 201 Created"
[2m2025-05-13 02:18:08[0m [[32m[1mdebug    [0m] [1mReceived message from task runner[0m [[0m[1m[34msupervisor[0m][0m [36mmsg[0m=[35mGetVariable(key='BASE_DATA_PATH', type='GetVariable')[0m
[2025-05-13T02:18:08.729+0200] {_client.py:1025} INFO - HTTP Request: GET http://localhost:8080/execution/variables/BASE_DATA_PATH "HTTP/1.1 200 OK"
[2m2025-05-13 02:18:08[0m [[32m[1mdebug    [0m] [1mReceived message from task runner[0m [[0m[1m[34msupervisor[0m][0m [36mmsg[0m=[35mGetVariable(key='NETWORK_COSTS_FILE', type='GetVariable')[0m
[2025-05-13T02:18:08.736+0200] {_client.py:1025} INFO - HTTP Request: GET http://localhost:8080/execution/variables/NETWORK_COSTS_FILE "HTTP/1.1 200 OK"
[2m2025-05-13 02:18:08[0m [[32m[1mdebug    [0m] [1mReceived message from task runner[0m [[0m[1m[34msupervisor[0m][0m [36mmsg[0m=[35mTaskState(state=<TerminalTIState.FAILED: 'failed'>, end_date=datetime.datetime(2025, 5, 13, 0, 18, 8, 778145, tzinfo=TzInfo(UTC)), type='TaskState')[0m
[2m2025-05-13 02:18:08[0m [[32m[1mdebug    [0m] [1mReceived message from task runner[0m [[0m[1m[34msupervisor[0m][0m [36mmsg[0m=[35mTaskState(state=<TerminalTIState.FAILED: 'failed'>, end_date=datetime.datetime(2025, 5, 13, 0, 18, 8, 778905, tzinfo=TzInfo(UTC)), type='TaskState')[0m
[2025-05-13T02:18:08.801+0200] {_client.py:1025} INFO - HTTP Request: PATCH http://localhost:8080/execution/task-instances/0196c701-724c-75b6-a87a-9e7e41935cdc/state "HTTP/1.1 204 No Content"
[2m2025-05-13 02:18:08[0m [[32m[1minfo     [0m] [1mTask finished                 [0m [[0m[1m[34msupervisor[0m][0m [36mduration[0m=[35m0.4482874189998256[0m [36mexit_code[0m=[35m0[0m [36mfinal_state[0m=[35mfailed[0m
[2025-05-13T02:18:08.806+0200] {_client.py:1025} INFO - HTTP Request: PATCH http://localhost:8080/execution/task-instances/0196c701-7237-7565-8de3-11652fbefa45/state "HTTP/1.1 204 No Content"
[2m2025-05-13 02:18:08[0m [[32m[1minfo     [0m] [1mTask finished                 [0m [[0m[1m[34msupervisor[0m][0m [36mduration[0m=[35m0.45455788300023414[0m [36mexit_code[0m=[35m0[0m [36mfinal_state[0m=[35mfailed[0m
[2025-05-13T02:18:09.235+0200] {scheduler_job_runner.py:810} INFO - Received executor event with state success for task instance TaskInstanceKey(dag_id='octopus_pricing_8am', task_id='ingest_network_costs', run_id='manual__2025-05-13T00:18:02.130123+00:00', try_number=2, map_index=-1)
[2025-05-13T02:18:09.236+0200] {scheduler_job_runner.py:810} INFO - Received executor event with state success for task instance TaskInstanceKey(dag_id='octopus_pricing_8am', task_id='ingest_price_comparison', run_id='manual__2025-05-13T00:18:02.130123+00:00', try_number=2, map_index=-1)
[2025-05-13T02:18:09.238+0200] {scheduler_job_runner.py:852} INFO - TaskInstance Finished: dag_id=octopus_pricing_8am, task_id=ingest_network_costs, run_id=manual__2025-05-13T00:18:02.130123+00:00, map_index=-1, run_start_date=2025-05-13 00:18:08.356831+00:00, run_end_date=2025-05-13 00:18:08.784833+00:00, run_duration=0.428, state=failed, executor=LocalExecutor(parallelism=32), executor_state=success, try_number=2, max_tries=1, pool=default_pool, queue=default, priority_weight=2, operator=PythonOperator, queued_dttm=2025-05-13 00:18:08.315242+00:00, scheduled_dttm=2025-05-13 00:18:08.299488+00:00,queued_by_job_id=13, pid=1620
[2025-05-13T02:18:09.239+0200] {scheduler_job_runner.py:852} INFO - TaskInstance Finished: dag_id=octopus_pricing_8am, task_id=ingest_price_comparison, run_id=manual__2025-05-13T00:18:02.130123+00:00, map_index=-1, run_start_date=2025-05-13 00:18:08.356405+00:00, run_end_date=2025-05-13 00:18:08.784665+00:00, run_duration=0.429, state=failed, executor=LocalExecutor(parallelism=32), executor_state=success, try_number=2, max_tries=1, pool=default_pool, queue=default, priority_weight=2, operator=PythonOperator, queued_dttm=2025-05-13 00:18:08.315242+00:00, scheduled_dttm=2025-05-13 00:18:08.299488+00:00,queued_by_job_id=13, pid=1619
[2025-05-13T02:18:10.263+0200] {dagrun.py:1145} INFO - Marking run <DagRun octopus_pricing_8am @ 2025-05-13 00:18:01.150000+00:00: manual__2025-05-13T00:18:02.130123+00:00, state:running, queued_at: 2025-05-13 00:18:02.137315+00:00. run_type: manual> failed
[2025-05-13T02:18:10.263+0200] {dagrun.py:1224} INFO - DagRun Finished: dag_id=octopus_pricing_8am, logical_date=2025-05-13 00:18:01.150000+00:00, run_id=manual__2025-05-13T00:18:02.130123+00:00, run_start_date=2025-05-13 00:18:02.237168+00:00, run_end_date=2025-05-13 00:18:10.263702+00:00, run_duration=8.026534, state=failed, run_type=manual, data_interval_start=2025-05-13 00:18:01.150000+00:00, data_interval_end=2025-05-13 00:18:01.150000+00:00,
[2025-05-13T02:18:36.029+0200] {scheduler_job_runner.py:2128} INFO - Adopting or resetting orphaned tasks for active dag runs
[2025-05-13T02:22:11.481+0200] {scheduler_job_runner.py:450} INFO - 2 tasks up for execution:
	<TaskInstance: octopus_pricing_8am.ingest_price_comparison manual__2025-05-13T00:22:11.182927+00:00 [scheduled]>
	<TaskInstance: octopus_pricing_8am.ingest_network_costs manual__2025-05-13T00:22:11.182927+00:00 [scheduled]>
[2025-05-13T02:22:11.481+0200] {scheduler_job_runner.py:522} INFO - DAG octopus_pricing_8am has 0/16 running and queued tasks
[2025-05-13T02:22:11.482+0200] {scheduler_job_runner.py:522} INFO - DAG octopus_pricing_8am has 1/16 running and queued tasks
[2025-05-13T02:22:11.482+0200] {scheduler_job_runner.py:661} INFO - Setting the following tasks to queued state:
	<TaskInstance: octopus_pricing_8am.ingest_price_comparison manual__2025-05-13T00:22:11.182927+00:00 [scheduled]>
	<TaskInstance: octopus_pricing_8am.ingest_network_costs manual__2025-05-13T00:22:11.182927+00:00 [scheduled]>
[2025-05-13T02:22:11.483+0200] {scheduler_job_runner.py:767} INFO - Trying to enqueue tasks: [<TaskInstance: octopus_pricing_8am.ingest_price_comparison manual__2025-05-13T00:22:11.182927+00:00 [scheduled]>, <TaskInstance: octopus_pricing_8am.ingest_network_costs manual__2025-05-13T00:22:11.182927+00:00 [scheduled]>] for executor: LocalExecutor(parallelism=32)
[2m2025-05-13 02:22:11[0m [[32m[1minfo     [0m] [1mSecrets backends loaded for worker[0m [[0m[1m[34msupervisor[0m][0m [36mbackend_classes[0m=[35m['EnvironmentVariablesBackend'][0m [36mcount[0m=[35m1[0m
[2m2025-05-13 02:22:11[0m [[32m[1minfo     [0m] [1mSecrets backends loaded for worker[0m [[0m[1m[34msupervisor[0m][0m [36mbackend_classes[0m=[35m['EnvironmentVariablesBackend'][0m [36mcount[0m=[35m1[0m
[2025-05-13T02:22:11.567+0200] {_client.py:1025} INFO - HTTP Request: PATCH http://localhost:8080/execution/task-instances/0196c705-3bfd-7f5b-a741-7b67e710727a/run "HTTP/1.1 200 OK"
[2m2025-05-13 02:22:11[0m [[32m[1mdebug    [0m] [1mSending                       [0m [[0m[1m[34msupervisor[0m][0m [36mmsg[0m=[35mStartupDetails(ti=TaskInstance(id=UUID('0196c705-3bfd-7f5b-a741-7b67e710727a'), task_id='ingest_network_costs', dag_id='octopus_pricing_8am', run_id='manual__2025-05-13T00:22:11.182927+00:00', try_number=1, map_index=-1, pool_slots=1, queue='default', priority_weight=2, executor_config={}, parent_context_carrier={}, context_carrier=None, queued_dttm=None), dag_rel_path='octopus_pricing_pipeline.py', bundle_info=BundleInfo(name='dags-folder', version=None), requests_fd=63, start_date=datetime.datetime(2025, 5, 13, 0, 22, 11, 530129, tzinfo=datetime.timezone.utc), ti_context=TIRunContext(dag_run=DagRun(dag_id='octopus_pricing_8am', run_id='manual__2025-05-13T00:22:11.182927+00:00', logical_date=datetime.datetime(2025, 5, 13, 0, 22, 10, 31000, tzinfo=TzInfo(UTC)), data_interval_start=datetime.datetime(2025, 5, 13, 0, 22, 10, 31000, tzinfo=TzInfo(UTC)), data_interval_end=datetime.datetime(2025, 5, 13, 0, 22, 10, 31000, tzinfo=TzInfo(UTC)), run_after=datetime.datetime(2025, 5, 13, 0, 22, 10, 31000, tzinfo=TzInfo(UTC)), start_date=datetime.datetime(2025, 5, 13, 0, 22, 11, 444856, tzinfo=TzInfo(UTC)), end_date=None, clear_number=0, run_type=<DagRunType.MANUAL: 'manual'>, conf={}, consumed_asset_events=[]), task_reschedule_count=0, max_tries=1, variables=[], connections=[], upstream_map_indexes=None, next_method=None, next_kwargs=None, xcom_keys_to_clear=[], should_retry=True), type='StartupDetails')[0m
[2025-05-13T02:22:11.579+0200] {_client.py:1025} INFO - HTTP Request: PATCH http://localhost:8080/execution/task-instances/0196c705-3bfc-7f92-a0e9-bbfb4d02ec96/run "HTTP/1.1 200 OK"
[2m2025-05-13 02:22:11[0m [[32m[1mdebug    [0m] [1mSending                       [0m [[0m[1m[34msupervisor[0m][0m [36mmsg[0m=[35mStartupDetails(ti=TaskInstance(id=UUID('0196c705-3bfc-7f92-a0e9-bbfb4d02ec96'), task_id='ingest_price_comparison', dag_id='octopus_pricing_8am', run_id='manual__2025-05-13T00:22:11.182927+00:00', try_number=1, map_index=-1, pool_slots=1, queue='default', priority_weight=2, executor_config={}, parent_context_carrier={}, context_carrier=None, queued_dttm=None), dag_rel_path='octopus_pricing_pipeline.py', bundle_info=BundleInfo(name='dags-folder', version=None), requests_fd=57, start_date=datetime.datetime(2025, 5, 13, 0, 22, 11, 537174, tzinfo=datetime.timezone.utc), ti_context=TIRunContext(dag_run=DagRun(dag_id='octopus_pricing_8am', run_id='manual__2025-05-13T00:22:11.182927+00:00', logical_date=datetime.datetime(2025, 5, 13, 0, 22, 10, 31000, tzinfo=TzInfo(UTC)), data_interval_start=datetime.datetime(2025, 5, 13, 0, 22, 10, 31000, tzinfo=TzInfo(UTC)), data_interval_end=datetime.datetime(2025, 5, 13, 0, 22, 10, 31000, tzinfo=TzInfo(UTC)), run_after=datetime.datetime(2025, 5, 13, 0, 22, 10, 31000, tzinfo=TzInfo(UTC)), start_date=datetime.datetime(2025, 5, 13, 0, 22, 11, 444856, tzinfo=TzInfo(UTC)), end_date=None, clear_number=0, run_type=<DagRunType.MANUAL: 'manual'>, conf={}, consumed_asset_events=[]), task_reschedule_count=0, max_tries=1, variables=[], connections=[], upstream_map_indexes=None, next_method=None, next_kwargs=None, xcom_keys_to_clear=[], should_retry=True), type='StartupDetails')[0m
[2025-05-13T02:22:11.624+0200] {_client.py:1025} INFO - HTTP Request: PUT http://localhost:8080/execution/task-instances/0196c705-3bfc-7f92-a0e9-bbfb4d02ec96/heartbeat "HTTP/1.1 204 No Content"
[2025-05-13T02:22:11.625+0200] {_client.py:1025} INFO - HTTP Request: PUT http://localhost:8080/execution/task-instances/0196c705-3bfd-7f5b-a741-7b67e710727a/heartbeat "HTTP/1.1 204 No Content"
[2m2025-05-13 02:22:11[0m [[32m[1mdebug    [0m] [1mReceived message from task runner[0m [[0m[1m[34msupervisor[0m][0m [36mmsg[0m=[35mGetVariable(key='BASE_PATH', type='GetVariable')[0m
[2025-05-13T02:22:11.968+0200] {_client.py:1025} INFO - HTTP Request: GET http://localhost:8080/execution/variables/BASE_PATH "HTTP/1.1 200 OK"
[2m2025-05-13 02:22:11[0m [[32m[1mdebug    [0m] [1mReceived message from task runner[0m [[0m[1m[34msupervisor[0m][0m [36mmsg[0m=[35mGetVariable(key='BASE_DATA_PATH', type='GetVariable')[0m
[2025-05-13T02:22:11.976+0200] {_client.py:1025} INFO - HTTP Request: GET http://localhost:8080/execution/variables/BASE_DATA_PATH "HTTP/1.1 200 OK"
[2m2025-05-13 02:22:11[0m [[32m[1mdebug    [0m] [1mReceived message from task runner[0m [[0m[1m[34msupervisor[0m][0m [36mmsg[0m=[35mGetConnection(conn_id='staging_postgres', type='GetConnection')[0m
[2025-05-13T02:22:11.987+0200] {_client.py:1025} INFO - HTTP Request: GET http://localhost:8080/execution/connections/staging_postgres "HTTP/1.1 200 OK"
[2m2025-05-13 02:22:11[0m [[32m[1mdebug    [0m] [1mReceived message from task runner[0m [[0m[1m[34msupervisor[0m][0m [36mmsg[0m=[35mGetVariable(key='BASE_PATH', type='GetVariable')[0m
[2025-05-13T02:22:11.996+0200] {_client.py:1025} INFO - HTTP Request: GET http://localhost:8080/execution/variables/BASE_PATH "HTTP/1.1 200 OK"
[2m2025-05-13 02:22:11[0m [[32m[1mdebug    [0m] [1mReceived message from task runner[0m [[0m[1m[34msupervisor[0m][0m [36mmsg[0m=[35mGetVariable(key='BASE_DATA_PATH', type='GetVariable')[0m
[2m2025-05-13 02:22:12[0m [[32m[1mdebug    [0m] [1mReceived message from task runner[0m [[0m[1m[34msupervisor[0m][0m [36mmsg[0m=[35mSetRenderedFields(rendered_fields={'templates_dict': None, 'op_args': [], 'op_kwargs': {}}, type='SetRenderedFields')[0m
[2025-05-13T02:22:12.009+0200] {_client.py:1025} INFO - HTTP Request: GET http://localhost:8080/execution/variables/BASE_DATA_PATH "HTTP/1.1 200 OK"
[2m2025-05-13 02:22:12[0m [[32m[1mdebug    [0m] [1mReceived message from task runner[0m [[0m[1m[34msupervisor[0m][0m [36mmsg[0m=[35mGetConnection(conn_id='staging_postgres', type='GetConnection')[0m
[2025-05-13T02:22:12.019+0200] {_client.py:1025} INFO - HTTP Request: GET http://localhost:8080/execution/connections/staging_postgres "HTTP/1.1 200 OK"
[2025-05-13T02:22:12.034+0200] {_client.py:1025} INFO - HTTP Request: PUT http://localhost:8080/execution/task-instances/0196c705-3bfd-7f5b-a741-7b67e710727a/rtif "HTTP/1.1 201 Created"
[2m2025-05-13 02:22:12[0m [[32m[1mdebug    [0m] [1mReceived message from task runner[0m [[0m[1m[34msupervisor[0m][0m [36mmsg[0m=[35mSetRenderedFields(rendered_fields={'templates_dict': None, 'op_args': [], 'op_kwargs': {}}, type='SetRenderedFields')[0m
[2m2025-05-13 02:22:12[0m [[32m[1mdebug    [0m] [1mReceived message from task runner[0m [[0m[1m[34msupervisor[0m][0m [36mmsg[0m=[35mGetVariable(key='BASE_DATA_PATH', type='GetVariable')[0m
[2025-05-13T02:22:12.048+0200] {_client.py:1025} INFO - HTTP Request: GET http://localhost:8080/execution/variables/BASE_DATA_PATH "HTTP/1.1 200 OK"
[2m2025-05-13 02:22:12[0m [[32m[1mdebug    [0m] [1mReceived message from task runner[0m [[0m[1m[34msupervisor[0m][0m [36mmsg[0m=[35mGetVariable(key='NETWORK_COSTS_FILE', type='GetVariable')[0m
[2025-05-13T02:22:12.061+0200] {_client.py:1025} INFO - HTTP Request: GET http://localhost:8080/execution/variables/NETWORK_COSTS_FILE "HTTP/1.1 200 OK"
[2025-05-13T02:22:12.072+0200] {_client.py:1025} INFO - HTTP Request: PUT http://localhost:8080/execution/task-instances/0196c705-3bfc-7f92-a0e9-bbfb4d02ec96/rtif "HTTP/1.1 201 Created"
[2m2025-05-13 02:22:12[0m [[32m[1mdebug    [0m] [1mReceived message from task runner[0m [[0m[1m[34msupervisor[0m][0m [36mmsg[0m=[35mGetVariable(key='BASE_DATA_PATH', type='GetVariable')[0m
[2025-05-13T02:22:12.079+0200] {_client.py:1025} INFO - HTTP Request: GET http://localhost:8080/execution/variables/BASE_DATA_PATH "HTTP/1.1 200 OK"
[2m2025-05-13 02:22:12[0m [[32m[1mdebug    [0m] [1mReceived message from task runner[0m [[0m[1m[34msupervisor[0m][0m [36mmsg[0m=[35mRetryTask(state='up_for_retry', end_date=datetime.datetime(2025, 5, 13, 0, 22, 12, 103966, tzinfo=TzInfo(UTC)), type='RetryTask')[0m
[2025-05-13T02:22:12.126+0200] {_client.py:1025} INFO - HTTP Request: PATCH http://localhost:8080/execution/task-instances/0196c705-3bfd-7f5b-a741-7b67e710727a/state "HTTP/1.1 204 No Content"
[2m2025-05-13 02:22:12[0m [[32m[1minfo     [0m] [1mTask finished                 [0m [[0m[1m[34msupervisor[0m][0m [36mduration[0m=[35m0.6025814050008194[0m [36mexit_code[0m=[35m0[0m [36mfinal_state[0m=[35mup_for_retry[0m
[2m2025-05-13 02:22:12[0m [[32m[1mdebug    [0m] [1mReceived message from task runner[0m [[0m[1m[34msupervisor[0m][0m [36mmsg[0m=[35mRetryTask(state='up_for_retry', end_date=datetime.datetime(2025, 5, 13, 0, 22, 12, 136831, tzinfo=TzInfo(UTC)), type='RetryTask')[0m
[2025-05-13T02:22:12.155+0200] {_client.py:1025} INFO - HTTP Request: PATCH http://localhost:8080/execution/task-instances/0196c705-3bfc-7f92-a0e9-bbfb4d02ec96/state "HTTP/1.1 204 No Content"
[2m2025-05-13 02:22:12[0m [[32m[1minfo     [0m] [1mTask finished                 [0m [[0m[1m[34msupervisor[0m][0m [36mduration[0m=[35m0.6251662099966779[0m [36mexit_code[0m=[35m0[0m [36mfinal_state[0m=[35mup_for_retry[0m
[2025-05-13T02:22:12.579+0200] {scheduler_job_runner.py:810} INFO - Received executor event with state success for task instance TaskInstanceKey(dag_id='octopus_pricing_8am', task_id='ingest_network_costs', run_id='manual__2025-05-13T00:22:11.182927+00:00', try_number=1, map_index=-1)
[2025-05-13T02:22:12.580+0200] {scheduler_job_runner.py:810} INFO - Received executor event with state success for task instance TaskInstanceKey(dag_id='octopus_pricing_8am', task_id='ingest_price_comparison', run_id='manual__2025-05-13T00:22:11.182927+00:00', try_number=1, map_index=-1)
[2025-05-13T02:22:12.583+0200] {scheduler_job_runner.py:852} INFO - TaskInstance Finished: dag_id=octopus_pricing_8am, task_id=ingest_network_costs, run_id=manual__2025-05-13T00:22:11.182927+00:00, map_index=-1, run_start_date=2025-05-13 00:22:11.530129+00:00, run_end_date=2025-05-13 00:22:12.113286+00:00, run_duration=0.583157, state=up_for_retry, executor=LocalExecutor(parallelism=32), executor_state=success, try_number=1, max_tries=1, pool=default_pool, queue=default, priority_weight=2, operator=PythonOperator, queued_dttm=2025-05-13 00:22:11.482875+00:00, scheduled_dttm=2025-05-13 00:22:11.466191+00:00,queued_by_job_id=13, pid=3456
[2025-05-13T02:22:12.583+0200] {scheduler_job_runner.py:852} INFO - TaskInstance Finished: dag_id=octopus_pricing_8am, task_id=ingest_price_comparison, run_id=manual__2025-05-13T00:22:11.182927+00:00, map_index=-1, run_start_date=2025-05-13 00:22:11.537174+00:00, run_end_date=2025-05-13 00:22:12.143699+00:00, run_duration=0.606525, state=up_for_retry, executor=LocalExecutor(parallelism=32), executor_state=success, try_number=1, max_tries=1, pool=default_pool, queue=default, priority_weight=2, operator=PythonOperator, queued_dttm=2025-05-13 00:22:11.482875+00:00, scheduled_dttm=2025-05-13 00:22:11.466191+00:00,queued_by_job_id=13, pid=3457
[2025-05-13T02:22:17.581+0200] {scheduler_job_runner.py:450} INFO - 2 tasks up for execution:
	<TaskInstance: octopus_pricing_8am.ingest_price_comparison manual__2025-05-13T00:22:11.182927+00:00 [scheduled]>
	<TaskInstance: octopus_pricing_8am.ingest_network_costs manual__2025-05-13T00:22:11.182927+00:00 [scheduled]>
[2025-05-13T02:22:17.582+0200] {scheduler_job_runner.py:522} INFO - DAG octopus_pricing_8am has 0/16 running and queued tasks
[2025-05-13T02:22:17.582+0200] {scheduler_job_runner.py:522} INFO - DAG octopus_pricing_8am has 1/16 running and queued tasks
[2025-05-13T02:22:17.582+0200] {scheduler_job_runner.py:661} INFO - Setting the following tasks to queued state:
	<TaskInstance: octopus_pricing_8am.ingest_price_comparison manual__2025-05-13T00:22:11.182927+00:00 [scheduled]>
	<TaskInstance: octopus_pricing_8am.ingest_network_costs manual__2025-05-13T00:22:11.182927+00:00 [scheduled]>
[2025-05-13T02:22:17.583+0200] {scheduler_job_runner.py:767} INFO - Trying to enqueue tasks: [<TaskInstance: octopus_pricing_8am.ingest_price_comparison manual__2025-05-13T00:22:11.182927+00:00 [scheduled]>, <TaskInstance: octopus_pricing_8am.ingest_network_costs manual__2025-05-13T00:22:11.182927+00:00 [scheduled]>] for executor: LocalExecutor(parallelism=32)
[2m2025-05-13 02:22:17[0m [[32m[1minfo     [0m] [1mSecrets backends loaded for worker[0m [[0m[1m[34msupervisor[0m][0m [36mbackend_classes[0m=[35m['EnvironmentVariablesBackend'][0m [36mcount[0m=[35m1[0m
[2m2025-05-13 02:22:17[0m [[32m[1minfo     [0m] [1mSecrets backends loaded for worker[0m [[0m[1m[34msupervisor[0m][0m [36mbackend_classes[0m=[35m['EnvironmentVariablesBackend'][0m [36mcount[0m=[35m1[0m
[2025-05-13T02:22:17.649+0200] {_client.py:1025} INFO - HTTP Request: PATCH http://localhost:8080/execution/task-instances/0196c705-3fb0-7248-be35-03c5f16f81c9/run "HTTP/1.1 200 OK"
[2m2025-05-13 02:22:17[0m [[32m[1mdebug    [0m] [1mSending                       [0m [[0m[1m[34msupervisor[0m][0m [36mmsg[0m=[35mStartupDetails(ti=TaskInstance(id=UUID('0196c705-3fb0-7248-be35-03c5f16f81c9'), task_id='ingest_price_comparison', dag_id='octopus_pricing_8am', run_id='manual__2025-05-13T00:22:11.182927+00:00', try_number=2, map_index=-1, pool_slots=1, queue='default', priority_weight=2, executor_config={}, parent_context_carrier={}, context_carrier=None, queued_dttm=datetime.datetime(2025, 5, 13, 0, 22, 11, 482875, tzinfo=Timezone('UTC'))), dag_rel_path='octopus_pricing_pipeline.py', bundle_info=BundleInfo(name='dags-folder', version=None), requests_fd=65, start_date=datetime.datetime(2025, 5, 13, 0, 22, 17, 623351, tzinfo=datetime.timezone.utc), ti_context=TIRunContext(dag_run=DagRun(dag_id='octopus_pricing_8am', run_id='manual__2025-05-13T00:22:11.182927+00:00', logical_date=datetime.datetime(2025, 5, 13, 0, 22, 10, 31000, tzinfo=TzInfo(UTC)), data_interval_start=datetime.datetime(2025, 5, 13, 0, 22, 10, 31000, tzinfo=TzInfo(UTC)), data_interval_end=datetime.datetime(2025, 5, 13, 0, 22, 10, 31000, tzinfo=TzInfo(UTC)), run_after=datetime.datetime(2025, 5, 13, 0, 22, 10, 31000, tzinfo=TzInfo(UTC)), start_date=datetime.datetime(2025, 5, 13, 0, 22, 11, 444856, tzinfo=TzInfo(UTC)), end_date=None, clear_number=0, run_type=<DagRunType.MANUAL: 'manual'>, conf={}, consumed_asset_events=[]), task_reschedule_count=0, max_tries=1, variables=[], connections=[], upstream_map_indexes=None, next_method=None, next_kwargs=None, xcom_keys_to_clear=[], should_retry=False), type='StartupDetails')[0m
[2025-05-13T02:22:17.691+0200] {_client.py:1025} INFO - HTTP Request: PUT http://localhost:8080/execution/task-instances/0196c705-3fb0-7248-be35-03c5f16f81c9/heartbeat "HTTP/1.1 204 No Content"
[2m2025-05-13 02:22:17[0m [[32m[1mdebug    [0m] [1mReceived message from task runner[0m [[0m[1m[34msupervisor[0m][0m [36mmsg[0m=[35mGetVariable(key='BASE_PATH', type='GetVariable')[0m
[2025-05-13T02:22:17.938+0200] {_client.py:1025} INFO - HTTP Request: GET http://localhost:8080/execution/variables/BASE_PATH "HTTP/1.1 200 OK"
[2m2025-05-13 02:22:17[0m [[32m[1mdebug    [0m] [1mReceived message from task runner[0m [[0m[1m[34msupervisor[0m][0m [36mmsg[0m=[35mGetVariable(key='BASE_DATA_PATH', type='GetVariable')[0m
[2025-05-13T02:22:17.945+0200] {_client.py:1025} INFO - HTTP Request: GET http://localhost:8080/execution/variables/BASE_DATA_PATH "HTTP/1.1 200 OK"
[2m2025-05-13 02:22:17[0m [[32m[1mdebug    [0m] [1mReceived message from task runner[0m [[0m[1m[34msupervisor[0m][0m [36mmsg[0m=[35mGetConnection(conn_id='staging_postgres', type='GetConnection')[0m
[2025-05-13T02:22:17.954+0200] {_client.py:1025} INFO - HTTP Request: GET http://localhost:8080/execution/connections/staging_postgres "HTTP/1.1 200 OK"
[2m2025-05-13 02:22:17[0m [[32m[1mdebug    [0m] [1mReceived message from task runner[0m [[0m[1m[34msupervisor[0m][0m [36mmsg[0m=[35mSetRenderedFields(rendered_fields={'templates_dict': None, 'op_args': [], 'op_kwargs': {}}, type='SetRenderedFields')[0m
[2025-05-13T02:22:17.980+0200] {_client.py:1025} INFO - HTTP Request: PUT http://localhost:8080/execution/task-instances/0196c705-3fb0-7248-be35-03c5f16f81c9/rtif "HTTP/1.1 201 Created"
[2m2025-05-13 02:22:17[0m [[32m[1mdebug    [0m] [1mReceived message from task runner[0m [[0m[1m[34msupervisor[0m][0m [36mmsg[0m=[35mGetVariable(key='BASE_DATA_PATH', type='GetVariable')[0m
[2025-05-13T02:22:17.987+0200] {_client.py:1025} INFO - HTTP Request: GET http://localhost:8080/execution/variables/BASE_DATA_PATH "HTTP/1.1 200 OK"
[2m2025-05-13 02:22:18[0m [[32m[1mdebug    [0m] [1mReceived message from task runner[0m [[0m[1m[34msupervisor[0m][0m [36mmsg[0m=[35mTaskState(state=<TerminalTIState.FAILED: 'failed'>, end_date=datetime.datetime(2025, 5, 13, 0, 22, 18, 40767, tzinfo=TzInfo(UTC)), type='TaskState')[0m
[2025-05-13T02:22:18.065+0200] {_client.py:1025} INFO - HTTP Request: PATCH http://localhost:8080/execution/task-instances/0196c705-3fb0-7248-be35-03c5f16f81c9/state "HTTP/1.1 204 No Content"
[2m2025-05-13 02:22:18[0m [[32m[1minfo     [0m] [1mTask finished                 [0m [[0m[1m[34msupervisor[0m][0m [36mduration[0m=[35m0.4463228349995916[0m [36mexit_code[0m=[35m0[0m [36mfinal_state[0m=[35mfailed[0m
[2025-05-13T02:22:18.220+0200] {_client.py:1025} INFO - HTTP Request: PATCH http://localhost:8080/execution/task-instances/0196c705-3f92-7609-9e8d-6898a04446cd/run "HTTP/1.1 200 OK"
[2m2025-05-13 02:22:18[0m [[32m[1mdebug    [0m] [1mSending                       [0m [[0m[1m[34msupervisor[0m][0m [36mmsg[0m=[35mStartupDetails(ti=TaskInstance(id=UUID('0196c705-3f92-7609-9e8d-6898a04446cd'), task_id='ingest_network_costs', dag_id='octopus_pricing_8am', run_id='manual__2025-05-13T00:22:11.182927+00:00', try_number=2, map_index=-1, pool_slots=1, queue='default', priority_weight=2, executor_config={}, parent_context_carrier={}, context_carrier=None, queued_dttm=datetime.datetime(2025, 5, 13, 0, 22, 11, 482875, tzinfo=Timezone('UTC'))), dag_rel_path='octopus_pricing_pipeline.py', bundle_info=BundleInfo(name='dags-folder', version=None), requests_fd=59, start_date=datetime.datetime(2025, 5, 13, 0, 22, 17, 623299, tzinfo=datetime.timezone.utc), ti_context=TIRunContext(dag_run=DagRun(dag_id='octopus_pricing_8am', run_id='manual__2025-05-13T00:22:11.182927+00:00', logical_date=datetime.datetime(2025, 5, 13, 0, 22, 10, 31000, tzinfo=TzInfo(UTC)), data_interval_start=datetime.datetime(2025, 5, 13, 0, 22, 10, 31000, tzinfo=TzInfo(UTC)), data_interval_end=datetime.datetime(2025, 5, 13, 0, 22, 10, 31000, tzinfo=TzInfo(UTC)), run_after=datetime.datetime(2025, 5, 13, 0, 22, 10, 31000, tzinfo=TzInfo(UTC)), start_date=datetime.datetime(2025, 5, 13, 0, 22, 11, 444856, tzinfo=TzInfo(UTC)), end_date=None, clear_number=0, run_type=<DagRunType.MANUAL: 'manual'>, conf={}, consumed_asset_events=[]), task_reschedule_count=0, max_tries=1, variables=[], connections=[], upstream_map_indexes=None, next_method=None, next_kwargs=None, xcom_keys_to_clear=[], should_retry=False), type='StartupDetails')[0m
[2025-05-13T02:22:18.246+0200] {_client.py:1025} INFO - HTTP Request: PUT http://localhost:8080/execution/task-instances/0196c705-3f92-7609-9e8d-6898a04446cd/heartbeat "HTTP/1.1 204 No Content"
[2m2025-05-13 02:22:18[0m [[32m[1mdebug    [0m] [1mReceived message from task runner[0m [[0m[1m[34msupervisor[0m][0m [36mmsg[0m=[35mGetVariable(key='BASE_PATH', type='GetVariable')[0m
[2025-05-13T02:22:18.453+0200] {_client.py:1025} INFO - HTTP Request: GET http://localhost:8080/execution/variables/BASE_PATH "HTTP/1.1 200 OK"
[2m2025-05-13 02:22:18[0m [[32m[1mdebug    [0m] [1mReceived message from task runner[0m [[0m[1m[34msupervisor[0m][0m [36mmsg[0m=[35mGetVariable(key='BASE_DATA_PATH', type='GetVariable')[0m
[2025-05-13T02:22:18.459+0200] {_client.py:1025} INFO - HTTP Request: GET http://localhost:8080/execution/variables/BASE_DATA_PATH "HTTP/1.1 200 OK"
[2m2025-05-13 02:22:18[0m [[32m[1mdebug    [0m] [1mReceived message from task runner[0m [[0m[1m[34msupervisor[0m][0m [36mmsg[0m=[35mGetConnection(conn_id='staging_postgres', type='GetConnection')[0m
[2025-05-13T02:22:18.471+0200] {_client.py:1025} INFO - HTTP Request: GET http://localhost:8080/execution/connections/staging_postgres "HTTP/1.1 200 OK"
[2m2025-05-13 02:22:18[0m [[32m[1mdebug    [0m] [1mReceived message from task runner[0m [[0m[1m[34msupervisor[0m][0m [36mmsg[0m=[35mSetRenderedFields(rendered_fields={'templates_dict': None, 'op_args': [], 'op_kwargs': {}}, type='SetRenderedFields')[0m
[2025-05-13T02:22:18.514+0200] {_client.py:1025} INFO - HTTP Request: PUT http://localhost:8080/execution/task-instances/0196c705-3f92-7609-9e8d-6898a04446cd/rtif "HTTP/1.1 201 Created"
[2m2025-05-13 02:22:18[0m [[32m[1mdebug    [0m] [1mReceived message from task runner[0m [[0m[1m[34msupervisor[0m][0m [36mmsg[0m=[35mGetVariable(key='BASE_DATA_PATH', type='GetVariable')[0m
[2025-05-13T02:22:18.520+0200] {_client.py:1025} INFO - HTTP Request: GET http://localhost:8080/execution/variables/BASE_DATA_PATH "HTTP/1.1 200 OK"
[2m2025-05-13 02:22:18[0m [[32m[1mdebug    [0m] [1mReceived message from task runner[0m [[0m[1m[34msupervisor[0m][0m [36mmsg[0m=[35mGetVariable(key='NETWORK_COSTS_FILE', type='GetVariable')[0m
[2025-05-13T02:22:18.526+0200] {_client.py:1025} INFO - HTTP Request: GET http://localhost:8080/execution/variables/NETWORK_COSTS_FILE "HTTP/1.1 200 OK"
[2m2025-05-13 02:22:18[0m [[32m[1mdebug    [0m] [1mReceived message from task runner[0m [[0m[1m[34msupervisor[0m][0m [36mmsg[0m=[35mTaskState(state=<TerminalTIState.FAILED: 'failed'>, end_date=datetime.datetime(2025, 5, 13, 0, 22, 18, 566297, tzinfo=TzInfo(UTC)), type='TaskState')[0m
[2025-05-13T02:22:18.608+0200] {_client.py:1025} INFO - HTTP Request: PATCH http://localhost:8080/execution/task-instances/0196c705-3f92-7609-9e8d-6898a04446cd/state "HTTP/1.1 204 No Content"
[2m2025-05-13 02:22:18[0m [[32m[1minfo     [0m] [1mTask finished                 [0m [[0m[1m[34msupervisor[0m][0m [36mduration[0m=[35m0.9893862009994336[0m [36mexit_code[0m=[35m0[0m [36mfinal_state[0m=[35mfailed[0m
[2025-05-13T02:22:18.645+0200] {scheduler_job_runner.py:810} INFO - Received executor event with state success for task instance TaskInstanceKey(dag_id='octopus_pricing_8am', task_id='ingest_price_comparison', run_id='manual__2025-05-13T00:22:11.182927+00:00', try_number=2, map_index=-1)
[2025-05-13T02:22:18.645+0200] {scheduler_job_runner.py:810} INFO - Received executor event with state success for task instance TaskInstanceKey(dag_id='octopus_pricing_8am', task_id='ingest_network_costs', run_id='manual__2025-05-13T00:22:11.182927+00:00', try_number=2, map_index=-1)
[2025-05-13T02:22:18.648+0200] {scheduler_job_runner.py:852} INFO - TaskInstance Finished: dag_id=octopus_pricing_8am, task_id=ingest_network_costs, run_id=manual__2025-05-13T00:22:11.182927+00:00, map_index=-1, run_start_date=2025-05-13 00:22:17.623299+00:00, run_end_date=2025-05-13 00:22:18.572223+00:00, run_duration=1.9489999999999998, state=failed, executor=LocalExecutor(parallelism=32), executor_state=success, try_number=2, max_tries=1, pool=default_pool, queue=default, priority_weight=2, operator=PythonOperator, queued_dttm=2025-05-13 00:22:17.583074+00:00, scheduled_dttm=2025-05-13 00:22:17.565757+00:00,queued_by_job_id=13, pid=3521
[2025-05-13T02:22:18.648+0200] {scheduler_job_runner.py:852} INFO - TaskInstance Finished: dag_id=octopus_pricing_8am, task_id=ingest_price_comparison, run_id=manual__2025-05-13T00:22:11.182927+00:00, map_index=-1, run_start_date=2025-05-13 00:22:17.623351+00:00, run_end_date=2025-05-13 00:22:18.048489+00:00, run_duration=1.425, state=failed, executor=LocalExecutor(parallelism=32), executor_state=success, try_number=2, max_tries=1, pool=default_pool, queue=default, priority_weight=2, operator=PythonOperator, queued_dttm=2025-05-13 00:22:17.583074+00:00, scheduled_dttm=2025-05-13 00:22:17.565757+00:00,queued_by_job_id=13, pid=3522
[2025-05-13T02:22:19.665+0200] {dagrun.py:1145} INFO - Marking run <DagRun octopus_pricing_8am @ 2025-05-13 00:22:10.031000+00:00: manual__2025-05-13T00:22:11.182927+00:00, state:running, queued_at: 2025-05-13 00:22:11.188902+00:00. run_type: manual> failed
[2025-05-13T02:22:19.665+0200] {dagrun.py:1224} INFO - DagRun Finished: dag_id=octopus_pricing_8am, logical_date=2025-05-13 00:22:10.031000+00:00, run_id=manual__2025-05-13T00:22:11.182927+00:00, run_start_date=2025-05-13 00:22:11.444856+00:00, run_end_date=2025-05-13 00:22:19.665483+00:00, run_duration=8.220627, state=failed, run_type=manual, data_interval_start=2025-05-13 00:22:10.031000+00:00, data_interval_end=2025-05-13 00:22:10.031000+00:00,
[2025-05-13T02:22:39.514+0200] {scheduler_job_runner.py:450} INFO - 2 tasks up for execution:
	<TaskInstance: octopus_pricing_8am.ingest_price_comparison manual__2025-05-13T00:22:39.457516+00:00 [scheduled]>
	<TaskInstance: octopus_pricing_8am.ingest_network_costs manual__2025-05-13T00:22:39.457516+00:00 [scheduled]>
[2025-05-13T02:22:39.514+0200] {scheduler_job_runner.py:522} INFO - DAG octopus_pricing_8am has 0/16 running and queued tasks
[2025-05-13T02:22:39.514+0200] {scheduler_job_runner.py:522} INFO - DAG octopus_pricing_8am has 1/16 running and queued tasks
[2025-05-13T02:22:39.515+0200] {scheduler_job_runner.py:661} INFO - Setting the following tasks to queued state:
	<TaskInstance: octopus_pricing_8am.ingest_price_comparison manual__2025-05-13T00:22:39.457516+00:00 [scheduled]>
	<TaskInstance: octopus_pricing_8am.ingest_network_costs manual__2025-05-13T00:22:39.457516+00:00 [scheduled]>
[2025-05-13T02:22:39.516+0200] {scheduler_job_runner.py:767} INFO - Trying to enqueue tasks: [<TaskInstance: octopus_pricing_8am.ingest_price_comparison manual__2025-05-13T00:22:39.457516+00:00 [scheduled]>, <TaskInstance: octopus_pricing_8am.ingest_network_costs manual__2025-05-13T00:22:39.457516+00:00 [scheduled]>] for executor: LocalExecutor(parallelism=32)
[2m2025-05-13 02:22:39[0m [[32m[1minfo     [0m] [1mSecrets backends loaded for worker[0m [[0m[1m[34msupervisor[0m][0m [36mbackend_classes[0m=[35m['EnvironmentVariablesBackend'][0m [36mcount[0m=[35m1[0m
[2m2025-05-13 02:22:39[0m [[32m[1minfo     [0m] [1mSecrets backends loaded for worker[0m [[0m[1m[34msupervisor[0m][0m [36mbackend_classes[0m=[35m['EnvironmentVariablesBackend'][0m [36mcount[0m=[35m1[0m
[2025-05-13T02:22:39.585+0200] {_client.py:1025} INFO - HTTP Request: PATCH http://localhost:8080/execution/task-instances/0196c705-aa6a-7ac5-9609-6a95635fca82/run "HTTP/1.1 200 OK"
[2m2025-05-13 02:22:39[0m [[32m[1mdebug    [0m] [1mSending                       [0m [[0m[1m[34msupervisor[0m][0m [36mmsg[0m=[35mStartupDetails(ti=TaskInstance(id=UUID('0196c705-aa6a-7ac5-9609-6a95635fca82'), task_id='ingest_price_comparison', dag_id='octopus_pricing_8am', run_id='manual__2025-05-13T00:22:39.457516+00:00', try_number=1, map_index=-1, pool_slots=1, queue='default', priority_weight=2, executor_config={}, parent_context_carrier={}, context_carrier=None, queued_dttm=None), dag_rel_path='octopus_pricing_pipeline.py', bundle_info=BundleInfo(name='dags-folder', version=None), requests_fd=67, start_date=datetime.datetime(2025, 5, 13, 0, 22, 39, 559775, tzinfo=datetime.timezone.utc), ti_context=TIRunContext(dag_run=DagRun(dag_id='octopus_pricing_8am', run_id='manual__2025-05-13T00:22:39.457516+00:00', logical_date=datetime.datetime(2025, 5, 13, 0, 22, 38, 270000, tzinfo=TzInfo(UTC)), data_interval_start=datetime.datetime(2025, 5, 13, 0, 22, 38, 270000, tzinfo=TzInfo(UTC)), data_interval_end=datetime.datetime(2025, 5, 13, 0, 22, 38, 270000, tzinfo=TzInfo(UTC)), run_after=datetime.datetime(2025, 5, 13, 0, 22, 38, 270000, tzinfo=TzInfo(UTC)), start_date=datetime.datetime(2025, 5, 13, 0, 22, 39, 490893, tzinfo=TzInfo(UTC)), end_date=None, clear_number=0, run_type=<DagRunType.MANUAL: 'manual'>, conf={}, consumed_asset_events=[]), task_reschedule_count=0, max_tries=1, variables=[], connections=[], upstream_map_indexes=None, next_method=None, next_kwargs=None, xcom_keys_to_clear=[], should_retry=True), type='StartupDetails')[0m
[2025-05-13T02:22:39.606+0200] {_client.py:1025} INFO - HTTP Request: PATCH http://localhost:8080/execution/task-instances/0196c705-aa6b-7fc5-83fe-b22a6c9c032e/run "HTTP/1.1 200 OK"
[2m2025-05-13 02:22:39[0m [[32m[1mdebug    [0m] [1mSending                       [0m [[0m[1m[34msupervisor[0m][0m [36mmsg[0m=[35mStartupDetails(ti=TaskInstance(id=UUID('0196c705-aa6b-7fc5-83fe-b22a6c9c032e'), task_id='ingest_network_costs', dag_id='octopus_pricing_8am', run_id='manual__2025-05-13T00:22:39.457516+00:00', try_number=1, map_index=-1, pool_slots=1, queue='default', priority_weight=2, executor_config={}, parent_context_carrier={}, context_carrier=None, queued_dttm=None), dag_rel_path='octopus_pricing_pipeline.py', bundle_info=BundleInfo(name='dags-folder', version=None), requests_fd=61, start_date=datetime.datetime(2025, 5, 13, 0, 22, 39, 559028, tzinfo=datetime.timezone.utc), ti_context=TIRunContext(dag_run=DagRun(dag_id='octopus_pricing_8am', run_id='manual__2025-05-13T00:22:39.457516+00:00', logical_date=datetime.datetime(2025, 5, 13, 0, 22, 38, 270000, tzinfo=TzInfo(UTC)), data_interval_start=datetime.datetime(2025, 5, 13, 0, 22, 38, 270000, tzinfo=TzInfo(UTC)), data_interval_end=datetime.datetime(2025, 5, 13, 0, 22, 38, 270000, tzinfo=TzInfo(UTC)), run_after=datetime.datetime(2025, 5, 13, 0, 22, 38, 270000, tzinfo=TzInfo(UTC)), start_date=datetime.datetime(2025, 5, 13, 0, 22, 39, 490893, tzinfo=TzInfo(UTC)), end_date=None, clear_number=0, run_type=<DagRunType.MANUAL: 'manual'>, conf={}, consumed_asset_events=[]), task_reschedule_count=0, max_tries=1, variables=[], connections=[], upstream_map_indexes=None, next_method=None, next_kwargs=None, xcom_keys_to_clear=[], should_retry=True), type='StartupDetails')[0m
[2025-05-13T02:22:39.641+0200] {_client.py:1025} INFO - HTTP Request: PUT http://localhost:8080/execution/task-instances/0196c705-aa6b-7fc5-83fe-b22a6c9c032e/heartbeat "HTTP/1.1 204 No Content"
[2025-05-13T02:22:39.652+0200] {_client.py:1025} INFO - HTTP Request: PUT http://localhost:8080/execution/task-instances/0196c705-aa6a-7ac5-9609-6a95635fca82/heartbeat "HTTP/1.1 204 No Content"
[2m2025-05-13 02:22:39[0m [[32m[1mdebug    [0m] [1mReceived message from task runner[0m [[0m[1m[34msupervisor[0m][0m [36mmsg[0m=[35mGetVariable(key='BASE_PATH', type='GetVariable')[0m
[2025-05-13T02:22:39.892+0200] {_client.py:1025} INFO - HTTP Request: GET http://localhost:8080/execution/variables/BASE_PATH "HTTP/1.1 200 OK"
[2m2025-05-13 02:22:39[0m [[32m[1mdebug    [0m] [1mReceived message from task runner[0m [[0m[1m[34msupervisor[0m][0m [36mmsg[0m=[35mGetVariable(key='BASE_DATA_PATH', type='GetVariable')[0m
[2025-05-13T02:22:39.900+0200] {_client.py:1025} INFO - HTTP Request: GET http://localhost:8080/execution/variables/BASE_DATA_PATH "HTTP/1.1 200 OK"
[2m2025-05-13 02:22:39[0m [[32m[1mdebug    [0m] [1mReceived message from task runner[0m [[0m[1m[34msupervisor[0m][0m [36mmsg[0m=[35mGetConnection(conn_id='staging_postgres', type='GetConnection')[0m
[2025-05-13T02:22:39.909+0200] {_client.py:1025} INFO - HTTP Request: GET http://localhost:8080/execution/connections/staging_postgres "HTTP/1.1 200 OK"
[2m2025-05-13 02:22:39[0m [[32m[1mdebug    [0m] [1mReceived message from task runner[0m [[0m[1m[34msupervisor[0m][0m [36mmsg[0m=[35mGetVariable(key='BASE_PATH', type='GetVariable')[0m
[2025-05-13T02:22:39.920+0200] {_client.py:1025} INFO - HTTP Request: GET http://localhost:8080/execution/variables/BASE_PATH "HTTP/1.1 200 OK"
[2m2025-05-13 02:22:39[0m [[32m[1mdebug    [0m] [1mReceived message from task runner[0m [[0m[1m[34msupervisor[0m][0m [36mmsg[0m=[35mSetRenderedFields(rendered_fields={'templates_dict': None, 'op_args': [], 'op_kwargs': {}}, type='SetRenderedFields')[0m
[2m2025-05-13 02:22:39[0m [[32m[1mdebug    [0m] [1mReceived message from task runner[0m [[0m[1m[34msupervisor[0m][0m [36mmsg[0m=[35mGetVariable(key='BASE_DATA_PATH', type='GetVariable')[0m
[2025-05-13T02:22:39.927+0200] {_client.py:1025} INFO - HTTP Request: GET http://localhost:8080/execution/variables/BASE_DATA_PATH "HTTP/1.1 200 OK"
[2m2025-05-13 02:22:39[0m [[32m[1mdebug    [0m] [1mReceived message from task runner[0m [[0m[1m[34msupervisor[0m][0m [36mmsg[0m=[35mGetConnection(conn_id='staging_postgres', type='GetConnection')[0m
[2025-05-13T02:22:39.936+0200] {_client.py:1025} INFO - HTTP Request: GET http://localhost:8080/execution/connections/staging_postgres "HTTP/1.1 200 OK"
[2025-05-13T02:22:39.946+0200] {_client.py:1025} INFO - HTTP Request: PUT http://localhost:8080/execution/task-instances/0196c705-aa6b-7fc5-83fe-b22a6c9c032e/rtif "HTTP/1.1 201 Created"
[2m2025-05-13 02:22:39[0m [[32m[1mdebug    [0m] [1mReceived message from task runner[0m [[0m[1m[34msupervisor[0m][0m [36mmsg[0m=[35mGetVariable(key='BASE_DATA_PATH', type='GetVariable')[0m
[2m2025-05-13 02:22:39[0m [[32m[1mdebug    [0m] [1mReceived message from task runner[0m [[0m[1m[34msupervisor[0m][0m [36mmsg[0m=[35mSetRenderedFields(rendered_fields={'templates_dict': None, 'op_args': [], 'op_kwargs': {}}, type='SetRenderedFields')[0m
[2025-05-13T02:22:39.953+0200] {_client.py:1025} INFO - HTTP Request: GET http://localhost:8080/execution/variables/BASE_DATA_PATH "HTTP/1.1 200 OK"
[2m2025-05-13 02:22:39[0m [[32m[1mdebug    [0m] [1mReceived message from task runner[0m [[0m[1m[34msupervisor[0m][0m [36mmsg[0m=[35mGetVariable(key='NETWORK_COSTS_FILE', type='GetVariable')[0m
[2025-05-13T02:22:39.960+0200] {_client.py:1025} INFO - HTTP Request: GET http://localhost:8080/execution/variables/NETWORK_COSTS_FILE "HTTP/1.1 200 OK"
[2025-05-13T02:22:39.972+0200] {_client.py:1025} INFO - HTTP Request: PUT http://localhost:8080/execution/task-instances/0196c705-aa6a-7ac5-9609-6a95635fca82/rtif "HTTP/1.1 201 Created"
[2m2025-05-13 02:22:39[0m [[32m[1mdebug    [0m] [1mReceived message from task runner[0m [[0m[1m[34msupervisor[0m][0m [36mmsg[0m=[35mGetVariable(key='BASE_DATA_PATH', type='GetVariable')[0m
[2025-05-13T02:22:39.979+0200] {_client.py:1025} INFO - HTTP Request: GET http://localhost:8080/execution/variables/BASE_DATA_PATH "HTTP/1.1 200 OK"
[2m2025-05-13 02:22:40[0m [[32m[1mdebug    [0m] [1mReceived message from task runner[0m [[0m[1m[34msupervisor[0m][0m [36mmsg[0m=[35mSucceedTask(state='success', end_date=datetime.datetime(2025, 5, 13, 0, 22, 40, 4694, tzinfo=TzInfo(UTC)), task_outlets=[], outlet_events=[], type='SucceedTask')[0m
[2025-05-13T02:22:40.022+0200] {_client.py:1025} INFO - HTTP Request: PATCH http://localhost:8080/execution/task-instances/0196c705-aa6b-7fc5-83fe-b22a6c9c032e/state "HTTP/1.1 204 No Content"
[2m2025-05-13 02:22:40[0m [[32m[1minfo     [0m] [1mTask finished                 [0m [[0m[1m[34msupervisor[0m][0m [36mduration[0m=[35m0.4693722539959708[0m [36mexit_code[0m=[35m0[0m [36mfinal_state[0m=[35msuccess[0m
[2m2025-05-13 02:22:40[0m [[32m[1mdebug    [0m] [1mReceived message from task runner[0m [[0m[1m[34msupervisor[0m][0m [36mmsg[0m=[35mRetryTask(state='up_for_retry', end_date=datetime.datetime(2025, 5, 13, 0, 22, 40, 36808, tzinfo=TzInfo(UTC)), type='RetryTask')[0m
[2025-05-13T02:22:40.056+0200] {_client.py:1025} INFO - HTTP Request: PATCH http://localhost:8080/execution/task-instances/0196c705-aa6a-7ac5-9609-6a95635fca82/state "HTTP/1.1 204 No Content"
[2m2025-05-13 02:22:40[0m [[32m[1minfo     [0m] [1mTask finished                 [0m [[0m[1m[34msupervisor[0m][0m [36mduration[0m=[35m0.5014714989956701[0m [36mexit_code[0m=[35m0[0m [36mfinal_state[0m=[35mup_for_retry[0m
[2025-05-13T02:22:40.577+0200] {scheduler_job_runner.py:810} INFO - Received executor event with state success for task instance TaskInstanceKey(dag_id='octopus_pricing_8am', task_id='ingest_network_costs', run_id='manual__2025-05-13T00:22:39.457516+00:00', try_number=1, map_index=-1)
[2025-05-13T02:22:40.578+0200] {scheduler_job_runner.py:810} INFO - Received executor event with state success for task instance TaskInstanceKey(dag_id='octopus_pricing_8am', task_id='ingest_price_comparison', run_id='manual__2025-05-13T00:22:39.457516+00:00', try_number=1, map_index=-1)
[2025-05-13T02:22:40.581+0200] {scheduler_job_runner.py:852} INFO - TaskInstance Finished: dag_id=octopus_pricing_8am, task_id=ingest_network_costs, run_id=manual__2025-05-13T00:22:39.457516+00:00, map_index=-1, run_start_date=2025-05-13 00:22:39.559028+00:00, run_end_date=2025-05-13 00:22:40.004694+00:00, run_duration=1.446, state=success, executor=LocalExecutor(parallelism=32), executor_state=success, try_number=1, max_tries=1, pool=default_pool, queue=default, priority_weight=2, operator=PythonOperator, queued_dttm=2025-05-13 00:22:39.515812+00:00, scheduled_dttm=2025-05-13 00:22:39.504896+00:00,queued_by_job_id=13, pid=3708
[2025-05-13T02:22:40.581+0200] {scheduler_job_runner.py:852} INFO - TaskInstance Finished: dag_id=octopus_pricing_8am, task_id=ingest_price_comparison, run_id=manual__2025-05-13T00:22:39.457516+00:00, map_index=-1, run_start_date=2025-05-13 00:22:39.559775+00:00, run_end_date=2025-05-13 00:22:40.045338+00:00, run_duration=0.485563, state=up_for_retry, executor=LocalExecutor(parallelism=32), executor_state=success, try_number=1, max_tries=1, pool=default_pool, queue=default, priority_weight=2, operator=PythonOperator, queued_dttm=2025-05-13 00:22:39.515812+00:00, scheduled_dttm=2025-05-13 00:22:39.504896+00:00,queued_by_job_id=13, pid=3709
[2025-05-13T02:22:45.180+0200] {scheduler_job_runner.py:450} INFO - 1 tasks up for execution:
	<TaskInstance: octopus_pricing_8am.ingest_price_comparison manual__2025-05-13T00:22:39.457516+00:00 [scheduled]>
[2025-05-13T02:22:45.180+0200] {scheduler_job_runner.py:522} INFO - DAG octopus_pricing_8am has 0/16 running and queued tasks
[2025-05-13T02:22:45.181+0200] {scheduler_job_runner.py:661} INFO - Setting the following tasks to queued state:
	<TaskInstance: octopus_pricing_8am.ingest_price_comparison manual__2025-05-13T00:22:39.457516+00:00 [scheduled]>
[2025-05-13T02:22:45.182+0200] {scheduler_job_runner.py:767} INFO - Trying to enqueue tasks: [<TaskInstance: octopus_pricing_8am.ingest_price_comparison manual__2025-05-13T00:22:39.457516+00:00 [scheduled]>] for executor: LocalExecutor(parallelism=32)
[2m2025-05-13 02:22:45[0m [[32m[1minfo     [0m] [1mSecrets backends loaded for worker[0m [[0m[1m[34msupervisor[0m][0m [36mbackend_classes[0m=[35m['EnvironmentVariablesBackend'][0m [36mcount[0m=[35m1[0m
[2025-05-13T02:22:45.242+0200] {_client.py:1025} INFO - HTTP Request: PATCH http://localhost:8080/execution/task-instances/0196c705-acad-77a7-a684-cd4c975b317e/run "HTTP/1.1 200 OK"
[2m2025-05-13 02:22:45[0m [[32m[1mdebug    [0m] [1mSending                       [0m [[0m[1m[34msupervisor[0m][0m [36mmsg[0m=[35mStartupDetails(ti=TaskInstance(id=UUID('0196c705-acad-77a7-a684-cd4c975b317e'), task_id='ingest_price_comparison', dag_id='octopus_pricing_8am', run_id='manual__2025-05-13T00:22:39.457516+00:00', try_number=2, map_index=-1, pool_slots=1, queue='default', priority_weight=2, executor_config={}, parent_context_carrier={}, context_carrier=None, queued_dttm=datetime.datetime(2025, 5, 13, 0, 22, 39, 515812, tzinfo=Timezone('UTC'))), dag_rel_path='octopus_pricing_pipeline.py', bundle_info=BundleInfo(name='dags-folder', version=None), requests_fd=63, start_date=datetime.datetime(2025, 5, 13, 0, 22, 45, 222860, tzinfo=datetime.timezone.utc), ti_context=TIRunContext(dag_run=DagRun(dag_id='octopus_pricing_8am', run_id='manual__2025-05-13T00:22:39.457516+00:00', logical_date=datetime.datetime(2025, 5, 13, 0, 22, 38, 270000, tzinfo=TzInfo(UTC)), data_interval_start=datetime.datetime(2025, 5, 13, 0, 22, 38, 270000, tzinfo=TzInfo(UTC)), data_interval_end=datetime.datetime(2025, 5, 13, 0, 22, 38, 270000, tzinfo=TzInfo(UTC)), run_after=datetime.datetime(2025, 5, 13, 0, 22, 38, 270000, tzinfo=TzInfo(UTC)), start_date=datetime.datetime(2025, 5, 13, 0, 22, 39, 490893, tzinfo=TzInfo(UTC)), end_date=None, clear_number=0, run_type=<DagRunType.MANUAL: 'manual'>, conf={}, consumed_asset_events=[]), task_reschedule_count=0, max_tries=1, variables=[], connections=[], upstream_map_indexes=None, next_method=None, next_kwargs=None, xcom_keys_to_clear=[], should_retry=False), type='StartupDetails')[0m
[2025-05-13T02:22:45.266+0200] {_client.py:1025} INFO - HTTP Request: PUT http://localhost:8080/execution/task-instances/0196c705-acad-77a7-a684-cd4c975b317e/heartbeat "HTTP/1.1 204 No Content"
[2m2025-05-13 02:22:45[0m [[32m[1mdebug    [0m] [1mReceived message from task runner[0m [[0m[1m[34msupervisor[0m][0m [36mmsg[0m=[35mGetVariable(key='BASE_PATH', type='GetVariable')[0m
[2025-05-13T02:22:45.476+0200] {_client.py:1025} INFO - HTTP Request: GET http://localhost:8080/execution/variables/BASE_PATH "HTTP/1.1 200 OK"
[2m2025-05-13 02:22:45[0m [[32m[1mdebug    [0m] [1mReceived message from task runner[0m [[0m[1m[34msupervisor[0m][0m [36mmsg[0m=[35mGetVariable(key='BASE_DATA_PATH', type='GetVariable')[0m
[2025-05-13T02:22:45.483+0200] {_client.py:1025} INFO - HTTP Request: GET http://localhost:8080/execution/variables/BASE_DATA_PATH "HTTP/1.1 200 OK"
[2m2025-05-13 02:22:45[0m [[32m[1mdebug    [0m] [1mReceived message from task runner[0m [[0m[1m[34msupervisor[0m][0m [36mmsg[0m=[35mGetConnection(conn_id='staging_postgres', type='GetConnection')[0m
[2025-05-13T02:22:45.491+0200] {_client.py:1025} INFO - HTTP Request: GET http://localhost:8080/execution/connections/staging_postgres "HTTP/1.1 200 OK"
[2m2025-05-13 02:22:45[0m [[32m[1mdebug    [0m] [1mReceived message from task runner[0m [[0m[1m[34msupervisor[0m][0m [36mmsg[0m=[35mSetRenderedFields(rendered_fields={'templates_dict': None, 'op_args': [], 'op_kwargs': {}}, type='SetRenderedFields')[0m
[2025-05-13T02:22:45.516+0200] {_client.py:1025} INFO - HTTP Request: PUT http://localhost:8080/execution/task-instances/0196c705-acad-77a7-a684-cd4c975b317e/rtif "HTTP/1.1 201 Created"
[2m2025-05-13 02:22:45[0m [[32m[1mdebug    [0m] [1mReceived message from task runner[0m [[0m[1m[34msupervisor[0m][0m [36mmsg[0m=[35mGetVariable(key='BASE_DATA_PATH', type='GetVariable')[0m
[2025-05-13T02:22:45.521+0200] {_client.py:1025} INFO - HTTP Request: GET http://localhost:8080/execution/variables/BASE_DATA_PATH "HTTP/1.1 200 OK"
[2m2025-05-13 02:22:45[0m [[32m[1mdebug    [0m] [1mReceived message from task runner[0m [[0m[1m[34msupervisor[0m][0m [36mmsg[0m=[35mTaskState(state=<TerminalTIState.FAILED: 'failed'>, end_date=datetime.datetime(2025, 5, 13, 0, 22, 45, 573070, tzinfo=TzInfo(UTC)), type='TaskState')[0m
[2025-05-13T02:22:45.596+0200] {_client.py:1025} INFO - HTTP Request: PATCH http://localhost:8080/execution/task-instances/0196c705-acad-77a7-a684-cd4c975b317e/state "HTTP/1.1 204 No Content"
[2m2025-05-13 02:22:45[0m [[32m[1minfo     [0m] [1mTask finished                 [0m [[0m[1m[34msupervisor[0m][0m [36mduration[0m=[35m0.3780997970025055[0m [36mexit_code[0m=[35m0[0m [36mfinal_state[0m=[35mfailed[0m
[2025-05-13T02:22:46.249+0200] {scheduler_job_runner.py:810} INFO - Received executor event with state success for task instance TaskInstanceKey(dag_id='octopus_pricing_8am', task_id='ingest_price_comparison', run_id='manual__2025-05-13T00:22:39.457516+00:00', try_number=2, map_index=-1)
[2025-05-13T02:22:46.252+0200] {scheduler_job_runner.py:852} INFO - TaskInstance Finished: dag_id=octopus_pricing_8am, task_id=ingest_price_comparison, run_id=manual__2025-05-13T00:22:39.457516+00:00, map_index=-1, run_start_date=2025-05-13 00:22:45.222860+00:00, run_end_date=2025-05-13 00:22:45.579722+00:00, run_duration=0.357, state=failed, executor=LocalExecutor(parallelism=32), executor_state=success, try_number=2, max_tries=1, pool=default_pool, queue=default, priority_weight=2, operator=PythonOperator, queued_dttm=2025-05-13 00:22:45.181573+00:00, scheduled_dttm=2025-05-13 00:22:45.167519+00:00,queued_by_job_id=13, pid=3765
[2025-05-13T02:22:46.753+0200] {dagrun.py:1145} INFO - Marking run <DagRun octopus_pricing_8am @ 2025-05-13 00:22:38.270000+00:00: manual__2025-05-13T00:22:39.457516+00:00, state:running, queued_at: 2025-05-13 00:22:39.461362+00:00. run_type: manual> failed
[2025-05-13T02:22:46.753+0200] {dagrun.py:1224} INFO - DagRun Finished: dag_id=octopus_pricing_8am, logical_date=2025-05-13 00:22:38.270000+00:00, run_id=manual__2025-05-13T00:22:39.457516+00:00, run_start_date=2025-05-13 00:22:39.490893+00:00, run_end_date=2025-05-13 00:22:46.753684+00:00, run_duration=7.262791, state=failed, run_type=manual, data_interval_start=2025-05-13 00:22:38.270000+00:00, data_interval_end=2025-05-13 00:22:38.270000+00:00,
[2025-05-13T02:23:36.027+0200] {scheduler_job_runner.py:2128} INFO - Adopting or resetting orphaned tasks for active dag runs
[2025-05-13T02:24:00.325+0200] {scheduler_job_runner.py:450} INFO - 2 tasks up for execution:
	<TaskInstance: octopus_pricing_8am.ingest_price_comparison manual__2025-05-13T00:23:59.511787+00:00 [scheduled]>
	<TaskInstance: octopus_pricing_8am.ingest_network_costs manual__2025-05-13T00:23:59.511787+00:00 [scheduled]>
[2025-05-13T02:24:00.326+0200] {scheduler_job_runner.py:522} INFO - DAG octopus_pricing_8am has 0/16 running and queued tasks
[2025-05-13T02:24:00.326+0200] {scheduler_job_runner.py:522} INFO - DAG octopus_pricing_8am has 1/16 running and queued tasks
[2025-05-13T02:24:00.326+0200] {scheduler_job_runner.py:661} INFO - Setting the following tasks to queued state:
	<TaskInstance: octopus_pricing_8am.ingest_price_comparison manual__2025-05-13T00:23:59.511787+00:00 [scheduled]>
	<TaskInstance: octopus_pricing_8am.ingest_network_costs manual__2025-05-13T00:23:59.511787+00:00 [scheduled]>
[2025-05-13T02:24:00.328+0200] {scheduler_job_runner.py:767} INFO - Trying to enqueue tasks: [<TaskInstance: octopus_pricing_8am.ingest_price_comparison manual__2025-05-13T00:23:59.511787+00:00 [scheduled]>, <TaskInstance: octopus_pricing_8am.ingest_network_costs manual__2025-05-13T00:23:59.511787+00:00 [scheduled]>] for executor: LocalExecutor(parallelism=32)
[2m2025-05-13 02:24:00[0m [[32m[1minfo     [0m] [1mSecrets backends loaded for worker[0m [[0m[1m[34msupervisor[0m][0m [36mbackend_classes[0m=[35m['EnvironmentVariablesBackend'][0m [36mcount[0m=[35m1[0m
[2m2025-05-13 02:24:00[0m [[32m[1minfo     [0m] [1mSecrets backends loaded for worker[0m [[0m[1m[34msupervisor[0m][0m [36mbackend_classes[0m=[35m['EnvironmentVariablesBackend'][0m [36mcount[0m=[35m1[0m
[2025-05-13T02:24:00.413+0200] {_client.py:1025} INFO - HTTP Request: PATCH http://localhost:8080/execution/task-instances/0196c706-e323-71b4-b539-687fbf4ffc22/run "HTTP/1.1 200 OK"
[2m2025-05-13 02:24:00[0m [[32m[1mdebug    [0m] [1mSending                       [0m [[0m[1m[34msupervisor[0m][0m [36mmsg[0m=[35mStartupDetails(ti=TaskInstance(id=UUID('0196c706-e323-71b4-b539-687fbf4ffc22'), task_id='ingest_price_comparison', dag_id='octopus_pricing_8am', run_id='manual__2025-05-13T00:23:59.511787+00:00', try_number=1, map_index=-1, pool_slots=1, queue='default', priority_weight=2, executor_config={}, parent_context_carrier={}, context_carrier=None, queued_dttm=None), dag_rel_path='octopus_pricing_pipeline.py', bundle_info=BundleInfo(name='dags-folder', version=None), requests_fd=69, start_date=datetime.datetime(2025, 5, 13, 0, 24, 0, 381695, tzinfo=datetime.timezone.utc), ti_context=TIRunContext(dag_run=DagRun(dag_id='octopus_pricing_8am', run_id='manual__2025-05-13T00:23:59.511787+00:00', logical_date=datetime.datetime(2025, 5, 13, 0, 23, 58, 579000, tzinfo=TzInfo(UTC)), data_interval_start=datetime.datetime(2025, 5, 13, 0, 23, 58, 579000, tzinfo=TzInfo(UTC)), data_interval_end=datetime.datetime(2025, 5, 13, 0, 23, 58, 579000, tzinfo=TzInfo(UTC)), run_after=datetime.datetime(2025, 5, 13, 0, 23, 58, 579000, tzinfo=TzInfo(UTC)), start_date=datetime.datetime(2025, 5, 13, 0, 24, 0, 288416, tzinfo=TzInfo(UTC)), end_date=None, clear_number=0, run_type=<DagRunType.MANUAL: 'manual'>, conf={}, consumed_asset_events=[]), task_reschedule_count=0, max_tries=1, variables=[], connections=[], upstream_map_indexes=None, next_method=None, next_kwargs=None, xcom_keys_to_clear=[], should_retry=True), type='StartupDetails')[0m
[2025-05-13T02:24:00.429+0200] {_client.py:1025} INFO - HTTP Request: PATCH http://localhost:8080/execution/task-instances/0196c706-e324-762c-a864-4ca54297352f/run "HTTP/1.1 200 OK"
[2m2025-05-13 02:24:00[0m [[32m[1mdebug    [0m] [1mSending                       [0m [[0m[1m[34msupervisor[0m][0m [36mmsg[0m=[35mStartupDetails(ti=TaskInstance(id=UUID('0196c706-e324-762c-a864-4ca54297352f'), task_id='ingest_network_costs', dag_id='octopus_pricing_8am', run_id='manual__2025-05-13T00:23:59.511787+00:00', try_number=1, map_index=-1, pool_slots=1, queue='default', priority_weight=2, executor_config={}, parent_context_carrier={}, context_carrier=None, queued_dttm=None), dag_rel_path='octopus_pricing_pipeline.py', bundle_info=BundleInfo(name='dags-folder', version=None), requests_fd=65, start_date=datetime.datetime(2025, 5, 13, 0, 24, 0, 385647, tzinfo=datetime.timezone.utc), ti_context=TIRunContext(dag_run=DagRun(dag_id='octopus_pricing_8am', run_id='manual__2025-05-13T00:23:59.511787+00:00', logical_date=datetime.datetime(2025, 5, 13, 0, 23, 58, 579000, tzinfo=TzInfo(UTC)), data_interval_start=datetime.datetime(2025, 5, 13, 0, 23, 58, 579000, tzinfo=TzInfo(UTC)), data_interval_end=datetime.datetime(2025, 5, 13, 0, 23, 58, 579000, tzinfo=TzInfo(UTC)), run_after=datetime.datetime(2025, 5, 13, 0, 23, 58, 579000, tzinfo=TzInfo(UTC)), start_date=datetime.datetime(2025, 5, 13, 0, 24, 0, 288416, tzinfo=TzInfo(UTC)), end_date=None, clear_number=0, run_type=<DagRunType.MANUAL: 'manual'>, conf={}, consumed_asset_events=[]), task_reschedule_count=0, max_tries=1, variables=[], connections=[], upstream_map_indexes=None, next_method=None, next_kwargs=None, xcom_keys_to_clear=[], should_retry=True), type='StartupDetails')[0m
[2025-05-13T02:24:00.491+0200] {_client.py:1025} INFO - HTTP Request: PUT http://localhost:8080/execution/task-instances/0196c706-e324-762c-a864-4ca54297352f/heartbeat "HTTP/1.1 204 No Content"
[2025-05-13T02:24:00.525+0200] {_client.py:1025} INFO - HTTP Request: PUT http://localhost:8080/execution/task-instances/0196c706-e323-71b4-b539-687fbf4ffc22/heartbeat "HTTP/1.1 204 No Content"
[2m2025-05-13 02:24:00[0m [[32m[1mdebug    [0m] [1mReceived message from task runner[0m [[0m[1m[34msupervisor[0m][0m [36mmsg[0m=[35mGetVariable(key='BASE_PATH', type='GetVariable')[0m
[2m2025-05-13 02:24:00[0m [[32m[1mdebug    [0m] [1mReceived message from task runner[0m [[0m[1m[34msupervisor[0m][0m [36mmsg[0m=[35mGetVariable(key='BASE_PATH', type='GetVariable')[0m
[2025-05-13T02:24:00.802+0200] {_client.py:1025} INFO - HTTP Request: GET http://localhost:8080/execution/variables/BASE_PATH "HTTP/1.1 200 OK"
[2025-05-13T02:24:00.803+0200] {_client.py:1025} INFO - HTTP Request: GET http://localhost:8080/execution/variables/BASE_PATH "HTTP/1.1 200 OK"
[2m2025-05-13 02:24:00[0m [[32m[1mdebug    [0m] [1mReceived message from task runner[0m [[0m[1m[34msupervisor[0m][0m [36mmsg[0m=[35mGetVariable(key='BASE_DATA_PATH', type='GetVariable')[0m
[2m2025-05-13 02:24:00[0m [[32m[1mdebug    [0m] [1mReceived message from task runner[0m [[0m[1m[34msupervisor[0m][0m [36mmsg[0m=[35mGetVariable(key='BASE_DATA_PATH', type='GetVariable')[0m
[2025-05-13T02:24:00.812+0200] {_client.py:1025} INFO - HTTP Request: GET http://localhost:8080/execution/variables/BASE_DATA_PATH "HTTP/1.1 200 OK"
[2025-05-13T02:24:00.814+0200] {_client.py:1025} INFO - HTTP Request: GET http://localhost:8080/execution/variables/BASE_DATA_PATH "HTTP/1.1 200 OK"
[2m2025-05-13 02:24:00[0m [[32m[1mdebug    [0m] [1mReceived message from task runner[0m [[0m[1m[34msupervisor[0m][0m [36mmsg[0m=[35mGetConnection(conn_id='staging_postgres', type='GetConnection')[0m
[2m2025-05-13 02:24:00[0m [[32m[1mdebug    [0m] [1mReceived message from task runner[0m [[0m[1m[34msupervisor[0m][0m [36mmsg[0m=[35mGetConnection(conn_id='staging_postgres', type='GetConnection')[0m
[2025-05-13T02:24:00.821+0200] {_client.py:1025} INFO - HTTP Request: GET http://localhost:8080/execution/connections/staging_postgres "HTTP/1.1 200 OK"
[2025-05-13T02:24:00.823+0200] {_client.py:1025} INFO - HTTP Request: GET http://localhost:8080/execution/connections/staging_postgres "HTTP/1.1 200 OK"
[2m2025-05-13 02:24:00[0m [[32m[1mdebug    [0m] [1mReceived message from task runner[0m [[0m[1m[34msupervisor[0m][0m [36mmsg[0m=[35mSetRenderedFields(rendered_fields={'templates_dict': None, 'op_args': [], 'op_kwargs': {}}, type='SetRenderedFields')[0m
[2m2025-05-13 02:24:00[0m [[32m[1mdebug    [0m] [1mReceived message from task runner[0m [[0m[1m[34msupervisor[0m][0m [36mmsg[0m=[35mSetRenderedFields(rendered_fields={'templates_dict': None, 'op_args': [], 'op_kwargs': {}}, type='SetRenderedFields')[0m
[2025-05-13T02:24:00.853+0200] {_client.py:1025} INFO - HTTP Request: PUT http://localhost:8080/execution/task-instances/0196c706-e323-71b4-b539-687fbf4ffc22/rtif "HTTP/1.1 201 Created"
[2m2025-05-13 02:24:00[0m [[32m[1mdebug    [0m] [1mReceived message from task runner[0m [[0m[1m[34msupervisor[0m][0m [36mmsg[0m=[35mGetVariable(key='BASE_DATA_PATH', type='GetVariable')[0m
[2025-05-13T02:24:00.859+0200] {_client.py:1025} INFO - HTTP Request: PUT http://localhost:8080/execution/task-instances/0196c706-e324-762c-a864-4ca54297352f/rtif "HTTP/1.1 201 Created"
[2m2025-05-13 02:24:00[0m [[32m[1mdebug    [0m] [1mReceived message from task runner[0m [[0m[1m[34msupervisor[0m][0m [36mmsg[0m=[35mGetVariable(key='BASE_DATA_PATH', type='GetVariable')[0m
[2025-05-13T02:24:00.862+0200] {_client.py:1025} INFO - HTTP Request: GET http://localhost:8080/execution/variables/BASE_DATA_PATH "HTTP/1.1 200 OK"
[2025-05-13T02:24:00.866+0200] {_client.py:1025} INFO - HTTP Request: GET http://localhost:8080/execution/variables/BASE_DATA_PATH "HTTP/1.1 200 OK"
[2m2025-05-13 02:24:00[0m [[32m[1mdebug    [0m] [1mReceived message from task runner[0m [[0m[1m[34msupervisor[0m][0m [36mmsg[0m=[35mGetVariable(key='NETWORK_COSTS_FILE', type='GetVariable')[0m
[2025-05-13T02:24:00.873+0200] {_client.py:1025} INFO - HTTP Request: GET http://localhost:8080/execution/variables/NETWORK_COSTS_FILE "HTTP/1.1 200 OK"
[2m2025-05-13 02:24:00[0m [[32m[1mdebug    [0m] [1mReceived message from task runner[0m [[0m[1m[34msupervisor[0m][0m [36mmsg[0m=[35mSucceedTask(state='success', end_date=datetime.datetime(2025, 5, 13, 0, 24, 0, 912816, tzinfo=TzInfo(UTC)), task_outlets=[], outlet_events=[], type='SucceedTask')[0m
[2025-05-13T02:24:00.934+0200] {_client.py:1025} INFO - HTTP Request: PATCH http://localhost:8080/execution/task-instances/0196c706-e324-762c-a864-4ca54297352f/state "HTTP/1.1 204 No Content"
[2m2025-05-13 02:24:00[0m [[32m[1minfo     [0m] [1mTask finished                 [0m [[0m[1m[34msupervisor[0m][0m [36mduration[0m=[35m0.5557352999967407[0m [36mexit_code[0m=[35m0[0m [36mfinal_state[0m=[35msuccess[0m
[2025-05-13T02:24:01.407+0200] {scheduler_job_runner.py:810} INFO - Received executor event with state success for task instance TaskInstanceKey(dag_id='octopus_pricing_8am', task_id='ingest_network_costs', run_id='manual__2025-05-13T00:23:59.511787+00:00', try_number=1, map_index=-1)
[2025-05-13T02:24:01.410+0200] {scheduler_job_runner.py:852} INFO - TaskInstance Finished: dag_id=octopus_pricing_8am, task_id=ingest_network_costs, run_id=manual__2025-05-13T00:23:59.511787+00:00, map_index=-1, run_start_date=2025-05-13 00:24:00.385647+00:00, run_end_date=2025-05-13 00:24:00.912816+00:00, run_duration=0.527, state=success, executor=LocalExecutor(parallelism=32), executor_state=success, try_number=1, max_tries=1, pool=default_pool, queue=default, priority_weight=2, operator=PythonOperator, queued_dttm=2025-05-13 00:24:00.327433+00:00, scheduled_dttm=2025-05-13 00:24:00.307248+00:00,queued_by_job_id=13, pid=4380
[2m2025-05-13 02:24:01[0m [[32m[1mdebug    [0m] [1mReceived message from task runner[0m [[0m[1m[34msupervisor[0m][0m [36mmsg[0m=[35mSucceedTask(state='success', end_date=datetime.datetime(2025, 5, 13, 0, 24, 1, 963980, tzinfo=TzInfo(UTC)), task_outlets=[], outlet_events=[], type='SucceedTask')[0m
[2025-05-13T02:24:01.982+0200] {_client.py:1025} INFO - HTTP Request: PATCH http://localhost:8080/execution/task-instances/0196c706-e323-71b4-b539-687fbf4ffc22/state "HTTP/1.1 204 No Content"
[2m2025-05-13 02:24:01[0m [[32m[1minfo     [0m] [1mTask finished                 [0m [[0m[1m[34msupervisor[0m][0m [36mduration[0m=[35m1.6085088539985009[0m [36mexit_code[0m=[35m0[0m [36mfinal_state[0m=[35msuccess[0m
[2025-05-13T02:24:02.272+0200] {scheduler_job_runner.py:450} INFO - 1 tasks up for execution:
	<TaskInstance: octopus_pricing_8am.dbt_run manual__2025-05-13T00:23:59.511787+00:00 [scheduled]>
[2025-05-13T02:24:02.273+0200] {scheduler_job_runner.py:522} INFO - DAG octopus_pricing_8am has 0/16 running and queued tasks
[2025-05-13T02:24:02.273+0200] {scheduler_job_runner.py:661} INFO - Setting the following tasks to queued state:
	<TaskInstance: octopus_pricing_8am.dbt_run manual__2025-05-13T00:23:59.511787+00:00 [scheduled]>
[2025-05-13T02:24:02.274+0200] {scheduler_job_runner.py:767} INFO - Trying to enqueue tasks: [<TaskInstance: octopus_pricing_8am.dbt_run manual__2025-05-13T00:23:59.511787+00:00 [scheduled]>] for executor: LocalExecutor(parallelism=32)
[2025-05-13T02:24:02.280+0200] {scheduler_job_runner.py:810} INFO - Received executor event with state success for task instance TaskInstanceKey(dag_id='octopus_pricing_8am', task_id='ingest_price_comparison', run_id='manual__2025-05-13T00:23:59.511787+00:00', try_number=1, map_index=-1)
[2025-05-13T02:24:02.284+0200] {scheduler_job_runner.py:852} INFO - TaskInstance Finished: dag_id=octopus_pricing_8am, task_id=ingest_price_comparison, run_id=manual__2025-05-13T00:23:59.511787+00:00, map_index=-1, run_start_date=2025-05-13 00:24:00.381695+00:00, run_end_date=2025-05-13 00:24:01.963980+00:00, run_duration=2.582, state=success, executor=LocalExecutor(parallelism=32), executor_state=success, try_number=1, max_tries=1, pool=default_pool, queue=default, priority_weight=2, operator=PythonOperator, queued_dttm=2025-05-13 00:24:00.327433+00:00, scheduled_dttm=2025-05-13 00:24:00.307248+00:00,queued_by_job_id=13, pid=4379
[2m2025-05-13 02:24:02[0m [[32m[1minfo     [0m] [1mSecrets backends loaded for worker[0m [[0m[1m[34msupervisor[0m][0m [36mbackend_classes[0m=[35m['EnvironmentVariablesBackend'][0m [36mcount[0m=[35m1[0m
[2025-05-13T02:24:02.333+0200] {_client.py:1025} INFO - HTTP Request: PATCH http://localhost:8080/execution/task-instances/0196c706-e325-7097-a0c0-fb96c35c3c68/run "HTTP/1.1 200 OK"
[2m2025-05-13 02:24:02[0m [[32m[1mdebug    [0m] [1mSending                       [0m [[0m[1m[34msupervisor[0m][0m [36mmsg[0m=[35mStartupDetails(ti=TaskInstance(id=UUID('0196c706-e325-7097-a0c0-fb96c35c3c68'), task_id='dbt_run', dag_id='octopus_pricing_8am', run_id='manual__2025-05-13T00:23:59.511787+00:00', try_number=1, map_index=-1, pool_slots=1, queue='default', priority_weight=1, executor_config={}, parent_context_carrier={}, context_carrier=None, queued_dttm=None), dag_rel_path='octopus_pricing_pipeline.py', bundle_info=BundleInfo(name='dags-folder', version=None), requests_fd=67, start_date=datetime.datetime(2025, 5, 13, 0, 24, 2, 314871, tzinfo=datetime.timezone.utc), ti_context=TIRunContext(dag_run=DagRun(dag_id='octopus_pricing_8am', run_id='manual__2025-05-13T00:23:59.511787+00:00', logical_date=datetime.datetime(2025, 5, 13, 0, 23, 58, 579000, tzinfo=TzInfo(UTC)), data_interval_start=datetime.datetime(2025, 5, 13, 0, 23, 58, 579000, tzinfo=TzInfo(UTC)), data_interval_end=datetime.datetime(2025, 5, 13, 0, 23, 58, 579000, tzinfo=TzInfo(UTC)), run_after=datetime.datetime(2025, 5, 13, 0, 23, 58, 579000, tzinfo=TzInfo(UTC)), start_date=datetime.datetime(2025, 5, 13, 0, 24, 0, 288416, tzinfo=TzInfo(UTC)), end_date=None, clear_number=0, run_type=<DagRunType.MANUAL: 'manual'>, conf={}, consumed_asset_events=[]), task_reschedule_count=0, max_tries=1, variables=[], connections=[], upstream_map_indexes=None, next_method=None, next_kwargs=None, xcom_keys_to_clear=[], should_retry=True), type='StartupDetails')[0m
[2025-05-13T02:24:02.381+0200] {_client.py:1025} INFO - HTTP Request: PUT http://localhost:8080/execution/task-instances/0196c706-e325-7097-a0c0-fb96c35c3c68/heartbeat "HTTP/1.1 204 No Content"
[2m2025-05-13 02:24:02[0m [[32m[1mdebug    [0m] [1mReceived message from task runner[0m [[0m[1m[34msupervisor[0m][0m [36mmsg[0m=[35mGetVariable(key='BASE_PATH', type='GetVariable')[0m
[2025-05-13T02:24:02.574+0200] {_client.py:1025} INFO - HTTP Request: GET http://localhost:8080/execution/variables/BASE_PATH "HTTP/1.1 200 OK"
[2m2025-05-13 02:24:02[0m [[32m[1mdebug    [0m] [1mReceived message from task runner[0m [[0m[1m[34msupervisor[0m][0m [36mmsg[0m=[35mGetVariable(key='BASE_DATA_PATH', type='GetVariable')[0m
[2025-05-13T02:24:02.580+0200] {_client.py:1025} INFO - HTTP Request: GET http://localhost:8080/execution/variables/BASE_DATA_PATH "HTTP/1.1 200 OK"
[2m2025-05-13 02:24:02[0m [[32m[1mdebug    [0m] [1mReceived message from task runner[0m [[0m[1m[34msupervisor[0m][0m [36mmsg[0m=[35mGetConnection(conn_id='staging_postgres', type='GetConnection')[0m
[2025-05-13T02:24:02.588+0200] {_client.py:1025} INFO - HTTP Request: GET http://localhost:8080/execution/connections/staging_postgres "HTTP/1.1 200 OK"
[2m2025-05-13 02:24:02[0m [[32m[1mdebug    [0m] [1mReceived message from task runner[0m [[0m[1m[34msupervisor[0m][0m [36mmsg[0m=[35mGetVariable(key='BASE_PATH', type='GetVariable')[0m
[2025-05-13T02:24:02.608+0200] {_client.py:1025} INFO - HTTP Request: GET http://localhost:8080/execution/variables/BASE_PATH "HTTP/1.1 200 OK"
[2m2025-05-13 02:24:02[0m [[32m[1mdebug    [0m] [1mReceived message from task runner[0m [[0m[1m[34msupervisor[0m][0m [36mmsg[0m=[35mSetRenderedFields(rendered_fields={'bash_command': 'cd /home/ilies/octopus_data_engineer_case_study/data_engineer_case_study/octopus_pricing && dbt run --models final_analytics_table', 'env': None, 'cwd': None}, type='SetRenderedFields')[0m
[2025-05-13T02:24:02.648+0200] {_client.py:1025} INFO - HTTP Request: PUT http://localhost:8080/execution/task-instances/0196c706-e325-7097-a0c0-fb96c35c3c68/rtif "HTTP/1.1 201 Created"
[2m2025-05-13 02:24:05[0m [[32m[1mdebug    [0m] [1mReceived message from task runner[0m [[0m[1m[34msupervisor[0m][0m [36mmsg[0m=[35mSetXCom(key='return_value', value='\x1b[0m00:24:04  Done. PASS=1 WARN=0 ERROR=0 SKIP=0 TOTAL=1', dag_id='octopus_pricing_8am', run_id='manual__2025-05-13T00:23:59.511787+00:00', task_id='dbt_run', map_index=-1, mapped_length=None, type='SetXCom')[0m
[2025-05-13T02:24:05.317+0200] {_client.py:1025} INFO - HTTP Request: POST http://localhost:8080/execution/xcoms/octopus_pricing_8am/manual__2025-05-13T00:23:59.511787+00:00/dbt_run/return_value "HTTP/1.1 201 Created"
[2m2025-05-13 02:24:05[0m [[32m[1mdebug    [0m] [1mReceived message from task runner[0m [[0m[1m[34msupervisor[0m][0m [36mmsg[0m=[35mSucceedTask(state='success', end_date=datetime.datetime(2025, 5, 13, 0, 24, 5, 298318, tzinfo=TzInfo(UTC)), task_outlets=[], outlet_events=[], type='SucceedTask')[0m
[2025-05-13T02:24:05.333+0200] {_client.py:1025} INFO - HTTP Request: PATCH http://localhost:8080/execution/task-instances/0196c706-e325-7097-a0c0-fb96c35c3c68/state "HTTP/1.1 204 No Content"
[2m2025-05-13 02:24:05[0m [[32m[1minfo     [0m] [1mTask finished                 [0m [[0m[1m[34msupervisor[0m][0m [36mduration[0m=[35m3.0242429889985942[0m [36mexit_code[0m=[35m0[0m [36mfinal_state[0m=[35msuccess[0m
[2025-05-13T02:24:05.345+0200] {scheduler_job_runner.py:810} INFO - Received executor event with state success for task instance TaskInstanceKey(dag_id='octopus_pricing_8am', task_id='dbt_run', run_id='manual__2025-05-13T00:23:59.511787+00:00', try_number=1, map_index=-1)
[2025-05-13T02:24:05.348+0200] {scheduler_job_runner.py:852} INFO - TaskInstance Finished: dag_id=octopus_pricing_8am, task_id=dbt_run, run_id=manual__2025-05-13T00:23:59.511787+00:00, map_index=-1, run_start_date=2025-05-13 00:24:02.314871+00:00, run_end_date=2025-05-13 00:24:05.298318+00:00, run_duration=5.9830000000000005, state=success, executor=LocalExecutor(parallelism=32), executor_state=success, try_number=1, max_tries=1, pool=default_pool, queue=default, priority_weight=1, operator=BashOperator, queued_dttm=2025-05-13 00:24:02.273628+00:00, scheduled_dttm=2025-05-13 00:24:02.255548+00:00,queued_by_job_id=13, pid=4418
[2025-05-13T02:24:06.365+0200] {dagrun.py:1174} INFO - Marking run <DagRun octopus_pricing_8am @ 2025-05-13 00:23:58.579000+00:00: manual__2025-05-13T00:23:59.511787+00:00, state:running, queued_at: 2025-05-13 00:23:59.517247+00:00. run_type: manual> successful
[2025-05-13T02:24:06.366+0200] {dagrun.py:1224} INFO - DagRun Finished: dag_id=octopus_pricing_8am, logical_date=2025-05-13 00:23:58.579000+00:00, run_id=manual__2025-05-13T00:23:59.511787+00:00, run_start_date=2025-05-13 00:24:00.288416+00:00, run_end_date=2025-05-13 00:24:06.366026+00:00, run_duration=6.07761, state=success, run_type=manual, data_interval_start=2025-05-13 00:23:58.579000+00:00, data_interval_end=2025-05-13 00:23:58.579000+00:00,
[2025-05-13T02:25:00.686+0200] {scheduler_job_runner.py:450} INFO - 2 tasks up for execution:
	<TaskInstance: octopus_pricing_8am.ingest_price_comparison manual__2025-05-13T00:25:00.052962+00:00 [scheduled]>
	<TaskInstance: octopus_pricing_8am.ingest_network_costs manual__2025-05-13T00:25:00.052962+00:00 [scheduled]>
[2025-05-13T02:25:00.687+0200] {scheduler_job_runner.py:522} INFO - DAG octopus_pricing_8am has 0/16 running and queued tasks
[2025-05-13T02:25:00.687+0200] {scheduler_job_runner.py:522} INFO - DAG octopus_pricing_8am has 1/16 running and queued tasks
[2025-05-13T02:25:00.687+0200] {scheduler_job_runner.py:661} INFO - Setting the following tasks to queued state:
	<TaskInstance: octopus_pricing_8am.ingest_price_comparison manual__2025-05-13T00:25:00.052962+00:00 [scheduled]>
	<TaskInstance: octopus_pricing_8am.ingest_network_costs manual__2025-05-13T00:25:00.052962+00:00 [scheduled]>
[2025-05-13T02:25:00.688+0200] {scheduler_job_runner.py:767} INFO - Trying to enqueue tasks: [<TaskInstance: octopus_pricing_8am.ingest_price_comparison manual__2025-05-13T00:25:00.052962+00:00 [scheduled]>, <TaskInstance: octopus_pricing_8am.ingest_network_costs manual__2025-05-13T00:25:00.052962+00:00 [scheduled]>] for executor: LocalExecutor(parallelism=32)
[2m2025-05-13 02:25:00[0m [[32m[1minfo     [0m] [1mSecrets backends loaded for worker[0m [[0m[1m[34msupervisor[0m][0m [36mbackend_classes[0m=[35m['EnvironmentVariablesBackend'][0m [36mcount[0m=[35m1[0m
[2m2025-05-13 02:25:00[0m [[32m[1minfo     [0m] [1mSecrets backends loaded for worker[0m [[0m[1m[34msupervisor[0m][0m [36mbackend_classes[0m=[35m['EnvironmentVariablesBackend'][0m [36mcount[0m=[35m1[0m
[2025-05-13T02:25:00.750+0200] {_client.py:1025} INFO - HTTP Request: PATCH http://localhost:8080/execution/task-instances/0196c707-cfa1-75d2-8b61-a332a5ee8ba7/run "HTTP/1.1 200 OK"
[2m2025-05-13 02:25:00[0m [[32m[1mdebug    [0m] [1mSending                       [0m [[0m[1m[34msupervisor[0m][0m [36mmsg[0m=[35mStartupDetails(ti=TaskInstance(id=UUID('0196c707-cfa1-75d2-8b61-a332a5ee8ba7'), task_id='ingest_network_costs', dag_id='octopus_pricing_8am', run_id='manual__2025-05-13T00:25:00.052962+00:00', try_number=1, map_index=-1, pool_slots=1, queue='default', priority_weight=2, executor_config={}, parent_context_carrier={}, context_carrier=None, queued_dttm=None), dag_rel_path='octopus_pricing_pipeline.py', bundle_info=BundleInfo(name='dags-folder', version=None), requests_fd=69, start_date=datetime.datetime(2025, 5, 13, 0, 25, 0, 729779, tzinfo=datetime.timezone.utc), ti_context=TIRunContext(dag_run=DagRun(dag_id='octopus_pricing_8am', run_id='manual__2025-05-13T00:25:00.052962+00:00', logical_date=datetime.datetime(2025, 5, 13, 0, 24, 58, 602000, tzinfo=TzInfo(UTC)), data_interval_start=datetime.datetime(2025, 5, 13, 0, 24, 58, 602000, tzinfo=TzInfo(UTC)), data_interval_end=datetime.datetime(2025, 5, 13, 0, 24, 58, 602000, tzinfo=TzInfo(UTC)), run_after=datetime.datetime(2025, 5, 13, 0, 24, 58, 602000, tzinfo=TzInfo(UTC)), start_date=datetime.datetime(2025, 5, 13, 0, 25, 0, 659817, tzinfo=TzInfo(UTC)), end_date=None, clear_number=0, run_type=<DagRunType.MANUAL: 'manual'>, conf={}, consumed_asset_events=[]), task_reschedule_count=0, max_tries=1, variables=[], connections=[], upstream_map_indexes=None, next_method=None, next_kwargs=None, xcom_keys_to_clear=[], should_retry=True), type='StartupDetails')[0m
[2025-05-13T02:25:00.760+0200] {_client.py:1025} INFO - HTTP Request: PATCH http://localhost:8080/execution/task-instances/0196c707-cfa0-7840-b694-86aecdc40c07/run "HTTP/1.1 200 OK"
[2m2025-05-13 02:25:00[0m [[32m[1mdebug    [0m] [1mSending                       [0m [[0m[1m[34msupervisor[0m][0m [36mmsg[0m=[35mStartupDetails(ti=TaskInstance(id=UUID('0196c707-cfa0-7840-b694-86aecdc40c07'), task_id='ingest_price_comparison', dag_id='octopus_pricing_8am', run_id='manual__2025-05-13T00:25:00.052962+00:00', try_number=1, map_index=-1, pool_slots=1, queue='default', priority_weight=2, executor_config={}, parent_context_carrier={}, context_carrier=None, queued_dttm=None), dag_rel_path='octopus_pricing_pipeline.py', bundle_info=BundleInfo(name='dags-folder', version=None), requests_fd=70, start_date=datetime.datetime(2025, 5, 13, 0, 25, 0, 729535, tzinfo=datetime.timezone.utc), ti_context=TIRunContext(dag_run=DagRun(dag_id='octopus_pricing_8am', run_id='manual__2025-05-13T00:25:00.052962+00:00', logical_date=datetime.datetime(2025, 5, 13, 0, 24, 58, 602000, tzinfo=TzInfo(UTC)), data_interval_start=datetime.datetime(2025, 5, 13, 0, 24, 58, 602000, tzinfo=TzInfo(UTC)), data_interval_end=datetime.datetime(2025, 5, 13, 0, 24, 58, 602000, tzinfo=TzInfo(UTC)), run_after=datetime.datetime(2025, 5, 13, 0, 24, 58, 602000, tzinfo=TzInfo(UTC)), start_date=datetime.datetime(2025, 5, 13, 0, 25, 0, 659817, tzinfo=TzInfo(UTC)), end_date=None, clear_number=0, run_type=<DagRunType.MANUAL: 'manual'>, conf={}, consumed_asset_events=[]), task_reschedule_count=0, max_tries=1, variables=[], connections=[], upstream_map_indexes=None, next_method=None, next_kwargs=None, xcom_keys_to_clear=[], should_retry=True), type='StartupDetails')[0m
[2025-05-13T02:25:00.809+0200] {_client.py:1025} INFO - HTTP Request: PUT http://localhost:8080/execution/task-instances/0196c707-cfa1-75d2-8b61-a332a5ee8ba7/heartbeat "HTTP/1.1 204 No Content"
[2025-05-13T02:25:00.816+0200] {_client.py:1025} INFO - HTTP Request: PUT http://localhost:8080/execution/task-instances/0196c707-cfa0-7840-b694-86aecdc40c07/heartbeat "HTTP/1.1 204 No Content"
[2m2025-05-13 02:25:01[0m [[32m[1mdebug    [0m] [1mReceived message from task runner[0m [[0m[1m[34msupervisor[0m][0m [36mmsg[0m=[35mGetVariable(key='BASE_PATH', type='GetVariable')[0m
[2025-05-13T02:25:01.122+0200] {_client.py:1025} INFO - HTTP Request: GET http://localhost:8080/execution/variables/BASE_PATH "HTTP/1.1 200 OK"
[2m2025-05-13 02:25:01[0m [[32m[1mdebug    [0m] [1mReceived message from task runner[0m [[0m[1m[34msupervisor[0m][0m [36mmsg[0m=[35mGetVariable(key='BASE_DATA_PATH', type='GetVariable')[0m
[2m2025-05-13 02:25:01[0m [[32m[1mdebug    [0m] [1mReceived message from task runner[0m [[0m[1m[34msupervisor[0m][0m [36mmsg[0m=[35mGetVariable(key='BASE_PATH', type='GetVariable')[0m
[2025-05-13T02:25:01.131+0200] {_client.py:1025} INFO - HTTP Request: GET http://localhost:8080/execution/variables/BASE_DATA_PATH "HTTP/1.1 200 OK"
[2m2025-05-13 02:25:01[0m [[32m[1mdebug    [0m] [1mReceived message from task runner[0m [[0m[1m[34msupervisor[0m][0m [36mmsg[0m=[35mGetConnection(conn_id='staging_postgres', type='GetConnection')[0m
[2025-05-13T02:25:01.141+0200] {_client.py:1025} INFO - HTTP Request: GET http://localhost:8080/execution/connections/staging_postgres "HTTP/1.1 200 OK"
[2025-05-13T02:25:01.150+0200] {_client.py:1025} INFO - HTTP Request: GET http://localhost:8080/execution/variables/BASE_PATH "HTTP/1.1 200 OK"
[2m2025-05-13 02:25:01[0m [[32m[1mdebug    [0m] [1mReceived message from task runner[0m [[0m[1m[34msupervisor[0m][0m [36mmsg[0m=[35mGetVariable(key='BASE_DATA_PATH', type='GetVariable')[0m
[2m2025-05-13 02:25:01[0m [[32m[1mdebug    [0m] [1mReceived message from task runner[0m [[0m[1m[34msupervisor[0m][0m [36mmsg[0m=[35mSetRenderedFields(rendered_fields={'templates_dict': None, 'op_args': [], 'op_kwargs': {}}, type='SetRenderedFields')[0m
[2025-05-13T02:25:01.159+0200] {_client.py:1025} INFO - HTTP Request: GET http://localhost:8080/execution/variables/BASE_DATA_PATH "HTTP/1.1 200 OK"
[2m2025-05-13 02:25:01[0m [[32m[1mdebug    [0m] [1mReceived message from task runner[0m [[0m[1m[34msupervisor[0m][0m [36mmsg[0m=[35mGetConnection(conn_id='staging_postgres', type='GetConnection')[0m
[2025-05-13T02:25:01.169+0200] {_client.py:1025} INFO - HTTP Request: GET http://localhost:8080/execution/connections/staging_postgres "HTTP/1.1 200 OK"
[2025-05-13T02:25:01.179+0200] {_client.py:1025} INFO - HTTP Request: PUT http://localhost:8080/execution/task-instances/0196c707-cfa1-75d2-8b61-a332a5ee8ba7/rtif "HTTP/1.1 201 Created"
[2m2025-05-13 02:25:01[0m [[32m[1mdebug    [0m] [1mReceived message from task runner[0m [[0m[1m[34msupervisor[0m][0m [36mmsg[0m=[35mGetVariable(key='BASE_DATA_PATH', type='GetVariable')[0m
[2m2025-05-13 02:25:01[0m [[32m[1mdebug    [0m] [1mReceived message from task runner[0m [[0m[1m[34msupervisor[0m][0m [36mmsg[0m=[35mSetRenderedFields(rendered_fields={'templates_dict': None, 'op_args': [], 'op_kwargs': {}}, type='SetRenderedFields')[0m
[2025-05-13T02:25:01.186+0200] {_client.py:1025} INFO - HTTP Request: GET http://localhost:8080/execution/variables/BASE_DATA_PATH "HTTP/1.1 200 OK"
[2m2025-05-13 02:25:01[0m [[32m[1mdebug    [0m] [1mReceived message from task runner[0m [[0m[1m[34msupervisor[0m][0m [36mmsg[0m=[35mGetVariable(key='NETWORK_COSTS_FILE', type='GetVariable')[0m
[2025-05-13T02:25:01.194+0200] {_client.py:1025} INFO - HTTP Request: GET http://localhost:8080/execution/variables/NETWORK_COSTS_FILE "HTTP/1.1 200 OK"
[2025-05-13T02:25:01.204+0200] {_client.py:1025} INFO - HTTP Request: PUT http://localhost:8080/execution/task-instances/0196c707-cfa0-7840-b694-86aecdc40c07/rtif "HTTP/1.1 201 Created"
[2m2025-05-13 02:25:01[0m [[32m[1mdebug    [0m] [1mReceived message from task runner[0m [[0m[1m[34msupervisor[0m][0m [36mmsg[0m=[35mGetVariable(key='BASE_DATA_PATH', type='GetVariable')[0m
[2025-05-13T02:25:01.211+0200] {_client.py:1025} INFO - HTTP Request: GET http://localhost:8080/execution/variables/BASE_DATA_PATH "HTTP/1.1 200 OK"
[2m2025-05-13 02:25:01[0m [[32m[1mdebug    [0m] [1mReceived message from task runner[0m [[0m[1m[34msupervisor[0m][0m [36mmsg[0m=[35mSucceedTask(state='success', end_date=datetime.datetime(2025, 5, 13, 0, 25, 1, 269069, tzinfo=TzInfo(UTC)), task_outlets=[], outlet_events=[], type='SucceedTask')[0m
[2025-05-13T02:25:01.297+0200] {_client.py:1025} INFO - HTTP Request: PATCH http://localhost:8080/execution/task-instances/0196c707-cfa1-75d2-8b61-a332a5ee8ba7/state "HTTP/1.1 204 No Content"
[2m2025-05-13 02:25:01[0m [[32m[1minfo     [0m] [1mTask finished                 [0m [[0m[1m[34msupervisor[0m][0m [36mduration[0m=[35m0.5720853220045683[0m [36mexit_code[0m=[35m0[0m [36mfinal_state[0m=[35msuccess[0m
[2025-05-13T02:25:01.750+0200] {scheduler_job_runner.py:810} INFO - Received executor event with state success for task instance TaskInstanceKey(dag_id='octopus_pricing_8am', task_id='ingest_network_costs', run_id='manual__2025-05-13T00:25:00.052962+00:00', try_number=1, map_index=-1)
[2025-05-13T02:25:01.752+0200] {scheduler_job_runner.py:852} INFO - TaskInstance Finished: dag_id=octopus_pricing_8am, task_id=ingest_network_costs, run_id=manual__2025-05-13T00:25:00.052962+00:00, map_index=-1, run_start_date=2025-05-13 00:25:00.729779+00:00, run_end_date=2025-05-13 00:25:01.269069+00:00, run_duration=1.5390000000000001, state=success, executor=LocalExecutor(parallelism=32), executor_state=success, try_number=1, max_tries=1, pool=default_pool, queue=default, priority_weight=2, operator=PythonOperator, queued_dttm=2025-05-13 00:25:00.688194+00:00, scheduled_dttm=2025-05-13 00:25:00.674641+00:00,queued_by_job_id=13, pid=4847
[2m2025-05-13 02:25:02[0m [[32m[1mdebug    [0m] [1mReceived message from task runner[0m [[0m[1m[34msupervisor[0m][0m [36mmsg[0m=[35mSucceedTask(state='success', end_date=datetime.datetime(2025, 5, 13, 0, 25, 2, 54031, tzinfo=TzInfo(UTC)), task_outlets=[], outlet_events=[], type='SucceedTask')[0m
[2025-05-13T02:25:02.076+0200] {_client.py:1025} INFO - HTTP Request: PATCH http://localhost:8080/execution/task-instances/0196c707-cfa0-7840-b694-86aecdc40c07/state "HTTP/1.1 204 No Content"
[2m2025-05-13 02:25:02[0m [[32m[1minfo     [0m] [1mTask finished                 [0m [[0m[1m[34msupervisor[0m][0m [36mduration[0m=[35m1.351459106997936[0m [36mexit_code[0m=[35m0[0m [36mfinal_state[0m=[35msuccess[0m
[2025-05-13T02:25:02.642+0200] {scheduler_job_runner.py:450} INFO - 1 tasks up for execution:
	<TaskInstance: octopus_pricing_8am.dbt_run manual__2025-05-13T00:25:00.052962+00:00 [scheduled]>
[2025-05-13T02:25:02.642+0200] {scheduler_job_runner.py:522} INFO - DAG octopus_pricing_8am has 0/16 running and queued tasks
[2025-05-13T02:25:02.642+0200] {scheduler_job_runner.py:661} INFO - Setting the following tasks to queued state:
	<TaskInstance: octopus_pricing_8am.dbt_run manual__2025-05-13T00:25:00.052962+00:00 [scheduled]>
[2025-05-13T02:25:02.643+0200] {scheduler_job_runner.py:767} INFO - Trying to enqueue tasks: [<TaskInstance: octopus_pricing_8am.dbt_run manual__2025-05-13T00:25:00.052962+00:00 [scheduled]>] for executor: LocalExecutor(parallelism=32)
[2025-05-13T02:25:02.650+0200] {scheduler_job_runner.py:810} INFO - Received executor event with state success for task instance TaskInstanceKey(dag_id='octopus_pricing_8am', task_id='ingest_price_comparison', run_id='manual__2025-05-13T00:25:00.052962+00:00', try_number=1, map_index=-1)
[2025-05-13T02:25:02.653+0200] {scheduler_job_runner.py:852} INFO - TaskInstance Finished: dag_id=octopus_pricing_8am, task_id=ingest_price_comparison, run_id=manual__2025-05-13T00:25:00.052962+00:00, map_index=-1, run_start_date=2025-05-13 00:25:00.729535+00:00, run_end_date=2025-05-13 00:25:02.054031+00:00, run_duration=3.324, state=success, executor=LocalExecutor(parallelism=32), executor_state=success, try_number=1, max_tries=1, pool=default_pool, queue=default, priority_weight=2, operator=PythonOperator, queued_dttm=2025-05-13 00:25:00.688194+00:00, scheduled_dttm=2025-05-13 00:25:00.674641+00:00,queued_by_job_id=13, pid=4846
[2m2025-05-13 02:25:02[0m [[32m[1minfo     [0m] [1mSecrets backends loaded for worker[0m [[0m[1m[34msupervisor[0m][0m [36mbackend_classes[0m=[35m['EnvironmentVariablesBackend'][0m [36mcount[0m=[35m1[0m
[2025-05-13T02:25:02.715+0200] {_client.py:1025} INFO - HTTP Request: PATCH http://localhost:8080/execution/task-instances/0196c707-cfa2-7f86-b50c-28f7303f3876/run "HTTP/1.1 200 OK"
[2m2025-05-13 02:25:02[0m [[32m[1mdebug    [0m] [1mSending                       [0m [[0m[1m[34msupervisor[0m][0m [36mmsg[0m=[35mStartupDetails(ti=TaskInstance(id=UUID('0196c707-cfa2-7f86-b50c-28f7303f3876'), task_id='dbt_run', dag_id='octopus_pricing_8am', run_id='manual__2025-05-13T00:25:00.052962+00:00', try_number=1, map_index=-1, pool_slots=1, queue='default', priority_weight=1, executor_config={}, parent_context_carrier={}, context_carrier=None, queued_dttm=None), dag_rel_path='octopus_pricing_pipeline.py', bundle_info=BundleInfo(name='dags-folder', version=None), requests_fd=71, start_date=datetime.datetime(2025, 5, 13, 0, 25, 2, 683269, tzinfo=datetime.timezone.utc), ti_context=TIRunContext(dag_run=DagRun(dag_id='octopus_pricing_8am', run_id='manual__2025-05-13T00:25:00.052962+00:00', logical_date=datetime.datetime(2025, 5, 13, 0, 24, 58, 602000, tzinfo=TzInfo(UTC)), data_interval_start=datetime.datetime(2025, 5, 13, 0, 24, 58, 602000, tzinfo=TzInfo(UTC)), data_interval_end=datetime.datetime(2025, 5, 13, 0, 24, 58, 602000, tzinfo=TzInfo(UTC)), run_after=datetime.datetime(2025, 5, 13, 0, 24, 58, 602000, tzinfo=TzInfo(UTC)), start_date=datetime.datetime(2025, 5, 13, 0, 25, 0, 659817, tzinfo=TzInfo(UTC)), end_date=None, clear_number=0, run_type=<DagRunType.MANUAL: 'manual'>, conf={}, consumed_asset_events=[]), task_reschedule_count=0, max_tries=1, variables=[], connections=[], upstream_map_indexes=None, next_method=None, next_kwargs=None, xcom_keys_to_clear=[], should_retry=True), type='StartupDetails')[0m
[2025-05-13T02:25:02.755+0200] {_client.py:1025} INFO - HTTP Request: PUT http://localhost:8080/execution/task-instances/0196c707-cfa2-7f86-b50c-28f7303f3876/heartbeat "HTTP/1.1 204 No Content"
[2m2025-05-13 02:25:02[0m [[32m[1mdebug    [0m] [1mReceived message from task runner[0m [[0m[1m[34msupervisor[0m][0m [36mmsg[0m=[35mGetVariable(key='BASE_PATH', type='GetVariable')[0m
[2025-05-13T02:25:02.950+0200] {_client.py:1025} INFO - HTTP Request: GET http://localhost:8080/execution/variables/BASE_PATH "HTTP/1.1 200 OK"
[2m2025-05-13 02:25:02[0m [[32m[1mdebug    [0m] [1mReceived message from task runner[0m [[0m[1m[34msupervisor[0m][0m [36mmsg[0m=[35mGetVariable(key='BASE_DATA_PATH', type='GetVariable')[0m
[2025-05-13T02:25:02.958+0200] {_client.py:1025} INFO - HTTP Request: GET http://localhost:8080/execution/variables/BASE_DATA_PATH "HTTP/1.1 200 OK"
[2m2025-05-13 02:25:02[0m [[32m[1mdebug    [0m] [1mReceived message from task runner[0m [[0m[1m[34msupervisor[0m][0m [36mmsg[0m=[35mGetConnection(conn_id='staging_postgres', type='GetConnection')[0m
[2025-05-13T02:25:02.967+0200] {_client.py:1025} INFO - HTTP Request: GET http://localhost:8080/execution/connections/staging_postgres "HTTP/1.1 200 OK"
[2m2025-05-13 02:25:02[0m [[32m[1mdebug    [0m] [1mReceived message from task runner[0m [[0m[1m[34msupervisor[0m][0m [36mmsg[0m=[35mGetVariable(key='BASE_PATH', type='GetVariable')[0m
[2025-05-13T02:25:02.988+0200] {_client.py:1025} INFO - HTTP Request: GET http://localhost:8080/execution/variables/BASE_PATH "HTTP/1.1 200 OK"
[2m2025-05-13 02:25:02[0m [[32m[1mdebug    [0m] [1mReceived message from task runner[0m [[0m[1m[34msupervisor[0m][0m [36mmsg[0m=[35mSetRenderedFields(rendered_fields={'bash_command': 'cd /home/ilies/octopus_data_engineer_case_study/data_engineer_case_study/octopus_pricing && dbt run --models final_analytics_table', 'env': None, 'cwd': None}, type='SetRenderedFields')[0m
[2025-05-13T02:25:03.019+0200] {_client.py:1025} INFO - HTTP Request: PUT http://localhost:8080/execution/task-instances/0196c707-cfa2-7f86-b50c-28f7303f3876/rtif "HTTP/1.1 201 Created"
[2m2025-05-13 02:25:05[0m [[32m[1mdebug    [0m] [1mReceived message from task runner[0m [[0m[1m[34msupervisor[0m][0m [36mmsg[0m=[35mSetXCom(key='return_value', value='\x1b[0m00:25:04  Done. PASS=1 WARN=0 ERROR=0 SKIP=0 TOTAL=1', dag_id='octopus_pricing_8am', run_id='manual__2025-05-13T00:25:00.052962+00:00', task_id='dbt_run', map_index=-1, mapped_length=None, type='SetXCom')[0m
[2025-05-13T02:25:05.720+0200] {_client.py:1025} INFO - HTTP Request: POST http://localhost:8080/execution/xcoms/octopus_pricing_8am/manual__2025-05-13T00:25:00.052962+00:00/dbt_run/return_value "HTTP/1.1 201 Created"
[2m2025-05-13 02:25:05[0m [[32m[1mdebug    [0m] [1mReceived message from task runner[0m [[0m[1m[34msupervisor[0m][0m [36mmsg[0m=[35mSucceedTask(state='success', end_date=datetime.datetime(2025, 5, 13, 0, 25, 5, 696867, tzinfo=TzInfo(UTC)), task_outlets=[], outlet_events=[], type='SucceedTask')[0m
[2025-05-13T02:25:05.740+0200] {_client.py:1025} INFO - HTTP Request: PATCH http://localhost:8080/execution/task-instances/0196c707-cfa2-7f86-b50c-28f7303f3876/state "HTTP/1.1 204 No Content"
[2m2025-05-13 02:25:05[0m [[32m[1minfo     [0m] [1mTask finished                 [0m [[0m[1m[34msupervisor[0m][0m [36mduration[0m=[35m3.0622820500066155[0m [36mexit_code[0m=[35m0[0m [36mfinal_state[0m=[35msuccess[0m
[2025-05-13T02:25:06.551+0200] {dagrun.py:1174} INFO - Marking run <DagRun octopus_pricing_8am @ 2025-05-13 00:24:58.602000+00:00: manual__2025-05-13T00:25:00.052962+00:00, state:running, queued_at: 2025-05-13 00:25:00.059000+00:00. run_type: manual> successful
[2025-05-13T02:25:06.551+0200] {dagrun.py:1224} INFO - DagRun Finished: dag_id=octopus_pricing_8am, logical_date=2025-05-13 00:24:58.602000+00:00, run_id=manual__2025-05-13T00:25:00.052962+00:00, run_start_date=2025-05-13 00:25:00.659817+00:00, run_end_date=2025-05-13 00:25:06.551576+00:00, run_duration=5.891759, state=success, run_type=manual, data_interval_start=2025-05-13 00:24:58.602000+00:00, data_interval_end=2025-05-13 00:24:58.602000+00:00,
[2025-05-13T02:25:06.568+0200] {scheduler_job_runner.py:810} INFO - Received executor event with state success for task instance TaskInstanceKey(dag_id='octopus_pricing_8am', task_id='dbt_run', run_id='manual__2025-05-13T00:25:00.052962+00:00', try_number=1, map_index=-1)
[2025-05-13T02:25:06.572+0200] {scheduler_job_runner.py:852} INFO - TaskInstance Finished: dag_id=octopus_pricing_8am, task_id=dbt_run, run_id=manual__2025-05-13T00:25:00.052962+00:00, map_index=-1, run_start_date=2025-05-13 00:25:02.683269+00:00, run_end_date=2025-05-13 00:25:05.696867+00:00, run_duration=6.013999999999999, state=success, executor=LocalExecutor(parallelism=32), executor_state=success, try_number=1, max_tries=1, pool=default_pool, queue=default, priority_weight=1, operator=BashOperator, queued_dttm=2025-05-13 00:25:02.643233+00:00, scheduled_dttm=2025-05-13 00:25:02.627668+00:00,queued_by_job_id=13, pid=4888
[2025-05-13T02:28:36.031+0200] {scheduler_job_runner.py:2128} INFO - Adopting or resetting orphaned tasks for active dag runs
[2025-05-13T02:29:35.025+0200] {scheduler_job_runner.py:450} INFO - 1 tasks up for execution:
	<TaskInstance: octopus_pricing_midnight.ingest_backend_db manual__2025-05-13T00:29:34.309591+00:00 [scheduled]>
[2025-05-13T02:29:35.025+0200] {scheduler_job_runner.py:522} INFO - DAG octopus_pricing_midnight has 0/16 running and queued tasks
[2025-05-13T02:29:35.026+0200] {scheduler_job_runner.py:661} INFO - Setting the following tasks to queued state:
	<TaskInstance: octopus_pricing_midnight.ingest_backend_db manual__2025-05-13T00:29:34.309591+00:00 [scheduled]>
[2025-05-13T02:29:35.027+0200] {scheduler_job_runner.py:767} INFO - Trying to enqueue tasks: [<TaskInstance: octopus_pricing_midnight.ingest_backend_db manual__2025-05-13T00:29:34.309591+00:00 [scheduled]>] for executor: LocalExecutor(parallelism=32)
[2m2025-05-13 02:29:35[0m [[32m[1minfo     [0m] [1mSecrets backends loaded for worker[0m [[0m[1m[34msupervisor[0m][0m [36mbackend_classes[0m=[35m['EnvironmentVariablesBackend'][0m [36mcount[0m=[35m1[0m
[2025-05-13T02:29:35.103+0200] {_client.py:1025} INFO - HTTP Request: PATCH http://localhost:8080/execution/task-instances/0196c70b-ff03-792e-8c90-4c446f09cd38/run "HTTP/1.1 200 OK"
[2m2025-05-13 02:29:35[0m [[32m[1mdebug    [0m] [1mSending                       [0m [[0m[1m[34msupervisor[0m][0m [36mmsg[0m=[35mStartupDetails(ti=TaskInstance(id=UUID('0196c70b-ff03-792e-8c90-4c446f09cd38'), task_id='ingest_backend_db', dag_id='octopus_pricing_midnight', run_id='manual__2025-05-13T00:29:34.309591+00:00', try_number=1, map_index=-1, pool_slots=1, queue='default', priority_weight=2, executor_config={}, parent_context_carrier={}, context_carrier=None, queued_dttm=None), dag_rel_path='octopus_pricing_pipeline.py', bundle_info=BundleInfo(name='dags-folder', version=None), requests_fd=59, start_date=datetime.datetime(2025, 5, 13, 0, 29, 35, 72878, tzinfo=datetime.timezone.utc), ti_context=TIRunContext(dag_run=DagRun(dag_id='octopus_pricing_midnight', run_id='manual__2025-05-13T00:29:34.309591+00:00', logical_date=datetime.datetime(2025, 5, 13, 0, 29, 32, 256000, tzinfo=TzInfo(UTC)), data_interval_start=datetime.datetime(2025, 5, 13, 0, 29, 32, 256000, tzinfo=TzInfo(UTC)), data_interval_end=datetime.datetime(2025, 5, 13, 0, 29, 32, 256000, tzinfo=TzInfo(UTC)), run_after=datetime.datetime(2025, 5, 13, 0, 29, 32, 256000, tzinfo=TzInfo(UTC)), start_date=datetime.datetime(2025, 5, 13, 0, 29, 34, 993511, tzinfo=TzInfo(UTC)), end_date=None, clear_number=0, run_type=<DagRunType.MANUAL: 'manual'>, conf={}, consumed_asset_events=[]), task_reschedule_count=0, max_tries=1, variables=[], connections=[], upstream_map_indexes=None, next_method=None, next_kwargs=None, xcom_keys_to_clear=[], should_retry=True), type='StartupDetails')[0m
[2025-05-13T02:29:35.129+0200] {_client.py:1025} INFO - HTTP Request: PUT http://localhost:8080/execution/task-instances/0196c70b-ff03-792e-8c90-4c446f09cd38/heartbeat "HTTP/1.1 204 No Content"
[2m2025-05-13 02:29:35[0m [[32m[1mdebug    [0m] [1mReceived message from task runner[0m [[0m[1m[34msupervisor[0m][0m [36mmsg[0m=[35mGetVariable(key='BASE_PATH', type='GetVariable')[0m
[2025-05-13T02:29:35.404+0200] {_client.py:1025} INFO - HTTP Request: GET http://localhost:8080/execution/variables/BASE_PATH "HTTP/1.1 200 OK"
[2m2025-05-13 02:29:35[0m [[32m[1mdebug    [0m] [1mReceived message from task runner[0m [[0m[1m[34msupervisor[0m][0m [36mmsg[0m=[35mGetVariable(key='BASE_DATA_PATH', type='GetVariable')[0m
[2025-05-13T02:29:35.412+0200] {_client.py:1025} INFO - HTTP Request: GET http://localhost:8080/execution/variables/BASE_DATA_PATH "HTTP/1.1 200 OK"
[2m2025-05-13 02:29:35[0m [[32m[1mdebug    [0m] [1mReceived message from task runner[0m [[0m[1m[34msupervisor[0m][0m [36mmsg[0m=[35mGetConnection(conn_id='staging_postgres', type='GetConnection')[0m
[2025-05-13T02:29:35.424+0200] {_client.py:1025} INFO - HTTP Request: GET http://localhost:8080/execution/connections/staging_postgres "HTTP/1.1 200 OK"
[2m2025-05-13 02:29:35[0m [[32m[1mdebug    [0m] [1mReceived message from task runner[0m [[0m[1m[34msupervisor[0m][0m [36mmsg[0m=[35mSetRenderedFields(rendered_fields={'templates_dict': None, 'op_args': [], 'op_kwargs': {}}, type='SetRenderedFields')[0m
[2025-05-13T02:29:35.467+0200] {_client.py:1025} INFO - HTTP Request: PUT http://localhost:8080/execution/task-instances/0196c70b-ff03-792e-8c90-4c446f09cd38/rtif "HTTP/1.1 201 Created"
[2m2025-05-13 02:29:35[0m [[32m[1mdebug    [0m] [1mReceived message from task runner[0m [[0m[1m[34msupervisor[0m][0m [36mmsg[0m=[35mGetVariable(key='BACKEND_DB_FILE', type='GetVariable')[0m
[2025-05-13T02:29:35.474+0200] {_client.py:1025} INFO - HTTP Request: GET http://localhost:8080/execution/variables/BACKEND_DB_FILE "HTTP/1.1 200 OK"
[2m2025-05-13 02:29:35[0m [[32m[1mdebug    [0m] [1mReceived message from task runner[0m [[0m[1m[34msupervisor[0m][0m [36mmsg[0m=[35mSucceedTask(state='success', end_date=datetime.datetime(2025, 5, 13, 0, 29, 35, 538069, tzinfo=TzInfo(UTC)), task_outlets=[], outlet_events=[], type='SucceedTask')[0m
[2025-05-13T02:29:35.558+0200] {_client.py:1025} INFO - HTTP Request: PATCH http://localhost:8080/execution/task-instances/0196c70b-ff03-792e-8c90-4c446f09cd38/state "HTTP/1.1 204 No Content"
[2m2025-05-13 02:29:35[0m [[32m[1minfo     [0m] [1mTask finished                 [0m [[0m[1m[34msupervisor[0m][0m [36mduration[0m=[35m0.49145485599729[0m [36mexit_code[0m=[35m0[0m [36mfinal_state[0m=[35msuccess[0m
[2025-05-13T02:29:36.117+0200] {scheduler_job_runner.py:450} INFO - 1 tasks up for execution:
	<TaskInstance: octopus_pricing_midnight.dbt_run manual__2025-05-13T00:29:34.309591+00:00 [scheduled]>
[2025-05-13T02:29:36.118+0200] {scheduler_job_runner.py:522} INFO - DAG octopus_pricing_midnight has 0/16 running and queued tasks
[2025-05-13T02:29:36.118+0200] {scheduler_job_runner.py:661} INFO - Setting the following tasks to queued state:
	<TaskInstance: octopus_pricing_midnight.dbt_run manual__2025-05-13T00:29:34.309591+00:00 [scheduled]>
[2025-05-13T02:29:36.119+0200] {scheduler_job_runner.py:767} INFO - Trying to enqueue tasks: [<TaskInstance: octopus_pricing_midnight.dbt_run manual__2025-05-13T00:29:34.309591+00:00 [scheduled]>] for executor: LocalExecutor(parallelism=32)
[2025-05-13T02:29:36.127+0200] {scheduler_job_runner.py:810} INFO - Received executor event with state success for task instance TaskInstanceKey(dag_id='octopus_pricing_midnight', task_id='ingest_backend_db', run_id='manual__2025-05-13T00:29:34.309591+00:00', try_number=1, map_index=-1)
[2025-05-13T02:29:36.132+0200] {scheduler_job_runner.py:852} INFO - TaskInstance Finished: dag_id=octopus_pricing_midnight, task_id=ingest_backend_db, run_id=manual__2025-05-13T00:29:34.309591+00:00, map_index=-1, run_start_date=2025-05-13 00:29:35.072878+00:00, run_end_date=2025-05-13 00:29:35.538069+00:00, run_duration=0.465, state=success, executor=LocalExecutor(parallelism=32), executor_state=success, try_number=1, max_tries=1, pool=default_pool, queue=default, priority_weight=2, operator=PythonOperator, queued_dttm=2025-05-13 00:29:35.026551+00:00, scheduled_dttm=2025-05-13 00:29:35.011387+00:00,queued_by_job_id=13, pid=6877
[2m2025-05-13 02:29:36[0m [[32m[1minfo     [0m] [1mSecrets backends loaded for worker[0m [[0m[1m[34msupervisor[0m][0m [36mbackend_classes[0m=[35m['EnvironmentVariablesBackend'][0m [36mcount[0m=[35m1[0m
[2025-05-13T02:29:36.223+0200] {_client.py:1025} INFO - HTTP Request: PATCH http://localhost:8080/execution/task-instances/0196c70b-ff04-7b06-9133-fcaa7f1e6765/run "HTTP/1.1 200 OK"
[2m2025-05-13 02:29:36[0m [[32m[1mdebug    [0m] [1mSending                       [0m [[0m[1m[34msupervisor[0m][0m [36mmsg[0m=[35mStartupDetails(ti=TaskInstance(id=UUID('0196c70b-ff04-7b06-9133-fcaa7f1e6765'), task_id='dbt_run', dag_id='octopus_pricing_midnight', run_id='manual__2025-05-13T00:29:34.309591+00:00', try_number=1, map_index=-1, pool_slots=1, queue='default', priority_weight=1, executor_config={}, parent_context_carrier={}, context_carrier=None, queued_dttm=None), dag_rel_path='octopus_pricing_pipeline.py', bundle_info=BundleInfo(name='dags-folder', version=None), requests_fd=72, start_date=datetime.datetime(2025, 5, 13, 0, 29, 36, 169647, tzinfo=datetime.timezone.utc), ti_context=TIRunContext(dag_run=DagRun(dag_id='octopus_pricing_midnight', run_id='manual__2025-05-13T00:29:34.309591+00:00', logical_date=datetime.datetime(2025, 5, 13, 0, 29, 32, 256000, tzinfo=TzInfo(UTC)), data_interval_start=datetime.datetime(2025, 5, 13, 0, 29, 32, 256000, tzinfo=TzInfo(UTC)), data_interval_end=datetime.datetime(2025, 5, 13, 0, 29, 32, 256000, tzinfo=TzInfo(UTC)), run_after=datetime.datetime(2025, 5, 13, 0, 29, 32, 256000, tzinfo=TzInfo(UTC)), start_date=datetime.datetime(2025, 5, 13, 0, 29, 34, 993511, tzinfo=TzInfo(UTC)), end_date=None, clear_number=0, run_type=<DagRunType.MANUAL: 'manual'>, conf={}, consumed_asset_events=[]), task_reschedule_count=0, max_tries=1, variables=[], connections=[], upstream_map_indexes=None, next_method=None, next_kwargs=None, xcom_keys_to_clear=[], should_retry=True), type='StartupDetails')[0m
[2025-05-13T02:29:36.271+0200] {_client.py:1025} INFO - HTTP Request: PUT http://localhost:8080/execution/task-instances/0196c70b-ff04-7b06-9133-fcaa7f1e6765/heartbeat "HTTP/1.1 204 No Content"
[2m2025-05-13 02:29:36[0m [[32m[1mdebug    [0m] [1mReceived message from task runner[0m [[0m[1m[34msupervisor[0m][0m [36mmsg[0m=[35mGetVariable(key='BASE_PATH', type='GetVariable')[0m
[2025-05-13T02:29:36.551+0200] {_client.py:1025} INFO - HTTP Request: GET http://localhost:8080/execution/variables/BASE_PATH "HTTP/1.1 200 OK"
[2m2025-05-13 02:29:36[0m [[32m[1mdebug    [0m] [1mReceived message from task runner[0m [[0m[1m[34msupervisor[0m][0m [36mmsg[0m=[35mGetVariable(key='BASE_DATA_PATH', type='GetVariable')[0m
[2025-05-13T02:29:36.560+0200] {_client.py:1025} INFO - HTTP Request: GET http://localhost:8080/execution/variables/BASE_DATA_PATH "HTTP/1.1 200 OK"
[2m2025-05-13 02:29:36[0m [[32m[1mdebug    [0m] [1mReceived message from task runner[0m [[0m[1m[34msupervisor[0m][0m [36mmsg[0m=[35mGetConnection(conn_id='staging_postgres', type='GetConnection')[0m
[2025-05-13T02:29:36.570+0200] {_client.py:1025} INFO - HTTP Request: GET http://localhost:8080/execution/connections/staging_postgres "HTTP/1.1 200 OK"
[2m2025-05-13 02:29:36[0m [[32m[1mdebug    [0m] [1mReceived message from task runner[0m [[0m[1m[34msupervisor[0m][0m [36mmsg[0m=[35mGetVariable(key='BASE_PATH', type='GetVariable')[0m
[2025-05-13T02:29:36.591+0200] {_client.py:1025} INFO - HTTP Request: GET http://localhost:8080/execution/variables/BASE_PATH "HTTP/1.1 200 OK"
[2m2025-05-13 02:29:36[0m [[32m[1mdebug    [0m] [1mReceived message from task runner[0m [[0m[1m[34msupervisor[0m][0m [36mmsg[0m=[35mSetRenderedFields(rendered_fields={'bash_command': 'cd /home/ilies/octopus_data_engineer_case_study/data_engineer_case_study/octopus_pricing && dbt run --models final_analytics_table', 'env': None, 'cwd': None}, type='SetRenderedFields')[0m
[2025-05-13T02:29:36.619+0200] {_client.py:1025} INFO - HTTP Request: PUT http://localhost:8080/execution/task-instances/0196c70b-ff04-7b06-9133-fcaa7f1e6765/rtif "HTTP/1.1 201 Created"
[2025-05-13T02:29:38.382+0200] {scheduler_job_runner.py:450} INFO - 1 tasks up for execution:
	<TaskInstance: octopus_pricing_midnight.ingest_backend_db manual__2025-05-13T00:29:38.051829+00:00 [scheduled]>
[2025-05-13T02:29:38.383+0200] {scheduler_job_runner.py:522} INFO - DAG octopus_pricing_midnight has 0/16 running and queued tasks
[2025-05-13T02:29:38.383+0200] {scheduler_job_runner.py:661} INFO - Setting the following tasks to queued state:
	<TaskInstance: octopus_pricing_midnight.ingest_backend_db manual__2025-05-13T00:29:38.051829+00:00 [scheduled]>
[2025-05-13T02:29:38.384+0200] {scheduler_job_runner.py:767} INFO - Trying to enqueue tasks: [<TaskInstance: octopus_pricing_midnight.ingest_backend_db manual__2025-05-13T00:29:38.051829+00:00 [scheduled]>] for executor: LocalExecutor(parallelism=32)
[2m2025-05-13 02:29:38[0m [[32m[1minfo     [0m] [1mSecrets backends loaded for worker[0m [[0m[1m[34msupervisor[0m][0m [36mbackend_classes[0m=[35m['EnvironmentVariablesBackend'][0m [36mcount[0m=[35m1[0m
[2025-05-13T02:29:38.452+0200] {_client.py:1025} INFO - HTTP Request: PATCH http://localhost:8080/execution/task-instances/0196c70c-0d9a-7f3a-b135-3d6fa3140851/run "HTTP/1.1 200 OK"
[2m2025-05-13 02:29:38[0m [[32m[1mdebug    [0m] [1mSending                       [0m [[0m[1m[34msupervisor[0m][0m [36mmsg[0m=[35mStartupDetails(ti=TaskInstance(id=UUID('0196c70c-0d9a-7f3a-b135-3d6fa3140851'), task_id='ingest_backend_db', dag_id='octopus_pricing_midnight', run_id='manual__2025-05-13T00:29:38.051829+00:00', try_number=1, map_index=-1, pool_slots=1, queue='default', priority_weight=2, executor_config={}, parent_context_carrier={}, context_carrier=None, queued_dttm=None), dag_rel_path='octopus_pricing_pipeline.py', bundle_info=BundleInfo(name='dags-folder', version=None), requests_fd=62, start_date=datetime.datetime(2025, 5, 13, 0, 29, 38, 426162, tzinfo=datetime.timezone.utc), ti_context=TIRunContext(dag_run=DagRun(dag_id='octopus_pricing_midnight', run_id='manual__2025-05-13T00:29:38.051829+00:00', logical_date=datetime.datetime(2025, 5, 13, 0, 29, 37, 250000, tzinfo=TzInfo(UTC)), data_interval_start=datetime.datetime(2025, 5, 13, 0, 29, 37, 250000, tzinfo=TzInfo(UTC)), data_interval_end=datetime.datetime(2025, 5, 13, 0, 29, 37, 250000, tzinfo=TzInfo(UTC)), run_after=datetime.datetime(2025, 5, 13, 0, 29, 37, 250000, tzinfo=TzInfo(UTC)), start_date=datetime.datetime(2025, 5, 13, 0, 29, 38, 345102, tzinfo=TzInfo(UTC)), end_date=None, clear_number=0, run_type=<DagRunType.MANUAL: 'manual'>, conf={}, consumed_asset_events=[]), task_reschedule_count=0, max_tries=1, variables=[], connections=[], upstream_map_indexes=None, next_method=None, next_kwargs=None, xcom_keys_to_clear=[], should_retry=True), type='StartupDetails')[0m
[2025-05-13T02:29:38.494+0200] {_client.py:1025} INFO - HTTP Request: PUT http://localhost:8080/execution/task-instances/0196c70c-0d9a-7f3a-b135-3d6fa3140851/heartbeat "HTTP/1.1 204 No Content"
[2m2025-05-13 02:29:38[0m [[32m[1mdebug    [0m] [1mReceived message from task runner[0m [[0m[1m[34msupervisor[0m][0m [36mmsg[0m=[35mGetVariable(key='BASE_PATH', type='GetVariable')[0m
[2025-05-13T02:29:38.755+0200] {_client.py:1025} INFO - HTTP Request: GET http://localhost:8080/execution/variables/BASE_PATH "HTTP/1.1 200 OK"
[2m2025-05-13 02:29:38[0m [[32m[1mdebug    [0m] [1mReceived message from task runner[0m [[0m[1m[34msupervisor[0m][0m [36mmsg[0m=[35mGetVariable(key='BASE_DATA_PATH', type='GetVariable')[0m
[2025-05-13T02:29:38.761+0200] {_client.py:1025} INFO - HTTP Request: GET http://localhost:8080/execution/variables/BASE_DATA_PATH "HTTP/1.1 200 OK"
[2m2025-05-13 02:29:38[0m [[32m[1mdebug    [0m] [1mReceived message from task runner[0m [[0m[1m[34msupervisor[0m][0m [36mmsg[0m=[35mGetConnection(conn_id='staging_postgres', type='GetConnection')[0m
[2025-05-13T02:29:38.770+0200] {_client.py:1025} INFO - HTTP Request: GET http://localhost:8080/execution/connections/staging_postgres "HTTP/1.1 200 OK"
[2m2025-05-13 02:29:38[0m [[32m[1mdebug    [0m] [1mReceived message from task runner[0m [[0m[1m[34msupervisor[0m][0m [36mmsg[0m=[35mSetRenderedFields(rendered_fields={'templates_dict': None, 'op_args': [], 'op_kwargs': {}}, type='SetRenderedFields')[0m
[2025-05-13T02:29:38.802+0200] {_client.py:1025} INFO - HTTP Request: PUT http://localhost:8080/execution/task-instances/0196c70c-0d9a-7f3a-b135-3d6fa3140851/rtif "HTTP/1.1 201 Created"
[2m2025-05-13 02:29:38[0m [[32m[1mdebug    [0m] [1mReceived message from task runner[0m [[0m[1m[34msupervisor[0m][0m [36mmsg[0m=[35mGetVariable(key='BACKEND_DB_FILE', type='GetVariable')[0m
[2025-05-13T02:29:38.808+0200] {_client.py:1025} INFO - HTTP Request: GET http://localhost:8080/execution/variables/BACKEND_DB_FILE "HTTP/1.1 200 OK"
[2m2025-05-13 02:29:38[0m [[32m[1mdebug    [0m] [1mReceived message from task runner[0m [[0m[1m[34msupervisor[0m][0m [36mmsg[0m=[35mSucceedTask(state='success', end_date=datetime.datetime(2025, 5, 13, 0, 29, 38, 857422, tzinfo=TzInfo(UTC)), task_outlets=[], outlet_events=[], type='SucceedTask')[0m
[2025-05-13T02:29:38.874+0200] {_client.py:1025} INFO - HTTP Request: PATCH http://localhost:8080/execution/task-instances/0196c70c-0d9a-7f3a-b135-3d6fa3140851/state "HTTP/1.1 204 No Content"
[2m2025-05-13 02:29:38[0m [[32m[1minfo     [0m] [1mTask finished                 [0m [[0m[1m[34msupervisor[0m][0m [36mduration[0m=[35m0.45341812100377865[0m [36mexit_code[0m=[35m0[0m [36mfinal_state[0m=[35msuccess[0m
[2m2025-05-13 02:29:39[0m [[32m[1mdebug    [0m] [1mReceived message from task runner[0m [[0m[1m[34msupervisor[0m][0m [36mmsg[0m=[35mSetXCom(key='return_value', value='\x1b[0m00:29:38  Done. PASS=1 WARN=0 ERROR=0 SKIP=0 TOTAL=1', dag_id='octopus_pricing_midnight', run_id='manual__2025-05-13T00:29:34.309591+00:00', task_id='dbt_run', map_index=-1, mapped_length=None, type='SetXCom')[0m
[2025-05-13T02:29:39.345+0200] {scheduler_job_runner.py:450} INFO - 1 tasks up for execution:
	<TaskInstance: octopus_pricing_midnight.dbt_run manual__2025-05-13T00:29:38.051829+00:00 [scheduled]>
[2025-05-13T02:29:39.346+0200] {scheduler_job_runner.py:522} INFO - DAG octopus_pricing_midnight has 0/16 running and queued tasks
[2025-05-13T02:29:39.346+0200] {scheduler_job_runner.py:661} INFO - Setting the following tasks to queued state:
	<TaskInstance: octopus_pricing_midnight.dbt_run manual__2025-05-13T00:29:38.051829+00:00 [scheduled]>
[2025-05-13T02:29:39.348+0200] {scheduler_job_runner.py:767} INFO - Trying to enqueue tasks: [<TaskInstance: octopus_pricing_midnight.dbt_run manual__2025-05-13T00:29:38.051829+00:00 [scheduled]>] for executor: LocalExecutor(parallelism=32)
[2025-05-13T02:29:39.354+0200] {scheduler_job_runner.py:810} INFO - Received executor event with state success for task instance TaskInstanceKey(dag_id='octopus_pricing_midnight', task_id='ingest_backend_db', run_id='manual__2025-05-13T00:29:38.051829+00:00', try_number=1, map_index=-1)
[2025-05-13T02:29:39.357+0200] {scheduler_job_runner.py:852} INFO - TaskInstance Finished: dag_id=octopus_pricing_midnight, task_id=ingest_backend_db, run_id=manual__2025-05-13T00:29:38.051829+00:00, map_index=-1, run_start_date=2025-05-13 00:29:38.426162+00:00, run_end_date=2025-05-13 00:29:38.857422+00:00, run_duration=0.431, state=success, executor=LocalExecutor(parallelism=32), executor_state=success, try_number=1, max_tries=1, pool=default_pool, queue=default, priority_weight=2, operator=PythonOperator, queued_dttm=2025-05-13 00:29:38.383809+00:00, scheduled_dttm=2025-05-13 00:29:38.363837+00:00,queued_by_job_id=13, pid=6934
[2025-05-13T02:29:39.361+0200] {_client.py:1025} INFO - HTTP Request: POST http://localhost:8080/execution/xcoms/octopus_pricing_midnight/manual__2025-05-13T00:29:34.309591+00:00/dbt_run/return_value "HTTP/1.1 201 Created"
[2m2025-05-13 02:29:39[0m [[32m[1mdebug    [0m] [1mReceived message from task runner[0m [[0m[1m[34msupervisor[0m][0m [36mmsg[0m=[35mSucceedTask(state='success', end_date=datetime.datetime(2025, 5, 13, 0, 29, 39, 343881, tzinfo=TzInfo(UTC)), task_outlets=[], outlet_events=[], type='SucceedTask')[0m
[2025-05-13T02:29:39.375+0200] {_client.py:1025} INFO - HTTP Request: PATCH http://localhost:8080/execution/task-instances/0196c70b-ff04-7b06-9133-fcaa7f1e6765/state "HTTP/1.1 204 No Content"
[2m2025-05-13 02:29:39[0m [[32m[1minfo     [0m] [1mTask finished                 [0m [[0m[1m[34msupervisor[0m][0m [36mduration[0m=[35m3.212150488005136[0m [36mexit_code[0m=[35m0[0m [36mfinal_state[0m=[35msuccess[0m
[2m2025-05-13 02:29:39[0m [[32m[1minfo     [0m] [1mSecrets backends loaded for worker[0m [[0m[1m[34msupervisor[0m][0m [36mbackend_classes[0m=[35m['EnvironmentVariablesBackend'][0m [36mcount[0m=[35m1[0m
[2025-05-13T02:29:39.392+0200] {dagrun.py:1174} INFO - Marking run <DagRun octopus_pricing_midnight @ 2025-05-13 00:29:32.256000+00:00: manual__2025-05-13T00:29:34.309591+00:00, state:running, queued_at: 2025-05-13 00:29:34.321141+00:00. run_type: manual> successful
[2025-05-13T02:29:39.392+0200] {dagrun.py:1224} INFO - DagRun Finished: dag_id=octopus_pricing_midnight, logical_date=2025-05-13 00:29:32.256000+00:00, run_id=manual__2025-05-13T00:29:34.309591+00:00, run_start_date=2025-05-13 00:29:34.993511+00:00, run_end_date=2025-05-13 00:29:39.392646+00:00, run_duration=4.399135, state=success, run_type=manual, data_interval_start=2025-05-13 00:29:32.256000+00:00, data_interval_end=2025-05-13 00:29:32.256000+00:00,
[2025-05-13T02:29:39.405+0200] {scheduler_job_runner.py:810} INFO - Received executor event with state success for task instance TaskInstanceKey(dag_id='octopus_pricing_midnight', task_id='dbt_run', run_id='manual__2025-05-13T00:29:34.309591+00:00', try_number=1, map_index=-1)
[2025-05-13T02:29:39.408+0200] {_client.py:1025} INFO - HTTP Request: PATCH http://localhost:8080/execution/task-instances/0196c70c-0d9b-709c-8497-209d26de3471/run "HTTP/1.1 200 OK"
[2025-05-13T02:29:39.409+0200] {scheduler_job_runner.py:852} INFO - TaskInstance Finished: dag_id=octopus_pricing_midnight, task_id=dbt_run, run_id=manual__2025-05-13T00:29:34.309591+00:00, map_index=-1, run_start_date=2025-05-13 00:29:36.169647+00:00, run_end_date=2025-05-13 00:29:39.343881+00:00, run_duration=6.1739999999999995, state=success, executor=LocalExecutor(parallelism=32), executor_state=success, try_number=1, max_tries=1, pool=default_pool, queue=default, priority_weight=1, operator=BashOperator, queued_dttm=2025-05-13 00:29:36.118776+00:00, scheduled_dttm=2025-05-13 00:29:36.099418+00:00,queued_by_job_id=13, pid=6895
[2m2025-05-13 02:29:39[0m [[32m[1mdebug    [0m] [1mSending                       [0m [[0m[1m[34msupervisor[0m][0m [36mmsg[0m=[35mStartupDetails(ti=TaskInstance(id=UUID('0196c70c-0d9b-709c-8497-209d26de3471'), task_id='dbt_run', dag_id='octopus_pricing_midnight', run_id='manual__2025-05-13T00:29:38.051829+00:00', try_number=1, map_index=-1, pool_slots=1, queue='default', priority_weight=1, executor_config={}, parent_context_carrier={}, context_carrier=None, queued_dttm=None), dag_rel_path='octopus_pricing_pipeline.py', bundle_info=BundleInfo(name='dags-folder', version=None), requests_fd=64, start_date=datetime.datetime(2025, 5, 13, 0, 29, 39, 388409, tzinfo=datetime.timezone.utc), ti_context=TIRunContext(dag_run=DagRun(dag_id='octopus_pricing_midnight', run_id='manual__2025-05-13T00:29:38.051829+00:00', logical_date=datetime.datetime(2025, 5, 13, 0, 29, 37, 250000, tzinfo=TzInfo(UTC)), data_interval_start=datetime.datetime(2025, 5, 13, 0, 29, 37, 250000, tzinfo=TzInfo(UTC)), data_interval_end=datetime.datetime(2025, 5, 13, 0, 29, 37, 250000, tzinfo=TzInfo(UTC)), run_after=datetime.datetime(2025, 5, 13, 0, 29, 37, 250000, tzinfo=TzInfo(UTC)), start_date=datetime.datetime(2025, 5, 13, 0, 29, 38, 345102, tzinfo=TzInfo(UTC)), end_date=None, clear_number=0, run_type=<DagRunType.MANUAL: 'manual'>, conf={}, consumed_asset_events=[]), task_reschedule_count=0, max_tries=1, variables=[], connections=[], upstream_map_indexes=None, next_method=None, next_kwargs=None, xcom_keys_to_clear=[], should_retry=True), type='StartupDetails')[0m
[2025-05-13T02:29:39.439+0200] {_client.py:1025} INFO - HTTP Request: PUT http://localhost:8080/execution/task-instances/0196c70c-0d9b-709c-8497-209d26de3471/heartbeat "HTTP/1.1 204 No Content"
[2m2025-05-13 02:29:39[0m [[32m[1mdebug    [0m] [1mReceived message from task runner[0m [[0m[1m[34msupervisor[0m][0m [36mmsg[0m=[35mGetVariable(key='BASE_PATH', type='GetVariable')[0m
[2025-05-13T02:29:39.652+0200] {_client.py:1025} INFO - HTTP Request: GET http://localhost:8080/execution/variables/BASE_PATH "HTTP/1.1 200 OK"
[2m2025-05-13 02:29:39[0m [[32m[1mdebug    [0m] [1mReceived message from task runner[0m [[0m[1m[34msupervisor[0m][0m [36mmsg[0m=[35mGetVariable(key='BASE_DATA_PATH', type='GetVariable')[0m
[2025-05-13T02:29:39.658+0200] {_client.py:1025} INFO - HTTP Request: GET http://localhost:8080/execution/variables/BASE_DATA_PATH "HTTP/1.1 200 OK"
[2m2025-05-13 02:29:39[0m [[32m[1mdebug    [0m] [1mReceived message from task runner[0m [[0m[1m[34msupervisor[0m][0m [36mmsg[0m=[35mGetConnection(conn_id='staging_postgres', type='GetConnection')[0m
[2025-05-13T02:29:39.667+0200] {_client.py:1025} INFO - HTTP Request: GET http://localhost:8080/execution/connections/staging_postgres "HTTP/1.1 200 OK"
[2m2025-05-13 02:29:39[0m [[32m[1mdebug    [0m] [1mReceived message from task runner[0m [[0m[1m[34msupervisor[0m][0m [36mmsg[0m=[35mGetVariable(key='BASE_PATH', type='GetVariable')[0m
[2025-05-13T02:29:39.685+0200] {_client.py:1025} INFO - HTTP Request: GET http://localhost:8080/execution/variables/BASE_PATH "HTTP/1.1 200 OK"
[2m2025-05-13 02:29:39[0m [[32m[1mdebug    [0m] [1mReceived message from task runner[0m [[0m[1m[34msupervisor[0m][0m [36mmsg[0m=[35mSetRenderedFields(rendered_fields={'bash_command': 'cd /home/ilies/octopus_data_engineer_case_study/data_engineer_case_study/octopus_pricing && dbt run --models final_analytics_table', 'env': None, 'cwd': None}, type='SetRenderedFields')[0m
[2025-05-13T02:29:39.707+0200] {_client.py:1025} INFO - HTTP Request: PUT http://localhost:8080/execution/task-instances/0196c70c-0d9b-709c-8497-209d26de3471/rtif "HTTP/1.1 201 Created"
[2m2025-05-13 02:29:42[0m [[32m[1mdebug    [0m] [1mReceived message from task runner[0m [[0m[1m[34msupervisor[0m][0m [36mmsg[0m=[35mSetXCom(key='return_value', value='\x1b[0m00:29:41  Done. PASS=1 WARN=0 ERROR=0 SKIP=0 TOTAL=1', dag_id='octopus_pricing_midnight', run_id='manual__2025-05-13T00:29:38.051829+00:00', task_id='dbt_run', map_index=-1, mapped_length=None, type='SetXCom')[0m
[2025-05-13T02:29:42.195+0200] {_client.py:1025} INFO - HTTP Request: POST http://localhost:8080/execution/xcoms/octopus_pricing_midnight/manual__2025-05-13T00:29:38.051829+00:00/dbt_run/return_value "HTTP/1.1 201 Created"
[2m2025-05-13 02:29:42[0m [[32m[1mdebug    [0m] [1mReceived message from task runner[0m [[0m[1m[34msupervisor[0m][0m [36mmsg[0m=[35mSucceedTask(state='success', end_date=datetime.datetime(2025, 5, 13, 0, 29, 42, 181393, tzinfo=TzInfo(UTC)), task_outlets=[], outlet_events=[], type='SucceedTask')[0m
[2025-05-13T02:29:42.212+0200] {_client.py:1025} INFO - HTTP Request: PATCH http://localhost:8080/execution/task-instances/0196c70c-0d9b-709c-8497-209d26de3471/state "HTTP/1.1 204 No Content"
[2m2025-05-13 02:29:42[0m [[32m[1minfo     [0m] [1mTask finished                 [0m [[0m[1m[34msupervisor[0m][0m [36mduration[0m=[35m2.8286610200011637[0m [36mexit_code[0m=[35m0[0m [36mfinal_state[0m=[35msuccess[0m
[2025-05-13T02:29:42.684+0200] {dagrun.py:1174} INFO - Marking run <DagRun octopus_pricing_midnight @ 2025-05-13 00:29:37.250000+00:00: manual__2025-05-13T00:29:38.051829+00:00, state:running, queued_at: 2025-05-13 00:29:38.062931+00:00. run_type: manual> successful
[2025-05-13T02:29:42.685+0200] {dagrun.py:1224} INFO - DagRun Finished: dag_id=octopus_pricing_midnight, logical_date=2025-05-13 00:29:37.250000+00:00, run_id=manual__2025-05-13T00:29:38.051829+00:00, run_start_date=2025-05-13 00:29:38.345102+00:00, run_end_date=2025-05-13 00:29:42.685167+00:00, run_duration=4.340065, state=success, run_type=manual, data_interval_start=2025-05-13 00:29:37.250000+00:00, data_interval_end=2025-05-13 00:29:37.250000+00:00,
[2025-05-13T02:29:42.702+0200] {scheduler_job_runner.py:810} INFO - Received executor event with state success for task instance TaskInstanceKey(dag_id='octopus_pricing_midnight', task_id='dbt_run', run_id='manual__2025-05-13T00:29:38.051829+00:00', try_number=1, map_index=-1)
[2025-05-13T02:29:42.705+0200] {scheduler_job_runner.py:852} INFO - TaskInstance Finished: dag_id=octopus_pricing_midnight, task_id=dbt_run, run_id=manual__2025-05-13T00:29:38.051829+00:00, map_index=-1, run_start_date=2025-05-13 00:29:39.388409+00:00, run_end_date=2025-05-13 00:29:42.181393+00:00, run_duration=5.793, state=success, executor=LocalExecutor(parallelism=32), executor_state=success, try_number=1, max_tries=1, pool=default_pool, queue=default, priority_weight=1, operator=BashOperator, queued_dttm=2025-05-13 00:29:39.347360+00:00, scheduled_dttm=2025-05-13 00:29:39.327987+00:00,queued_by_job_id=13, pid=6953
[2025-05-13T02:33:36.031+0200] {scheduler_job_runner.py:2128} INFO - Adopting or resetting orphaned tasks for active dag runs
[2025-05-13T02:36:54.965+0200] {scheduler_job_runner.py:450} INFO - 1 tasks up for execution:
	<TaskInstance: octopus_pricing_midnight.ingest_backend_db manual__2025-05-13T00:36:54.888923+00:00 [scheduled]>
[2025-05-13T02:36:54.966+0200] {scheduler_job_runner.py:522} INFO - DAG octopus_pricing_midnight has 0/16 running and queued tasks
[2025-05-13T02:36:54.966+0200] {scheduler_job_runner.py:661} INFO - Setting the following tasks to queued state:
	<TaskInstance: octopus_pricing_midnight.ingest_backend_db manual__2025-05-13T00:36:54.888923+00:00 [scheduled]>
[2025-05-13T02:36:54.967+0200] {scheduler_job_runner.py:767} INFO - Trying to enqueue tasks: [<TaskInstance: octopus_pricing_midnight.ingest_backend_db manual__2025-05-13T00:36:54.888923+00:00 [scheduled]>] for executor: LocalExecutor(parallelism=32)
[2m2025-05-13 02:36:55[0m [[32m[1minfo     [0m] [1mSecrets backends loaded for worker[0m [[0m[1m[34msupervisor[0m][0m [36mbackend_classes[0m=[35m['EnvironmentVariablesBackend'][0m [36mcount[0m=[35m1[0m
[2025-05-13T02:36:55.075+0200] {_client.py:1025} INFO - HTTP Request: PATCH http://localhost:8080/execution/task-instances/0196c712-b7f9-77cd-a82d-418fa9023102/run "HTTP/1.1 200 OK"
[2m2025-05-13 02:36:55[0m [[32m[1mdebug    [0m] [1mSending                       [0m [[0m[1m[34msupervisor[0m][0m [36mmsg[0m=[35mStartupDetails(ti=TaskInstance(id=UUID('0196c712-b7f9-77cd-a82d-418fa9023102'), task_id='ingest_backend_db', dag_id='octopus_pricing_midnight', run_id='manual__2025-05-13T00:36:54.888923+00:00', try_number=1, map_index=-1, pool_slots=1, queue='default', priority_weight=2, executor_config={}, parent_context_carrier={}, context_carrier=None, queued_dttm=None), dag_rel_path='octopus_pricing_pipeline.py', bundle_info=BundleInfo(name='dags-folder', version=None), requests_fd=61, start_date=datetime.datetime(2025, 5, 13, 0, 36, 55, 24645, tzinfo=datetime.timezone.utc), ti_context=TIRunContext(dag_run=DagRun(dag_id='octopus_pricing_midnight', run_id='manual__2025-05-13T00:36:54.888923+00:00', logical_date=datetime.datetime(2025, 5, 13, 0, 36, 53, 972000, tzinfo=TzInfo(UTC)), data_interval_start=datetime.datetime(2025, 5, 13, 0, 36, 53, 972000, tzinfo=TzInfo(UTC)), data_interval_end=datetime.datetime(2025, 5, 13, 0, 36, 53, 972000, tzinfo=TzInfo(UTC)), run_after=datetime.datetime(2025, 5, 13, 0, 36, 53, 972000, tzinfo=TzInfo(UTC)), start_date=datetime.datetime(2025, 5, 13, 0, 36, 54, 934249, tzinfo=TzInfo(UTC)), end_date=None, clear_number=0, run_type=<DagRunType.MANUAL: 'manual'>, conf={}, consumed_asset_events=[]), task_reschedule_count=0, max_tries=1, variables=[], connections=[], upstream_map_indexes=None, next_method=None, next_kwargs=None, xcom_keys_to_clear=[], should_retry=True), type='StartupDetails')[0m
[2025-05-13T02:36:55.107+0200] {_client.py:1025} INFO - HTTP Request: PUT http://localhost:8080/execution/task-instances/0196c712-b7f9-77cd-a82d-418fa9023102/heartbeat "HTTP/1.1 204 No Content"
[2m2025-05-13 02:36:55[0m [[32m[1mdebug    [0m] [1mReceived message from task runner[0m [[0m[1m[34msupervisor[0m][0m [36mmsg[0m=[35mGetVariable(key='BASE_PATH', type='GetVariable')[0m
[2025-05-13T02:36:55.344+0200] {_client.py:1025} INFO - HTTP Request: GET http://localhost:8080/execution/variables/BASE_PATH "HTTP/1.1 200 OK"
[2m2025-05-13 02:36:55[0m [[32m[1mdebug    [0m] [1mReceived message from task runner[0m [[0m[1m[34msupervisor[0m][0m [36mmsg[0m=[35mGetVariable(key='BASE_DATA_PATH', type='GetVariable')[0m
[2025-05-13T02:36:55.352+0200] {_client.py:1025} INFO - HTTP Request: GET http://localhost:8080/execution/variables/BASE_DATA_PATH "HTTP/1.1 200 OK"
[2m2025-05-13 02:36:55[0m [[32m[1mdebug    [0m] [1mReceived message from task runner[0m [[0m[1m[34msupervisor[0m][0m [36mmsg[0m=[35mGetConnection(conn_id='staging_postgres', type='GetConnection')[0m
[2025-05-13T02:36:55.363+0200] {_client.py:1025} INFO - HTTP Request: GET http://localhost:8080/execution/connections/staging_postgres "HTTP/1.1 200 OK"
[2m2025-05-13 02:36:55[0m [[32m[1mdebug    [0m] [1mReceived message from task runner[0m [[0m[1m[34msupervisor[0m][0m [36mmsg[0m=[35mSetRenderedFields(rendered_fields={'templates_dict': None, 'op_args': [], 'op_kwargs': {}}, type='SetRenderedFields')[0m
[2025-05-13T02:36:55.406+0200] {_client.py:1025} INFO - HTTP Request: PUT http://localhost:8080/execution/task-instances/0196c712-b7f9-77cd-a82d-418fa9023102/rtif "HTTP/1.1 201 Created"
[2m2025-05-13 02:36:55[0m [[32m[1mdebug    [0m] [1mReceived message from task runner[0m [[0m[1m[34msupervisor[0m][0m [36mmsg[0m=[35mGetVariable(key='BACKEND_DB_FILE', type='GetVariable')[0m
[2025-05-13T02:36:55.413+0200] {_client.py:1025} INFO - HTTP Request: GET http://localhost:8080/execution/variables/BACKEND_DB_FILE "HTTP/1.1 200 OK"
[2m2025-05-13 02:36:55[0m [[32m[1mdebug    [0m] [1mReceived message from task runner[0m [[0m[1m[34msupervisor[0m][0m [36mmsg[0m=[35mSucceedTask(state='success', end_date=datetime.datetime(2025, 5, 13, 0, 36, 55, 471596, tzinfo=TzInfo(UTC)), task_outlets=[], outlet_events=[], type='SucceedTask')[0m
[2025-05-13T02:36:55.491+0200] {_client.py:1025} INFO - HTTP Request: PATCH http://localhost:8080/execution/task-instances/0196c712-b7f9-77cd-a82d-418fa9023102/state "HTTP/1.1 204 No Content"
[2m2025-05-13 02:36:55[0m [[32m[1minfo     [0m] [1mTask finished                 [0m [[0m[1m[34msupervisor[0m][0m [36mduration[0m=[35m0.4737122000005911[0m [36mexit_code[0m=[35m0[0m [36mfinal_state[0m=[35msuccess[0m
[2025-05-13T02:36:55.856+0200] {scheduler_job_runner.py:450} INFO - 1 tasks up for execution:
	<TaskInstance: octopus_pricing_midnight.dbt_run manual__2025-05-13T00:36:54.888923+00:00 [scheduled]>
[2025-05-13T02:36:55.857+0200] {scheduler_job_runner.py:522} INFO - DAG octopus_pricing_midnight has 0/16 running and queued tasks
[2025-05-13T02:36:55.857+0200] {scheduler_job_runner.py:661} INFO - Setting the following tasks to queued state:
	<TaskInstance: octopus_pricing_midnight.dbt_run manual__2025-05-13T00:36:54.888923+00:00 [scheduled]>
[2025-05-13T02:36:55.858+0200] {scheduler_job_runner.py:767} INFO - Trying to enqueue tasks: [<TaskInstance: octopus_pricing_midnight.dbt_run manual__2025-05-13T00:36:54.888923+00:00 [scheduled]>] for executor: LocalExecutor(parallelism=32)
[2025-05-13T02:36:55.865+0200] {scheduler_job_runner.py:810} INFO - Received executor event with state success for task instance TaskInstanceKey(dag_id='octopus_pricing_midnight', task_id='ingest_backend_db', run_id='manual__2025-05-13T00:36:54.888923+00:00', try_number=1, map_index=-1)
[2025-05-13T02:36:55.868+0200] {scheduler_job_runner.py:852} INFO - TaskInstance Finished: dag_id=octopus_pricing_midnight, task_id=ingest_backend_db, run_id=manual__2025-05-13T00:36:54.888923+00:00, map_index=-1, run_start_date=2025-05-13 00:36:55.024645+00:00, run_end_date=2025-05-13 00:36:55.471596+00:00, run_duration=0.447, state=success, executor=LocalExecutor(parallelism=32), executor_state=success, try_number=1, max_tries=1, pool=default_pool, queue=default, priority_weight=2, operator=PythonOperator, queued_dttm=2025-05-13 00:36:54.966972+00:00, scheduled_dttm=2025-05-13 00:36:54.953236+00:00,queued_by_job_id=13, pid=10177
[2m2025-05-13 02:36:55[0m [[32m[1minfo     [0m] [1mSecrets backends loaded for worker[0m [[0m[1m[34msupervisor[0m][0m [36mbackend_classes[0m=[35m['EnvironmentVariablesBackend'][0m [36mcount[0m=[35m1[0m
[2025-05-13T02:36:55.929+0200] {_client.py:1025} INFO - HTTP Request: PATCH http://localhost:8080/execution/task-instances/0196c712-b7fa-78ab-ab3c-f36c38651a87/run "HTTP/1.1 200 OK"
[2m2025-05-13 02:36:55[0m [[32m[1mdebug    [0m] [1mSending                       [0m [[0m[1m[34msupervisor[0m][0m [36mmsg[0m=[35mStartupDetails(ti=TaskInstance(id=UUID('0196c712-b7fa-78ab-ab3c-f36c38651a87'), task_id='dbt_run', dag_id='octopus_pricing_midnight', run_id='manual__2025-05-13T00:36:54.888923+00:00', try_number=1, map_index=-1, pool_slots=1, queue='default', priority_weight=1, executor_config={}, parent_context_carrier={}, context_carrier=None, queued_dttm=None), dag_rel_path='octopus_pricing_pipeline.py', bundle_info=BundleInfo(name='dags-folder', version=None), requests_fd=67, start_date=datetime.datetime(2025, 5, 13, 0, 36, 55, 900479, tzinfo=datetime.timezone.utc), ti_context=TIRunContext(dag_run=DagRun(dag_id='octopus_pricing_midnight', run_id='manual__2025-05-13T00:36:54.888923+00:00', logical_date=datetime.datetime(2025, 5, 13, 0, 36, 53, 972000, tzinfo=TzInfo(UTC)), data_interval_start=datetime.datetime(2025, 5, 13, 0, 36, 53, 972000, tzinfo=TzInfo(UTC)), data_interval_end=datetime.datetime(2025, 5, 13, 0, 36, 53, 972000, tzinfo=TzInfo(UTC)), run_after=datetime.datetime(2025, 5, 13, 0, 36, 53, 972000, tzinfo=TzInfo(UTC)), start_date=datetime.datetime(2025, 5, 13, 0, 36, 54, 934249, tzinfo=TzInfo(UTC)), end_date=None, clear_number=0, run_type=<DagRunType.MANUAL: 'manual'>, conf={}, consumed_asset_events=[]), task_reschedule_count=0, max_tries=1, variables=[], connections=[], upstream_map_indexes=None, next_method=None, next_kwargs=None, xcom_keys_to_clear=[], should_retry=True), type='StartupDetails')[0m
[2025-05-13T02:36:55.956+0200] {_client.py:1025} INFO - HTTP Request: PUT http://localhost:8080/execution/task-instances/0196c712-b7fa-78ab-ab3c-f36c38651a87/heartbeat "HTTP/1.1 204 No Content"
[2m2025-05-13 02:36:56[0m [[32m[1mdebug    [0m] [1mReceived message from task runner[0m [[0m[1m[34msupervisor[0m][0m [36mmsg[0m=[35mGetVariable(key='BASE_PATH', type='GetVariable')[0m
[2025-05-13T02:36:56.154+0200] {_client.py:1025} INFO - HTTP Request: GET http://localhost:8080/execution/variables/BASE_PATH "HTTP/1.1 200 OK"
[2m2025-05-13 02:36:56[0m [[32m[1mdebug    [0m] [1mReceived message from task runner[0m [[0m[1m[34msupervisor[0m][0m [36mmsg[0m=[35mGetVariable(key='BASE_DATA_PATH', type='GetVariable')[0m
[2025-05-13T02:36:56.161+0200] {_client.py:1025} INFO - HTTP Request: GET http://localhost:8080/execution/variables/BASE_DATA_PATH "HTTP/1.1 200 OK"
[2m2025-05-13 02:36:56[0m [[32m[1mdebug    [0m] [1mReceived message from task runner[0m [[0m[1m[34msupervisor[0m][0m [36mmsg[0m=[35mGetConnection(conn_id='staging_postgres', type='GetConnection')[0m
[2025-05-13T02:36:56.170+0200] {_client.py:1025} INFO - HTTP Request: GET http://localhost:8080/execution/connections/staging_postgres "HTTP/1.1 200 OK"
[2m2025-05-13 02:36:56[0m [[32m[1mdebug    [0m] [1mReceived message from task runner[0m [[0m[1m[34msupervisor[0m][0m [36mmsg[0m=[35mGetVariable(key='BASE_PATH', type='GetVariable')[0m
[2025-05-13T02:36:56.186+0200] {_client.py:1025} INFO - HTTP Request: GET http://localhost:8080/execution/variables/BASE_PATH "HTTP/1.1 200 OK"
[2m2025-05-13 02:36:56[0m [[32m[1mdebug    [0m] [1mReceived message from task runner[0m [[0m[1m[34msupervisor[0m][0m [36mmsg[0m=[35mSetRenderedFields(rendered_fields={'bash_command': 'cd /home/ilies/octopus_data_engineer_case_study/data_engineer_case_study/octopus_pricing && dbt run --models final_analytics_table', 'env': None, 'cwd': None}, type='SetRenderedFields')[0m
[2025-05-13T02:36:56.213+0200] {_client.py:1025} INFO - HTTP Request: PUT http://localhost:8080/execution/task-instances/0196c712-b7fa-78ab-ab3c-f36c38651a87/rtif "HTTP/1.1 201 Created"
[2m2025-05-13 02:36:58[0m [[32m[1mdebug    [0m] [1mReceived message from task runner[0m [[0m[1m[34msupervisor[0m][0m [36mmsg[0m=[35mSetXCom(key='return_value', value='\x1b[0m00:36:58  Done. PASS=1 WARN=0 ERROR=0 SKIP=0 TOTAL=1', dag_id='octopus_pricing_midnight', run_id='manual__2025-05-13T00:36:54.888923+00:00', task_id='dbt_run', map_index=-1, mapped_length=None, type='SetXCom')[0m
[2025-05-13T02:36:58.875+0200] {_client.py:1025} INFO - HTTP Request: POST http://localhost:8080/execution/xcoms/octopus_pricing_midnight/manual__2025-05-13T00:36:54.888923+00:00/dbt_run/return_value "HTTP/1.1 201 Created"
[2m2025-05-13 02:36:58[0m [[32m[1mdebug    [0m] [1mReceived message from task runner[0m [[0m[1m[34msupervisor[0m][0m [36mmsg[0m=[35mSucceedTask(state='success', end_date=datetime.datetime(2025, 5, 13, 0, 36, 58, 857941, tzinfo=TzInfo(UTC)), task_outlets=[], outlet_events=[], type='SucceedTask')[0m
[2025-05-13T02:36:58.891+0200] {_client.py:1025} INFO - HTTP Request: PATCH http://localhost:8080/execution/task-instances/0196c712-b7fa-78ab-ab3c-f36c38651a87/state "HTTP/1.1 204 No Content"
[2m2025-05-13 02:36:58[0m [[32m[1minfo     [0m] [1mTask finished                 [0m [[0m[1m[34msupervisor[0m][0m [36mduration[0m=[35m2.99616282399802[0m [36mexit_code[0m=[35m0[0m [36mfinal_state[0m=[35msuccess[0m
[2025-05-13T02:36:59.259+0200] {dagrun.py:1174} INFO - Marking run <DagRun octopus_pricing_midnight @ 2025-05-13 00:36:53.972000+00:00: manual__2025-05-13T00:36:54.888923+00:00, state:running, queued_at: 2025-05-13 00:36:54.895341+00:00. run_type: manual> successful
[2025-05-13T02:36:59.259+0200] {dagrun.py:1224} INFO - DagRun Finished: dag_id=octopus_pricing_midnight, logical_date=2025-05-13 00:36:53.972000+00:00, run_id=manual__2025-05-13T00:36:54.888923+00:00, run_start_date=2025-05-13 00:36:54.934249+00:00, run_end_date=2025-05-13 00:36:59.259500+00:00, run_duration=4.325251, state=success, run_type=manual, data_interval_start=2025-05-13 00:36:53.972000+00:00, data_interval_end=2025-05-13 00:36:53.972000+00:00,
[2025-05-13T02:36:59.272+0200] {scheduler_job_runner.py:810} INFO - Received executor event with state success for task instance TaskInstanceKey(dag_id='octopus_pricing_midnight', task_id='dbt_run', run_id='manual__2025-05-13T00:36:54.888923+00:00', try_number=1, map_index=-1)
[2025-05-13T02:36:59.274+0200] {scheduler_job_runner.py:852} INFO - TaskInstance Finished: dag_id=octopus_pricing_midnight, task_id=dbt_run, run_id=manual__2025-05-13T00:36:54.888923+00:00, map_index=-1, run_start_date=2025-05-13 00:36:55.900479+00:00, run_end_date=2025-05-13 00:36:58.857941+00:00, run_duration=5.958, state=success, executor=LocalExecutor(parallelism=32), executor_state=success, try_number=1, max_tries=1, pool=default_pool, queue=default, priority_weight=1, operator=BashOperator, queued_dttm=2025-05-13 00:36:55.857844+00:00, scheduled_dttm=2025-05-13 00:36:55.841212+00:00,queued_by_job_id=13, pid=10192
[2025-05-13T02:37:08.031+0200] {scheduler_job_runner.py:450} INFO - 2 tasks up for execution:
	<TaskInstance: octopus_pricing_8am.ingest_price_comparison manual__2025-05-13T00:37:07.266838+00:00 [scheduled]>
	<TaskInstance: octopus_pricing_8am.ingest_network_costs manual__2025-05-13T00:37:07.266838+00:00 [scheduled]>
[2025-05-13T02:37:08.032+0200] {scheduler_job_runner.py:522} INFO - DAG octopus_pricing_8am has 0/16 running and queued tasks
[2025-05-13T02:37:08.032+0200] {scheduler_job_runner.py:522} INFO - DAG octopus_pricing_8am has 1/16 running and queued tasks
[2025-05-13T02:37:08.032+0200] {scheduler_job_runner.py:661} INFO - Setting the following tasks to queued state:
	<TaskInstance: octopus_pricing_8am.ingest_price_comparison manual__2025-05-13T00:37:07.266838+00:00 [scheduled]>
	<TaskInstance: octopus_pricing_8am.ingest_network_costs manual__2025-05-13T00:37:07.266838+00:00 [scheduled]>
[2025-05-13T02:37:08.033+0200] {scheduler_job_runner.py:767} INFO - Trying to enqueue tasks: [<TaskInstance: octopus_pricing_8am.ingest_price_comparison manual__2025-05-13T00:37:07.266838+00:00 [scheduled]>, <TaskInstance: octopus_pricing_8am.ingest_network_costs manual__2025-05-13T00:37:07.266838+00:00 [scheduled]>] for executor: LocalExecutor(parallelism=32)
[2m2025-05-13 02:37:08[0m [[32m[1minfo     [0m] [1mSecrets backends loaded for worker[0m [[0m[1m[34msupervisor[0m][0m [36mbackend_classes[0m=[35m['EnvironmentVariablesBackend'][0m [36mcount[0m=[35m1[0m
[2m2025-05-13 02:37:08[0m [[32m[1minfo     [0m] [1mSecrets backends loaded for worker[0m [[0m[1m[34msupervisor[0m][0m [36mbackend_classes[0m=[35m['EnvironmentVariablesBackend'][0m [36mcount[0m=[35m1[0m
[2025-05-13T02:37:08.095+0200] {_client.py:1025} INFO - HTTP Request: PATCH http://localhost:8080/execution/task-instances/0196c712-e84c-7882-aa8d-133579428180/run "HTTP/1.1 200 OK"
[2m2025-05-13 02:37:08[0m [[32m[1mdebug    [0m] [1mSending                       [0m [[0m[1m[34msupervisor[0m][0m [36mmsg[0m=[35mStartupDetails(ti=TaskInstance(id=UUID('0196c712-e84c-7882-aa8d-133579428180'), task_id='ingest_price_comparison', dag_id='octopus_pricing_8am', run_id='manual__2025-05-13T00:37:07.266838+00:00', try_number=1, map_index=-1, pool_slots=1, queue='default', priority_weight=2, executor_config={}, parent_context_carrier={}, context_carrier=None, queued_dttm=None), dag_rel_path='octopus_pricing_pipeline.py', bundle_info=BundleInfo(name='dags-folder', version=None), requests_fd=64, start_date=datetime.datetime(2025, 5, 13, 0, 37, 8, 75085, tzinfo=datetime.timezone.utc), ti_context=TIRunContext(dag_run=DagRun(dag_id='octopus_pricing_8am', run_id='manual__2025-05-13T00:37:07.266838+00:00', logical_date=datetime.datetime(2025, 5, 13, 0, 37, 2, 656000, tzinfo=TzInfo(UTC)), data_interval_start=datetime.datetime(2025, 5, 13, 0, 37, 2, 656000, tzinfo=TzInfo(UTC)), data_interval_end=datetime.datetime(2025, 5, 13, 0, 37, 2, 656000, tzinfo=TzInfo(UTC)), run_after=datetime.datetime(2025, 5, 13, 0, 37, 2, 656000, tzinfo=TzInfo(UTC)), start_date=datetime.datetime(2025, 5, 13, 0, 37, 8, 5623, tzinfo=TzInfo(UTC)), end_date=None, clear_number=0, run_type=<DagRunType.MANUAL: 'manual'>, conf={}, consumed_asset_events=[]), task_reschedule_count=0, max_tries=1, variables=[], connections=[], upstream_map_indexes=None, next_method=None, next_kwargs=None, xcom_keys_to_clear=[], should_retry=True), type='StartupDetails')[0m
[2025-05-13T02:37:08.103+0200] {_client.py:1025} INFO - HTTP Request: PATCH http://localhost:8080/execution/task-instances/0196c712-e84d-7985-aa3d-4ed540e98950/run "HTTP/1.1 200 OK"
[2m2025-05-13 02:37:08[0m [[32m[1mdebug    [0m] [1mSending                       [0m [[0m[1m[34msupervisor[0m][0m [36mmsg[0m=[35mStartupDetails(ti=TaskInstance(id=UUID('0196c712-e84d-7985-aa3d-4ed540e98950'), task_id='ingest_network_costs', dag_id='octopus_pricing_8am', run_id='manual__2025-05-13T00:37:07.266838+00:00', try_number=1, map_index=-1, pool_slots=1, queue='default', priority_weight=2, executor_config={}, parent_context_carrier={}, context_carrier=None, queued_dttm=None), dag_rel_path='octopus_pricing_pipeline.py', bundle_info=BundleInfo(name='dags-folder', version=None), requests_fd=68, start_date=datetime.datetime(2025, 5, 13, 0, 37, 8, 75143, tzinfo=datetime.timezone.utc), ti_context=TIRunContext(dag_run=DagRun(dag_id='octopus_pricing_8am', run_id='manual__2025-05-13T00:37:07.266838+00:00', logical_date=datetime.datetime(2025, 5, 13, 0, 37, 2, 656000, tzinfo=TzInfo(UTC)), data_interval_start=datetime.datetime(2025, 5, 13, 0, 37, 2, 656000, tzinfo=TzInfo(UTC)), data_interval_end=datetime.datetime(2025, 5, 13, 0, 37, 2, 656000, tzinfo=TzInfo(UTC)), run_after=datetime.datetime(2025, 5, 13, 0, 37, 2, 656000, tzinfo=TzInfo(UTC)), start_date=datetime.datetime(2025, 5, 13, 0, 37, 8, 5623, tzinfo=TzInfo(UTC)), end_date=None, clear_number=0, run_type=<DagRunType.MANUAL: 'manual'>, conf={}, consumed_asset_events=[]), task_reschedule_count=0, max_tries=1, variables=[], connections=[], upstream_map_indexes=None, next_method=None, next_kwargs=None, xcom_keys_to_clear=[], should_retry=True), type='StartupDetails')[0m
[2025-05-13T02:37:08.125+0200] {_client.py:1025} INFO - HTTP Request: PUT http://localhost:8080/execution/task-instances/0196c712-e84c-7882-aa8d-133579428180/heartbeat "HTTP/1.1 204 No Content"
[2025-05-13T02:37:08.138+0200] {_client.py:1025} INFO - HTTP Request: PUT http://localhost:8080/execution/task-instances/0196c712-e84d-7985-aa3d-4ed540e98950/heartbeat "HTTP/1.1 204 No Content"
[2m2025-05-13 02:37:08[0m [[32m[1mdebug    [0m] [1mReceived message from task runner[0m [[0m[1m[34msupervisor[0m][0m [36mmsg[0m=[35mGetVariable(key='BASE_PATH', type='GetVariable')[0m
[2m2025-05-13 02:37:08[0m [[32m[1mdebug    [0m] [1mReceived message from task runner[0m [[0m[1m[34msupervisor[0m][0m [36mmsg[0m=[35mGetVariable(key='BASE_PATH', type='GetVariable')[0m
[2025-05-13T02:37:08.382+0200] {_client.py:1025} INFO - HTTP Request: GET http://localhost:8080/execution/variables/BASE_PATH "HTTP/1.1 200 OK"
[2m2025-05-13 02:37:08[0m [[32m[1mdebug    [0m] [1mReceived message from task runner[0m [[0m[1m[34msupervisor[0m][0m [36mmsg[0m=[35mGetVariable(key='BASE_DATA_PATH', type='GetVariable')[0m
[2025-05-13T02:37:08.387+0200] {_client.py:1025} INFO - HTTP Request: GET http://localhost:8080/execution/variables/BASE_PATH "HTTP/1.1 200 OK"
[2m2025-05-13 02:37:08[0m [[32m[1mdebug    [0m] [1mReceived message from task runner[0m [[0m[1m[34msupervisor[0m][0m [36mmsg[0m=[35mGetVariable(key='BASE_DATA_PATH', type='GetVariable')[0m
[2025-05-13T02:37:08.390+0200] {_client.py:1025} INFO - HTTP Request: GET http://localhost:8080/execution/variables/BASE_DATA_PATH "HTTP/1.1 200 OK"
[2m2025-05-13 02:37:08[0m [[32m[1mdebug    [0m] [1mReceived message from task runner[0m [[0m[1m[34msupervisor[0m][0m [36mmsg[0m=[35mGetConnection(conn_id='staging_postgres', type='GetConnection')[0m
[2025-05-13T02:37:08.396+0200] {_client.py:1025} INFO - HTTP Request: GET http://localhost:8080/execution/variables/BASE_DATA_PATH "HTTP/1.1 200 OK"
[2m2025-05-13 02:37:08[0m [[32m[1mdebug    [0m] [1mReceived message from task runner[0m [[0m[1m[34msupervisor[0m][0m [36mmsg[0m=[35mGetConnection(conn_id='staging_postgres', type='GetConnection')[0m
[2025-05-13T02:37:08.399+0200] {_client.py:1025} INFO - HTTP Request: GET http://localhost:8080/execution/connections/staging_postgres "HTTP/1.1 200 OK"
[2025-05-13T02:37:08.405+0200] {_client.py:1025} INFO - HTTP Request: GET http://localhost:8080/execution/connections/staging_postgres "HTTP/1.1 200 OK"
[2m2025-05-13 02:37:08[0m [[32m[1mdebug    [0m] [1mReceived message from task runner[0m [[0m[1m[34msupervisor[0m][0m [36mmsg[0m=[35mSetRenderedFields(rendered_fields={'templates_dict': None, 'op_args': [], 'op_kwargs': {}}, type='SetRenderedFields')[0m
[2m2025-05-13 02:37:08[0m [[32m[1mdebug    [0m] [1mReceived message from task runner[0m [[0m[1m[34msupervisor[0m][0m [36mmsg[0m=[35mSetRenderedFields(rendered_fields={'templates_dict': None, 'op_args': [], 'op_kwargs': {}}, type='SetRenderedFields')[0m
[2025-05-13T02:37:08.431+0200] {_client.py:1025} INFO - HTTP Request: PUT http://localhost:8080/execution/task-instances/0196c712-e84c-7882-aa8d-133579428180/rtif "HTTP/1.1 201 Created"
[2m2025-05-13 02:37:08[0m [[32m[1mdebug    [0m] [1mReceived message from task runner[0m [[0m[1m[34msupervisor[0m][0m [36mmsg[0m=[35mGetVariable(key='BASE_DATA_PATH', type='GetVariable')[0m
[2025-05-13T02:37:08.438+0200] {_client.py:1025} INFO - HTTP Request: GET http://localhost:8080/execution/variables/BASE_DATA_PATH "HTTP/1.1 200 OK"
[2025-05-13T02:37:08.440+0200] {_client.py:1025} INFO - HTTP Request: PUT http://localhost:8080/execution/task-instances/0196c712-e84d-7985-aa3d-4ed540e98950/rtif "HTTP/1.1 201 Created"
[2m2025-05-13 02:37:08[0m [[32m[1mdebug    [0m] [1mReceived message from task runner[0m [[0m[1m[34msupervisor[0m][0m [36mmsg[0m=[35mGetVariable(key='BASE_DATA_PATH', type='GetVariable')[0m
[2025-05-13T02:37:08.447+0200] {_client.py:1025} INFO - HTTP Request: GET http://localhost:8080/execution/variables/BASE_DATA_PATH "HTTP/1.1 200 OK"
[2m2025-05-13 02:37:08[0m [[32m[1mdebug    [0m] [1mReceived message from task runner[0m [[0m[1m[34msupervisor[0m][0m [36mmsg[0m=[35mGetVariable(key='NETWORK_COSTS_FILE', type='GetVariable')[0m
[2025-05-13T02:37:08.454+0200] {_client.py:1025} INFO - HTTP Request: GET http://localhost:8080/execution/variables/NETWORK_COSTS_FILE "HTTP/1.1 200 OK"
[2m2025-05-13 02:37:08[0m [[32m[1mdebug    [0m] [1mReceived message from task runner[0m [[0m[1m[34msupervisor[0m][0m [36mmsg[0m=[35mSucceedTask(state='success', end_date=datetime.datetime(2025, 5, 13, 0, 37, 8, 504164, tzinfo=TzInfo(UTC)), task_outlets=[], outlet_events=[], type='SucceedTask')[0m
[2025-05-13T02:37:08.520+0200] {_client.py:1025} INFO - HTTP Request: PATCH http://localhost:8080/execution/task-instances/0196c712-e84d-7985-aa3d-4ed540e98950/state "HTTP/1.1 204 No Content"
[2m2025-05-13 02:37:08[0m [[32m[1minfo     [0m] [1mTask finished                 [0m [[0m[1m[34msupervisor[0m][0m [36mduration[0m=[35m0.4511404670047341[0m [36mexit_code[0m=[35m0[0m [36mfinal_state[0m=[35msuccess[0m
[2025-05-13T02:37:08.995+0200] {scheduler_job_runner.py:810} INFO - Received executor event with state success for task instance TaskInstanceKey(dag_id='octopus_pricing_8am', task_id='ingest_network_costs', run_id='manual__2025-05-13T00:37:07.266838+00:00', try_number=1, map_index=-1)
[2025-05-13T02:37:08.998+0200] {scheduler_job_runner.py:852} INFO - TaskInstance Finished: dag_id=octopus_pricing_8am, task_id=ingest_network_costs, run_id=manual__2025-05-13T00:37:07.266838+00:00, map_index=-1, run_start_date=2025-05-13 00:37:08.075143+00:00, run_end_date=2025-05-13 00:37:08.504164+00:00, run_duration=0.429, state=success, executor=LocalExecutor(parallelism=32), executor_state=success, try_number=1, max_tries=1, pool=default_pool, queue=default, priority_weight=2, operator=PythonOperator, queued_dttm=2025-05-13 00:37:08.033201+00:00, scheduled_dttm=2025-05-13 00:37:08.020050+00:00,queued_by_job_id=13, pid=10304
[2m2025-05-13 02:37:09[0m [[32m[1mdebug    [0m] [1mReceived message from task runner[0m [[0m[1m[34msupervisor[0m][0m [36mmsg[0m=[35mSucceedTask(state='success', end_date=datetime.datetime(2025, 5, 13, 0, 37, 9, 437773, tzinfo=TzInfo(UTC)), task_outlets=[], outlet_events=[], type='SucceedTask')[0m
[2025-05-13T02:37:09.455+0200] {_client.py:1025} INFO - HTTP Request: PATCH http://localhost:8080/execution/task-instances/0196c712-e84c-7882-aa8d-133579428180/state "HTTP/1.1 204 No Content"
[2m2025-05-13 02:37:09[0m [[32m[1minfo     [0m] [1mTask finished                 [0m [[0m[1m[34msupervisor[0m][0m [36mduration[0m=[35m1.3859441120002884[0m [36mexit_code[0m=[35m0[0m [36mfinal_state[0m=[35msuccess[0m
[2025-05-13T02:37:10.037+0200] {scheduler_job_runner.py:450} INFO - 1 tasks up for execution:
	<TaskInstance: octopus_pricing_8am.dbt_run manual__2025-05-13T00:37:07.266838+00:00 [scheduled]>
[2025-05-13T02:37:10.037+0200] {scheduler_job_runner.py:522} INFO - DAG octopus_pricing_8am has 0/16 running and queued tasks
[2025-05-13T02:37:10.038+0200] {scheduler_job_runner.py:661} INFO - Setting the following tasks to queued state:
	<TaskInstance: octopus_pricing_8am.dbt_run manual__2025-05-13T00:37:07.266838+00:00 [scheduled]>
[2025-05-13T02:37:10.038+0200] {scheduler_job_runner.py:767} INFO - Trying to enqueue tasks: [<TaskInstance: octopus_pricing_8am.dbt_run manual__2025-05-13T00:37:07.266838+00:00 [scheduled]>] for executor: LocalExecutor(parallelism=32)
[2025-05-13T02:37:10.046+0200] {scheduler_job_runner.py:810} INFO - Received executor event with state success for task instance TaskInstanceKey(dag_id='octopus_pricing_8am', task_id='ingest_price_comparison', run_id='manual__2025-05-13T00:37:07.266838+00:00', try_number=1, map_index=-1)
[2025-05-13T02:37:10.049+0200] {scheduler_job_runner.py:852} INFO - TaskInstance Finished: dag_id=octopus_pricing_8am, task_id=ingest_price_comparison, run_id=manual__2025-05-13T00:37:07.266838+00:00, map_index=-1, run_start_date=2025-05-13 00:37:08.075085+00:00, run_end_date=2025-05-13 00:37:09.437773+00:00, run_duration=2.363, state=success, executor=LocalExecutor(parallelism=32), executor_state=success, try_number=1, max_tries=1, pool=default_pool, queue=default, priority_weight=2, operator=PythonOperator, queued_dttm=2025-05-13 00:37:08.033201+00:00, scheduled_dttm=2025-05-13 00:37:08.020050+00:00,queued_by_job_id=13, pid=10303
[2m2025-05-13 02:37:10[0m [[32m[1minfo     [0m] [1mSecrets backends loaded for worker[0m [[0m[1m[34msupervisor[0m][0m [36mbackend_classes[0m=[35m['EnvironmentVariablesBackend'][0m [36mcount[0m=[35m1[0m
[2025-05-13T02:37:10.095+0200] {_client.py:1025} INFO - HTTP Request: PATCH http://localhost:8080/execution/task-instances/0196c712-e84e-7cb3-a2c4-4ff000b1f561/run "HTTP/1.1 200 OK"
[2m2025-05-13 02:37:10[0m [[32m[1mdebug    [0m] [1mSending                       [0m [[0m[1m[34msupervisor[0m][0m [36mmsg[0m=[35mStartupDetails(ti=TaskInstance(id=UUID('0196c712-e84e-7cb3-a2c4-4ff000b1f561'), task_id='dbt_run', dag_id='octopus_pricing_8am', run_id='manual__2025-05-13T00:37:07.266838+00:00', try_number=1, map_index=-1, pool_slots=1, queue='default', priority_weight=1, executor_config={}, parent_context_carrier={}, context_carrier=None, queued_dttm=None), dag_rel_path='octopus_pricing_pipeline.py', bundle_info=BundleInfo(name='dags-folder', version=None), requests_fd=70, start_date=datetime.datetime(2025, 5, 13, 0, 37, 10, 78078, tzinfo=datetime.timezone.utc), ti_context=TIRunContext(dag_run=DagRun(dag_id='octopus_pricing_8am', run_id='manual__2025-05-13T00:37:07.266838+00:00', logical_date=datetime.datetime(2025, 5, 13, 0, 37, 2, 656000, tzinfo=TzInfo(UTC)), data_interval_start=datetime.datetime(2025, 5, 13, 0, 37, 2, 656000, tzinfo=TzInfo(UTC)), data_interval_end=datetime.datetime(2025, 5, 13, 0, 37, 2, 656000, tzinfo=TzInfo(UTC)), run_after=datetime.datetime(2025, 5, 13, 0, 37, 2, 656000, tzinfo=TzInfo(UTC)), start_date=datetime.datetime(2025, 5, 13, 0, 37, 8, 5623, tzinfo=TzInfo(UTC)), end_date=None, clear_number=0, run_type=<DagRunType.MANUAL: 'manual'>, conf={}, consumed_asset_events=[]), task_reschedule_count=0, max_tries=1, variables=[], connections=[], upstream_map_indexes=None, next_method=None, next_kwargs=None, xcom_keys_to_clear=[], should_retry=True), type='StartupDetails')[0m
[2025-05-13T02:37:10.129+0200] {_client.py:1025} INFO - HTTP Request: PUT http://localhost:8080/execution/task-instances/0196c712-e84e-7cb3-a2c4-4ff000b1f561/heartbeat "HTTP/1.1 204 No Content"
[2m2025-05-13 02:37:10[0m [[32m[1mdebug    [0m] [1mReceived message from task runner[0m [[0m[1m[34msupervisor[0m][0m [36mmsg[0m=[35mGetVariable(key='BASE_PATH', type='GetVariable')[0m
[2025-05-13T02:37:10.324+0200] {_client.py:1025} INFO - HTTP Request: GET http://localhost:8080/execution/variables/BASE_PATH "HTTP/1.1 200 OK"
[2m2025-05-13 02:37:10[0m [[32m[1mdebug    [0m] [1mReceived message from task runner[0m [[0m[1m[34msupervisor[0m][0m [36mmsg[0m=[35mGetVariable(key='BASE_DATA_PATH', type='GetVariable')[0m
[2025-05-13T02:37:10.331+0200] {_client.py:1025} INFO - HTTP Request: GET http://localhost:8080/execution/variables/BASE_DATA_PATH "HTTP/1.1 200 OK"
[2m2025-05-13 02:37:10[0m [[32m[1mdebug    [0m] [1mReceived message from task runner[0m [[0m[1m[34msupervisor[0m][0m [36mmsg[0m=[35mGetConnection(conn_id='staging_postgres', type='GetConnection')[0m
[2025-05-13T02:37:10.339+0200] {_client.py:1025} INFO - HTTP Request: GET http://localhost:8080/execution/connections/staging_postgres "HTTP/1.1 200 OK"
[2m2025-05-13 02:37:10[0m [[32m[1mdebug    [0m] [1mReceived message from task runner[0m [[0m[1m[34msupervisor[0m][0m [36mmsg[0m=[35mGetVariable(key='BASE_PATH', type='GetVariable')[0m
[2025-05-13T02:37:10.355+0200] {_client.py:1025} INFO - HTTP Request: GET http://localhost:8080/execution/variables/BASE_PATH "HTTP/1.1 200 OK"
[2m2025-05-13 02:37:10[0m [[32m[1mdebug    [0m] [1mReceived message from task runner[0m [[0m[1m[34msupervisor[0m][0m [36mmsg[0m=[35mSetRenderedFields(rendered_fields={'bash_command': 'cd /home/ilies/octopus_data_engineer_case_study/data_engineer_case_study/octopus_pricing && dbt run --models final_analytics_table', 'env': None, 'cwd': None}, type='SetRenderedFields')[0m
[2025-05-13T02:37:10.377+0200] {_client.py:1025} INFO - HTTP Request: PUT http://localhost:8080/execution/task-instances/0196c712-e84e-7cb3-a2c4-4ff000b1f561/rtif "HTTP/1.1 201 Created"
[2m2025-05-13 02:37:12[0m [[32m[1mdebug    [0m] [1mReceived message from task runner[0m [[0m[1m[34msupervisor[0m][0m [36mmsg[0m=[35mSetXCom(key='return_value', value='\x1b[0m00:37:12  Done. PASS=1 WARN=0 ERROR=0 SKIP=0 TOTAL=1', dag_id='octopus_pricing_8am', run_id='manual__2025-05-13T00:37:07.266838+00:00', task_id='dbt_run', map_index=-1, mapped_length=None, type='SetXCom')[0m
[2025-05-13T02:37:12.933+0200] {_client.py:1025} INFO - HTTP Request: POST http://localhost:8080/execution/xcoms/octopus_pricing_8am/manual__2025-05-13T00:37:07.266838+00:00/dbt_run/return_value "HTTP/1.1 201 Created"
[2m2025-05-13 02:37:12[0m [[32m[1mdebug    [0m] [1mReceived message from task runner[0m [[0m[1m[34msupervisor[0m][0m [36mmsg[0m=[35mSucceedTask(state='success', end_date=datetime.datetime(2025, 5, 13, 0, 37, 12, 918147, tzinfo=TzInfo(UTC)), task_outlets=[], outlet_events=[], type='SucceedTask')[0m
[2025-05-13T02:37:12.950+0200] {_client.py:1025} INFO - HTTP Request: PATCH http://localhost:8080/execution/task-instances/0196c712-e84e-7cb3-a2c4-4ff000b1f561/state "HTTP/1.1 204 No Content"
[2m2025-05-13 02:37:12[0m [[32m[1minfo     [0m] [1mTask finished                 [0m [[0m[1m[34msupervisor[0m][0m [36mduration[0m=[35m2.8763185269999667[0m [36mexit_code[0m=[35m0[0m [36mfinal_state[0m=[35msuccess[0m
[2025-05-13T02:37:13.264+0200] {dagrun.py:1174} INFO - Marking run <DagRun octopus_pricing_8am @ 2025-05-13 00:37:02.656000+00:00: manual__2025-05-13T00:37:07.266838+00:00, state:running, queued_at: 2025-05-13 00:37:07.271015+00:00. run_type: manual> successful
[2025-05-13T02:37:13.265+0200] {dagrun.py:1224} INFO - DagRun Finished: dag_id=octopus_pricing_8am, logical_date=2025-05-13 00:37:02.656000+00:00, run_id=manual__2025-05-13T00:37:07.266838+00:00, run_start_date=2025-05-13 00:37:08.005623+00:00, run_end_date=2025-05-13 00:37:13.264970+00:00, run_duration=5.259347, state=success, run_type=manual, data_interval_start=2025-05-13 00:37:02.656000+00:00, data_interval_end=2025-05-13 00:37:02.656000+00:00,
[2025-05-13T02:37:13.278+0200] {scheduler_job_runner.py:810} INFO - Received executor event with state success for task instance TaskInstanceKey(dag_id='octopus_pricing_8am', task_id='dbt_run', run_id='manual__2025-05-13T00:37:07.266838+00:00', try_number=1, map_index=-1)
[2025-05-13T02:37:13.282+0200] {scheduler_job_runner.py:852} INFO - TaskInstance Finished: dag_id=octopus_pricing_8am, task_id=dbt_run, run_id=manual__2025-05-13T00:37:07.266838+00:00, map_index=-1, run_start_date=2025-05-13 00:37:10.078078+00:00, run_end_date=2025-05-13 00:37:12.918147+00:00, run_duration=4.84, state=success, executor=LocalExecutor(parallelism=32), executor_state=success, try_number=1, max_tries=1, pool=default_pool, queue=default, priority_weight=1, operator=BashOperator, queued_dttm=2025-05-13 00:37:10.038368+00:00, scheduled_dttm=2025-05-13 00:37:10.021628+00:00,queued_by_job_id=13, pid=10333
[2025-05-13T02:38:36.042+0200] {scheduler_job_runner.py:2128} INFO - Adopting or resetting orphaned tasks for active dag runs
[2025-05-13T02:43:35.728+0200] {base.py:220} INFO - checking for stale bundle versions locally
[2025-05-13T02:43:35.729+0200] {manager.py:120} INFO - DAG bundles loaded: dags-folder
[2025-05-13T02:43:36.043+0200] {scheduler_job_runner.py:2128} INFO - Adopting or resetting orphaned tasks for active dag runs
[2025-05-13T02:48:36.041+0200] {scheduler_job_runner.py:2128} INFO - Adopting or resetting orphaned tasks for active dag runs
[2025-05-13T02:53:36.044+0200] {scheduler_job_runner.py:2128} INFO - Adopting or resetting orphaned tasks for active dag runs
[2025-05-13T02:58:36.042+0200] {scheduler_job_runner.py:2128} INFO - Adopting or resetting orphaned tasks for active dag runs
[2025-05-13T03:03:36.047+0200] {scheduler_job_runner.py:2128} INFO - Adopting or resetting orphaned tasks for active dag runs
[2025-05-13T03:08:36.047+0200] {scheduler_job_runner.py:2128} INFO - Adopting or resetting orphaned tasks for active dag runs
[2025-05-13T03:13:35.624+0200] {base.py:220} INFO - checking for stale bundle versions locally
[2025-05-13T03:13:35.628+0200] {manager.py:120} INFO - DAG bundles loaded: dags-folder
[2025-05-13T03:13:36.042+0200] {scheduler_job_runner.py:2128} INFO - Adopting or resetting orphaned tasks for active dag runs
[2025-05-13T03:18:36.042+0200] {scheduler_job_runner.py:2128} INFO - Adopting or resetting orphaned tasks for active dag runs
[2025-05-13T03:23:36.045+0200] {scheduler_job_runner.py:2128} INFO - Adopting or resetting orphaned tasks for active dag runs
[2025-05-13T03:28:36.042+0200] {scheduler_job_runner.py:2128} INFO - Adopting or resetting orphaned tasks for active dag runs
