report_date,postcode,location_name,annual_consumption_in_kWh,market,ranking,currency,gross_price_per_month
2024-01-22,10115,Berlin,2500.0,Bonus,1,EUR,56.93333333333334
2024-01-22,10115,Berlin,2500.0,Bonus,12,EUR,60.26666666666667
2024-01-22,81539,München,2500.0,Bonus,12,EUR,59.416666666666664
2024-01-22,81539,München,2500.0,Bonus,36,EUR,67.91166666666668
2024-01-22,10115,Berlin,4000.0,Bonus,8,EUR,95.44583333333333
2024-01-22,10115,Berlin,4000.0,Bonus,49,EUR,107.86666666666667
2024-01-22,10115,Berlin,3000.0,Bonus,26,EUR,75.79166666666667
2024-01-22,81539,München,3000.0,Bonus,16,EUR,71.23416666666667
2024-01-22,10115,Berlin,4250.0,Bonus,22,EUR,105.69583333333333
2024-01-22,10115,Berlin,4250.0,Bonus,24,EUR,106.15416666666665
2024-01-22,81539,München,4250.0,Bonus,43,EUR,110.90833333333335
2024-01-22,81539,München,5000.0,Bonus,33,EUR,126.08333333333333
2024-01-22,81539,München,5000.0,Bonus,42,EUR,129.15083333333334
2024-01-22,81539,München,5000.0,Bonus,45,EUR,130.68083333333334
2024-01-22,10115,Berlin,4500.0,Bonus,40,EUR,117.13666666666667
2024-01-22,81539,München,4500.0,Bonus,38,EUR,114.5825
2024-01-22,81539,München,4500.0,Bonus,41,EUR,116.73333333333333
2024-01-22,10115,Berlin,3500.0,Bonus,8,EUR,81.755
2024-01-22,10115,Berlin,3500.0,Bonus,31,EUR,89.63666666666667
2024-01-22,10115,Berlin,3500.0,Bonus,38,EUR,91.50083333333333
2024-01-22,81539,München,3500.0,Bonus,31,EUR,88.54416666666667
2024-01-22,10115,Berlin,1000.0,Bonus,36,EUR,34.348333333333336
2024-01-22,81539,München,1000.0,Bonus,3,EUR,29.4825
2024-01-22,81539,München,1000.0,Bonus,19,EUR,31.499166666666667
2024-01-22,81539,München,1000.0,Bonus,27,EUR,33.1675
2024-01-22,81539,München,1000.0,Bonus,29,EUR,33.439166666666665
2024-01-22,10115,Berlin,3000.0,Non-Bonus,29,EUR,85.9775
2024-01-22,81539,München,3000.0,Non-Bonus,6,EUR,79.34083333333334
2024-01-22,81539,München,3000.0,Non-Bonus,11,EUR,79.55666666666666
2024-01-22,81539,München,3000.0,Non-Bonus,22,EUR,82.465
2024-01-22,81539,München,3000.0,Non-Bonus,48,EUR,89.91333333333334
2024-01-22,81539,München,3000.0,Non-Bonus,49,EUR,90.02416666666666
2024-01-22,81539,München,3000.0,Non-Bonus,50,EUR,90.03666666666668
2024-01-22,10115,Berlin,1500.0,Bonus,2,EUR,38.663333333333334
2024-01-22,10115,Berlin,1500.0,Bonus,24,EUR,42.324999999999996
2024-01-22,10115,Berlin,1500.0,Bonus,47,EUR,46.692499999999995
2024-01-22,10115,Berlin,1500.0,Bonus,50,EUR,47.0525
2024-01-22,81539,München,1500.0,Bonus,19,EUR,40.81166666666667
2024-01-22,10115,Berlin,5000.0,Non-Bonus,27,EUR,138.77
2024-01-22,10115,Berlin,5000.0,Non-Bonus,28,EUR,139.71583333333334
2024-01-22,81539,München,5000.0,Non-Bonus,22,EUR,133.00833333333333
2024-01-22,81539,München,5000.0,Non-Bonus,33,EUR,138.23333333333332
2024-01-22,81539,München,5000.0,Non-Bonus,50,EUR,143.165
2024-01-22,10115,Berlin,2000.0,Non-Bonus,6,EUR,57.35833333333333
2024-01-22,10115,Berlin,2000.0,Non-Bonus,29,EUR,60.76499999999999
2024-01-22,10115,Berlin,2000.0,Non-Bonus,50,EUR,64.26
2024-01-22,81539,München,2000.0,Non-Bonus,5,EUR,56.169999999999995
2024-01-22,81539,München,2000.0,Non-Bonus,24,EUR,59.04750000000001
2024-01-22,10115,Berlin,3500.0,Non-Bonus,22,EUR,96.66916666666667
2024-01-22,10115,Berlin,3500.0,Non-Bonus,38,EUR,102.08999999999999
2024-01-22,10115,Berlin,4250.0,Non-Bonus,12,EUR,111.75333333333333
2024-01-22,10115,Berlin,4250.0,Non-Bonus,13,EUR,113.09916666666668
2024-01-22,10115,Berlin,4250.0,Non-Bonus,40,EUR,122.42083333333333
2024-01-22,10115,Berlin,4250.0,Non-Bonus,46,EUR,123.90666666666668
2024-01-22,81539,München,4250.0,Non-Bonus,6,EUR,104.235
2024-01-22,81539,München,4250.0,Non-Bonus,20,EUR,112.11833333333334
2024-01-22,81539,München,4250.0,Non-Bonus,45,EUR,122.06083333333333
2024-01-22,81539,München,4250.0,Non-Bonus,47,EUR,122.935
2024-01-22,10115,Berlin,2500.0,Non-Bonus,46,EUR,76.97083333333333
2024-01-22,81539,München,2500.0,Non-Bonus,11,EUR,68.91666666666667
2024-01-22,81539,München,2500.0,Non-Bonus,12,EUR,68.92083333333333
2024-01-22,81539,München,2500.0,Non-Bonus,31,EUR,73.07833333333333
2024-01-22,81539,München,2500.0,Non-Bonus,50,EUR,77.01583333333333
2024-01-22,10115,Berlin,4000.0,Non-Bonus,33,EUR,113.7
2024-01-22,81539,München,4000.0,Non-Bonus,10,EUR,100.67416666666666
2024-01-22,81539,München,4000.0,Non-Bonus,15,EUR,105.30916666666667
2024-01-22,81539,München,4000.0,Non-Bonus,33,EUR,111.44083333333333
2024-01-22,10115,Berlin,4500.0,Non-Bonus,33,EUR,127.495
2024-01-22,81539,München,4500.0,Non-Bonus,3,EUR,93.745
2024-01-22,81539,München,4500.0,Non-Bonus,13,EUR,116.61416666666666
2024-01-22,81539,München,4500.0,Non-Bonus,36,EUR,125.61416666666666
2024-01-22,81539,München,4500.0,Non-Bonus,43,EUR,129.07333333333335
2024-01-22,10115,Berlin,500.0,Non-Bonus,10,EUR,21.930000000000003
2024-01-22,10115,Berlin,500.0,Non-Bonus,47,EUR,25.139166666666668
2024-01-22,81539,München,500.0,Non-Bonus,11,EUR,22.299166666666665
2024-01-22,10115,Berlin,500.0,Bonus,39,EUR,23.3125
2024-01-22,10115,Berlin,500.0,Bonus,47,EUR,24.3275
2024-01-22,81539,München,500.0,Bonus,14,EUR,20.474999999999998
2024-01-22,81539,München,500.0,Bonus,16,EUR,21.162499999999998
2024-01-22,10115,Berlin,1500.0,Non-Bonus,2,EUR,40.266666666666666
2024-01-22,10115,Berlin,1500.0,Non-Bonus,37,EUR,49.98
2024-01-22,81539,München,1500.0,Non-Bonus,13,EUR,45.6875
2024-01-22,10115,Berlin,1000.0,Non-Bonus,8,EUR,33.759166666666665
2024-01-22,81539,München,1000.0,Non-Bonus,25,EUR,35.45666666666667
2024-01-22,81539,München,1000.0,Non-Bonus,42,EUR,37.19916666666666
2024-01-22,10115,Berlin,2500.0,Bonus,14,EUR,60.2825
2024-01-22,81539,München,2500.0,Bonus,29,EUR,63.770833333333336
2024-01-22,81539,München,2500.0,Bonus,37,EUR,67.97416666666668
2024-01-22,81539,München,2500.0,Bonus,49,EUR,69.98
2024-01-22,10115,Berlin,4000.0,Bonus,7,EUR,93.82249999999999
2024-01-22,10115,Berlin,3000.0,Bonus,44,EUR,81.72500000000001
2024-01-22,81539,München,3000.0,Bonus,46,EUR,80.9675
2024-01-22,81539,München,4250.0,Bonus,4,EUR,94.73333333333333
2024-01-22,81539,München,4250.0,Bonus,7,EUR,99.585
2024-01-22,81539,München,4250.0,Bonus,44,EUR,111.38916666666667
2024-01-22,10115,Berlin,5000.0,Bonus,12,EUR,122.16666666666667
2024-01-22,10115,Berlin,5000.0,Bonus,44,EUR,131.645
2024-01-22,81539,München,5000.0,Bonus,30,EUR,124.2575
2024-01-22,10115,Berlin,4500.0,Bonus,29,EUR,114.06416666666667
2024-01-22,10115,Berlin,4500.0,Bonus,37,EUR,116.56333333333333
2024-01-22,81539,München,4500.0,Bonus,6,EUR,102.72500000000001
2024-01-22,81539,München,4500.0,Bonus,26,EUR,110.22416666666668
2024-01-22,10115,Berlin,1000.0,Bonus,12,EUR,29.997500000000002
2024-01-22,10115,Berlin,1000.0,Bonus,18,EUR,31.6075
2024-01-22,81539,München,1000.0,Bonus,7,EUR,29.589166666666667
2024-01-22,81539,München,1000.0,Bonus,14,EUR,30.0175
2024-01-22,81539,München,1000.0,Bonus,18,EUR,31.334999999999997
2024-01-22,81539,München,1000.0,Bonus,33,EUR,33.79083333333333
2024-01-22,10115,Berlin,3000.0,Non-Bonus,5,EUR,80.92583333333333
2024-01-22,10115,Berlin,3000.0,Non-Bonus,23,EUR,84.28166666666667
2024-01-22,10115,Berlin,3000.0,Non-Bonus,43,EUR,89.79416666666667
2024-01-22,81539,München,3000.0,Non-Bonus,27,EUR,84.31083333333333
2024-01-22,81539,München,3000.0,Non-Bonus,45,EUR,89.53750000000001
2024-01-22,10115,Berlin,1500.0,Bonus,4,EUR,39.18333333333333
2024-01-22,10115,Berlin,1500.0,Bonus,7,EUR,39.237500000000004
2024-01-22,81539,München,1500.0,Bonus,35,EUR,45.14166666666667
2024-01-22,81539,München,1500.0,Bonus,41,EUR,45.82
2024-01-22,10115,Berlin,5000.0,Non-Bonus,18,EUR,133.615
2024-01-22,81539,München,5000.0,Non-Bonus,17,EUR,130.025
2024-01-22,81539,München,5000.0,Non-Bonus,21,EUR,132.405
2024-01-22,81539,München,5000.0,Non-Bonus,44,EUR,142.46416666666667
2024-01-22,10115,Berlin,2000.0,Non-Bonus,31,EUR,61.60166666666667
2024-01-22,10115,Berlin,2000.0,Non-Bonus,42,EUR,63.550000000000004
2024-01-22,10115,Berlin,3500.0,Non-Bonus,48,EUR,104.1875
2024-01-22,81539,München,3500.0,Non-Bonus,27,EUR,97.33
2024-01-22,10115,Berlin,4250.0,Non-Bonus,3,EUR,94.295
2024-01-22,10115,Berlin,4250.0,Non-Bonus,10,EUR,110.64916666666666
2024-01-22,10115,Berlin,4250.0,Non-Bonus,20,EUR,114.59249999999999
2024-01-22,81539,München,4250.0,Non-Bonus,2,EUR,89.04166666666667
2024-01-22,81539,München,2500.0,Non-Bonus,23,EUR,70.72583333333334
2024-01-22,10115,Berlin,4000.0,Non-Bonus,3,EUR,89.56333333333333
2024-01-22,10115,Berlin,4000.0,Non-Bonus,7,EUR,101.875
2024-01-22,10115,Berlin,4000.0,Non-Bonus,49,EUR,118.26166666666667
2024-01-22,10115,Berlin,4500.0,Non-Bonus,35,EUR,128.20250000000001
2024-01-22,10115,Berlin,4500.0,Non-Bonus,43,EUR,130.61249999999998
2024-01-22,81539,München,4500.0,Non-Bonus,42,EUR,128.1975
2024-01-22,81539,München,4500.0,Non-Bonus,49,EUR,129.94
2024-01-22,10115,Berlin,500.0,Non-Bonus,33,EUR,23.718333333333334
2024-01-22,10115,Berlin,500.0,Non-Bonus,50,EUR,25.745833333333334
2024-01-22,10115,Berlin,500.0,Bonus,24,EUR,22.048333333333332
2024-01-22,10115,Berlin,500.0,Bonus,26,EUR,22.394166666666667
2024-01-22,81539,München,500.0,Bonus,8,EUR,19.863333333333333
2024-01-22,81539,München,500.0,Bonus,30,EUR,22.9175
2024-01-22,10115,Berlin,1500.0,Non-Bonus,20,EUR,47.189166666666665
2024-01-22,10115,Berlin,1500.0,Non-Bonus,22,EUR,47.604166666666664
2024-01-22,81539,München,1500.0,Non-Bonus,23,EUR,47.06166666666667
2024-01-22,81539,München,1000.0,Non-Bonus,29,EUR,36.149166666666666
2024-01-22,81539,München,1000.0,Non-Bonus,46,EUR,37.69166666666667
2024-01-22,81539,München,2500.0,Bonus,39,EUR,68.29166666666667
2024-01-22,10115,Berlin,4000.0,Bonus,35,EUR,102.71
2024-01-22,81539,München,4000.0,Bonus,14,EUR,95.3
2024-01-22,81539,München,4000.0,Bonus,30,EUR,98.92916666666667
2024-01-22,81539,München,3000.0,Bonus,22,EUR,72.92583333333333
2024-01-22,10115,Berlin,4250.0,Bonus,34,EUR,109.32333333333334
2024-01-22,81539,München,4250.0,Bonus,1,EUR,85.15666666666667
2024-01-22,81539,München,4250.0,Bonus,11,EUR,101.77083333333333
2024-01-22,81539,München,5000.0,Bonus,8,EUR,117.79166666666667
2024-01-22,81539,München,4500.0,Bonus,4,EUR,102.2275
2024-01-22,81539,München,4500.0,Bonus,36,EUR,113.98416666666667
2024-01-22,81539,München,3500.0,Bonus,49,EUR,94.3325
2024-01-22,10115,Berlin,2000.0,Bonus,33,EUR,55.465
2024-01-22,10115,Berlin,2000.0,Bonus,46,EUR,58.73583333333334
2024-01-22,81539,München,2000.0,Bonus,8,EUR,48.7475
2024-01-22,81539,München,2000.0,Bonus,26,EUR,53.05833333333334
2024-01-22,81539,München,1000.0,Bonus,4,EUR,29.500833333333333
2024-01-22,10115,Berlin,3000.0,Non-Bonus,28,EUR,85.91666666666667
2024-01-22,81539,München,1500.0,Bonus,3,EUR,38.645
2024-01-22,81539,München,1500.0,Bonus,47,EUR,46.5875
2024-01-22,10115,Berlin,5000.0,Non-Bonus,3,EUR,108.49166666666667
2024-01-22,10115,Berlin,2000.0,Non-Bonus,7,EUR,57.4175
2024-01-22,81539,München,2000.0,Non-Bonus,13,EUR,57.314166666666665
2024-01-22,81539,München,2000.0,Non-Bonus,40,EUR,62.07833333333334
2024-01-22,10115,Berlin,3500.0,Non-Bonus,21,EUR,96.22333333333334
2024-01-22,10115,Berlin,3500.0,Non-Bonus,37,EUR,101.87416666666667
2024-01-22,10115,Berlin,3500.0,Non-Bonus,42,EUR,102.7075
2024-01-22,10115,Berlin,4250.0,Non-Bonus,15,EUR,113.74666666666667
2024-01-22,10115,Berlin,4250.0,Non-Bonus,41,EUR,122.95666666666666
2024-01-22,81539,München,4250.0,Non-Bonus,25,EUR,114.59249999999999
2024-01-22,81539,München,4250.0,Non-Bonus,28,EUR,116.47166666666668
2024-01-22,10115,Berlin,2500.0,Non-Bonus,26,EUR,72.56833333333334
2024-01-22,10115,Berlin,4000.0,Non-Bonus,21,EUR,108.70833333333333
2024-01-22,10115,Berlin,4000.0,Non-Bonus,25,EUR,110.66916666666667
2024-01-22,81539,München,4000.0,Non-Bonus,12,EUR,102.49583333333334
2024-01-22,81539,München,4000.0,Non-Bonus,31,EUR,111.19083333333333
2024-01-22,10115,Berlin,4500.0,Non-Bonus,16,EUR,119.935
2024-01-22,10115,Berlin,4500.0,Non-Bonus,37,EUR,128.88750000000002
2024-01-22,81539,München,500.0,Non-Bonus,4,EUR,21.319166666666668
2024-01-22,81539,München,500.0,Non-Bonus,35,EUR,24.330833333333334
2024-01-22,10115,Berlin,500.0,Bonus,37,EUR,23.199166666666667
2024-01-22,81539,München,500.0,Bonus,18,EUR,21.319166666666668
2024-01-22,81539,München,500.0,Bonus,40,EUR,23.71666666666667
2024-01-22,81539,München,500.0,Bonus,41,EUR,23.761666666666667
2024-01-22,81539,München,1500.0,Non-Bonus,25,EUR,47.50333333333333
2024-01-22,81539,München,1500.0,Non-Bonus,29,EUR,48.119166666666665
2024-01-22,10115,Berlin,1000.0,Non-Bonus,10,EUR,34.12833333333334
2024-01-22,10115,Berlin,1000.0,Non-Bonus,19,EUR,34.93333333333333
2024-01-22,10115,Berlin,1000.0,Non-Bonus,44,EUR,37.11333333333334
2024-01-22,81539,München,1000.0,Non-Bonus,20,EUR,34.824999999999996
2024-01-22,10115,Berlin,2500.0,Bonus,26,EUR,62.62083333333334
2024-01-22,10115,Berlin,4000.0,Bonus,27,EUR,100.60833333333333
2024-01-22,10115,Berlin,4000.0,Bonus,29,EUR,101.17750000000001
2024-01-22,10115,Berlin,4000.0,Bonus,37,EUR,103.15333333333332
2024-01-22,81539,München,4000.0,Bonus,31,EUR,99.61583333333334
2024-01-22,81539,München,4000.0,Bonus,42,EUR,104.31583333333333
2024-01-22,10115,Berlin,3000.0,Bonus,3,EUR,67.50583333333334
2024-01-22,10115,Berlin,3000.0,Bonus,35,EUR,79.09083333333334
2024-01-22,81539,München,3000.0,Bonus,8,EUR,68.04833333333333
2024-01-22,10115,Berlin,4250.0,Bonus,8,EUR,102.33333333333333
2024-01-22,10115,Berlin,4250.0,Bonus,9,EUR,102.3525
2024-01-22,10115,Berlin,4250.0,Bonus,26,EUR,106.425
2024-01-22,81539,München,4250.0,Bonus,33,EUR,107.15333333333332
2024-01-22,10115,Berlin,5000.0,Bonus,31,EUR,128.14666666666668
2024-01-22,10115,Berlin,4500.0,Bonus,22,EUR,111.5775
2024-01-22,81539,München,4500.0,Bonus,28,EUR,110.57416666666667
2024-01-22,81539,München,4500.0,Bonus,49,EUR,118.78416666666668
2024-01-22,81539,München,4500.0,Bonus,50,EUR,119.92
2024-01-22,10115,Berlin,3500.0,Bonus,26,EUR,88.92
2024-01-22,10115,Berlin,3500.0,Bonus,32,EUR,89.72583333333334
2024-01-22,81539,München,3500.0,Bonus,16,EUR,83.1875
2024-01-22,81539,München,3500.0,Bonus,42,EUR,92.10083333333334
2024-01-22,10115,Berlin,2000.0,Bonus,2,EUR,47.34166666666667
2024-01-22,10115,Berlin,2000.0,Bonus,16,EUR,48.96666666666667
2024-01-22,10115,Berlin,2000.0,Bonus,23,EUR,50.95083333333333
2024-01-22,10115,Berlin,2000.0,Bonus,31,EUR,55.34
2024-01-22,81539,München,2000.0,Bonus,10,EUR,48.76666666666667
2024-01-22,81539,München,2000.0,Bonus,35,EUR,56.737500000000004
2024-01-22,10115,Berlin,1000.0,Bonus,50,EUR,36.016666666666666
2024-01-22,81539,München,3000.0,Non-Bonus,41,EUR,88.25916666666666
2024-01-22,10115,Berlin,1500.0,Bonus,25,EUR,42.69083333333333
2024-01-22,10115,Berlin,5000.0,Non-Bonus,11,EUR,128.68833333333333
2024-01-22,10115,Berlin,5000.0,Non-Bonus,14,EUR,131.45833333333334
2024-01-22,10115,Berlin,5000.0,Non-Bonus,30,EUR,140.05083333333332
2024-01-22,10115,Berlin,5000.0,Non-Bonus,39,EUR,143.46
2024-01-22,10115,Berlin,2000.0,Non-Bonus,34,EUR,62.52
2024-01-22,10115,Berlin,2000.0,Non-Bonus,47,EUR,63.75666666666667
2024-01-22,81539,München,2000.0,Non-Bonus,31,EUR,61.17416666666667
2024-01-22,10115,Berlin,3500.0,Non-Bonus,19,EUR,95.61916666666667
2024-01-22,10115,Berlin,3500.0,Non-Bonus,39,EUR,102.39583333333333
2024-01-22,81539,München,3500.0,Non-Bonus,46,EUR,102.78666666666668
2024-01-22,10115,Berlin,4250.0,Non-Bonus,26,EUR,118.0575
2024-01-22,10115,Berlin,4250.0,Non-Bonus,39,EUR,122.35916666666667
2024-01-22,81539,München,4250.0,Non-Bonus,13,EUR,110.67333333333333
2024-01-22,10115,Berlin,2500.0,Non-Bonus,9,EUR,69.5
2024-01-22,81539,München,2500.0,Non-Bonus,35,EUR,74.1825
2024-01-22,10115,Berlin,4000.0,Non-Bonus,6,EUR,100.60833333333333
2024-01-22,10115,Berlin,4000.0,Non-Bonus,40,EUR,115.80916666666667
2024-01-22,81539,München,4000.0,Non-Bonus,40,EUR,113.9525
2024-01-22,81539,München,4500.0,Non-Bonus,45,EUR,129.45333333333335
2024-01-22,10115,Berlin,500.0,Non-Bonus,1,EUR,19.583333333333332
2024-01-22,81539,München,500.0,Non-Bonus,9,EUR,22.0175
2024-01-22,81539,München,500.0,Non-Bonus,26,EUR,23.4525
2024-01-22,81539,München,500.0,Non-Bonus,37,EUR,24.578333333333333
2024-01-22,10115,Berlin,500.0,Bonus,4,EUR,19.48
2024-01-22,10115,Berlin,500.0,Bonus,21,EUR,21.3125
2024-01-22,10115,Berlin,500.0,Bonus,31,EUR,22.808333333333334
2024-01-22,10115,Berlin,500.0,Bonus,33,EUR,22.925
2024-01-22,81539,München,500.0,Bonus,5,EUR,9999.0
2024-01-22,10115,Berlin,1500.0,Non-Bonus,1,EUR,38.7525
2024-01-22,10115,Berlin,1500.0,Non-Bonus,47,EUR,50.51666666666667
2024-01-22,10115,Berlin,1500.0,Non-Bonus,49,EUR,50.574999999999996
2024-01-22,81539,München,1500.0,Non-Bonus,30,EUR,48.16583333333333
2024-01-22,10115,Berlin,1000.0,Non-Bonus,7,EUR,33.545
2024-01-22,81539,München,1000.0,Non-Bonus,10,EUR,33.8275
2024-01-22,81539,München,1000.0,Non-Bonus,13,EUR,34.125
2024-01-22,81539,München,1000.0,Non-Bonus,37,EUR,36.645
2024-01-22,10115,Berlin,2500.0,Bonus,16,EUR,60.2875
2024-01-22,10115,Berlin,2500.0,Bonus,21,EUR,61.66833333333333
2024-01-22,10115,Berlin,2500.0,Bonus,35,EUR,66.84833333333333
2024-01-22,81539,München,2500.0,Bonus,3,EUR,56.971666666666664
2024-01-22,81539,München,2500.0,Bonus,10,EUR,59.25416666666666
2024-01-22,81539,München,2500.0,Bonus,50,EUR,70.07583333333334
2024-01-22,10115,Berlin,4000.0,Bonus,4,EUR,91.79666666666667
2024-01-22,10115,Berlin,4000.0,Bonus,19,EUR,98.10000000000001
2024-01-22,10115,Berlin,3000.0,Bonus,21,EUR,73.76916666666666
2024-01-22,10115,Berlin,3000.0,Bonus,50,EUR,82.56083333333333
2024-01-22,81539,München,3000.0,Bonus,32,EUR,77.5575
2024-01-22,81539,München,3000.0,Bonus,39,EUR,79.73
2024-01-22,81539,München,4250.0,Bonus,46,EUR,112.00166666666667
2024-01-22,10115,Berlin,5000.0,Bonus,29,EUR,127.2325
2024-01-22,10115,Berlin,5000.0,Bonus,50,EUR,133.67833333333334
2024-01-22,10115,Berlin,4500.0,Bonus,16,EUR,110.20583333333333
2024-01-22,10115,Berlin,4500.0,Bonus,19,EUR,110.56666666666666
2024-01-22,81539,München,4500.0,Bonus,1,EUR,89.745
2024-01-22,81539,München,4500.0,Bonus,21,EUR,108.80583333333334
2024-01-22,81539,München,4500.0,Bonus,39,EUR,115.03666666666668
2024-01-22,10115,Berlin,3500.0,Bonus,5,EUR,78.74249999999999
2024-01-22,81539,München,2000.0,Bonus,39,EUR,57.495000000000005
2024-01-22,10115,Berlin,1000.0,Bonus,23,EUR,32.625
2024-01-22,10115,Berlin,1000.0,Bonus,35,EUR,34.3375
2024-01-22,81539,München,1000.0,Bonus,35,EUR,34.1225
2024-01-22,81539,München,3000.0,Non-Bonus,9,EUR,79.55
2024-01-22,81539,München,3000.0,Non-Bonus,37,EUR,87.17750000000001
2024-01-22,81539,München,1500.0,Bonus,7,EUR,39.03416666666667
2024-01-22,81539,München,1500.0,Bonus,50,EUR,47.06166666666667
2024-01-22,10115,Berlin,2000.0,Non-Bonus,37,EUR,62.58916666666667
2024-01-22,81539,München,2000.0,Non-Bonus,3,EUR,49.208333333333336
2024-01-22,10115,Berlin,3500.0,Non-Bonus,3,EUR,80.09916666666668
2024-01-22,10115,Berlin,3500.0,Non-Bonus,7,EUR,91.50083333333333
2024-01-22,10115,Berlin,3500.0,Non-Bonus,17,EUR,95.17916666666667
2024-01-22,10115,Berlin,4250.0,Non-Bonus,2,EUR,91.46666666666665
2024-01-22,81539,München,4250.0,Non-Bonus,11,EUR,108.23166666666667
2024-01-22,81539,München,4250.0,Non-Bonus,22,EUR,112.7925
2024-01-22,10115,Berlin,2500.0,Non-Bonus,12,EUR,70.2625
2024-01-22,10115,Berlin,2500.0,Non-Bonus,22,EUR,71.25333333333333
2024-01-22,10115,Berlin,2500.0,Non-Bonus,30,EUR,73.41333333333334
2024-01-22,10115,Berlin,2500.0,Non-Bonus,38,EUR,76.10333333333334
2024-01-22,10115,Berlin,2500.0,Non-Bonus,41,EUR,76.35833333333333
2024-01-22,81539,München,2500.0,Non-Bonus,27,EUR,71.40083333333332
2024-01-22,10115,Berlin,4000.0,Non-Bonus,28,EUR,112.25666666666666
2024-01-22,10115,Berlin,4000.0,Non-Bonus,39,EUR,115.77916666666665
2024-01-22,81539,München,4000.0,Non-Bonus,11,EUR,101.9525
2024-01-22,81539,München,4000.0,Non-Bonus,27,EUR,110.03250000000001
2024-01-22,81539,München,4500.0,Non-Bonus,1,EUR,90.875
2024-01-22,81539,München,4500.0,Non-Bonus,29,EUR,123.43083333333334
2024-01-22,81539,München,500.0,Non-Bonus,25,EUR,23.420833333333334
2024-01-22,81539,München,500.0,Non-Bonus,44,EUR,25.386666666666667
2024-01-22,10115,Berlin,500.0,Bonus,25,EUR,22.11916666666667
2024-01-22,81539,München,500.0,Bonus,7,EUR,19.851666666666667
2024-01-22,81539,München,500.0,Bonus,24,EUR,22.299166666666665
2024-01-22,81539,München,500.0,Bonus,34,EUR,23.179166666666664
2024-01-22,81539,München,500.0,Bonus,50,EUR,25.375833333333333
2024-01-22,10115,Berlin,1500.0,Non-Bonus,16,EUR,47.0525
2024-01-22,10115,Berlin,1500.0,Non-Bonus,23,EUR,47.604166666666664
2024-01-22,10115,Berlin,1500.0,Non-Bonus,43,EUR,50.335
2024-01-22,81539,München,1500.0,Non-Bonus,32,EUR,48.61166666666667
2024-01-22,81539,München,1500.0,Non-Bonus,48,EUR,50.695
2024-01-22,10115,Berlin,1000.0,Non-Bonus,11,EUR,34.3375
2024-01-22,10115,Berlin,1000.0,Non-Bonus,39,EUR,36.791666666666664
2024-01-22,81539,München,1000.0,Non-Bonus,31,EUR,36.29083333333333
2024-01-22,81539,München,1000.0,Non-Bonus,39,EUR,36.91583333333333
2024-01-22,10115,Berlin,2500.0,Bonus,27,EUR,62.66833333333333
2024-01-22,10115,Berlin,2500.0,Bonus,34,EUR,66.25666666666667
2024-01-22,10115,Berlin,2500.0,Bonus,37,EUR,68.24
2024-01-22,81539,München,2500.0,Bonus,34,EUR,67.0625
2024-01-22,10115,Berlin,4000.0,Bonus,11,EUR,95.46666666666665
2024-01-22,10115,Berlin,4000.0,Bonus,22,EUR,99.20583333333333
2024-01-22,10115,Berlin,4000.0,Bonus,46,EUR,106.56416666666667
2024-01-22,10115,Berlin,4000.0,Bonus,48,EUR,107.06666666666666
2024-01-22,10115,Berlin,3000.0,Bonus,23,EUR,74.52
2024-01-22,10115,Berlin,3000.0,Bonus,37,EUR,80.25
2024-01-22,81539,München,3000.0,Bonus,11,EUR,70.88333333333334
2024-01-22,10115,Berlin,4250.0,Bonus,23,EUR,105.91416666666667
2024-01-22,10115,Berlin,4250.0,Bonus,28,EUR,106.86416666666666
2024-01-22,10115,Berlin,4250.0,Bonus,35,EUR,109.36416666666666
2024-01-22,81539,München,5000.0,Bonus,32,EUR,125.4375
2024-01-22,10115,Berlin,4500.0,Bonus,30,EUR,114.08333333333333
2024-01-22,10115,Berlin,4500.0,Bonus,43,EUR,117.6425
2024-01-22,81539,München,4500.0,Bonus,2,EUR,90.875
2024-01-22,10115,Berlin,3500.0,Bonus,17,EUR,84.63250000000001
2024-01-22,10115,Berlin,3500.0,Bonus,42,EUR,92.52583333333332
2024-01-22,10115,Berlin,2000.0,Bonus,36,EUR,57.35833333333333
2024-01-22,81539,München,2000.0,Bonus,15,EUR,49.46666666666667
2024-01-22,81539,München,1000.0,Bonus,13,EUR,29.810000000000002
2024-01-22,81539,München,1000.0,Bonus,42,EUR,34.361666666666665
2024-01-22,10115,Berlin,3000.0,Non-Bonus,4,EUR,80.25
2024-01-22,81539,München,3000.0,Non-Bonus,12,EUR,79.73
2024-01-22,81539,München,3000.0,Non-Bonus,29,EUR,84.98
2024-01-22,81539,München,3000.0,Non-Bonus,38,EUR,87.19083333333333
2024-01-22,10115,Berlin,1500.0,Bonus,34,EUR,45.4725
2024-01-22,81539,München,1500.0,Bonus,10,EUR,39.22083333333333
2024-01-22,10115,Berlin,5000.0,Non-Bonus,45,EUR,144.65
2024-01-22,81539,München,5000.0,Non-Bonus,31,EUR,137.19916666666668
2024-01-22,10115,Berlin,2000.0,Non-Bonus,23,EUR,59.75666666666667
2024-01-22,10115,Berlin,2000.0,Non-Bonus,25,EUR,59.8675
2024-01-22,10115,Berlin,2000.0,Non-Bonus,32,EUR,61.994166666666665
2024-01-22,10115,Berlin,3500.0,Non-Bonus,47,EUR,104.185
2024-01-22,81539,München,3500.0,Non-Bonus,30,EUR,98.18666666666667
2024-01-22,10115,Berlin,4250.0,Non-Bonus,29,EUR,119.68416666666667
2024-01-22,81539,München,4250.0,Non-Bonus,1,EUR,86.70833333333333
2024-01-22,81539,München,4250.0,Non-Bonus,29,EUR,117.2575
2024-01-22,81539,München,2500.0,Non-Bonus,9,EUR,68.08333333333333
2024-01-22,81539,München,2500.0,Non-Bonus,34,EUR,74.04583333333333
2024-01-22,81539,München,2500.0,Non-Bonus,41,EUR,75.16166666666668
2024-01-22,10115,Berlin,4000.0,Non-Bonus,30,EUR,113.37083333333334
2024-01-22,10115,Berlin,4000.0,Non-Bonus,45,EUR,117.2
2024-01-22,81539,München,4000.0,Non-Bonus,4,EUR,96.10000000000001
2024-01-22,10115,Berlin,4500.0,Non-Bonus,2,EUR,96.25916666666666
2024-01-22,10115,Berlin,4500.0,Non-Bonus,22,EUR,123.27749999999999
2024-01-22,81539,München,4500.0,Non-Bonus,40,EUR,127.72500000000001
2024-01-22,10115,Berlin,500.0,Non-Bonus,16,EUR,22.641666666666666
2024-01-22,10115,Berlin,500.0,Non-Bonus,25,EUR,23.243333333333336
2024-01-22,81539,München,500.0,Non-Bonus,3,EUR,21.162499999999998
2024-01-22,81539,München,500.0,Non-Bonus,27,EUR,23.632499999999997
2024-01-22,81539,München,500.0,Non-Bonus,30,EUR,23.761666666666667
2024-01-22,10115,Berlin,500.0,Bonus,36,EUR,23.170833333333334
2024-01-22,10115,Berlin,1500.0,Non-Bonus,24,EUR,47.625
2024-01-22,10115,Berlin,1500.0,Non-Bonus,32,EUR,49.416666666666664
2024-01-22,81539,München,1500.0,Non-Bonus,6,EUR,45.181666666666665
2024-01-22,81539,München,1500.0,Non-Bonus,31,EUR,48.56166666666667
2024-01-22,10115,Berlin,1000.0,Non-Bonus,20,EUR,35.105
2024-01-22,81539,München,1000.0,Non-Bonus,15,EUR,34.2125
2024-01-22,10115,Berlin,2500.0,Bonus,44,EUR,69.79583333333333
2024-01-22,81539,München,2500.0,Bonus,16,EUR,59.70333333333334
2024-01-22,81539,München,2500.0,Bonus,23,EUR,60.73333333333333
2024-01-22,81539,München,4000.0,Bonus,9,EUR,95.22333333333334
2024-01-22,81539,München,4000.0,Bonus,12,EUR,95.23333333333333
2024-01-22,81539,München,4000.0,Bonus,21,EUR,96.56666666666666
2024-01-22,81539,München,4000.0,Bonus,32,EUR,99.69916666666667
2024-01-22,81539,München,4000.0,Bonus,33,EUR,100.40916666666668
2024-01-22,81539,München,4000.0,Bonus,34,EUR,100.67416666666666
2024-01-22,81539,München,4000.0,Bonus,41,EUR,103.74416666666667
2024-01-22,81539,München,4000.0,Bonus,47,EUR,106.01416666666667
2024-01-22,10115,Berlin,3000.0,Bonus,29,EUR,77.13916666666667
2024-01-22,10115,Berlin,3000.0,Bonus,39,EUR,81.015
2024-01-22,81539,München,3000.0,Bonus,24,EUR,73.16666666666667
2024-01-22,81539,München,3000.0,Bonus,29,EUR,76.765
2024-01-22,81539,München,3000.0,Bonus,34,EUR,79.34083333333334
2024-01-22,81539,München,3000.0,Bonus,50,EUR,82.465
2024-01-22,10115,Berlin,4250.0,Bonus,32,EUR,107.77083333333333
2024-01-22,81539,München,4250.0,Bonus,10,EUR,101.75916666666666
2024-01-22,81539,München,4250.0,Bonus,35,EUR,107.265
2024-01-22,81539,München,4250.0,Bonus,38,EUR,108.23166666666667
2024-01-22,10115,Berlin,5000.0,Bonus,23,EUR,124.96416666666666
2024-01-22,81539,München,5000.0,Bonus,5,EUR,9999.0
2024-01-22,81539,München,5000.0,Bonus,28,EUR,123.54416666666667
2024-01-22,81539,München,5000.0,Bonus,50,EUR,132.405
2024-01-22,10115,Berlin,4500.0,Bonus,5,EUR,104.88416666666666
2024-01-22,10115,Berlin,4500.0,Bonus,7,EUR,107.39666666666666
2024-01-22,10115,Berlin,4500.0,Bonus,8,EUR,109.26583333333333
2024-01-22,10115,Berlin,4500.0,Bonus,36,EUR,116.02916666666665
2024-01-22,10115,Berlin,4500.0,Bonus,46,EUR,119.45916666666666
2024-01-22,81539,München,4500.0,Bonus,13,EUR,107.45416666666667
2024-01-22,81539,München,4500.0,Bonus,43,EUR,116.94583333333333
2024-01-22,81539,München,4500.0,Bonus,46,EUR,118.335
2024-01-22,81539,München,3500.0,Bonus,12,EUR,82.89333333333333
2024-01-22,10115,Berlin,2000.0,Bonus,10,EUR,48.46666666666667
2024-01-22,81539,München,2000.0,Bonus,14,EUR,49.208333333333336
2024-01-22,81539,München,2000.0,Bonus,46,EUR,58.81333333333333
2024-01-22,10115,Berlin,1000.0,Bonus,31,EUR,33.79833333333333
2024-01-22,10115,Berlin,1000.0,Bonus,45,EUR,35.343333333333334
2024-01-22,81539,München,1000.0,Bonus,25,EUR,33.050000000000004
2024-01-22,81539,München,1000.0,Bonus,45,EUR,35.1275
2024-01-22,10115,Berlin,3000.0,Non-Bonus,45,EUR,90.2625
2024-01-22,81539,München,3000.0,Non-Bonus,20,EUR,81.71166666666666
2024-01-22,10115,Berlin,1500.0,Bonus,22,EUR,41.7475
2024-01-22,10115,Berlin,1500.0,Bonus,29,EUR,44.41583333333333
2024-01-22,81539,München,1500.0,Bonus,6,EUR,39.02583333333333
2024-01-22,81539,München,1500.0,Bonus,27,EUR,43.09583333333333
2024-01-22,81539,München,1500.0,Bonus,37,EUR,45.475833333333334
2024-01-22,81539,München,5000.0,Non-Bonus,29,EUR,137.01583333333335
2024-01-22,10115,Berlin,2000.0,Non-Bonus,8,EUR,57.9
2024-01-22,10115,Berlin,2000.0,Non-Bonus,14,EUR,58.37416666666667
2024-01-22,10115,Berlin,2000.0,Non-Bonus,22,EUR,59.74166666666667
2024-01-22,10115,Berlin,2000.0,Non-Bonus,40,EUR,63.07666666666666
2024-01-22,10115,Berlin,2000.0,Non-Bonus,44,EUR,63.64333333333334
2024-01-22,81539,München,2000.0,Non-Bonus,9,EUR,57.01666666666667
2024-01-22,81539,München,2000.0,Non-Bonus,28,EUR,60.23333333333333
2024-01-22,81539,München,2000.0,Non-Bonus,42,EUR,62.67666666666667
2024-01-22,10115,Berlin,3500.0,Non-Bonus,13,EUR,92.90499999999999
2024-01-22,10115,Berlin,3500.0,Non-Bonus,18,EUR,95.17916666666667
2024-01-22,10115,Berlin,3500.0,Non-Bonus,31,EUR,100.06083333333333
2024-01-22,10115,Berlin,3500.0,Non-Bonus,36,EUR,101.51166666666667
2024-01-22,10115,Berlin,3500.0,Non-Bonus,50,EUR,104.86916666666667
2024-01-22,81539,München,3500.0,Non-Bonus,32,EUR,98.73833333333333
2024-01-22,81539,München,3500.0,Non-Bonus,34,EUR,99.61583333333334
2024-01-22,81539,München,3500.0,Non-Bonus,40,EUR,100.44333333333333
2024-01-22,81539,München,3500.0,Non-Bonus,45,EUR,102.26666666666667
2024-01-22,81539,München,3500.0,Non-Bonus,47,EUR,102.97083333333335
2024-01-22,10115,Berlin,4250.0,Non-Bonus,50,EUR,125.27833333333332
2024-01-22,81539,München,4250.0,Non-Bonus,30,EUR,117.63
2024-01-22,81539,München,4250.0,Non-Bonus,39,EUR,120.0075
2024-01-22,81539,München,4000.0,Non-Bonus,22,EUR,106.80083333333333
2024-01-22,81539,München,4000.0,Non-Bonus,34,EUR,111.61666666666667
2024-01-22,81539,München,4500.0,Non-Bonus,44,EUR,129.35416666666666
2024-01-22,81539,München,4500.0,Non-Bonus,46,EUR,129.6625
2024-01-22,10115,Berlin,500.0,Non-Bonus,7,EUR,21.675
2024-01-22,10115,Berlin,500.0,Non-Bonus,8,EUR,21.679166666666664
2024-01-22,10115,Berlin,500.0,Non-Bonus,24,EUR,23.199166666666667
2024-01-22,10115,Berlin,500.0,Non-Bonus,49,EUR,25.719166666666666
2024-01-22,81539,München,500.0,Non-Bonus,6,EUR,21.564166666666665
2024-01-22,10115,Berlin,500.0,Bonus,7,EUR,19.521666666666665
2024-01-22,10115,Berlin,500.0,Bonus,41,EUR,23.383333333333336
2024-01-22,81539,München,500.0,Bonus,4,EUR,19.42833333333333
2024-01-22,81539,München,500.0,Bonus,20,EUR,21.55666666666667
2024-01-22,10115,Berlin,1500.0,Non-Bonus,5,EUR,45.58833333333333
2024-01-22,10115,Berlin,1500.0,Non-Bonus,14,EUR,46.744166666666665
2024-01-22,10115,Berlin,1500.0,Non-Bonus,25,EUR,47.97083333333333
2024-01-22,81539,München,1000.0,Non-Bonus,6,EUR,33.3975
2024-01-22,81539,München,1000.0,Non-Bonus,18,EUR,34.36083333333333
2024-01-22,10115,Berlin,2500.0,Bonus,2,EUR,57.270833333333336
2024-01-22,10115,Berlin,2500.0,Bonus,20,EUR,61.5825
2024-01-22,10115,Berlin,2500.0,Bonus,31,EUR,64.12
2024-01-22,81539,München,2500.0,Bonus,11,EUR,59.416666666666664
2024-01-22,81539,München,2500.0,Bonus,22,EUR,60.72416666666667
2024-01-22,81539,München,2500.0,Bonus,28,EUR,63.72333333333333
2024-01-22,81539,München,2500.0,Bonus,35,EUR,67.245
2024-01-22,10115,Berlin,4000.0,Bonus,42,EUR,104.89
2024-01-22,81539,München,4000.0,Bonus,2,EUR,82.54166666666667
2024-01-22,81539,München,4000.0,Bonus,6,EUR,89.99583333333334
2024-01-22,81539,München,4000.0,Bonus,16,EUR,95.37416666666667
2024-01-22,81539,München,4000.0,Bonus,29,EUR,98.89916666666666
2024-01-22,81539,München,4000.0,Bonus,35,EUR,100.74166666666667
2024-01-22,10115,Berlin,3000.0,Bonus,14,EUR,72.3875
2024-01-22,10115,Berlin,3000.0,Bonus,31,EUR,78.2825
2024-01-22,10115,Berlin,3000.0,Bonus,43,EUR,81.575
2024-01-22,81539,München,3000.0,Bonus,7,EUR,67.62333333333333
2024-01-22,10115,Berlin,4250.0,Bonus,2,EUR,90.295
2024-01-22,10115,Berlin,4250.0,Bonus,5,EUR,97.2025
2024-01-22,10115,Berlin,4250.0,Bonus,17,EUR,103.47333333333334
2024-01-22,10115,Berlin,4250.0,Bonus,43,EUR,111.75333333333333
2024-01-22,81539,München,4250.0,Bonus,39,EUR,108.81833333333333
2024-01-22,81539,München,4250.0,Bonus,42,EUR,110.67333333333333
2024-01-22,81539,München,4250.0,Bonus,48,EUR,112.52416666666666
2024-01-22,81539,München,4250.0,Bonus,49,EUR,112.7925
2024-01-22,10115,Berlin,5000.0,Bonus,40,EUR,130.46833333333333
2024-01-22,81539,München,5000.0,Bonus,4,EUR,114.93666666666667
2024-01-22,81539,München,5000.0,Bonus,31,EUR,125.18416666666667
2024-01-22,81539,München,4500.0,Bonus,10,EUR,107.4175
2024-01-22,81539,München,3500.0,Bonus,10,EUR,82.205
2024-01-22,81539,München,3500.0,Bonus,14,EUR,82.9375
2024-01-22,10115,Berlin,2000.0,Bonus,4,EUR,47.79833333333334
2024-01-22,10115,Berlin,1000.0,Bonus,25,EUR,32.77833333333333
2024-01-22,81539,München,1000.0,Bonus,6,EUR,29.578333333333333
2024-01-22,81539,München,1000.0,Bonus,41,EUR,34.36083333333333
2024-01-22,10115,Berlin,3000.0,Non-Bonus,2,EUR,67.50583333333334
2024-01-22,10115,Berlin,3000.0,Non-Bonus,42,EUR,89.61666666666667
2024-01-22,10115,Berlin,3000.0,Non-Bonus,49,EUR,91.165
2024-01-22,81539,München,3000.0,Non-Bonus,23,EUR,82.83416666666666
2024-01-22,81539,München,3000.0,Non-Bonus,32,EUR,86.105
2024-01-22,81539,München,3000.0,Non-Bonus,42,EUR,88.52666666666666
2024-01-22,10115,Berlin,1500.0,Bonus,5,EUR,39.18833333333333
2024-01-22,10115,Berlin,1500.0,Bonus,23,EUR,41.751666666666665
2024-01-22,10115,Berlin,1500.0,Bonus,26,EUR,42.95249999999999
2024-01-22,81539,München,1500.0,Bonus,43,EUR,46.083333333333336
2024-01-22,10115,Berlin,5000.0,Non-Bonus,47,EUR,145.42499999999998
2024-01-22,81539,München,5000.0,Non-Bonus,32,EUR,137.555
2024-01-22,81539,München,2000.0,Non-Bonus,36,EUR,61.69916666666666
2024-01-22,10115,Berlin,3500.0,Non-Bonus,6,EUR,91.45
2024-01-22,10115,Berlin,4250.0,Non-Bonus,14,EUR,113.70666666666666
2024-01-22,81539,München,4250.0,Non-Bonus,7,EUR,105.22666666666667
2024-01-22,81539,München,4250.0,Non-Bonus,50,EUR,123.23166666666667
2024-01-22,10115,Berlin,2500.0,Non-Bonus,31,EUR,74.2625
2024-01-22,10115,Berlin,4000.0,Non-Bonus,26,EUR,111.61500000000001
2024-01-22,10115,Berlin,4000.0,Non-Bonus,36,EUR,115.28166666666668
2024-01-22,10115,Berlin,4000.0,Non-Bonus,46,EUR,117.27666666666666
2024-01-22,81539,München,4000.0,Non-Bonus,18,EUR,105.33666666666666
2024-01-22,81539,München,4000.0,Non-Bonus,35,EUR,112.27999999999999
2024-01-22,10115,Berlin,4500.0,Non-Bonus,6,EUR,112.09166666666665
2024-01-22,10115,Berlin,4500.0,Non-Bonus,32,EUR,126.84583333333335
2024-01-22,10115,Berlin,4500.0,Non-Bonus,42,EUR,130.36833333333334
2024-01-22,10115,Berlin,4500.0,Non-Bonus,44,EUR,131.1625
2024-01-22,10115,Berlin,500.0,Non-Bonus,29,EUR,23.383333333333336
2024-01-22,10115,Berlin,500.0,Non-Bonus,30,EUR,23.514166666666668
2024-01-22,81539,München,500.0,Non-Bonus,38,EUR,24.660833333333333
2024-01-22,10115,Berlin,500.0,Bonus,19,EUR,21.184166666666666
2024-01-22,81539,München,500.0,Bonus,25,EUR,22.376666666666665
2024-01-22,10115,Berlin,1500.0,Non-Bonus,29,EUR,48.62916666666666
2024-01-22,10115,Berlin,1000.0,Non-Bonus,38,EUR,36.75083333333333
2024-01-22,81539,München,1000.0,Non-Bonus,7,EUR,33.439166666666665
2024-01-22,81539,München,1000.0,Non-Bonus,12,EUR,34.1225
2024-01-22,10115,Berlin,2500.0,Bonus,45,EUR,70.16083333333333
2024-01-22,81539,München,2500.0,Bonus,4,EUR,57.33416666666667
2024-01-22,81539,München,2500.0,Bonus,18,EUR,59.86000000000001
2024-01-22,10115,Berlin,4000.0,Bonus,38,EUR,103.39083333333333
2024-01-22,81539,München,4000.0,Bonus,5,EUR,9999.0
2024-01-22,81539,München,4000.0,Bonus,13,EUR,95.28333333333335
2024-01-22,81539,München,4000.0,Bonus,20,EUR,96.25083333333333
2024-01-22,81539,München,3000.0,Bonus,1,EUR,64.215
2024-01-22,81539,München,3000.0,Bonus,41,EUR,80.175
2024-01-22,10115,Berlin,4250.0,Bonus,21,EUR,105.67416666666666
2024-01-22,10115,Berlin,4250.0,Bonus,27,EUR,106.63499999999999
2024-01-22,10115,Berlin,4250.0,Bonus,46,EUR,113.09916666666668
2024-01-22,81539,München,4250.0,Bonus,50,EUR,113.54416666666667
2024-01-22,10115,Berlin,5000.0,Bonus,15,EUR,122.90333333333332
2024-01-22,10115,Berlin,5000.0,Bonus,24,EUR,125.11666666666667
2024-01-22,10115,Berlin,5000.0,Bonus,42,EUR,131.45333333333335
2024-01-22,81539,München,5000.0,Bonus,2,EUR,99.20833333333333
2024-01-22,10115,Berlin,4500.0,Bonus,31,EUR,114.16833333333334
2024-01-22,10115,Berlin,4500.0,Bonus,45,EUR,119.33833333333332
2024-01-22,81539,München,4500.0,Bonus,14,EUR,107.51166666666667
2024-01-22,81539,München,4500.0,Bonus,35,EUR,113.96666666666665
2024-01-22,81539,München,4500.0,Bonus,45,EUR,117.94666666666666
2024-01-22,81539,München,3500.0,Bonus,13,EUR,82.92666666666666
2024-01-22,10115,Berlin,2000.0,Bonus,3,EUR,47.48416666666666
2024-01-22,10115,Berlin,2000.0,Bonus,21,EUR,50.82416666666666
2024-01-22,10115,Berlin,2000.0,Bonus,22,EUR,50.87416666666667
2024-01-22,10115,Berlin,2000.0,Bonus,38,EUR,57.435
2024-01-22,10115,Berlin,2000.0,Bonus,43,EUR,58.37416666666667
2024-01-22,81539,München,2000.0,Bonus,32,EUR,56.54916666666667
2024-01-22,81539,München,2000.0,Bonus,34,EUR,56.61416666666667
2024-01-22,10115,Berlin,1000.0,Bonus,4,EUR,29.688333333333333
2024-01-22,10115,Berlin,1000.0,Bonus,15,EUR,30.7025
2024-01-22,81539,München,1000.0,Bonus,5,EUR,9999.0
2024-01-22,81539,München,1000.0,Bonus,43,EUR,34.824999999999996
2024-01-22,10115,Berlin,3000.0,Non-Bonus,26,EUR,85.26833333333333
2024-01-22,81539,München,1500.0,Bonus,18,EUR,40.79666666666667
2024-01-22,81539,München,1500.0,Bonus,26,EUR,43.04583333333333
2024-01-22,81539,München,1500.0,Bonus,31,EUR,44.928333333333335
2024-01-22,81539,München,1500.0,Bonus,39,EUR,45.51
2024-01-22,10115,Berlin,5000.0,Non-Bonus,10,EUR,128.625
2024-01-22,10115,Berlin,5000.0,Non-Bonus,42,EUR,143.67249999999999
2024-01-22,81539,München,2000.0,Non-Bonus,6,EUR,56.53583333333333
2024-01-22,81539,München,2000.0,Non-Bonus,10,EUR,57.20333333333334
2024-01-22,81539,München,2000.0,Non-Bonus,23,EUR,58.93333333333334
2024-01-22,81539,München,2000.0,Non-Bonus,27,EUR,59.29666666666666
2024-01-22,81539,München,2000.0,Non-Bonus,33,EUR,61.285
2024-01-22,81539,München,2000.0,Non-Bonus,45,EUR,62.93333333333334
2024-01-22,10115,Berlin,3500.0,Non-Bonus,10,EUR,91.92083333333333
2024-01-22,10115,Berlin,3500.0,Non-Bonus,15,EUR,94.23833333333333
2024-01-22,10115,Berlin,4250.0,Non-Bonus,18,EUR,114.33583333333333
2024-01-22,10115,Berlin,2500.0,Non-Bonus,14,EUR,70.42333333333333
2024-01-22,10115,Berlin,2500.0,Non-Bonus,21,EUR,71.15666666666667
2024-01-22,10115,Berlin,2500.0,Non-Bonus,24,EUR,71.89416666666666
2024-01-22,10115,Berlin,2500.0,Non-Bonus,28,EUR,72.95916666666666
2024-01-22,10115,Berlin,2500.0,Non-Bonus,33,EUR,74.62
2024-01-22,10115,Berlin,2500.0,Non-Bonus,44,EUR,76.95416666666667
2024-01-22,81539,München,2500.0,Non-Bonus,4,EUR,67.45166666666667
2024-01-22,10115,Berlin,4000.0,Non-Bonus,8,EUR,101.925
2024-01-22,81539,München,4500.0,Non-Bonus,5,EUR,109.6375
2024-01-22,81539,München,4500.0,Non-Bonus,14,EUR,117.06666666666666
2024-01-22,81539,München,500.0,Non-Bonus,13,EUR,22.6425
2024-01-22,10115,Berlin,500.0,Bonus,16,EUR,20.911666666666665
2024-01-22,81539,München,500.0,Bonus,26,EUR,22.6425
2024-01-22,81539,München,1500.0,Non-Bonus,18,EUR,46.70416666666667
2024-01-22,81539,München,1500.0,Non-Bonus,35,EUR,49.35333333333333
2024-01-22,10115,Berlin,1000.0,Non-Bonus,36,EUR,36.725
2024-01-22,81539,München,1000.0,Non-Bonus,8,EUR,33.670833333333334
2024-01-22,10115,Berlin,2500.0,Bonus,6,EUR,58.84583333333333
2024-01-22,81539,München,2500.0,Bonus,33,EUR,65.68333333333334
2024-01-22,81539,München,2500.0,Bonus,42,EUR,68.94500000000001
2024-01-22,10115,Berlin,4000.0,Bonus,10,EUR,95.46666666666665
2024-01-22,10115,Berlin,4000.0,Bonus,17,EUR,97.49916666666667
2024-01-22,10115,Berlin,4000.0,Bonus,25,EUR,100.06666666666666
2024-01-22,81539,München,4000.0,Bonus,10,EUR,95.22583333333334
2024-01-22,81539,München,4000.0,Bonus,23,EUR,97.23
2024-01-22,81539,München,4000.0,Bonus,27,EUR,98.3925
2024-01-22,10115,Berlin,3000.0,Bonus,5,EUR,68.77916666666667
2024-01-22,10115,Berlin,3000.0,Bonus,18,EUR,72.58333333333333
2024-01-22,10115,Berlin,3000.0,Bonus,49,EUR,82.50166666666667
2024-01-22,81539,München,3000.0,Bonus,2,EUR,65.875
2024-01-22,81539,München,3000.0,Bonus,6,EUR,67.60666666666667
2024-01-22,81539,München,3000.0,Bonus,23,EUR,73.14583333333333
2024-01-22,10115,Berlin,4250.0,Bonus,1,EUR,89.64166666666667
2024-01-22,10115,Berlin,4250.0,Bonus,30,EUR,107.62916666666666
2024-01-22,10115,Berlin,4250.0,Bonus,49,EUR,114.33416666666666
2024-01-22,81539,München,4250.0,Bonus,18,EUR,102.30583333333334
2024-01-22,81539,München,4250.0,Bonus,21,EUR,102.50833333333333
2024-01-22,10115,Berlin,5000.0,Bonus,34,EUR,128.9125
2024-01-22,10115,Berlin,4500.0,Bonus,21,EUR,111.5125
2024-01-22,10115,Berlin,4500.0,Bonus,32,EUR,114.19666666666666
2024-01-22,10115,Berlin,4500.0,Bonus,35,EUR,116.01833333333333
2024-01-22,10115,Berlin,4500.0,Bonus,49,EUR,120.55166666666666
2024-01-22,81539,München,4500.0,Bonus,34,EUR,113.16333333333334
2024-01-22,10115,Berlin,3500.0,Bonus,2,EUR,77.09
2024-01-22,81539,München,3500.0,Bonus,1,EUR,72.39166666666667
2024-01-22,81539,München,3500.0,Bonus,11,EUR,82.73083333333334
2024-01-22,81539,München,3500.0,Bonus,22,EUR,84.30499999999999
2024-01-22,81539,München,3500.0,Bonus,28,EUR,87.62916666666666
2024-01-22,81539,München,3500.0,Bonus,47,EUR,93.71833333333332
2024-01-22,10115,Berlin,2000.0,Bonus,20,EUR,49.47666666666667
2024-01-22,10115,Berlin,2000.0,Bonus,35,EUR,57.11416666666667
2024-01-22,10115,Berlin,2000.0,Bonus,41,EUR,58.29
2024-01-22,10115,Berlin,2000.0,Bonus,50,EUR,59.620000000000005
2024-01-22,81539,München,2000.0,Bonus,30,EUR,54.645
2024-01-22,81539,München,2000.0,Bonus,44,EUR,57.94833333333333
2024-01-22,10115,Berlin,1000.0,Bonus,33,EUR,34.07083333333333
2024-01-22,81539,München,1000.0,Bonus,8,EUR,29.59
2024-01-22,81539,München,1000.0,Bonus,34,EUR,34.024166666666666
2024-01-22,10115,Berlin,3000.0,Non-Bonus,38,EUR,88.72416666666668
2024-01-22,10115,Berlin,3000.0,Non-Bonus,47,EUR,90.7
2024-01-22,81539,München,3000.0,Non-Bonus,46,EUR,89.625
2024-01-22,10115,Berlin,1500.0,Bonus,42,EUR,46.28333333333333
2024-01-22,10115,Berlin,1500.0,Bonus,44,EUR,46.395833333333336
2024-01-22,81539,München,1500.0,Bonus,29,EUR,43.95249999999999
2024-01-22,81539,München,1500.0,Bonus,33,EUR,45.00333333333333
2024-01-22,10115,Berlin,5000.0,Non-Bonus,4,EUR,121.04166666666667
2024-01-22,10115,Berlin,5000.0,Non-Bonus,38,EUR,143.29583333333332
2024-01-22,81539,München,5000.0,Non-Bonus,5,EUR,120.29166666666667
2024-01-22,81539,München,5000.0,Non-Bonus,38,EUR,139.22333333333333
2024-01-22,81539,München,2000.0,Non-Bonus,12,EUR,57.225
2024-01-22,81539,München,2000.0,Non-Bonus,15,EUR,57.55416666666667
2024-01-22,10115,Berlin,3500.0,Non-Bonus,24,EUR,97.86916666666667
2024-01-22,10115,Berlin,3500.0,Non-Bonus,35,EUR,101.08416666666666
2024-01-22,10115,Berlin,3500.0,Non-Bonus,41,EUR,102.67083333333333
2024-01-22,81539,München,3500.0,Non-Bonus,20,EUR,93.79
2024-01-22,10115,Berlin,4250.0,Non-Bonus,4,EUR,103.91916666666667
2024-01-22,10115,Berlin,4250.0,Non-Bonus,25,EUR,117.01916666666666
2024-01-22,10115,Berlin,4250.0,Non-Bonus,27,EUR,118.79833333333333
2024-01-22,81539,München,4250.0,Non-Bonus,35,EUR,118.59916666666668
2024-01-22,10115,Berlin,2500.0,Non-Bonus,11,EUR,70.25
2024-01-22,81539,München,2500.0,Non-Bonus,16,EUR,69.24583333333334
2024-01-22,81539,München,2500.0,Non-Bonus,24,EUR,70.85083333333334
2024-01-22,10115,Berlin,4500.0,Non-Bonus,47,EUR,131.95916666666668
2024-01-22,81539,München,4500.0,Non-Bonus,11,EUR,113.96666666666665
2024-01-22,81539,München,4500.0,Non-Bonus,28,EUR,122.8675
2024-01-22,81539,München,4500.0,Non-Bonus,41,EUR,128.0525
2024-01-22,10115,Berlin,500.0,Non-Bonus,17,EUR,22.6425
2024-01-22,10115,Berlin,500.0,Non-Bonus,20,EUR,22.925
2024-01-22,81539,München,500.0,Non-Bonus,14,EUR,22.645
2024-01-22,81539,München,500.0,Non-Bonus,47,EUR,26.001666666666665
2024-01-22,10115,Berlin,1500.0,Non-Bonus,34,EUR,49.544999999999995
2024-01-22,10115,Berlin,1500.0,Non-Bonus,36,EUR,49.88916666666666
2024-01-22,10115,Berlin,1000.0,Non-Bonus,4,EUR,33.28916666666667
2024-01-22,10115,Berlin,1000.0,Non-Bonus,21,EUR,35.343333333333334
2024-01-22,10115,Berlin,1000.0,Non-Bonus,43,EUR,37.02916666666667
2024-01-22,10115,Berlin,2500.0,Bonus,11,EUR,59.8375
2024-01-22,10115,Berlin,2500.0,Bonus,38,EUR,68.42916666666666
2024-01-22,81539,München,2500.0,Bonus,15,EUR,59.43416666666667
2024-01-22,10115,Berlin,3000.0,Bonus,41,EUR,81.1875
2024-01-22,81539,München,3000.0,Bonus,10,EUR,70.87833333333333
2024-01-22,81539,München,3000.0,Bonus,15,EUR,71.18416666666667
2024-01-22,81539,München,3000.0,Bonus,31,EUR,77.52416666666666
2024-01-22,10115,Berlin,4250.0,Bonus,6,EUR,98.82249999999999
2024-01-22,81539,München,4250.0,Bonus,25,EUR,103.71583333333332
2024-01-22,81539,München,4250.0,Bonus,31,EUR,105.3325
2024-01-22,81539,München,4250.0,Bonus,32,EUR,105.65916666666668
2024-01-22,10115,Berlin,5000.0,Bonus,5,EUR,117.955
2024-01-22,10115,Berlin,5000.0,Bonus,33,EUR,128.68833333333333
2024-01-22,10115,Berlin,4500.0,Bonus,17,EUR,110.50166666666667
2024-01-22,81539,München,4500.0,Bonus,3,EUR,93.62333333333333
2024-01-22,10115,Berlin,3500.0,Bonus,11,EUR,83.14583333333333
2024-01-22,10115,Berlin,3500.0,Bonus,47,EUR,94.64333333333333
2024-01-22,81539,München,3500.0,Bonus,36,EUR,89.81583333333333
2024-01-22,81539,München,1000.0,Bonus,44,EUR,34.90083333333333
2024-01-22,81539,München,1000.0,Bonus,50,EUR,35.464999999999996
2024-01-22,10115,Berlin,3000.0,Non-Bonus,8,EUR,81.07583333333334
2024-01-22,10115,Berlin,3000.0,Non-Bonus,27,EUR,85.84416666666668
2024-01-22,81539,München,3000.0,Non-Bonus,10,EUR,79.55416666666666
2024-01-22,81539,München,3000.0,Non-Bonus,30,EUR,85.1825
2024-01-22,10115,Berlin,1500.0,Bonus,21,EUR,41.50083333333333
2024-01-22,10115,Berlin,1500.0,Bonus,28,EUR,43.83166666666667
2024-01-22,10115,Berlin,5000.0,Non-Bonus,8,EUR,126.28333333333335
2024-01-22,10115,Berlin,5000.0,Non-Bonus,12,EUR,129.26833333333335
2024-01-22,10115,Berlin,5000.0,Non-Bonus,48,EUR,145.42583333333332
2024-01-22,81539,München,5000.0,Non-Bonus,47,EUR,142.9575
2024-01-22,10115,Berlin,2000.0,Non-Bonus,20,EUR,59.550000000000004
2024-01-22,10115,Berlin,2000.0,Non-Bonus,30,EUR,61.11666666666667
2024-01-22,10115,Berlin,2000.0,Non-Bonus,41,EUR,63.34583333333333
2024-01-22,10115,Berlin,2000.0,Non-Bonus,49,EUR,64.22666666666667
2024-01-22,81539,München,2000.0,Non-Bonus,44,EUR,62.800000000000004
2024-01-22,81539,München,3500.0,Non-Bonus,11,EUR,90.59833333333334
2024-01-22,81539,München,3500.0,Non-Bonus,21,EUR,94.3325
2024-01-22,81539,München,3500.0,Non-Bonus,48,EUR,103.10666666666667
2024-01-22,10115,Berlin,4250.0,Non-Bonus,9,EUR,110.64
2024-01-22,10115,Berlin,4250.0,Non-Bonus,30,EUR,120.03166666666668
2024-01-22,81539,München,4250.0,Non-Bonus,8,EUR,105.3325
2024-01-22,81539,München,4250.0,Non-Bonus,49,EUR,123.15333333333332
2024-01-22,10115,Berlin,2500.0,Non-Bonus,6,EUR,69.24666666666667
2024-01-22,10115,Berlin,2500.0,Non-Bonus,16,EUR,70.77083333333333
2024-01-22,10115,Berlin,2500.0,Non-Bonus,20,EUR,71.08333333333333
2024-01-22,10115,Berlin,2500.0,Non-Bonus,37,EUR,75.52833333333334
2024-01-22,81539,München,2500.0,Non-Bonus,18,EUR,69.63250000000001
2024-01-22,81539,München,2500.0,Non-Bonus,21,EUR,69.98
2024-01-22,81539,München,2500.0,Non-Bonus,40,EUR,75.11916666666666
2024-01-22,81539,München,4000.0,Non-Bonus,5,EUR,98.10000000000001
2024-01-22,10115,Berlin,4500.0,Non-Bonus,25,EUR,123.3925
2024-01-22,10115,Berlin,4500.0,Non-Bonus,46,EUR,131.2675
2024-01-22,81539,München,4500.0,Non-Bonus,16,EUR,117.33
2024-01-22,81539,München,4500.0,Non-Bonus,19,EUR,118.58833333333332
2024-01-22,10115,Berlin,500.0,Non-Bonus,11,EUR,22.048333333333332
2024-01-22,81539,München,500.0,Non-Bonus,42,EUR,25.375833333333333
2024-01-22,10115,Berlin,500.0,Bonus,1,EUR,17.766666666666666
2024-01-22,10115,Berlin,500.0,Bonus,10,EUR,19.720833333333335
2024-01-22,10115,Berlin,500.0,Bonus,17,EUR,20.911666666666665
2024-01-22,10115,Berlin,500.0,Bonus,46,EUR,24.08
2024-01-22,81539,München,500.0,Bonus,33,EUR,23.17
2024-01-22,81539,München,500.0,Bonus,35,EUR,23.290833333333335
2024-01-22,10115,Berlin,1500.0,Non-Bonus,11,EUR,46.2525
2024-01-22,10115,Berlin,1500.0,Non-Bonus,40,EUR,50.237500000000004
2024-01-22,10115,Berlin,1500.0,Non-Bonus,45,EUR,50.38833333333333
2024-01-22,10115,Berlin,1000.0,Non-Bonus,28,EUR,36.255
2024-01-22,10115,Berlin,2500.0,Bonus,46,EUR,70.2625
2024-01-22,81539,München,2500.0,Bonus,2,EUR,56.76
2024-01-22,81539,München,2500.0,Bonus,30,EUR,64.415
2024-01-22,10115,Berlin,4000.0,Bonus,14,EUR,96.03916666666667
2024-01-22,10115,Berlin,4000.0,Bonus,21,EUR,99.17
2024-01-22,81539,München,4000.0,Bonus,36,EUR,101.1425
2024-01-22,10115,Berlin,3000.0,Bonus,33,EUR,79.05833333333334
2024-01-22,81539,München,3000.0,Bonus,19,EUR,71.41833333333334
2024-01-22,10115,Berlin,4250.0,Bonus,33,EUR,108.95
2024-01-22,81539,München,4250.0,Bonus,27,EUR,104.235
2024-01-22,81539,München,4250.0,Bonus,34,EUR,107.15499999999999
2024-01-22,81539,München,4250.0,Bonus,45,EUR,111.90750000000001
2024-01-22,81539,München,5000.0,Bonus,46,EUR,130.71666666666667
2024-01-22,10115,Berlin,4500.0,Bonus,15,EUR,110.03583333333334
2024-01-22,10115,Berlin,4500.0,Bonus,24,EUR,112.17833333333334
2024-01-22,10115,Berlin,3500.0,Bonus,7,EUR,81.34666666666666
2024-01-22,10115,Berlin,3500.0,Bonus,12,EUR,83.3125
2024-01-22,10115,Berlin,3500.0,Bonus,14,EUR,83.89333333333333
2024-01-22,10115,Berlin,3500.0,Bonus,18,EUR,84.635
2024-01-22,10115,Berlin,3500.0,Bonus,34,EUR,90.43583333333333
2024-01-22,10115,Berlin,3500.0,Bonus,37,EUR,91.45
2024-01-22,10115,Berlin,3500.0,Bonus,39,EUR,91.80416666666667
2024-01-22,10115,Berlin,3500.0,Bonus,40,EUR,91.80416666666667
2024-01-22,81539,München,3500.0,Bonus,24,EUR,84.97583333333334
2024-01-22,10115,Berlin,2000.0,Bonus,6,EUR,48.336666666666666
2024-01-22,10115,Berlin,2000.0,Bonus,42,EUR,58.315
2024-01-22,10115,Berlin,1000.0,Bonus,37,EUR,34.348333333333336
2024-01-22,10115,Berlin,1000.0,Bonus,43,EUR,35.105
2024-01-22,81539,München,1000.0,Bonus,9,EUR,29.608333333333334
2024-01-22,81539,München,1000.0,Bonus,11,EUR,29.660833333333333
2024-01-22,10115,Berlin,3000.0,Non-Bonus,3,EUR,70.635
2024-01-22,10115,Berlin,3000.0,Non-Bonus,46,EUR,90.375
2024-01-22,81539,München,3000.0,Non-Bonus,28,EUR,84.58416666666666
2024-01-22,10115,Berlin,1500.0,Bonus,33,EUR,45.47083333333333
2024-01-22,10115,Berlin,1500.0,Bonus,40,EUR,46.2125
2024-01-22,10115,Berlin,1500.0,Bonus,41,EUR,46.2525
2024-01-22,10115,Berlin,1500.0,Bonus,48,EUR,46.744166666666665
2024-01-22,81539,München,1500.0,Bonus,9,EUR,39.05416666666667
2024-01-22,10115,Berlin,5000.0,Non-Bonus,32,EUR,141.37166666666667
2024-01-22,81539,München,5000.0,Non-Bonus,16,EUR,129.35083333333333
2024-01-22,81539,München,5000.0,Non-Bonus,23,EUR,133.1075
2024-01-22,10115,Berlin,2000.0,Non-Bonus,35,EUR,62.53666666666667
2024-01-22,81539,München,2000.0,Non-Bonus,21,EUR,58.8675
2024-01-22,81539,München,2000.0,Non-Bonus,39,EUR,62.01583333333334
2024-01-22,81539,München,3500.0,Non-Bonus,3,EUR,75.39166666666667
2024-01-22,81539,München,3500.0,Non-Bonus,15,EUR,92.10083333333334
2024-01-22,81539,München,3500.0,Non-Bonus,39,EUR,100.19833333333334
2024-01-22,10115,Berlin,4250.0,Non-Bonus,37,EUR,122.1375
2024-01-22,10115,Berlin,4250.0,Non-Bonus,47,EUR,124.41916666666667
2024-01-22,81539,München,4250.0,Non-Bonus,43,EUR,121.515
2024-01-22,10115,Berlin,2500.0,Non-Bonus,15,EUR,70.42333333333333
2024-01-22,81539,München,2500.0,Non-Bonus,2,EUR,57.03916666666667
2024-01-22,81539,München,2500.0,Non-Bonus,13,EUR,69.085
2024-01-22,81539,München,2500.0,Non-Bonus,17,EUR,69.54166666666667
2024-01-22,81539,München,2500.0,Non-Bonus,29,EUR,71.7825
2024-01-22,81539,München,2500.0,Non-Bonus,38,EUR,74.92583333333333
2024-01-22,10115,Berlin,4000.0,Non-Bonus,18,EUR,108.01583333333333
2024-01-22,10115,Berlin,4000.0,Non-Bonus,29,EUR,113.3325
2024-01-22,81539,München,4000.0,Non-Bonus,24,EUR,108.31666666666666
2024-01-22,81539,München,4500.0,Non-Bonus,48,EUR,129.76166666666668
2024-01-22,10115,Berlin,500.0,Non-Bonus,5,EUR,21.305833333333332
2024-01-22,81539,München,500.0,Non-Bonus,22,EUR,23.245833333333334
2024-01-22,81539,München,500.0,Bonus,36,EUR,23.30333333333333
2024-01-22,81539,München,1500.0,Non-Bonus,7,EUR,45.20416666666667
2024-01-22,81539,München,1500.0,Non-Bonus,41,EUR,49.92416666666667
2024-01-22,10115,Berlin,1000.0,Non-Bonus,1,EUR,29.1675
2024-01-22,10115,Berlin,1000.0,Non-Bonus,14,EUR,34.43333333333333
2024-01-22,81539,München,1000.0,Non-Bonus,17,EUR,34.324999999999996
2024-01-22,81539,München,1000.0,Non-Bonus,44,EUR,37.475
2024-01-22,10115,Berlin,2500.0,Bonus,3,EUR,57.92166666666666
2024-01-22,10115,Berlin,2500.0,Bonus,22,EUR,61.73500000000001
2024-01-22,10115,Berlin,4000.0,Bonus,3,EUR,86.675
2024-01-22,10115,Berlin,3000.0,Bonus,27,EUR,75.92916666666666
2024-01-22,81539,München,3000.0,Bonus,4,EUR,66.85666666666667
2024-01-22,81539,München,3000.0,Bonus,37,EUR,79.48083333333334
2024-01-22,10115,Berlin,4250.0,Bonus,37,EUR,110.43666666666667
2024-01-22,81539,München,4250.0,Bonus,2,EUR,86.70833333333333
2024-01-22,81539,München,4250.0,Bonus,40,EUR,110.29916666666666
2024-01-22,10115,Berlin,5000.0,Bonus,46,EUR,132.11333333333332
2024-01-22,10115,Berlin,5000.0,Bonus,49,EUR,133.615
2024-01-22,10115,Berlin,4500.0,Bonus,2,EUR,95.02749999999999
2024-01-22,10115,Berlin,3500.0,Bonus,29,EUR,89.40166666666666
2024-01-22,10115,Berlin,3500.0,Bonus,35,EUR,91.0125
2024-01-22,10115,Berlin,2000.0,Bonus,18,EUR,49.33166666666667
2024-01-22,81539,München,2000.0,Bonus,3,EUR,47.744166666666665
2024-01-22,81539,München,2000.0,Bonus,45,EUR,58.01666666666667
2024-01-22,10115,Berlin,1000.0,Bonus,20,EUR,31.910833333333333
2024-01-22,10115,Berlin,1000.0,Bonus,30,EUR,33.759166666666665
2024-01-22,81539,München,1000.0,Bonus,21,EUR,31.926666666666666
2024-01-22,81539,München,1000.0,Bonus,48,EUR,35.415
2024-01-22,10115,Berlin,3000.0,Non-Bonus,31,EUR,86.7
2024-01-22,10115,Berlin,3000.0,Non-Bonus,48,EUR,91.09333333333332
2024-01-22,81539,München,3000.0,Non-Bonus,33,EUR,86.39166666666667
2024-01-22,81539,München,3000.0,Non-Bonus,40,EUR,88.08333333333333
2024-01-22,81539,München,1500.0,Bonus,14,EUR,40.33833333333333
2024-01-22,81539,München,1500.0,Bonus,25,EUR,42.2275
2024-01-22,81539,München,1500.0,Bonus,30,EUR,44.445
2024-01-22,81539,München,1500.0,Bonus,46,EUR,46.425000000000004
2024-01-22,81539,München,1500.0,Bonus,48,EUR,46.884166666666665
2024-01-22,10115,Berlin,5000.0,Non-Bonus,16,EUR,132.31333333333333
2024-01-22,10115,Berlin,5000.0,Non-Bonus,50,EUR,145.88750000000002
2024-01-22,81539,München,5000.0,Non-Bonus,13,EUR,128.42083333333332
2024-01-22,81539,München,5000.0,Non-Bonus,34,EUR,138.39666666666668
2024-01-22,81539,München,5000.0,Non-Bonus,49,EUR,143.13833333333335
2024-01-22,81539,München,2000.0,Non-Bonus,7,EUR,56.54916666666667
2024-01-22,81539,München,2000.0,Non-Bonus,34,EUR,61.53333333333333
2024-01-22,10115,Berlin,3500.0,Non-Bonus,33,EUR,100.62916666666666
2024-01-22,81539,München,3500.0,Non-Bonus,14,EUR,91.02499999999999
2024-01-22,10115,Berlin,4250.0,Non-Bonus,28,EUR,118.82666666666667
2024-01-22,10115,Berlin,4250.0,Non-Bonus,44,EUR,123.53333333333335
2024-01-22,81539,München,4250.0,Non-Bonus,34,EUR,118.1225
2024-01-22,10115,Berlin,2500.0,Non-Bonus,4,EUR,69.17916666666666
2024-01-22,10115,Berlin,2500.0,Non-Bonus,10,EUR,70.16083333333333
2024-01-22,10115,Berlin,2500.0,Non-Bonus,35,EUR,75.35916666666667
2024-01-22,81539,München,2500.0,Non-Bonus,37,EUR,74.36749999999999
2024-01-22,81539,München,2500.0,Non-Bonus,39,EUR,75.035
2024-01-22,10115,Berlin,4000.0,Non-Bonus,4,EUR,98.10000000000001
2024-01-22,10115,Berlin,4000.0,Non-Bonus,24,EUR,110.57333333333334
2024-01-22,10115,Berlin,4000.0,Non-Bonus,31,EUR,113.46833333333332
2024-01-22,10115,Berlin,4000.0,Non-Bonus,48,EUR,117.9425
2024-01-22,81539,München,4000.0,Non-Bonus,21,EUR,106.46
2024-01-22,81539,München,4000.0,Non-Bonus,42,EUR,114.9775
2024-01-22,81539,München,4000.0,Non-Bonus,48,EUR,116.41583333333334
2024-01-22,10115,Berlin,4500.0,Non-Bonus,4,EUR,109.28750000000001
2024-01-22,81539,München,500.0,Non-Bonus,41,EUR,25.324166666666667
2024-01-22,81539,München,500.0,Non-Bonus,46,EUR,25.9875
2024-01-22,10115,Berlin,500.0,Bonus,13,EUR,20.088333333333335
2024-01-22,81539,München,1000.0,Non-Bonus,19,EUR,34.71583333333333
2024-01-22,81539,München,1000.0,Non-Bonus,34,EUR,36.455
2024-01-22,81539,München,1000.0,Non-Bonus,41,EUR,37.00666666666667
2024-01-22,10115,Berlin,2500.0,Bonus,15,EUR,60.28333333333333
2024-01-22,10115,Berlin,2500.0,Bonus,39,EUR,69.17916666666666
2024-01-22,81539,München,2500.0,Bonus,13,EUR,59.42083333333333
2024-01-22,81539,München,2500.0,Bonus,25,EUR,62.45333333333334
2024-01-22,81539,München,2500.0,Bonus,45,EUR,69.54166666666667
2024-01-22,10115,Berlin,4000.0,Bonus,16,EUR,97.33583333333333
2024-01-22,10115,Berlin,3000.0,Bonus,1,EUR,65.51666666666667
2024-01-22,10115,Berlin,3000.0,Bonus,19,EUR,73.36333333333333
2024-01-22,10115,Berlin,3000.0,Bonus,28,EUR,76.09333333333333
2024-01-22,81539,München,3000.0,Bonus,5,EUR,9999.0
2024-01-22,81539,München,3000.0,Bonus,18,EUR,71.31583333333333
2024-01-22,81539,München,3000.0,Bonus,30,EUR,77.10083333333334
2024-01-22,81539,München,3000.0,Bonus,38,EUR,79.55416666666666
2024-01-22,81539,München,4250.0,Bonus,23,EUR,103.48333333333333
2024-01-22,81539,München,4250.0,Bonus,28,EUR,104.46249999999999
2024-01-22,10115,Berlin,5000.0,Bonus,14,EUR,122.82916666666667
2024-01-22,81539,München,5000.0,Bonus,7,EUR,115.52999999999999
2024-01-22,81539,München,5000.0,Bonus,34,EUR,126.11
2024-01-22,81539,München,5000.0,Bonus,39,EUR,128.49583333333334
2024-01-22,81539,München,5000.0,Bonus,44,EUR,130.025
2024-01-22,81539,München,5000.0,Bonus,49,EUR,131.58833333333334
2024-01-22,10115,Berlin,4500.0,Bonus,10,EUR,109.28750000000001
2024-01-22,10115,Berlin,4500.0,Bonus,27,EUR,113.19166666666666
2024-01-22,10115,Berlin,4500.0,Bonus,34,EUR,115.76833333333333
2024-01-22,10115,Berlin,4500.0,Bonus,47,EUR,119.49083333333334
2024-01-22,81539,München,4500.0,Bonus,18,EUR,108.40333333333332
2024-01-22,10115,Berlin,3500.0,Bonus,10,EUR,83.12666666666667
2024-01-22,81539,München,3500.0,Bonus,6,EUR,77.72333333333333
2024-01-22,81539,München,3500.0,Bonus,29,EUR,87.745
2024-01-22,81539,München,3500.0,Bonus,32,EUR,89.12166666666667
2024-01-22,81539,München,3500.0,Bonus,46,EUR,93.35833333333333
2024-01-22,81539,München,3500.0,Bonus,48,EUR,93.79
2024-01-22,81539,München,2000.0,Bonus,19,EUR,50.19916666666666
2024-01-22,81539,München,2000.0,Bonus,28,EUR,53.5075
2024-01-22,81539,München,2000.0,Bonus,37,EUR,57.20333333333334
2024-01-22,10115,Berlin,1000.0,Bonus,24,EUR,32.630833333333335
2024-01-22,10115,Berlin,1000.0,Bonus,34,EUR,34.125
2024-01-22,10115,Berlin,3000.0,Non-Bonus,41,EUR,89.5625
2024-01-22,81539,München,1500.0,Bonus,4,EUR,39.005833333333335
2024-01-22,81539,München,1500.0,Bonus,8,EUR,39.04333333333333
2024-01-22,10115,Berlin,5000.0,Non-Bonus,35,EUR,142.185
2024-01-22,81539,München,5000.0,Non-Bonus,3,EUR,102.92166666666667
2024-01-22,81539,München,5000.0,Non-Bonus,26,EUR,135.23916666666665
2024-01-22,81539,München,5000.0,Non-Bonus,39,EUR,140.45416666666668
2024-01-22,10115,Berlin,2000.0,Non-Bonus,5,EUR,55.696666666666665
2024-01-22,10115,Berlin,2000.0,Non-Bonus,45,EUR,63.645833333333336
2024-01-22,81539,München,2000.0,Non-Bonus,26,EUR,59.25416666666666
2024-01-22,81539,München,2000.0,Non-Bonus,47,EUR,63.666666666666664
2024-01-22,10115,Berlin,3500.0,Non-Bonus,11,EUR,92.61833333333334
2024-01-22,10115,Berlin,3500.0,Non-Bonus,45,EUR,103.57083333333333
2024-01-22,81539,München,3500.0,Non-Bonus,29,EUR,98.16000000000001
2024-01-22,10115,Berlin,4250.0,Non-Bonus,11,EUR,110.87583333333333
2024-01-22,10115,Berlin,4250.0,Non-Bonus,21,EUR,114.95083333333334
2024-01-22,10115,Berlin,4250.0,Non-Bonus,33,EUR,120.27333333333333
2024-01-22,81539,München,4250.0,Non-Bonus,4,EUR,101.79416666666667
2024-01-22,81539,München,4250.0,Non-Bonus,15,EUR,111.32
2024-01-22,81539,München,4250.0,Non-Bonus,17,EUR,111.45166666666667
2024-01-22,81539,München,4250.0,Non-Bonus,37,EUR,119.5
2024-01-22,81539,München,4250.0,Non-Bonus,38,EUR,119.71083333333333
2024-01-22,10115,Berlin,2500.0,Non-Bonus,27,EUR,72.78750000000001
2024-01-22,10115,Berlin,2500.0,Non-Bonus,49,EUR,77.53333333333333
2024-01-22,10115,Berlin,4000.0,Non-Bonus,16,EUR,107.5575
2024-01-22,81539,München,4000.0,Non-Bonus,3,EUR,84.56833333333334
2024-01-22,10115,Berlin,4500.0,Non-Bonus,15,EUR,119.935
2024-01-22,81539,München,4500.0,Non-Bonus,22,EUR,120.26833333333333
2024-01-22,81539,München,4500.0,Non-Bonus,24,EUR,120.66250000000001
2024-01-22,81539,München,4500.0,Non-Bonus,27,EUR,122.82416666666667
2024-01-22,10115,Berlin,500.0,Non-Bonus,32,EUR,23.684166666666666
2024-01-22,10115,Berlin,1500.0,Non-Bonus,8,EUR,45.784166666666664
2024-01-22,10115,Berlin,1500.0,Non-Bonus,10,EUR,46.2125
2024-01-22,81539,München,1500.0,Non-Bonus,28,EUR,48.04666666666666
2024-01-22,10115,Berlin,1000.0,Non-Bonus,23,EUR,35.358333333333334
2024-01-22,10115,Berlin,1000.0,Non-Bonus,41,EUR,37.024166666666666
2024-01-22,81539,München,1000.0,Non-Bonus,3,EUR,32.525
2024-01-22,10115,Berlin,2500.0,Bonus,28,EUR,62.785
2024-01-22,81539,München,2500.0,Bonus,19,EUR,60.009166666666665
2024-01-22,81539,München,4000.0,Bonus,3,EUR,84.46
2024-01-22,81539,München,4000.0,Bonus,28,EUR,98.5825
2024-01-22,81539,München,3000.0,Bonus,36,EUR,79.4025
2024-01-22,81539,München,3000.0,Bonus,42,EUR,80.54916666666666
2024-01-22,81539,München,4250.0,Bonus,12,EUR,101.78083333333332
2024-01-22,10115,Berlin,5000.0,Bonus,37,EUR,129.32666666666668
2024-01-22,81539,München,5000.0,Bonus,15,EUR,120.3575
2024-01-22,10115,Berlin,4500.0,Bonus,9,EUR,109.28333333333335
2024-01-22,10115,Berlin,4500.0,Bonus,28,EUR,114.00416666666666
2024-01-22,10115,Berlin,4500.0,Bonus,38,EUR,116.81333333333333
2024-01-22,81539,München,4500.0,Bonus,20,EUR,108.59750000000001
2024-01-22,81539,München,4500.0,Bonus,42,EUR,116.85416666666667
2024-01-22,10115,Berlin,3500.0,Bonus,16,EUR,84.625
2024-01-22,10115,Berlin,2000.0,Bonus,9,EUR,48.43
2024-01-22,10115,Berlin,2000.0,Bonus,13,EUR,48.6
2024-01-22,81539,München,2000.0,Bonus,11,EUR,48.93333333333334
2024-01-22,81539,München,2000.0,Bonus,13,EUR,49.20083333333333
2024-01-22,81539,München,2000.0,Bonus,38,EUR,57.314166666666665
2024-01-22,10115,Berlin,1000.0,Bonus,2,EUR,29.1675
2024-01-22,10115,Berlin,1000.0,Bonus,10,EUR,29.915833333333335
2024-01-22,10115,Berlin,1000.0,Bonus,32,EUR,33.9
2024-01-22,81539,München,1000.0,Bonus,40,EUR,34.324999999999996
2024-01-22,10115,Berlin,3000.0,Non-Bonus,18,EUR,82.80166666666666
2024-01-22,10115,Berlin,3000.0,Non-Bonus,40,EUR,89.52666666666666
2024-01-22,81539,München,3000.0,Non-Bonus,16,EUR,80.9675
2024-01-22,81539,München,3000.0,Non-Bonus,36,EUR,87.005
2024-01-22,10115,Berlin,1500.0,Bonus,18,EUR,40.766666666666666
2024-01-22,10115,Berlin,1500.0,Bonus,39,EUR,46.17083333333333
2024-01-22,81539,München,1500.0,Bonus,34,EUR,45.01
2024-01-22,81539,München,1500.0,Bonus,40,EUR,45.6875
2024-01-22,81539,München,1500.0,Bonus,42,EUR,45.91166666666667
2024-01-22,81539,München,5000.0,Non-Bonus,45,EUR,142.49083333333334
2024-01-22,10115,Berlin,2000.0,Non-Bonus,26,EUR,60.028333333333336
2024-01-22,81539,München,2000.0,Non-Bonus,25,EUR,59.20333333333334
2024-01-22,81539,München,2000.0,Non-Bonus,50,EUR,63.965
2024-01-22,10115,Berlin,3500.0,Non-Bonus,43,EUR,103.13083333333333
2024-01-22,10115,Berlin,4250.0,Non-Bonus,23,EUR,116.10416666666667
2024-01-22,10115,Berlin,4250.0,Non-Bonus,49,EUR,125.22583333333334
2024-01-22,81539,München,4250.0,Non-Bonus,33,EUR,117.835
2024-01-22,81539,München,2500.0,Non-Bonus,1,EUR,56.971666666666664
2024-01-22,81539,München,2500.0,Non-Bonus,10,EUR,68.29166666666667
2024-01-22,10115,Berlin,4000.0,Non-Bonus,12,EUR,104.91833333333334
2024-01-22,10115,Berlin,4000.0,Non-Bonus,35,EUR,115.04333333333334
2024-01-22,81539,München,4000.0,Non-Bonus,9,EUR,100.66666666666667
2024-01-22,81539,München,4000.0,Non-Bonus,32,EUR,111.42916666666667
2024-01-22,10115,Berlin,4500.0,Non-Bonus,7,EUR,114.00416666666666
2024-01-22,10115,Berlin,4500.0,Non-Bonus,40,EUR,130.185
2024-01-22,81539,München,4500.0,Non-Bonus,2,EUR,93.62333333333333
2024-01-22,81539,München,4500.0,Non-Bonus,15,EUR,117.33
2024-01-22,81539,München,4500.0,Non-Bonus,33,EUR,124.22833333333334
2024-01-22,10115,Berlin,500.0,Non-Bonus,27,EUR,23.3125
2024-01-22,10115,Berlin,500.0,Non-Bonus,36,EUR,24.02
2024-01-22,10115,Berlin,500.0,Non-Bonus,48,EUR,25.635
2024-01-22,81539,München,500.0,Non-Bonus,5,EUR,21.55666666666667
2024-01-22,81539,München,500.0,Non-Bonus,10,EUR,22.2
2024-01-22,81539,München,500.0,Non-Bonus,16,EUR,22.715833333333332
2024-01-22,81539,München,500.0,Non-Bonus,23,EUR,23.245833333333334
2024-01-22,10115,Berlin,500.0,Bonus,22,EUR,21.675
2024-01-22,10115,Berlin,500.0,Bonus,27,EUR,22.64
2024-01-22,81539,München,500.0,Bonus,44,EUR,24.578333333333333
2024-01-22,81539,München,500.0,Bonus,49,EUR,25.324166666666667
2024-01-22,81539,München,1500.0,Non-Bonus,49,EUR,50.72416666666667
2024-01-22,81539,München,1500.0,Non-Bonus,50,EUR,50.857499999999995
2024-01-22,10115,Berlin,1000.0,Non-Bonus,30,EUR,36.4
2024-01-22,81539,München,1000.0,Non-Bonus,36,EUR,36.527499999999996
2024-01-22,81539,München,1000.0,Non-Bonus,49,EUR,38.1225
2024-01-22,10115,Berlin,2500.0,Bonus,17,EUR,61.13666666666666
2024-01-22,10115,Berlin,2500.0,Bonus,24,EUR,61.91
2024-01-22,10115,Berlin,2500.0,Bonus,33,EUR,65.74666666666667
2024-01-22,81539,München,2500.0,Bonus,27,EUR,62.95083333333333
2024-01-22,81539,München,2500.0,Bonus,41,EUR,68.92083333333333
2024-01-22,10115,Berlin,4000.0,Bonus,12,EUR,95.63333333333333
2024-01-22,10115,Berlin,4000.0,Bonus,28,EUR,101.16000000000001
2024-01-22,10115,Berlin,4000.0,Bonus,32,EUR,102.00166666666667
2024-01-22,81539,München,4000.0,Bonus,40,EUR,103.13333333333333
2024-01-22,10115,Berlin,3000.0,Bonus,6,EUR,68.78750000000001
2024-01-22,10115,Berlin,3000.0,Bonus,9,EUR,71.8125
2024-01-22,10115,Berlin,3000.0,Bonus,17,EUR,72.52499999999999
2024-01-22,10115,Berlin,3000.0,Bonus,40,EUR,81.07583333333334
2024-01-22,10115,Berlin,4250.0,Bonus,7,EUR,100.34666666666668
2024-01-22,10115,Berlin,4250.0,Bonus,29,EUR,107.54333333333334
2024-01-22,10115,Berlin,4250.0,Bonus,36,EUR,109.58
2024-01-22,10115,Berlin,4250.0,Bonus,39,EUR,110.64083333333333
2024-01-22,10115,Berlin,4250.0,Bonus,44,EUR,112.72583333333334
2024-01-22,10115,Berlin,5000.0,Bonus,10,EUR,121.27499999999999
2024-01-22,81539,München,5000.0,Bonus,17,EUR,120.60833333333333
2024-01-22,81539,München,5000.0,Bonus,35,EUR,126.34249999999999
2024-01-22,81539,München,5000.0,Bonus,41,EUR,129.02083333333334
2024-01-22,81539,München,4500.0,Bonus,7,EUR,105.54583333333333
2024-01-22,81539,München,4500.0,Bonus,24,EUR,109.6375
2024-01-22,10115,Berlin,3500.0,Bonus,33,EUR,90.25166666666667
2024-01-22,10115,Berlin,3500.0,Bonus,45,EUR,93.78916666666667
2024-01-22,10115,Berlin,3500.0,Bonus,46,EUR,94.23833333333333
2024-01-22,10115,Berlin,3500.0,Bonus,49,EUR,94.74083333333334
2024-01-22,81539,München,3500.0,Bonus,35,EUR,89.44333333333333
2024-01-22,81539,München,3500.0,Bonus,41,EUR,91.89833333333333
2024-01-22,10115,Berlin,2000.0,Bonus,24,EUR,51.1225
2024-01-22,10115,Berlin,2000.0,Bonus,40,EUR,58.02333333333333
2024-01-22,10115,Berlin,2000.0,Bonus,48,EUR,58.88333333333333
2024-01-22,81539,München,2000.0,Bonus,9,EUR,48.7475
2024-01-22,81539,München,2000.0,Bonus,49,EUR,58.8675
2024-01-22,81539,München,1000.0,Bonus,10,EUR,29.625833333333333
2024-01-22,81539,München,1000.0,Bonus,26,EUR,33.1575
2024-01-22,81539,München,1000.0,Bonus,36,EUR,34.125
2024-01-22,10115,Berlin,1500.0,Bonus,32,EUR,45.39166666666667
2024-01-22,81539,München,1500.0,Bonus,24,EUR,41.52583333333333
2024-01-22,10115,Berlin,5000.0,Non-Bonus,5,EUR,123.5
2024-01-22,10115,Berlin,5000.0,Non-Bonus,21,EUR,135.3675
2024-01-22,10115,Berlin,5000.0,Non-Bonus,49,EUR,145.55583333333334
2024-01-22,81539,München,5000.0,Non-Bonus,14,EUR,128.49583333333334
2024-01-22,81539,München,5000.0,Non-Bonus,30,EUR,137.1175
2024-01-22,81539,München,5000.0,Non-Bonus,35,EUR,138.55583333333334
2024-01-22,81539,München,5000.0,Non-Bonus,46,EUR,142.92499999999998
2024-01-22,10115,Berlin,2000.0,Non-Bonus,24,EUR,59.800000000000004
2024-01-22,10115,Berlin,3500.0,Non-Bonus,27,EUR,99.06666666666666
2024-01-22,81539,München,3500.0,Non-Bonus,2,EUR,75.2975
2024-01-22,81539,München,3500.0,Non-Bonus,22,EUR,94.8175
2024-01-22,81539,München,3500.0,Non-Bonus,26,EUR,96.83833333333332
2024-01-22,81539,München,3500.0,Non-Bonus,31,EUR,98.65333333333332
2024-01-22,10115,Berlin,4250.0,Non-Bonus,8,EUR,107.77083333333333
2024-01-22,10115,Berlin,4250.0,Non-Bonus,17,EUR,114.33416666666666
2024-01-22,10115,Berlin,4250.0,Non-Bonus,36,EUR,121.98
2024-01-22,81539,München,4250.0,Non-Bonus,12,EUR,108.81833333333333
2024-01-22,10115,Berlin,2500.0,Non-Bonus,17,EUR,70.81
2024-01-22,10115,Berlin,2500.0,Non-Bonus,34,EUR,75.2225
2024-01-22,81539,München,2500.0,Non-Bonus,30,EUR,72.18916666666667
2024-01-22,81539,München,2500.0,Non-Bonus,46,EUR,76.27916666666667
2024-01-22,10115,Berlin,4000.0,Non-Bonus,20,EUR,108.30666666666667
2024-01-22,10115,Berlin,4000.0,Non-Bonus,42,EUR,116.645
2024-01-22,81539,München,4000.0,Non-Bonus,17,EUR,105.31666666666666
2024-01-22,81539,München,4000.0,Non-Bonus,39,EUR,113.59583333333335
2024-01-22,10115,Berlin,4500.0,Non-Bonus,1,EUR,93.71666666666665
2024-01-22,10115,Berlin,4500.0,Non-Bonus,18,EUR,120.9525
2024-01-22,10115,Berlin,4500.0,Non-Bonus,23,EUR,123.36916666666667
2024-01-22,10115,Berlin,4500.0,Non-Bonus,38,EUR,129.01416666666668
2024-01-22,10115,Berlin,4500.0,Non-Bonus,45,EUR,131.25083333333333
2024-01-22,81539,München,4500.0,Non-Bonus,18,EUR,118.335
2024-01-22,10115,Berlin,500.0,Non-Bonus,18,EUR,22.808333333333334
2024-01-22,10115,Berlin,500.0,Non-Bonus,45,EUR,25.125833333333333
2024-01-22,81539,München,500.0,Non-Bonus,49,EUR,26.98
2024-01-22,10115,Berlin,500.0,Bonus,15,EUR,20.733333333333334
2024-01-22,10115,Berlin,500.0,Bonus,30,EUR,22.768333333333334
2024-01-22,81539,München,500.0,Bonus,11,EUR,20.25916666666667
2024-01-22,81539,München,500.0,Bonus,12,EUR,20.319166666666668
2024-01-22,81539,München,500.0,Bonus,42,EUR,24.294166666666666
2024-01-22,10115,Berlin,1500.0,Non-Bonus,7,EUR,45.6675
2024-01-22,10115,Berlin,1500.0,Non-Bonus,48,EUR,50.5625
2024-01-22,81539,München,1500.0,Non-Bonus,33,EUR,48.862500000000004
2024-01-22,81539,München,1000.0,Non-Bonus,33,EUR,36.44833333333333
2024-01-22,10115,Berlin,2500.0,Bonus,10,EUR,59.67083333333333
2024-01-22,10115,Berlin,2500.0,Bonus,41,EUR,69.3125
2024-01-22,81539,München,2500.0,Bonus,8,EUR,58.3675
2024-01-22,81539,München,2500.0,Bonus,9,EUR,58.37416666666667
2024-01-22,81539,München,2500.0,Bonus,26,EUR,62.943333333333335
2024-01-22,81539,München,2500.0,Bonus,31,EUR,64.57000000000001
2024-01-22,81539,München,2500.0,Bonus,38,EUR,68.08333333333333
2024-01-22,81539,München,2500.0,Bonus,43,EUR,69.085
2024-01-22,81539,München,2500.0,Bonus,46,EUR,69.63250000000001
2024-01-22,10115,Berlin,4000.0,Bonus,47,EUR,106.98
2024-01-22,81539,München,4000.0,Bonus,38,EUR,101.53166666666668
2024-01-22,10115,Berlin,3000.0,Bonus,36,EUR,80.115
2024-01-22,81539,München,3000.0,Bonus,43,EUR,80.54916666666666
2024-01-22,10115,Berlin,4250.0,Bonus,25,EUR,106.235
2024-01-22,81539,München,4250.0,Bonus,8,EUR,99.93583333333333
2024-01-22,10115,Berlin,5000.0,Bonus,21,EUR,124.16666666666667
2024-01-22,10115,Berlin,5000.0,Bonus,39,EUR,129.665
2024-01-22,81539,München,5000.0,Bonus,12,EUR,119.875
2024-01-22,81539,München,5000.0,Bonus,25,EUR,122.38416666666666
2024-01-22,81539,München,5000.0,Bonus,36,EUR,127.50666666666666
2024-01-22,81539,München,5000.0,Bonus,47,EUR,130.7675
2024-01-22,81539,München,4500.0,Bonus,12,EUR,107.43583333333333
2024-01-22,81539,München,4500.0,Bonus,17,EUR,108.24666666666667
2024-01-22,81539,München,4500.0,Bonus,37,EUR,114.51916666666666
2024-01-22,10115,Berlin,3500.0,Bonus,25,EUR,88.15833333333335
2024-01-22,81539,München,3500.0,Bonus,3,EUR,75.2975
2024-01-22,81539,München,3500.0,Bonus,39,EUR,90.63416666666666
2024-01-22,81539,München,3500.0,Bonus,44,EUR,92.82
2024-01-22,10115,Berlin,1000.0,Bonus,3,EUR,29.4325
2024-01-22,10115,Berlin,3000.0,Non-Bonus,14,EUR,82.09166666666667
2024-01-22,81539,München,3000.0,Non-Bonus,44,EUR,88.9525
2024-01-22,10115,Berlin,1500.0,Bonus,17,EUR,40.75833333333333
2024-01-22,81539,München,1500.0,Bonus,5,EUR,9999.0
2024-01-22,10115,Berlin,5000.0,Non-Bonus,7,EUR,126.20833333333333
2024-01-22,10115,Berlin,5000.0,Non-Bonus,9,EUR,128.3925
2024-01-22,10115,Berlin,5000.0,Non-Bonus,24,EUR,137.385
2024-01-22,10115,Berlin,5000.0,Non-Bonus,26,EUR,138.75
2024-01-22,10115,Berlin,5000.0,Non-Bonus,41,EUR,143.49583333333334
2024-01-22,81539,München,5000.0,Non-Bonus,2,EUR,102.78666666666668
2024-01-22,81539,München,5000.0,Non-Bonus,8,EUR,123.34916666666668
2024-01-22,81539,München,5000.0,Non-Bonus,48,EUR,143.00833333333333
2024-01-22,10115,Berlin,2000.0,Non-Bonus,19,EUR,59.50666666666667
2024-01-22,81539,München,2000.0,Non-Bonus,17,EUR,57.94833333333333
2024-01-22,81539,München,2000.0,Non-Bonus,22,EUR,58.9
2024-01-22,81539,München,3500.0,Non-Bonus,33,EUR,98.7675
2024-01-22,81539,München,4250.0,Non-Bonus,14,EUR,111.32
2024-01-22,81539,München,4250.0,Non-Bonus,21,EUR,112.52416666666666
2024-01-22,81539,München,4250.0,Non-Bonus,24,EUR,114.48916666666666
2024-01-22,81539,München,4250.0,Non-Bonus,41,EUR,120.97500000000001
2024-01-22,10115,Berlin,2500.0,Non-Bonus,36,EUR,75.52499999999999
2024-01-22,81539,München,2500.0,Non-Bonus,20,EUR,69.8575
2024-01-22,10115,Berlin,4000.0,Non-Bonus,19,EUR,108.11666666666667
2024-01-22,10115,Berlin,4000.0,Non-Bonus,22,EUR,109.05666666666667
2024-01-22,81539,München,4000.0,Non-Bonus,20,EUR,106.01416666666667
2024-01-22,10115,Berlin,4500.0,Non-Bonus,21,EUR,122.52499999999999
2024-01-22,10115,Berlin,4500.0,Non-Bonus,41,EUR,130.1875
2024-01-22,81539,München,4500.0,Non-Bonus,4,EUR,107.41250000000001
2024-01-22,81539,München,4500.0,Non-Bonus,10,EUR,113.30666666666667
2024-01-22,10115,Berlin,500.0,Non-Bonus,28,EUR,23.383333333333336
2024-01-22,10115,Berlin,500.0,Non-Bonus,31,EUR,23.633333333333336
2024-01-22,10115,Berlin,500.0,Non-Bonus,40,EUR,24.3275
2024-01-22,81539,München,500.0,Non-Bonus,7,EUR,21.92833333333333
2024-01-22,81539,München,500.0,Non-Bonus,36,EUR,24.474999999999998
2024-01-22,81539,München,500.0,Non-Bonus,39,EUR,24.690833333333334
2024-01-22,10115,Berlin,500.0,Bonus,8,EUR,19.554166666666667
2024-01-22,10115,Berlin,500.0,Bonus,11,EUR,19.914166666666667
2024-01-22,81539,München,500.0,Bonus,45,EUR,24.660833333333333
2024-01-22,10115,Berlin,1500.0,Non-Bonus,9,EUR,45.939166666666665
2024-01-22,81539,München,1500.0,Non-Bonus,20,EUR,46.875
2024-01-22,10115,Berlin,1000.0,Non-Bonus,35,EUR,36.70166666666667
2024-01-22,81539,München,1000.0,Non-Bonus,47,EUR,37.69166666666667
2024-01-22,10115,Berlin,2500.0,Bonus,19,EUR,61.57416666666666
2024-01-22,10115,Berlin,2500.0,Bonus,48,EUR,70.77083333333333
2024-01-22,10115,Berlin,4000.0,Bonus,20,EUR,98.49916666666667
2024-01-22,10115,Berlin,4000.0,Bonus,41,EUR,104.73416666666667
2024-01-22,81539,München,4000.0,Bonus,48,EUR,106.46
2024-01-22,10115,Berlin,3000.0,Bonus,4,EUR,68.02916666666667
2024-01-22,10115,Berlin,3000.0,Bonus,13,EUR,72.38333333333334
2024-01-22,10115,Berlin,3000.0,Bonus,38,EUR,81.00833333333334
2024-01-22,10115,Berlin,4250.0,Bonus,31,EUR,107.6875
2024-01-22,81539,München,4250.0,Bonus,16,EUR,102.295
2024-01-22,10115,Berlin,5000.0,Bonus,16,EUR,122.98583333333333
2024-01-22,10115,Berlin,5000.0,Bonus,35,EUR,128.92249999999999
2024-01-22,81539,München,5000.0,Bonus,21,EUR,120.89916666666666
2024-01-22,81539,München,5000.0,Bonus,37,EUR,128.42083333333332
2024-01-22,10115,Berlin,4500.0,Bonus,39,EUR,117.12416666666667
2024-01-22,81539,München,4500.0,Bonus,27,EUR,110.3875
2024-01-22,10115,Berlin,3500.0,Bonus,1,EUR,75.81666666666666
2024-01-22,10115,Berlin,3500.0,Bonus,20,EUR,85.8975
2024-01-22,81539,München,2000.0,Bonus,42,EUR,57.69
2024-01-22,10115,Berlin,1000.0,Bonus,7,EUR,29.753333333333334
2024-01-22,81539,München,1000.0,Bonus,15,EUR,30.360833333333332
2024-01-22,81539,München,1000.0,Bonus,39,EUR,34.24166666666667
2024-01-22,10115,Berlin,3000.0,Non-Bonus,35,EUR,87.92583333333333
2024-01-22,10115,Berlin,3000.0,Non-Bonus,37,EUR,88.695
2024-01-22,81539,München,3000.0,Non-Bonus,24,EUR,83.55666666666666
2024-01-22,10115,Berlin,1500.0,Bonus,15,EUR,40.56
2024-01-22,10115,Berlin,1500.0,Bonus,45,EUR,46.585
2024-01-22,81539,München,1500.0,Bonus,1,EUR,36.685833333333335
2024-01-22,81539,München,1500.0,Bonus,13,EUR,40.01833333333334
2024-01-22,10115,Berlin,5000.0,Non-Bonus,46,EUR,144.975
2024-01-22,81539,München,5000.0,Non-Bonus,37,EUR,138.635
2024-01-22,81539,München,2000.0,Non-Bonus,19,EUR,58.865833333333335
2024-01-22,10115,Berlin,3500.0,Non-Bonus,26,EUR,98.73
2024-01-22,10115,Berlin,3500.0,Non-Bonus,30,EUR,99.55833333333334
2024-01-22,81539,München,3500.0,Non-Bonus,16,EUR,92.85000000000001
2024-01-22,10115,Berlin,2500.0,Non-Bonus,48,EUR,77.46083333333333
2024-01-22,10115,Berlin,2500.0,Non-Bonus,50,EUR,77.55083333333333
2024-01-22,81539,München,2500.0,Non-Bonus,14,EUR,69.18083333333333
2024-01-22,81539,München,2500.0,Non-Bonus,32,EUR,73.33333333333333
2024-01-22,10115,Berlin,4000.0,Non-Bonus,34,EUR,114.50333333333333
2024-01-22,10115,Berlin,4000.0,Non-Bonus,37,EUR,115.45166666666667
2024-01-22,10115,Berlin,4000.0,Non-Bonus,47,EUR,117.675
2024-01-22,10115,Berlin,4500.0,Non-Bonus,11,EUR,116.81333333333333
2024-01-22,10115,Berlin,4500.0,Non-Bonus,14,EUR,119.52083333333333
2024-01-22,10115,Berlin,4500.0,Non-Bonus,26,EUR,124.5
2024-01-22,81539,München,500.0,Bonus,1,EUR,18.017500000000002
2024-01-22,81539,München,500.0,Bonus,6,EUR,19.6775
2024-01-22,81539,München,500.0,Bonus,46,EUR,24.690833333333334
2024-01-22,10115,Berlin,1500.0,Non-Bonus,26,EUR,48.11166666666667
2024-01-22,81539,München,1500.0,Non-Bonus,2,EUR,38.685833333333335
2024-01-22,81539,München,1500.0,Non-Bonus,24,EUR,47.080000000000005
2024-01-22,81539,München,1500.0,Non-Bonus,26,EUR,47.63333333333333
2024-01-22,81539,München,1500.0,Non-Bonus,40,EUR,49.865833333333335
2024-01-22,81539,München,1500.0,Non-Bonus,47,EUR,50.656666666666666
2024-01-22,10115,Berlin,1000.0,Non-Bonus,15,EUR,34.4675
2024-01-22,10115,Berlin,2500.0,Bonus,18,EUR,61.18666666666667
2024-01-22,10115,Berlin,2500.0,Bonus,43,EUR,69.5
2024-01-22,10115,Berlin,4000.0,Bonus,30,EUR,101.875
2024-01-22,10115,Berlin,4000.0,Bonus,40,EUR,103.77999999999999
2024-01-22,10115,Berlin,4000.0,Bonus,43,EUR,104.91833333333334
2024-01-22,81539,München,4000.0,Bonus,44,EUR,104.87083333333334
2024-01-22,10115,Berlin,3000.0,Bonus,16,EUR,72.51833333333333
2024-01-22,10115,Berlin,3000.0,Bonus,22,EUR,73.77916666666667
2024-01-22,10115,Berlin,3000.0,Bonus,24,EUR,74.60583333333334
2024-01-22,10115,Berlin,3000.0,Bonus,46,EUR,82.09166666666667
2024-01-22,81539,München,3000.0,Bonus,35,EUR,79.39999999999999
2024-01-22,10115,Berlin,4250.0,Bonus,13,EUR,102.54416666666667
2024-01-22,81539,München,4250.0,Bonus,17,EUR,102.29916666666666
2024-01-22,81539,München,4250.0,Bonus,20,EUR,102.46083333333333
2024-01-22,81539,München,4250.0,Bonus,29,EUR,105.22666666666667
2024-01-22,10115,Berlin,5000.0,Bonus,48,EUR,132.98749999999998
2024-01-22,81539,München,5000.0,Bonus,1,EUR,98.92083333333333
2024-01-22,81539,München,4500.0,Bonus,11,EUR,107.43083333333334
2024-01-22,81539,München,4500.0,Bonus,25,EUR,109.99583333333334
2024-01-22,10115,Berlin,3500.0,Bonus,13,EUR,83.87083333333334
2024-01-22,10115,Berlin,3500.0,Bonus,15,EUR,84.585
2024-01-22,81539,München,3500.0,Bonus,19,EUR,83.905
2024-01-22,81539,München,3500.0,Bonus,27,EUR,86.43166666666667
2024-01-22,81539,München,3500.0,Bonus,30,EUR,87.8175
2024-01-22,10115,Berlin,1000.0,Bonus,1,EUR,29.122500000000002
2024-01-22,10115,Berlin,1000.0,Bonus,11,EUR,29.958333333333332
2024-01-22,10115,Berlin,1000.0,Bonus,46,EUR,35.358333333333334
2024-01-22,10115,Berlin,3000.0,Non-Bonus,9,EUR,81.1875
2024-01-22,81539,München,3000.0,Non-Bonus,19,EUR,81.4225
2024-01-22,81539,München,3000.0,Non-Bonus,26,EUR,83.73416666666667
2024-01-22,10115,Berlin,5000.0,Non-Bonus,43,EUR,144.025
2024-01-22,81539,München,5000.0,Non-Bonus,25,EUR,135.21916666666667
2024-01-22,81539,München,5000.0,Non-Bonus,28,EUR,136.75333333333333
2024-01-22,10115,Berlin,2000.0,Non-Bonus,11,EUR,58.044999999999995
2024-01-22,81539,München,2000.0,Non-Bonus,2,EUR,47.862500000000004
2024-01-22,81539,München,2000.0,Non-Bonus,20,EUR,58.865833333333335
2024-01-22,81539,München,2000.0,Non-Bonus,43,EUR,62.6775
2024-01-22,81539,München,2000.0,Non-Bonus,49,EUR,63.8375
2024-01-22,10115,Berlin,3500.0,Non-Bonus,20,EUR,95.68083333333334
2024-01-22,10115,Berlin,3500.0,Non-Bonus,40,EUR,102.63916666666667
2024-01-22,10115,Berlin,4250.0,Non-Bonus,1,EUR,89.64166666666667
2024-01-22,10115,Berlin,2500.0,Non-Bonus,45,EUR,76.96249999999999
2024-01-22,10115,Berlin,4000.0,Non-Bonus,13,EUR,105.915
2024-01-22,81539,München,4000.0,Non-Bonus,1,EUR,82.54166666666667
2024-01-22,81539,München,4000.0,Non-Bonus,2,EUR,84.46
2024-01-22,81539,München,4000.0,Non-Bonus,6,EUR,98.5825
2024-01-22,81539,München,4500.0,Non-Bonus,8,EUR,111.46583333333332
2024-01-22,10115,Berlin,500.0,Non-Bonus,37,EUR,24.043333333333333
2024-01-22,10115,Berlin,500.0,Non-Bonus,38,EUR,24.08
2024-01-22,81539,München,500.0,Non-Bonus,2,EUR,21.162499999999998
2024-01-22,81539,München,500.0,Non-Bonus,24,EUR,23.290833333333335
2024-01-22,81539,München,500.0,Non-Bonus,28,EUR,23.632499999999997
2024-01-22,10115,Berlin,500.0,Bonus,43,EUR,23.718333333333334
2024-01-22,81539,München,500.0,Bonus,27,EUR,22.645
2024-01-22,81539,München,500.0,Bonus,32,EUR,23.0175
2024-01-22,10115,Berlin,1500.0,Non-Bonus,31,EUR,49.074999999999996
2024-01-22,10115,Berlin,1500.0,Non-Bonus,46,EUR,50.487500000000004
2024-01-22,10115,Berlin,1500.0,Non-Bonus,50,EUR,50.919999999999995
2024-01-22,81539,München,1500.0,Non-Bonus,4,EUR,45.01
2024-01-22,10115,Berlin,1000.0,Non-Bonus,12,EUR,34.348333333333336
2024-01-22,81539,München,1000.0,Non-Bonus,23,EUR,35.24916666666667
2024-01-22,10115,Berlin,2500.0,Bonus,4,EUR,58.23416666666666
2024-01-22,10115,Berlin,2500.0,Bonus,9,EUR,59.62083333333334
2024-01-22,81539,München,2500.0,Bonus,40,EUR,68.64583333333333
2024-01-22,10115,Berlin,4000.0,Bonus,9,EUR,95.45
2024-01-22,81539,München,4000.0,Bonus,24,EUR,97.78583333333334
2024-01-22,10115,Berlin,3000.0,Bonus,25,EUR,74.7
2024-01-22,10115,Berlin,3000.0,Bonus,30,EUR,77.63333333333334
2024-01-22,10115,Berlin,3000.0,Bonus,45,EUR,82.09166666666667
2024-01-22,81539,München,3000.0,Bonus,17,EUR,71.30083333333333
2024-01-22,81539,München,3000.0,Bonus,27,EUR,75.605
2024-01-22,81539,München,3000.0,Bonus,28,EUR,76.09916666666668
2024-01-22,81539,München,3000.0,Bonus,49,EUR,82.20416666666667
2024-01-22,10115,Berlin,4250.0,Bonus,19,EUR,103.91916666666667
2024-01-22,10115,Berlin,4250.0,Bonus,40,EUR,110.64916666666666
2024-01-22,81539,München,4250.0,Bonus,26,EUR,103.80833333333334
2024-01-22,81539,München,4250.0,Bonus,36,EUR,108.02583333333332
2024-01-22,10115,Berlin,5000.0,Bonus,7,EUR,119.06166666666667
2024-01-22,10115,Berlin,5000.0,Bonus,20,EUR,124.0175
2024-01-22,81539,München,5000.0,Bonus,6,EUR,115.45416666666667
2024-01-22,81539,München,5000.0,Bonus,48,EUR,131.1825
2024-01-22,10115,Berlin,4500.0,Bonus,41,EUR,117.27749999999999
2024-01-22,10115,Berlin,4500.0,Bonus,48,EUR,119.52083333333333
2024-01-22,81539,München,4500.0,Bonus,23,EUR,109.14
2024-01-22,81539,München,4500.0,Bonus,33,EUR,112.95416666666667
2024-01-22,81539,München,4500.0,Bonus,47,EUR,118.395
2024-01-22,10115,Berlin,3500.0,Bonus,41,EUR,92.5025
2024-01-22,10115,Berlin,3500.0,Bonus,48,EUR,94.72083333333335
2024-01-22,81539,München,3500.0,Bonus,45,EUR,92.85000000000001
2024-01-22,10115,Berlin,2000.0,Bonus,39,EUR,57.9
2024-01-22,81539,München,2000.0,Bonus,6,EUR,47.884166666666665
2024-01-22,81539,München,2000.0,Bonus,12,EUR,49.192499999999995
2024-01-22,81539,München,2000.0,Bonus,18,EUR,50.053333333333335
2024-01-22,81539,München,2000.0,Bonus,47,EUR,58.865833333333335
2024-01-22,81539,München,1000.0,Bonus,31,EUR,33.670833333333334
2024-01-22,10115,Berlin,3000.0,Non-Bonus,36,EUR,88.52
2024-01-22,81539,München,3000.0,Non-Bonus,4,EUR,78.7
2024-01-22,81539,München,3000.0,Non-Bonus,14,EUR,80.54916666666666
2024-01-22,81539,München,3000.0,Non-Bonus,39,EUR,87.73916666666666
2024-01-22,10115,Berlin,1500.0,Bonus,9,EUR,39.3825
2024-01-22,10115,Berlin,1500.0,Bonus,13,EUR,40.266666666666666
2024-01-22,81539,München,1500.0,Bonus,32,EUR,44.9475
2024-01-22,81539,München,1500.0,Bonus,44,EUR,46.17583333333334
2024-01-22,81539,München,5000.0,Non-Bonus,27,EUR,135.77666666666667
2024-01-22,81539,München,5000.0,Non-Bonus,43,EUR,141.1275
2024-01-22,81539,München,2000.0,Non-Bonus,35,EUR,61.693333333333335
2024-01-22,81539,München,2000.0,Non-Bonus,37,EUR,61.73
2024-01-22,81539,München,3500.0,Non-Bonus,43,EUR,101.24000000000001
2024-01-22,10115,Berlin,4250.0,Non-Bonus,16,EUR,113.74666666666667
2024-01-22,81539,München,4250.0,Non-Bonus,23,EUR,113.67750000000001
2024-01-22,81539,München,4250.0,Non-Bonus,46,EUR,122.79916666666666
2024-01-22,81539,München,2500.0,Non-Bonus,7,EUR,67.91166666666668
2024-01-22,81539,München,2500.0,Non-Bonus,43,EUR,75.7525
2024-01-22,10115,Berlin,4000.0,Non-Bonus,5,EUR,100.06666666666666
2024-01-22,10115,Berlin,4000.0,Non-Bonus,32,EUR,113.67750000000001
2024-01-22,81539,München,4000.0,Non-Bonus,29,EUR,111.08416666666666
2024-01-22,10115,Berlin,4500.0,Non-Bonus,5,EUR,111.5125
2024-01-22,10115,Berlin,4500.0,Non-Bonus,17,EUR,120.55166666666666
2024-01-22,81539,München,4500.0,Non-Bonus,25,EUR,120.76416666666667
2024-01-22,81539,München,4500.0,Non-Bonus,30,EUR,124.09166666666665
2024-01-22,10115,Berlin,500.0,Non-Bonus,2,EUR,20.911666666666665
2024-01-22,10115,Berlin,500.0,Non-Bonus,6,EUR,21.3125
2024-01-22,10115,Berlin,500.0,Non-Bonus,35,EUR,23.72083333333333
2024-01-22,10115,Berlin,500.0,Non-Bonus,42,EUR,24.5325
2024-01-22,10115,Berlin,500.0,Non-Bonus,44,EUR,24.900000000000002
2024-01-22,81539,München,500.0,Non-Bonus,31,EUR,23.930000000000003
2024-01-22,10115,Berlin,500.0,Bonus,40,EUR,23.383333333333336
2024-01-22,81539,München,500.0,Bonus,2,EUR,19.285833333333333
2024-01-22,10115,Berlin,1500.0,Non-Bonus,19,EUR,47.1675
2024-01-22,10115,Berlin,1500.0,Non-Bonus,35,EUR,49.81666666666666
2024-01-22,10115,Berlin,1500.0,Non-Bonus,41,EUR,50.237500000000004
2024-01-22,81539,München,1500.0,Non-Bonus,15,EUR,46.225833333333334
2024-01-22,10115,Berlin,1000.0,Non-Bonus,3,EUR,32.77833333333333
2024-01-22,10115,Berlin,1000.0,Non-Bonus,22,EUR,35.358333333333334
2024-01-22,10115,Berlin,1000.0,Non-Bonus,47,EUR,37.541666666666664
2024-01-22,81539,München,1000.0,Non-Bonus,2,EUR,29.50916666666667
2024-01-22,81539,München,1000.0,Non-Bonus,24,EUR,35.24916666666667
2024-01-22,10115,Berlin,2500.0,Bonus,23,EUR,61.869166666666665
2024-01-22,81539,München,2500.0,Bonus,32,EUR,65.07916666666667
2024-01-22,81539,München,2500.0,Bonus,47,EUR,69.8575
2024-01-22,10115,Berlin,4000.0,Bonus,36,EUR,103.07083333333333
2024-01-22,10115,Berlin,4000.0,Bonus,44,EUR,105.915
2024-01-22,81539,München,4000.0,Bonus,25,EUR,97.99916666666667
2024-01-22,81539,München,3000.0,Bonus,12,EUR,70.90833333333333
2024-01-22,81539,München,4250.0,Bonus,19,EUR,102.42416666666666
2024-01-22,10115,Berlin,5000.0,Bonus,4,EUR,117.9375
2024-01-22,10115,Berlin,5000.0,Bonus,17,EUR,123.27166666666666
2024-01-22,81539,München,5000.0,Bonus,23,EUR,121.0425
2024-01-22,81539,München,5000.0,Bonus,27,EUR,123.34916666666668
2024-01-22,10115,Berlin,4500.0,Bonus,44,EUR,119.21916666666668
2024-01-22,81539,München,4500.0,Bonus,19,EUR,108.40666666666668
2024-01-22,10115,Berlin,3500.0,Bonus,6,EUR,79.185
2024-01-22,10115,Berlin,3500.0,Bonus,36,EUR,91.34583333333335
2024-01-22,10115,Berlin,2000.0,Bonus,47,EUR,58.76833333333334
2024-01-22,81539,München,2000.0,Bonus,22,EUR,50.659166666666664
2024-01-22,81539,München,2000.0,Bonus,50,EUR,58.93333333333334
2024-01-22,10115,Berlin,1000.0,Bonus,47,EUR,35.358333333333334
2024-01-22,81539,München,1000.0,Bonus,49,EUR,35.45666666666667
2024-01-22,10115,Berlin,3000.0,Non-Bonus,13,EUR,82.09166666666667
2024-01-22,10115,Berlin,3000.0,Non-Bonus,16,EUR,82.56083333333333
2024-01-22,81539,München,3000.0,Non-Bonus,3,EUR,66.215
2024-01-22,81539,München,3000.0,Non-Bonus,8,EUR,79.53750000000001
2024-01-22,10115,Berlin,1500.0,Bonus,16,EUR,40.75416666666667
2024-01-22,10115,Berlin,1500.0,Bonus,36,EUR,45.784166666666664
2024-01-22,81539,München,1500.0,Bonus,22,EUR,41.02833333333333
2024-01-22,81539,München,1500.0,Bonus,45,EUR,46.225833333333334
2024-01-22,10115,Berlin,5000.0,Non-Bonus,6,EUR,124.16666666666667
2024-01-22,10115,Berlin,5000.0,Non-Bonus,15,EUR,132.31333333333333
2024-01-22,10115,Berlin,5000.0,Non-Bonus,20,EUR,133.83166666666668
2024-01-22,10115,Berlin,5000.0,Non-Bonus,31,EUR,140.48666666666665
2024-01-22,10115,Berlin,5000.0,Non-Bonus,33,EUR,141.49333333333334
2024-01-22,10115,Berlin,5000.0,Non-Bonus,44,EUR,144.5925
2024-01-22,81539,München,5000.0,Non-Bonus,12,EUR,126.11
2024-01-22,10115,Berlin,2000.0,Non-Bonus,13,EUR,58.315
2024-01-22,10115,Berlin,2000.0,Non-Bonus,18,EUR,59.24583333333334
2024-01-22,81539,München,2000.0,Non-Bonus,29,EUR,60.29083333333333
2024-01-22,81539,München,2000.0,Non-Bonus,32,EUR,61.23666666666667
2024-01-22,81539,München,2000.0,Non-Bonus,38,EUR,61.76916666666667
2024-01-22,10115,Berlin,3500.0,Non-Bonus,4,EUR,89.6125
2024-01-22,10115,Berlin,3500.0,Non-Bonus,16,EUR,94.74083333333334
2024-01-22,10115,Berlin,3500.0,Non-Bonus,25,EUR,97.96833333333332
2024-01-22,10115,Berlin,3500.0,Non-Bonus,29,EUR,99.3175
2024-01-22,10115,Berlin,3500.0,Non-Bonus,49,EUR,104.22833333333334
2024-01-22,81539,München,3500.0,Non-Bonus,9,EUR,89.81583333333333
2024-01-22,81539,München,3500.0,Non-Bonus,28,EUR,97.73833333333333
2024-01-22,10115,Berlin,4250.0,Non-Bonus,5,EUR,105.69583333333333
2024-01-22,10115,Berlin,2500.0,Non-Bonus,8,EUR,69.3125
2024-01-22,10115,Berlin,2500.0,Non-Bonus,25,EUR,72.46083333333333
2024-01-22,10115,Berlin,2500.0,Non-Bonus,32,EUR,74.33333333333333
2024-01-22,81539,München,2500.0,Non-Bonus,6,EUR,67.89
2024-01-22,10115,Berlin,4000.0,Non-Bonus,43,EUR,116.87666666666667
2024-01-22,81539,München,4000.0,Non-Bonus,50,EUR,116.5625
2024-01-22,10115,Berlin,4500.0,Non-Bonus,39,EUR,130.15916666666666
2024-01-22,81539,München,4500.0,Non-Bonus,23,EUR,120.28750000000001
2024-01-22,81539,München,4500.0,Non-Bonus,26,EUR,121.895
2024-01-22,10115,Berlin,500.0,Bonus,44,EUR,23.72083333333333
2024-01-22,81539,München,500.0,Bonus,21,EUR,21.564166666666665
2024-01-22,10115,Berlin,1500.0,Non-Bonus,27,EUR,48.520833333333336
2024-01-22,81539,München,1500.0,Non-Bonus,3,EUR,40.875
2024-01-22,81539,München,1500.0,Non-Bonus,42,EUR,49.98
2024-01-22,81539,München,1500.0,Non-Bonus,43,EUR,50.096666666666664
2024-01-22,10115,Berlin,1000.0,Non-Bonus,34,EUR,36.69166666666667
2024-01-22,10115,Berlin,1000.0,Non-Bonus,50,EUR,38.05166666666667
2024-01-22,10115,Berlin,2500.0,Bonus,5,EUR,58.84583333333333
2024-01-22,10115,Berlin,2500.0,Bonus,36,EUR,67.7275
2024-01-22,10115,Berlin,4000.0,Bonus,5,EUR,91.81333333333333
2024-01-22,10115,Berlin,4000.0,Bonus,15,EUR,97.26666666666667
2024-01-22,10115,Berlin,4000.0,Bonus,45,EUR,105.9925
2024-01-22,10115,Berlin,3000.0,Bonus,7,EUR,68.80416666666666
2024-01-22,81539,München,3000.0,Bonus,21,EUR,72.23333333333333
2024-01-22,10115,Berlin,4250.0,Bonus,38,EUR,110.4525
2024-01-22,81539,München,4250.0,Bonus,37,EUR,108.21416666666666
2024-01-22,81539,München,4250.0,Bonus,41,EUR,110.52499999999999
2024-01-22,10115,Berlin,5000.0,Bonus,19,EUR,123.90583333333332
2024-01-22,10115,Berlin,5000.0,Bonus,38,EUR,129.44166666666666
2024-01-22,10115,Berlin,5000.0,Bonus,41,EUR,131.14833333333334
2024-01-22,10115,Berlin,5000.0,Bonus,43,EUR,131.45833333333334
2024-01-22,81539,München,5000.0,Bonus,18,EUR,120.77499999999999
2024-01-22,10115,Berlin,4500.0,Bonus,25,EUR,112.58416666666666
2024-01-22,81539,München,4500.0,Bonus,29,EUR,111.42416666666666
2024-01-22,81539,München,4500.0,Bonus,30,EUR,111.46583333333332
2024-01-22,81539,München,4500.0,Bonus,31,EUR,111.59166666666665
2024-01-22,10115,Berlin,3500.0,Bonus,27,EUR,88.9875
2024-01-22,10115,Berlin,2000.0,Bonus,14,EUR,48.949999999999996
2024-01-22,10115,Berlin,2000.0,Bonus,15,EUR,48.95083333333333
2024-01-22,10115,Berlin,2000.0,Bonus,26,EUR,52.125
2024-01-22,81539,München,2000.0,Bonus,4,EUR,47.800000000000004
2024-01-22,81539,München,2000.0,Bonus,31,EUR,56.12416666666667
2024-01-22,81539,München,2000.0,Bonus,48,EUR,58.865833333333335
2024-01-22,81539,München,1000.0,Bonus,12,EUR,29.775000000000002
2024-01-22,10115,Berlin,3000.0,Non-Bonus,32,EUR,86.78750000000001
2024-01-22,10115,Berlin,3000.0,Non-Bonus,44,EUR,90.25999999999999
2024-01-22,81539,München,3000.0,Non-Bonus,2,EUR,66.13416666666667
2024-01-22,10115,Berlin,1500.0,Bonus,6,EUR,39.236666666666665
2024-01-22,10115,Berlin,1500.0,Bonus,14,EUR,40.48166666666666
2024-01-22,10115,Berlin,1500.0,Bonus,49,EUR,46.9625
2024-01-22,81539,München,5000.0,Non-Bonus,7,EUR,123.2325
2024-01-22,81539,München,5000.0,Non-Bonus,40,EUR,140.71083333333334
2024-01-22,10115,Berlin,3500.0,Non-Bonus,44,EUR,103.56833333333333
2024-01-22,81539,München,3500.0,Non-Bonus,4,EUR,87.62916666666666
2024-01-22,81539,München,3500.0,Non-Bonus,5,EUR,89.37416666666667
2024-01-22,81539,München,3500.0,Non-Bonus,23,EUR,94.95
2024-01-22,10115,Berlin,4250.0,Non-Bonus,6,EUR,106.425
2024-01-22,10115,Berlin,2500.0,Non-Bonus,19,EUR,71.08333333333333
2024-01-22,81539,München,2500.0,Non-Bonus,26,EUR,71.39083333333333
2024-01-22,10115,Berlin,4000.0,Non-Bonus,23,EUR,109.68333333333334
2024-01-22,10115,Berlin,4000.0,Non-Bonus,38,EUR,115.455
2024-01-22,81539,München,4000.0,Non-Bonus,19,EUR,105.86833333333334
2024-01-22,81539,München,4000.0,Non-Bonus,47,EUR,116.31666666666666
2024-01-22,10115,Berlin,4500.0,Non-Bonus,12,EUR,117.59166666666665
2024-01-22,10115,Berlin,4500.0,Non-Bonus,29,EUR,126.03583333333334
2024-01-22,10115,Berlin,500.0,Non-Bonus,21,EUR,23.040000000000003
2024-01-22,10115,Berlin,500.0,Non-Bonus,22,EUR,23.09583333333333
2024-01-22,10115,Berlin,500.0,Bonus,12,EUR,19.966666666666665
2024-01-22,10115,Berlin,500.0,Bonus,34,EUR,23.040000000000003
2024-01-22,10115,Berlin,500.0,Bonus,48,EUR,24.41
2024-01-22,81539,München,500.0,Bonus,13,EUR,20.340833333333332
2024-01-22,81539,München,500.0,Bonus,48,EUR,25.168333333333333
2024-01-22,10115,Berlin,1500.0,Non-Bonus,6,EUR,45.6675
2024-01-22,10115,Berlin,1500.0,Non-Bonus,33,EUR,49.45916666666667
2024-01-22,81539,München,1500.0,Non-Bonus,8,EUR,45.20416666666667
2024-01-22,81539,München,1500.0,Non-Bonus,14,EUR,45.82
2024-01-22,81539,München,1500.0,Non-Bonus,22,EUR,47.06166666666667
2024-01-22,81539,München,1000.0,Non-Bonus,26,EUR,35.91583333333333
2024-01-22,81539,München,1000.0,Non-Bonus,35,EUR,36.49333333333333
2024-01-22,10115,Berlin,2500.0,Bonus,32,EUR,65.59166666666667
2024-01-22,10115,Berlin,2500.0,Bonus,49,EUR,70.81
2024-01-22,10115,Berlin,4000.0,Bonus,2,EUR,86.56333333333333
2024-01-22,10115,Berlin,4000.0,Bonus,6,EUR,92.27666666666666
2024-01-22,10115,Berlin,4000.0,Bonus,13,EUR,95.77583333333332
2024-01-22,10115,Berlin,4000.0,Bonus,24,EUR,99.47833333333334
2024-01-22,10115,Berlin,4000.0,Bonus,33,EUR,102.29583333333333
2024-01-22,81539,München,4000.0,Bonus,19,EUR,96.21
2024-01-22,81539,München,4000.0,Bonus,46,EUR,105.86833333333334
2024-01-22,10115,Berlin,3000.0,Bonus,11,EUR,71.99166666666666
2024-01-22,81539,München,3000.0,Bonus,20,EUR,71.82916666666667
2024-01-22,81539,München,3000.0,Bonus,45,EUR,80.735
2024-01-22,10115,Berlin,4250.0,Bonus,20,EUR,104.85083333333334
2024-01-22,81539,München,4250.0,Bonus,5,EUR,9999.0
2024-01-22,10115,Berlin,5000.0,Bonus,25,EUR,126.20833333333333
2024-01-22,10115,Berlin,5000.0,Bonus,28,EUR,127.21583333333332
2024-01-22,81539,München,5000.0,Bonus,14,EUR,120.29166666666667
2024-01-22,10115,Berlin,3500.0,Bonus,21,EUR,85.96416666666666
2024-01-22,10115,Berlin,2000.0,Bonus,34,EUR,56.949999999999996
2024-01-22,81539,München,2000.0,Bonus,17,EUR,49.53333333333333
2024-01-22,81539,München,2000.0,Bonus,20,EUR,50.21416666666667
2024-01-22,81539,München,1000.0,Bonus,32,EUR,33.69166666666667
2024-01-22,81539,München,1000.0,Bonus,47,EUR,35.24916666666667
2024-01-22,10115,Berlin,3000.0,Non-Bonus,7,EUR,81.00833333333334
2024-01-22,10115,Berlin,3000.0,Non-Bonus,10,EUR,81.2
2024-01-22,10115,Berlin,3000.0,Non-Bonus,17,EUR,82.80166666666666
2024-01-22,10115,Berlin,3000.0,Non-Bonus,30,EUR,86.02916666666665
2024-01-22,10115,Berlin,3000.0,Non-Bonus,34,EUR,87.63916666666667
2024-01-22,81539,München,3000.0,Non-Bonus,7,EUR,79.4025
2024-01-22,81539,München,3000.0,Non-Bonus,35,EUR,86.87
2024-01-22,10115,Berlin,1500.0,Bonus,1,EUR,38.3425
2024-01-22,10115,Berlin,1500.0,Bonus,10,EUR,39.44583333333333
2024-01-22,81539,München,5000.0,Non-Bonus,6,EUR,120.89916666666666
2024-01-22,10115,Berlin,2000.0,Non-Bonus,9,EUR,58.02333333333333
2024-01-22,10115,Berlin,2000.0,Non-Bonus,16,EUR,58.76833333333334
2024-01-22,10115,Berlin,2000.0,Non-Bonus,17,EUR,58.88333333333333
2024-01-22,81539,München,2000.0,Non-Bonus,1,EUR,47.80833333333334
2024-01-22,81539,München,2000.0,Non-Bonus,4,EUR,56.15
2024-01-22,81539,München,2000.0,Non-Bonus,18,EUR,58.01666666666667
2024-01-22,81539,München,3500.0,Non-Bonus,35,EUR,99.6425
2024-01-22,10115,Berlin,4250.0,Non-Bonus,32,EUR,120.1875
2024-01-22,10115,Berlin,4250.0,Non-Bonus,35,EUR,121.61583333333334
2024-01-22,10115,Berlin,4250.0,Non-Bonus,42,EUR,123.40166666666666
2024-01-22,10115,Berlin,4250.0,Non-Bonus,48,EUR,124.605
2024-01-22,81539,München,4250.0,Non-Bonus,16,EUR,111.38916666666667
2024-01-22,81539,München,2500.0,Non-Bonus,3,EUR,57.541666666666664
2024-01-22,10115,Berlin,4000.0,Non-Bonus,15,EUR,107.5575
2024-01-22,81539,München,4000.0,Non-Bonus,37,EUR,113.1475
2024-01-22,10115,Berlin,4500.0,Non-Bonus,8,EUR,114.08333333333333
2024-01-22,81539,München,4500.0,Non-Bonus,12,EUR,114.5825
2024-01-22,81539,München,500.0,Non-Bonus,1,EUR,20.319166666666668
2024-01-22,81539,München,500.0,Non-Bonus,43,EUR,25.375833333333333
2024-01-22,10115,Berlin,500.0,Bonus,2,EUR,19.095833333333335
2024-01-22,10115,Berlin,500.0,Bonus,9,EUR,19.583333333333332
2024-01-22,10115,Berlin,500.0,Bonus,28,EUR,22.641666666666666
2024-01-22,10115,Berlin,500.0,Bonus,45,EUR,24.043333333333333
2024-01-22,10115,Berlin,500.0,Bonus,49,EUR,24.419166666666666
2024-01-22,81539,München,500.0,Bonus,31,EUR,23.006666666666664
2024-01-22,10115,Berlin,1500.0,Non-Bonus,13,EUR,46.692499999999995
2024-01-22,81539,München,1500.0,Non-Bonus,1,EUR,38.645
2024-01-22,81539,München,1500.0,Non-Bonus,17,EUR,46.5875
2024-01-22,81539,München,1500.0,Non-Bonus,19,EUR,46.725833333333334
2024-01-22,81539,München,1500.0,Non-Bonus,36,EUR,49.46666666666667
2024-01-22,81539,München,1500.0,Non-Bonus,44,EUR,50.18333333333334
2024-01-22,10115,Berlin,1000.0,Non-Bonus,9,EUR,33.79833333333333
2024-01-22,10115,Berlin,1000.0,Non-Bonus,24,EUR,35.56333333333333
2024-01-22,81539,München,1000.0,Non-Bonus,5,EUR,33.18333333333333
2024-01-22,81539,München,1000.0,Non-Bonus,28,EUR,35.99666666666666
2024-01-22,81539,München,1000.0,Non-Bonus,43,EUR,37.39416666666667
2024-01-22,10115,Berlin,2500.0,Bonus,13,EUR,60.270833333333336
2024-01-22,10115,Berlin,2500.0,Bonus,50,EUR,70.88416666666667
2024-01-22,81539,München,2500.0,Bonus,1,EUR,55.038333333333334
2024-01-22,81539,München,2500.0,Bonus,6,EUR,57.350833333333334
2024-01-22,10115,Berlin,4000.0,Bonus,39,EUR,103.63916666666667
2024-01-22,10115,Berlin,3000.0,Bonus,48,EUR,82.21916666666667
2024-01-22,81539,München,3000.0,Bonus,13,EUR,70.9825
2024-01-22,81539,München,3000.0,Bonus,44,EUR,80.72083333333333
2024-01-22,10115,Berlin,4250.0,Bonus,45,EUR,112.95166666666667
2024-01-22,81539,München,4250.0,Bonus,22,EUR,103.46333333333332
2024-01-22,10115,Berlin,5000.0,Bonus,1,EUR,103.14166666666667
2024-01-22,10115,Berlin,5000.0,Bonus,3,EUR,105.84333333333332
2024-01-22,10115,Berlin,5000.0,Bonus,11,EUR,122.14
2024-01-22,81539,München,5000.0,Bonus,40,EUR,128.6825
2024-01-22,10115,Berlin,4500.0,Bonus,12,EUR,109.37083333333334
2024-01-22,10115,Berlin,4500.0,Bonus,14,EUR,110.03333333333335
2024-01-22,10115,Berlin,4500.0,Bonus,42,EUR,117.59166666666665
2024-01-22,81539,München,4500.0,Bonus,15,EUR,107.62083333333334
2024-01-22,81539,München,4500.0,Bonus,16,EUR,108.10083333333334
2024-01-22,81539,München,4500.0,Bonus,44,EUR,117.06666666666666
2024-01-22,10115,Berlin,3500.0,Bonus,9,EUR,83.08749999999999
2024-01-22,81539,München,3500.0,Bonus,2,EUR,74.20833333333333
2024-01-22,81539,München,3500.0,Bonus,7,EUR,79.39083333333333
2024-01-22,81539,München,3500.0,Bonus,9,EUR,82.19333333333334
2024-01-22,81539,München,3500.0,Bonus,38,EUR,89.94583333333333
2024-01-22,10115,Berlin,2000.0,Bonus,1,EUR,47.324999999999996
2024-01-22,10115,Berlin,2000.0,Bonus,37,EUR,57.4175
2024-01-22,10115,Berlin,2000.0,Bonus,44,EUR,58.39166666666667
2024-01-22,10115,Berlin,2000.0,Bonus,49,EUR,59.24583333333334
2024-01-22,10115,Berlin,1000.0,Bonus,17,EUR,31.501666666666665
2024-01-22,10115,Berlin,1000.0,Bonus,44,EUR,35.324999999999996
2024-01-22,81539,München,1000.0,Bonus,38,EUR,34.2125
2024-01-22,81539,München,3000.0,Non-Bonus,5,EUR,79.24416666666666
2024-01-22,81539,München,3000.0,Non-Bonus,17,EUR,81.2675
2024-01-22,10115,Berlin,1500.0,Bonus,8,EUR,39.27916666666667
2024-01-22,10115,Berlin,1500.0,Bonus,37,EUR,45.939166666666665
2024-01-22,81539,München,1500.0,Bonus,17,EUR,40.795833333333334
2024-01-22,10115,Berlin,5000.0,Non-Bonus,1,EUR,103.14166666666667
2024-01-22,81539,München,5000.0,Non-Bonus,4,EUR,117.79166666666667
2024-01-22,81539,München,5000.0,Non-Bonus,41,EUR,140.82
2024-01-22,81539,München,2000.0,Non-Bonus,11,EUR,57.225
2024-01-22,10115,Berlin,3500.0,Non-Bonus,5,EUR,91.34583333333335
2024-01-22,10115,Berlin,3500.0,Non-Bonus,14,EUR,93.66333333333334
2024-01-22,10115,Berlin,3500.0,Non-Bonus,32,EUR,100.55416666666667
2024-01-22,81539,München,3500.0,Non-Bonus,1,EUR,74.20833333333333
2024-01-22,81539,München,3500.0,Non-Bonus,8,EUR,89.81583333333333
2024-01-22,81539,München,4250.0,Non-Bonus,9,EUR,107.62916666666666
2024-01-22,10115,Berlin,2500.0,Non-Bonus,13,EUR,70.34416666666667
2024-01-22,81539,München,2500.0,Non-Bonus,42,EUR,75.21833333333333
2024-01-22,10115,Berlin,4000.0,Non-Bonus,2,EUR,86.675
2024-01-22,10115,Berlin,4000.0,Non-Bonus,17,EUR,107.99583333333334
2024-01-22,81539,München,4000.0,Non-Bonus,30,EUR,111.14583333333333
2024-01-22,10115,Berlin,4500.0,Non-Bonus,10,EUR,116.56333333333333
2024-01-22,10115,Berlin,4500.0,Non-Bonus,20,EUR,121.44416666666666
2024-01-22,10115,Berlin,4500.0,Non-Bonus,48,EUR,132.03333333333333
2024-01-22,10115,Berlin,500.0,Non-Bonus,12,EUR,22.11916666666667
2024-01-22,81539,München,500.0,Bonus,22,EUR,21.92833333333333
2024-01-22,10115,Berlin,1500.0,Non-Bonus,3,EUR,42.2425
2024-01-22,10115,Berlin,1500.0,Non-Bonus,4,EUR,45.4725
2024-01-22,10115,Berlin,1000.0,Non-Bonus,33,EUR,36.63333333333333
2024-01-22,10115,Berlin,1000.0,Non-Bonus,48,EUR,37.58083333333334
2024-01-22,81539,München,1000.0,Non-Bonus,4,EUR,33.18333333333333
2024-01-22,81539,München,1000.0,Non-Bonus,9,EUR,33.69166666666667
2024-01-22,81539,München,1000.0,Non-Bonus,21,EUR,34.90083333333333
2024-01-22,10115,Berlin,2500.0,Bonus,42,EUR,69.41583333333334
2024-01-22,81539,München,2500.0,Bonus,5,EUR,9999.0
2024-01-22,81539,München,2500.0,Bonus,17,EUR,59.81
2024-01-22,81539,München,4000.0,Bonus,11,EUR,95.23083333333334
2024-01-22,81539,München,4000.0,Bonus,18,EUR,96.10000000000001
2024-01-22,10115,Berlin,3000.0,Bonus,34,EUR,79.085
2024-01-22,10115,Berlin,3000.0,Bonus,42,EUR,81.2175
2024-01-22,10115,Berlin,3000.0,Bonus,47,EUR,82.13333333333334
2024-01-22,81539,München,3000.0,Bonus,3,EUR,66.13416666666667
2024-01-22,10115,Berlin,4250.0,Bonus,50,EUR,114.44
2024-01-22,81539,München,4250.0,Bonus,13,EUR,101.79416666666667
2024-01-22,81539,München,4250.0,Bonus,14,EUR,101.83333333333333
2024-01-22,81539,München,4250.0,Bonus,24,EUR,103.60666666666667
2024-01-22,81539,München,4250.0,Bonus,47,EUR,112.11833333333334
2024-01-22,10115,Berlin,5000.0,Bonus,18,EUR,123.5
2024-01-22,10115,Berlin,5000.0,Bonus,27,EUR,126.50583333333333
2024-01-22,81539,München,5000.0,Bonus,9,EUR,117.88916666666667
2024-01-22,81539,München,5000.0,Bonus,26,EUR,123.2325
2024-01-22,81539,München,5000.0,Bonus,38,EUR,128.47583333333333
2024-01-22,10115,Berlin,4500.0,Bonus,13,EUR,109.53750000000001
2024-01-22,10115,Berlin,4500.0,Bonus,33,EUR,115.60416666666667
2024-01-22,81539,München,4500.0,Bonus,48,EUR,118.58833333333332
2024-01-22,10115,Berlin,3500.0,Bonus,50,EUR,95.61916666666667
2024-01-22,81539,München,3500.0,Bonus,18,EUR,83.74416666666666
2024-01-22,81539,München,3500.0,Bonus,37,EUR,89.81583333333333
2024-01-22,81539,München,3500.0,Bonus,40,EUR,91.02499999999999
2024-01-22,81539,München,2000.0,Bonus,25,EUR,52.369166666666665
2024-01-22,81539,München,2000.0,Bonus,33,EUR,56.612500000000004
2024-01-22,81539,München,2000.0,Bonus,43,EUR,57.91583333333333
2024-01-22,10115,Berlin,1000.0,Bonus,5,EUR,29.69333333333333
2024-01-22,10115,Berlin,1000.0,Bonus,19,EUR,31.691666666666666
2024-01-22,10115,Berlin,1000.0,Bonus,39,EUR,34.4675
2024-01-22,10115,Berlin,1000.0,Bonus,48,EUR,35.56333333333333
2024-01-22,81539,München,1000.0,Bonus,1,EUR,29.016666666666666
2024-01-22,81539,München,1000.0,Bonus,2,EUR,29.35166666666667
2024-01-22,10115,Berlin,1500.0,Bonus,11,EUR,39.4575
2024-01-22,10115,Berlin,1500.0,Bonus,35,EUR,45.58833333333333
2024-01-22,10115,Berlin,1500.0,Bonus,46,EUR,46.62833333333333
2024-01-22,10115,Berlin,5000.0,Non-Bonus,17,EUR,132.98749999999998
2024-01-22,10115,Berlin,5000.0,Non-Bonus,37,EUR,143.24166666666667
2024-01-22,81539,München,5000.0,Non-Bonus,10,EUR,125.41666666666667
2024-01-22,81539,München,5000.0,Non-Bonus,19,EUR,130.71666666666667
2024-01-22,81539,München,5000.0,Non-Bonus,20,EUR,130.7675
2024-01-22,10115,Berlin,2000.0,Non-Bonus,12,EUR,58.29
2024-01-22,81539,München,3500.0,Non-Bonus,24,EUR,95.97083333333335
2024-01-22,81539,München,3500.0,Non-Bonus,44,EUR,101.90249999999999
2024-01-22,10115,Berlin,4250.0,Non-Bonus,19,EUR,114.35583333333334
2024-01-22,10115,Berlin,4250.0,Non-Bonus,38,EUR,122.33333333333333
2024-01-22,81539,München,4250.0,Non-Bonus,10,EUR,107.63
2024-01-22,81539,München,4250.0,Non-Bonus,32,EUR,117.76083333333334
2024-01-22,81539,München,4250.0,Non-Bonus,48,EUR,122.98916666666666
2024-01-22,10115,Berlin,2500.0,Non-Bonus,39,EUR,76.26416666666667
2024-01-22,10115,Berlin,2500.0,Non-Bonus,43,EUR,76.95166666666667
2024-01-22,81539,München,2500.0,Non-Bonus,5,EUR,67.47166666666666
2024-01-22,81539,München,2500.0,Non-Bonus,44,EUR,75.75416666666666
2024-01-22,81539,München,2500.0,Non-Bonus,48,EUR,76.80833333333334
2024-01-22,10115,Berlin,4000.0,Non-Bonus,1,EUR,85.26666666666667
2024-01-22,10115,Berlin,4000.0,Non-Bonus,11,EUR,104.73416666666667
2024-01-22,10115,Berlin,4000.0,Non-Bonus,14,EUR,106.98
2024-01-22,81539,München,4000.0,Non-Bonus,14,EUR,104.73166666666667
2024-01-22,81539,München,4000.0,Non-Bonus,49,EUR,116.52333333333333
2024-01-22,10115,Berlin,4500.0,Non-Bonus,13,EUR,119.21916666666668
2024-01-22,10115,Berlin,4500.0,Non-Bonus,27,EUR,125.32916666666667
2024-01-22,10115,Berlin,4500.0,Non-Bonus,34,EUR,127.8575
2024-01-22,10115,Berlin,4500.0,Non-Bonus,50,EUR,132.2775
2024-01-22,81539,München,4500.0,Non-Bonus,6,EUR,110.22416666666668
2024-01-22,81539,München,4500.0,Non-Bonus,34,EUR,124.76166666666667
2024-01-22,10115,Berlin,500.0,Non-Bonus,26,EUR,23.2625
2024-01-22,81539,München,500.0,Non-Bonus,18,EUR,22.9175
2024-01-22,81539,München,500.0,Non-Bonus,48,EUR,26.4475
2024-01-22,81539,München,500.0,Bonus,38,EUR,23.632499999999997
2024-01-22,81539,München,500.0,Bonus,47,EUR,24.780833333333334
2024-01-22,81539,München,1500.0,Non-Bonus,12,EUR,45.51
2024-01-22,81539,München,1500.0,Non-Bonus,21,EUR,46.884166666666665
2024-01-22,81539,München,1500.0,Non-Bonus,37,EUR,49.5875
2024-01-22,10115,Berlin,1000.0,Non-Bonus,2,EUR,32.630833333333335
2024-01-22,10115,Berlin,1000.0,Non-Bonus,18,EUR,34.824999999999996
2024-01-22,10115,Berlin,1000.0,Non-Bonus,37,EUR,36.75
2024-01-22,10115,Berlin,1000.0,Non-Bonus,45,EUR,37.12916666666667
2024-01-22,10115,Berlin,2500.0,Bonus,7,EUR,58.862500000000004
2024-01-22,81539,München,4000.0,Bonus,43,EUR,104.73166666666667
2024-01-22,81539,München,4000.0,Bonus,49,EUR,106.80083333333333
2024-01-22,10115,Berlin,4250.0,Bonus,18,EUR,103.68583333333333
2024-01-22,10115,Berlin,5000.0,Bonus,36,EUR,129.26833333333335
2024-01-22,10115,Berlin,4500.0,Bonus,20,EUR,111.2025
2024-01-22,10115,Berlin,4500.0,Bonus,50,EUR,120.9525
2024-01-22,81539,München,4500.0,Bonus,8,EUR,107.40833333333335
2024-01-22,81539,München,4500.0,Bonus,40,EUR,116.61416666666666
2024-01-22,10115,Berlin,3500.0,Bonus,19,EUR,85.79583333333333
2024-01-22,81539,München,3500.0,Bonus,8,EUR,80.61749999999999
2024-01-22,81539,München,3500.0,Bonus,17,EUR,83.74166666666666
2024-01-22,81539,München,3500.0,Bonus,25,EUR,86.2675
2024-01-22,81539,München,3500.0,Bonus,26,EUR,86.335
2024-01-22,81539,München,3500.0,Bonus,34,EUR,89.39166666666667
2024-01-22,10115,Berlin,1000.0,Bonus,13,EUR,30.4675
2024-01-22,10115,Berlin,1000.0,Bonus,21,EUR,32.324999999999996
2024-01-22,81539,München,1000.0,Bonus,24,EUR,32.666666666666664
2024-01-22,81539,München,1000.0,Bonus,28,EUR,33.3975
2024-01-22,81539,München,1000.0,Bonus,37,EUR,34.2075
2024-01-22,10115,Berlin,3000.0,Non-Bonus,24,EUR,84.93666666666667
2024-01-22,81539,München,3000.0,Non-Bonus,13,EUR,80.175
2024-01-22,10115,Berlin,1500.0,Bonus,3,EUR,38.7525
2024-01-22,10115,Berlin,1500.0,Bonus,20,EUR,41.0875
2024-01-22,10115,Berlin,1500.0,Bonus,38,EUR,45.97083333333333
2024-01-22,81539,München,1500.0,Bonus,2,EUR,38.48916666666667
2024-01-22,81539,München,1500.0,Bonus,11,EUR,39.700833333333335
2024-01-22,10115,Berlin,2000.0,Non-Bonus,4,EUR,55.67666666666667
2024-01-22,10115,Berlin,2000.0,Non-Bonus,10,EUR,58.044999999999995
2024-01-22,10115,Berlin,2000.0,Non-Bonus,33,EUR,62.365833333333335
2024-01-22,10115,Berlin,2000.0,Non-Bonus,36,EUR,62.541666666666664
2024-01-22,10115,Berlin,2000.0,Non-Bonus,39,EUR,62.87166666666667
2024-01-22,10115,Berlin,2000.0,Non-Bonus,43,EUR,63.55583333333333
2024-01-22,10115,Berlin,3500.0,Non-Bonus,12,EUR,92.63833333333334
2024-01-22,81539,München,3500.0,Non-Bonus,6,EUR,89.39166666666667
2024-01-22,81539,München,3500.0,Non-Bonus,10,EUR,89.90833333333335
2024-01-22,81539,München,3500.0,Non-Bonus,36,EUR,99.66250000000001
2024-01-22,10115,Berlin,2500.0,Non-Bonus,1,EUR,56.93333333333334
2024-01-22,10115,Berlin,4000.0,Non-Bonus,9,EUR,103.13333333333333
2024-01-22,81539,München,4000.0,Non-Bonus,13,EUR,103.13333333333333
2024-01-22,81539,München,4500.0,Non-Bonus,35,EUR,124.9175
2024-01-22,81539,München,4500.0,Non-Bonus,38,EUR,126.21499999999999
2024-01-22,81539,München,4500.0,Non-Bonus,47,EUR,129.74416666666667
2024-01-22,10115,Berlin,500.0,Non-Bonus,15,EUR,22.64
2024-01-22,10115,Berlin,500.0,Non-Bonus,39,EUR,24.224166666666665
2024-01-22,10115,Berlin,500.0,Non-Bonus,43,EUR,24.555000000000003
2024-01-22,81539,München,500.0,Non-Bonus,8,EUR,21.92833333333333
2024-01-22,81539,München,500.0,Non-Bonus,15,EUR,22.645
2024-01-22,81539,München,500.0,Non-Bonus,17,EUR,22.893333333333334
2024-01-22,81539,München,500.0,Non-Bonus,19,EUR,23.006666666666664
2024-01-22,81539,München,500.0,Non-Bonus,21,EUR,23.179166666666664
2024-01-22,81539,München,500.0,Non-Bonus,32,EUR,23.934166666666666
2024-01-22,81539,München,500.0,Non-Bonus,40,EUR,25.153333333333332
2024-01-22,81539,München,500.0,Non-Bonus,45,EUR,25.891666666666666
2024-01-22,10115,Berlin,500.0,Bonus,5,EUR,19.483333333333334
2024-01-22,10115,Berlin,500.0,Bonus,14,EUR,20.390833333333333
2024-01-22,10115,Berlin,500.0,Bonus,18,EUR,21.06833333333333
2024-01-22,10115,Berlin,500.0,Bonus,35,EUR,23.055833333333336
2024-01-22,10115,Berlin,1500.0,Non-Bonus,18,EUR,47.142500000000005
2024-01-22,81539,München,1500.0,Non-Bonus,5,EUR,45.14166666666667
2024-01-22,10115,Berlin,1000.0,Non-Bonus,13,EUR,34.348333333333336
2024-01-22,10115,Berlin,1000.0,Non-Bonus,27,EUR,36.12083333333333
2024-01-22,81539,München,1000.0,Non-Bonus,27,EUR,35.9775
2024-01-22,81539,München,1000.0,Non-Bonus,40,EUR,36.9225
2024-01-22,81539,München,1000.0,Non-Bonus,45,EUR,37.585
2024-01-22,10115,Berlin,2500.0,Bonus,8,EUR,59.281666666666666
2024-01-22,10115,Berlin,2500.0,Bonus,30,EUR,63.6475
2024-01-22,81539,München,2500.0,Bonus,14,EUR,59.428333333333335
2024-01-22,81539,München,3000.0,Bonus,9,EUR,70.23916666666666
2024-01-22,81539,München,3000.0,Bonus,40,EUR,80.0325
2024-01-22,10115,Berlin,4250.0,Bonus,11,EUR,102.3775
2024-01-22,81539,München,4250.0,Bonus,6,EUR,96.36083333333333
2024-01-22,81539,München,4250.0,Bonus,9,EUR,101.10583333333334
2024-01-22,81539,München,4250.0,Bonus,15,EUR,102.29416666666667
2024-01-22,10115,Berlin,5000.0,Bonus,8,EUR,121.04166666666667
2024-01-22,10115,Berlin,5000.0,Bonus,26,EUR,126.28333333333335
2024-01-22,81539,München,4500.0,Bonus,32,EUR,111.80916666666667
2024-01-22,10115,Berlin,3500.0,Bonus,3,EUR,77.09916666666668
2024-01-22,10115,Berlin,3500.0,Bonus,24,EUR,86.62833333333333
2024-01-22,10115,Berlin,3500.0,Bonus,30,EUR,89.6125
2024-01-22,10115,Berlin,2000.0,Bonus,17,EUR,49.0625
2024-01-22,81539,München,2000.0,Bonus,1,EUR,45.862500000000004
2024-01-22,81539,München,2000.0,Bonus,16,EUR,49.531666666666666
2024-01-22,81539,München,2000.0,Bonus,24,EUR,52.2425
2024-01-22,81539,München,2000.0,Bonus,27,EUR,53.05833333333334
2024-01-22,10115,Berlin,1000.0,Bonus,9,EUR,29.795833333333334
2024-01-22,10115,Berlin,1000.0,Bonus,29,EUR,33.63666666666666
2024-01-22,81539,München,1000.0,Bonus,30,EUR,33.538333333333334
2024-01-22,10115,Berlin,3000.0,Non-Bonus,1,EUR,65.51666666666667
2024-01-22,10115,Berlin,3000.0,Non-Bonus,6,EUR,80.94583333333334
2024-01-22,10115,Berlin,3000.0,Non-Bonus,20,EUR,83.24583333333334
2024-01-22,10115,Berlin,1500.0,Bonus,31,EUR,45.23
2024-01-22,10115,Berlin,1500.0,Bonus,43,EUR,46.375
2024-01-22,81539,München,1500.0,Bonus,20,EUR,40.875
2024-01-22,81539,München,1500.0,Bonus,28,EUR,43.35583333333333
2024-01-22,81539,München,1500.0,Bonus,36,EUR,45.32083333333333
2024-01-22,81539,München,1500.0,Bonus,38,EUR,45.5075
2024-01-22,10115,Berlin,5000.0,Non-Bonus,19,EUR,133.67833333333334
2024-01-22,10115,Berlin,5000.0,Non-Bonus,34,EUR,141.99583333333334
2024-01-22,81539,München,5000.0,Non-Bonus,1,EUR,99.20833333333333
2024-01-22,81539,München,5000.0,Non-Bonus,24,EUR,134.42333333333332
2024-01-22,81539,München,5000.0,Non-Bonus,36,EUR,138.5575
2024-01-22,81539,München,5000.0,Non-Bonus,42,EUR,141.10166666666666
2024-01-22,10115,Berlin,2000.0,Non-Bonus,1,EUR,48.336666666666666
2024-01-22,10115,Berlin,2000.0,Non-Bonus,2,EUR,48.6
2024-01-22,10115,Berlin,2000.0,Non-Bonus,15,EUR,58.39166666666667
2024-01-22,10115,Berlin,2000.0,Non-Bonus,21,EUR,59.74166666666667
2024-01-22,10115,Berlin,2000.0,Non-Bonus,48,EUR,64.18333333333334
2024-01-22,81539,München,2000.0,Non-Bonus,41,EUR,62.33083333333334
2024-01-22,81539,München,4250.0,Non-Bonus,5,EUR,103.60666666666667
2024-01-22,81539,München,4250.0,Non-Bonus,31,EUR,117.69333333333333
2024-01-22,81539,München,2500.0,Non-Bonus,19,EUR,69.8575
2024-01-22,81539,München,2500.0,Non-Bonus,22,EUR,70.07583333333334
2024-01-22,81539,München,2500.0,Non-Bonus,33,EUR,73.44333333333334
2024-01-22,81539,München,4000.0,Non-Bonus,25,EUR,108.42083333333333
2024-01-22,81539,München,4000.0,Non-Bonus,36,EUR,112.78250000000001
2024-01-22,81539,München,4000.0,Non-Bonus,45,EUR,115.29333333333334
2024-01-22,10115,Berlin,4500.0,Non-Bonus,24,EUR,123.37333333333333
2024-01-22,10115,Berlin,4500.0,Non-Bonus,31,EUR,126.70666666666666
2024-01-22,10115,Berlin,4500.0,Non-Bonus,36,EUR,128.82
2024-01-22,81539,München,4500.0,Non-Bonus,20,EUR,118.78416666666668
2024-01-22,81539,München,4500.0,Non-Bonus,50,EUR,130.055
2024-01-22,10115,Berlin,500.0,Non-Bonus,13,EUR,22.394166666666667
2024-01-22,10115,Berlin,500.0,Non-Bonus,19,EUR,22.916666666666668
2024-01-22,10115,Berlin,500.0,Non-Bonus,41,EUR,24.41
2024-01-22,81539,München,500.0,Non-Bonus,20,EUR,23.17
2024-01-22,81539,München,500.0,Non-Bonus,33,EUR,24.2175
2024-01-22,81539,München,500.0,Bonus,9,EUR,19.885833333333334
2024-01-22,81539,München,500.0,Bonus,15,EUR,20.986666666666668
2024-01-22,81539,München,500.0,Bonus,23,EUR,22.2
2024-01-22,81539,München,500.0,Bonus,43,EUR,24.330833333333334
2024-01-22,10115,Berlin,1500.0,Non-Bonus,38,EUR,50.0525
2024-01-22,10115,Berlin,1500.0,Non-Bonus,42,EUR,50.333333333333336
2024-01-22,10115,Berlin,1000.0,Non-Bonus,31,EUR,36.553333333333335
2024-01-22,10115,Berlin,1000.0,Non-Bonus,46,EUR,37.300000000000004
2024-01-22,81539,München,1000.0,Non-Bonus,38,EUR,36.833333333333336
2024-01-22,81539,München,1000.0,Non-Bonus,48,EUR,38.0325
2024-01-22,10115,Berlin,2500.0,Bonus,29,EUR,63.630833333333335
2024-01-22,10115,Berlin,2500.0,Bonus,47,EUR,70.34416666666667
2024-01-22,81539,München,2500.0,Bonus,48,EUR,69.8575
2024-01-22,10115,Berlin,4000.0,Bonus,26,EUR,100.25083333333333
2024-01-22,10115,Berlin,4000.0,Bonus,50,EUR,108.11666666666667
2024-01-22,81539,München,4000.0,Bonus,26,EUR,98.10000000000001
2024-01-22,81539,München,4000.0,Bonus,50,EUR,106.815
2024-01-22,10115,Berlin,3000.0,Bonus,32,EUR,78.635
2024-01-22,81539,München,3000.0,Bonus,14,EUR,71.075
2024-01-22,81539,München,3000.0,Bonus,26,EUR,75.0775
2024-01-22,81539,München,3000.0,Bonus,48,EUR,81.71166666666666
2024-01-22,10115,Berlin,4250.0,Bonus,12,EUR,102.44583333333333
2024-01-22,10115,Berlin,4250.0,Bonus,47,EUR,113.27916666666665
2024-01-22,10115,Berlin,4250.0,Bonus,48,EUR,113.70666666666666
2024-01-22,10115,Berlin,5000.0,Bonus,6,EUR,118.46
2024-01-22,10115,Berlin,5000.0,Bonus,9,EUR,121.10833333333333
2024-01-22,10115,Berlin,5000.0,Bonus,22,EUR,124.60333333333334
2024-01-22,81539,München,5000.0,Bonus,10,EUR,119.84166666666665
2024-01-22,81539,München,5000.0,Bonus,11,EUR,119.87333333333333
2024-01-22,10115,Berlin,4500.0,Bonus,4,EUR,104.86666666666667
2024-01-22,81539,München,3500.0,Bonus,21,EUR,84.08083333333333
2024-01-22,10115,Berlin,2000.0,Bonus,8,EUR,48.42916666666667
2024-01-22,10115,Berlin,2000.0,Bonus,12,EUR,48.51666666666667
2024-01-22,10115,Berlin,2000.0,Bonus,25,EUR,51.22333333333333
2024-01-22,10115,Berlin,2000.0,Bonus,30,EUR,54.06666666666666
2024-01-22,81539,München,2000.0,Bonus,5,EUR,9999.0
2024-01-22,10115,Berlin,1000.0,Bonus,16,EUR,30.78916666666667
2024-01-22,81539,München,1000.0,Bonus,16,EUR,30.5975
2024-01-22,81539,München,1000.0,Bonus,46,EUR,35.24916666666667
2024-01-22,10115,Berlin,3000.0,Non-Bonus,11,EUR,81.2175
2024-01-22,10115,Berlin,3000.0,Non-Bonus,21,EUR,83.73833333333333
2024-01-22,81539,München,3000.0,Non-Bonus,34,EUR,86.79916666666666
2024-01-22,10115,Berlin,1500.0,Bonus,19,EUR,40.958333333333336
2024-01-22,81539,München,1500.0,Bonus,16,EUR,40.62416666666667
2024-01-22,81539,München,1500.0,Bonus,23,EUR,41.0375
2024-01-22,81539,München,5000.0,Non-Bonus,18,EUR,130.68083333333334
2024-01-22,81539,München,2000.0,Non-Bonus,48,EUR,63.805
2024-01-22,10115,Berlin,3500.0,Non-Bonus,46,EUR,103.78750000000001
2024-01-22,81539,München,3500.0,Non-Bonus,17,EUR,93.28833333333334
2024-01-22,81539,München,3500.0,Non-Bonus,19,EUR,93.71833333333332
2024-01-22,81539,München,3500.0,Non-Bonus,41,EUR,100.77083333333333
2024-01-22,81539,München,4250.0,Non-Bonus,36,EUR,119.21333333333332
2024-01-22,81539,München,4250.0,Non-Bonus,44,EUR,121.74583333333334
2024-01-22,10115,Berlin,2500.0,Non-Bonus,47,EUR,77.21249999999999
2024-01-22,81539,München,2500.0,Non-Bonus,28,EUR,71.67833333333333
2024-01-22,81539,München,4000.0,Non-Bonus,8,EUR,99.69916666666667
2024-01-22,81539,München,4000.0,Non-Bonus,28,EUR,110.075
2024-01-22,81539,München,4000.0,Non-Bonus,41,EUR,114.39666666666666
2024-01-22,10115,Berlin,4500.0,Non-Bonus,9,EUR,116.5625
2024-01-22,10115,Berlin,4500.0,Non-Bonus,28,EUR,125.39666666666666
2024-01-22,81539,München,4500.0,Non-Bonus,21,EUR,119.92
2024-01-22,81539,München,4500.0,Non-Bonus,31,EUR,124.1275
2024-01-22,10115,Berlin,500.0,Non-Bonus,9,EUR,21.766666666666666
2024-01-22,81539,München,500.0,Non-Bonus,50,EUR,27.184166666666666
2024-01-22,10115,Berlin,500.0,Bonus,23,EUR,21.930000000000003
2024-01-22,10115,Berlin,500.0,Bonus,38,EUR,23.243333333333336
2024-01-22,10115,Berlin,1500.0,Non-Bonus,12,EUR,46.28333333333333
2024-01-22,10115,Berlin,1500.0,Non-Bonus,21,EUR,47.199999999999996
2024-01-22,10115,Berlin,1500.0,Non-Bonus,44,EUR,50.3375
2024-01-22,81539,München,1500.0,Non-Bonus,46,EUR,50.490833333333335
2024-01-22,10115,Berlin,1000.0,Non-Bonus,5,EUR,33.28916666666667
2024-01-22,10115,Berlin,1000.0,Non-Bonus,25,EUR,36.016666666666666
2024-01-22,10115,Berlin,1000.0,Non-Bonus,49,EUR,37.69166666666667
2024-01-22,81539,München,1000.0,Non-Bonus,11,EUR,34.01916666666667
2024-01-22,81539,München,1000.0,Non-Bonus,30,EUR,36.24166666666667
2024-01-22,10115,Berlin,2500.0,Bonus,25,EUR,62.37916666666666
2024-01-22,10115,Berlin,4000.0,Bonus,23,EUR,99.245
2024-01-22,10115,Berlin,4000.0,Bonus,31,EUR,101.925
2024-01-22,10115,Berlin,4000.0,Bonus,34,EUR,102.61666666666667
2024-01-22,81539,München,4000.0,Bonus,1,EUR,81.56833333333334
2024-01-22,81539,München,4000.0,Bonus,4,EUR,89.51916666666666
2024-01-22,81539,München,4000.0,Bonus,22,EUR,97.02
2024-01-22,81539,München,4000.0,Bonus,37,EUR,101.39083333333333
2024-01-22,81539,München,4000.0,Bonus,39,EUR,102.49583333333334
2024-01-22,81539,München,4000.0,Bonus,45,EUR,105.6075
2024-01-22,10115,Berlin,3000.0,Bonus,15,EUR,72.47583333333334
2024-01-22,81539,München,3000.0,Bonus,25,EUR,73.67583333333333
2024-01-22,10115,Berlin,4250.0,Bonus,15,EUR,103.375
2024-01-22,10115,Berlin,5000.0,Bonus,2,EUR,104.49166666666667
2024-01-22,10115,Berlin,5000.0,Bonus,13,EUR,122.30250000000001
2024-01-22,10115,Berlin,5000.0,Bonus,30,EUR,128.085
2024-01-22,10115,Berlin,5000.0,Bonus,47,EUR,132.92583333333332
2024-01-22,81539,München,5000.0,Bonus,19,EUR,120.81833333333333
2024-01-22,81539,München,5000.0,Bonus,20,EUR,120.89583333333333
2024-01-22,10115,Berlin,3500.0,Bonus,4,EUR,78.72583333333334
2024-01-22,81539,München,3500.0,Bonus,15,EUR,83.02083333333333
2024-01-22,81539,München,3500.0,Bonus,43,EUR,92.79583333333333
2024-01-22,10115,Berlin,2000.0,Bonus,11,EUR,48.47
2024-01-22,81539,München,2000.0,Bonus,23,EUR,51.971666666666664
2024-01-22,10115,Berlin,1000.0,Bonus,8,EUR,29.791666666666668
2024-01-22,10115,Berlin,1000.0,Bonus,14,EUR,30.564999999999998
2024-01-22,10115,Berlin,1000.0,Bonus,22,EUR,32.41166666666667
2024-01-22,10115,Berlin,1000.0,Bonus,38,EUR,34.43333333333333
2024-01-22,10115,Berlin,1000.0,Bonus,40,EUR,34.475833333333334
2024-01-22,10115,Berlin,1000.0,Bonus,49,EUR,35.571666666666665
2024-01-22,10115,Berlin,3000.0,Non-Bonus,12,EUR,81.72500000000001
2024-01-22,10115,Berlin,3000.0,Non-Bonus,15,EUR,82.50166666666667
2024-01-22,81539,München,3000.0,Non-Bonus,1,EUR,65.875
2024-01-22,81539,München,3000.0,Non-Bonus,18,EUR,81.2675
2024-01-22,81539,München,3000.0,Non-Bonus,21,EUR,82.20416666666667
2024-01-22,81539,München,3000.0,Non-Bonus,31,EUR,85.86583333333334
2024-01-22,10115,Berlin,1500.0,Bonus,27,EUR,43.781666666666666
2024-01-22,81539,München,1500.0,Bonus,12,EUR,39.7875
2024-01-22,81539,München,1500.0,Bonus,15,EUR,40.490833333333335
2024-01-22,81539,München,1500.0,Bonus,21,EUR,41.015
2024-01-22,10115,Berlin,5000.0,Non-Bonus,29,EUR,139.99166666666667
2024-01-22,10115,Berlin,5000.0,Non-Bonus,40,EUR,143.49333333333334
2024-01-22,81539,München,5000.0,Non-Bonus,9,EUR,124.66083333333334
2024-01-22,81539,München,2000.0,Non-Bonus,8,EUR,56.612500000000004
2024-01-22,10115,Berlin,3500.0,Non-Bonus,1,EUR,75.81666666666666
2024-01-22,81539,München,3500.0,Non-Bonus,38,EUR,99.96499999999999
2024-01-22,10115,Berlin,4250.0,Non-Bonus,31,EUR,120.1275
2024-01-22,10115,Berlin,4250.0,Non-Bonus,45,EUR,123.82249999999999
2024-01-22,81539,München,4250.0,Non-Bonus,3,EUR,89.15666666666668
2024-01-22,81539,München,4250.0,Non-Bonus,42,EUR,121.36083333333333
2024-01-22,10115,Berlin,2500.0,Non-Bonus,5,EUR,69.23
2024-01-22,10115,Berlin,2500.0,Non-Bonus,23,EUR,71.85333333333334
2024-01-22,10115,Berlin,2500.0,Non-Bonus,29,EUR,73.3725
2024-01-22,81539,München,4000.0,Non-Bonus,7,EUR,99.61583333333334
2024-01-22,81539,München,4000.0,Non-Bonus,16,EUR,105.30916666666667
2024-01-22,81539,München,4000.0,Non-Bonus,38,EUR,113.20666666666666
2024-01-22,10115,Berlin,4500.0,Non-Bonus,19,EUR,121.19333333333333
2024-01-22,10115,Berlin,500.0,Non-Bonus,3,EUR,20.911666666666665
2024-01-22,10115,Berlin,500.0,Non-Bonus,23,EUR,23.170833333333334
2024-01-22,10115,Berlin,500.0,Bonus,20,EUR,21.305833333333332
2024-01-22,10115,Berlin,500.0,Bonus,42,EUR,23.514166666666668
2024-01-22,81539,München,500.0,Bonus,10,EUR,20.215833333333332
2024-01-22,81539,München,500.0,Bonus,29,EUR,22.893333333333334
2024-01-22,81539,München,1500.0,Non-Bonus,16,EUR,46.425000000000004
2024-01-22,10115,Berlin,1000.0,Non-Bonus,16,EUR,34.73
2024-01-22,81539,München,1000.0,Non-Bonus,14,EUR,34.2075
2024-01-22,81539,München,1000.0,Non-Bonus,16,EUR,34.24166666666667
2024-01-22,81539,München,1000.0,Non-Bonus,32,EUR,36.4325
2024-01-22,10115,Berlin,2500.0,Bonus,40,EUR,69.24666666666667
2024-01-22,81539,München,2500.0,Bonus,21,EUR,60.69083333333333
2024-01-22,81539,München,4000.0,Bonus,7,EUR,93.45083333333334
2024-01-22,81539,München,4000.0,Bonus,8,EUR,93.61083333333333
2024-01-22,81539,München,4000.0,Bonus,17,EUR,95.46666666666665
2024-01-22,10115,Berlin,3000.0,Bonus,2,EUR,66.735
2024-01-22,10115,Berlin,3000.0,Bonus,8,EUR,69.23083333333334
2024-01-22,81539,München,3000.0,Bonus,33,EUR,78.7
2024-01-22,10115,Berlin,4250.0,Bonus,10,EUR,102.37333333333333
2024-01-22,10115,Berlin,4250.0,Bonus,14,EUR,103.27083333333333
2024-01-22,10115,Berlin,4250.0,Bonus,16,EUR,103.43333333333334
2024-01-22,81539,München,4250.0,Bonus,3,EUR,89.04166666666667
2024-01-22,10115,Berlin,5000.0,Bonus,32,EUR,128.3925
2024-01-22,10115,Berlin,5000.0,Bonus,45,EUR,131.91416666666666
2024-01-22,81539,München,5000.0,Bonus,3,EUR,102.78666666666668
2024-01-22,81539,München,5000.0,Bonus,24,EUR,122.09916666666668
2024-01-22,81539,München,5000.0,Bonus,29,EUR,124.25333333333333
2024-01-22,81539,München,5000.0,Bonus,43,EUR,129.96416666666667
2024-01-22,10115,Berlin,4500.0,Bonus,3,EUR,96.25916666666666
2024-01-22,10115,Berlin,3500.0,Bonus,22,EUR,86.17666666666666
2024-01-22,81539,München,3500.0,Bonus,5,EUR,9999.0
2024-01-22,10115,Berlin,2000.0,Bonus,5,EUR,47.806666666666665
2024-01-22,10115,Berlin,2000.0,Bonus,7,EUR,48.35
2024-01-22,10115,Berlin,2000.0,Bonus,28,EUR,52.70583333333334
2024-01-22,10115,Berlin,2000.0,Bonus,32,EUR,55.42416666666667
2024-01-22,81539,München,2000.0,Bonus,40,EUR,57.55416666666667
2024-01-22,10115,Berlin,1000.0,Bonus,27,EUR,33.50333333333334
2024-01-22,10115,Berlin,1000.0,Bonus,28,EUR,33.545
2024-01-22,10115,Berlin,1000.0,Bonus,42,EUR,34.93333333333333
2024-01-22,10115,Berlin,3000.0,Non-Bonus,22,EUR,83.99916666666667
2024-01-22,81539,München,3000.0,Non-Bonus,15,EUR,80.54916666666666
2024-01-22,81539,München,3000.0,Non-Bonus,43,EUR,88.8275
2024-01-22,81539,München,1500.0,Bonus,49,EUR,47.06166666666667
2024-01-22,10115,Berlin,5000.0,Non-Bonus,22,EUR,135.98083333333332
2024-01-22,10115,Berlin,5000.0,Non-Bonus,36,EUR,142.20166666666668
2024-01-22,81539,München,5000.0,Non-Bonus,11,EUR,125.4375
2024-01-22,81539,München,5000.0,Non-Bonus,15,EUR,129.35083333333333
2024-01-22,81539,München,2000.0,Non-Bonus,14,EUR,57.495000000000005
2024-01-22,81539,München,2000.0,Non-Bonus,30,EUR,60.780833333333334
2024-01-22,81539,München,2000.0,Non-Bonus,46,EUR,63.44083333333333
2024-01-22,81539,München,3500.0,Non-Bonus,18,EUR,93.28833333333334
2024-01-22,81539,München,3500.0,Non-Bonus,49,EUR,103.13416666666666
2024-01-22,10115,Berlin,4250.0,Non-Bonus,7,EUR,107.62916666666666
2024-01-22,10115,Berlin,4250.0,Non-Bonus,24,EUR,116.925
2024-01-22,10115,Berlin,4250.0,Non-Bonus,34,EUR,120.99916666666667
2024-01-22,81539,München,4250.0,Non-Bonus,18,EUR,111.47166666666668
2024-01-22,10115,Berlin,2500.0,Non-Bonus,42,EUR,76.45416666666667
2024-01-22,81539,München,2500.0,Non-Bonus,8,EUR,67.97416666666668
2024-01-22,81539,München,2500.0,Non-Bonus,25,EUR,71.27916666666667
2024-01-22,81539,München,2500.0,Non-Bonus,45,EUR,76.27333333333333
2024-01-22,81539,München,2500.0,Non-Bonus,49,EUR,76.915
2024-01-22,10115,Berlin,4000.0,Non-Bonus,44,EUR,116.87916666666666
2024-01-22,10115,Berlin,4000.0,Non-Bonus,50,EUR,118.4925
2024-01-22,81539,München,4000.0,Non-Bonus,43,EUR,114.99583333333334
2024-01-22,81539,München,4000.0,Non-Bonus,46,EUR,116.24416666666667
2024-01-22,10115,Berlin,4500.0,Non-Bonus,30,EUR,126.69666666666666
2024-01-22,81539,München,4500.0,Non-Bonus,7,EUR,111.42416666666666
2024-01-22,10115,Berlin,500.0,Non-Bonus,4,EUR,21.06833333333333
2024-01-22,10115,Berlin,500.0,Non-Bonus,14,EUR,22.46666666666667
2024-01-22,10115,Berlin,500.0,Non-Bonus,46,EUR,25.125833333333333
2024-01-22,81539,München,500.0,Non-Bonus,12,EUR,22.376666666666665
2024-01-22,10115,Berlin,500.0,Bonus,6,EUR,19.518333333333334
2024-01-22,10115,Berlin,500.0,Bonus,32,EUR,22.916666666666668
2024-01-22,10115,Berlin,500.0,Bonus,50,EUR,24.5325
2024-01-22,81539,München,500.0,Bonus,3,EUR,19.329166666666666
2024-01-22,81539,München,500.0,Bonus,28,EUR,22.645
2024-01-22,10115,Berlin,1500.0,Non-Bonus,15,EUR,46.9625
2024-01-22,10115,Berlin,1500.0,Non-Bonus,17,EUR,47.119166666666665
2024-01-22,10115,Berlin,1500.0,Non-Bonus,39,EUR,50.137499999999996
2024-01-22,81539,München,1500.0,Non-Bonus,10,EUR,45.475833333333334
2024-01-22,81539,München,1500.0,Non-Bonus,38,EUR,49.6025
2024-01-22,10115,Berlin,1000.0,Non-Bonus,26,EUR,36.07666666666667
2024-01-22,10115,Berlin,1000.0,Non-Bonus,29,EUR,36.348333333333336
2024-01-22,10115,Berlin,4000.0,Bonus,1,EUR,85.26666666666667
2024-01-22,10115,Berlin,4000.0,Bonus,18,EUR,97.54916666666666
2024-01-22,81539,München,4000.0,Bonus,15,EUR,95.33749999999999
2024-01-22,10115,Berlin,3000.0,Bonus,10,EUR,71.825
2024-01-22,10115,Berlin,3000.0,Bonus,12,EUR,72.23083333333334
2024-01-22,10115,Berlin,4250.0,Bonus,3,EUR,91.46666666666665
2024-01-22,10115,Berlin,4250.0,Bonus,41,EUR,110.87583333333333
2024-01-22,10115,Berlin,4500.0,Bonus,1,EUR,93.71666666666665
2024-01-22,10115,Berlin,4500.0,Bonus,6,EUR,105.36833333333334
2024-01-22,10115,Berlin,4500.0,Bonus,18,EUR,110.51666666666667
2024-01-22,10115,Berlin,4500.0,Bonus,26,EUR,112.9925
2024-01-22,81539,München,4500.0,Bonus,9,EUR,107.41250000000001
2024-01-22,81539,München,4500.0,Bonus,22,EUR,108.96749999999999
2024-01-22,10115,Berlin,3500.0,Bonus,43,EUR,92.90499999999999
2024-01-22,10115,Berlin,3500.0,Bonus,44,EUR,93.66333333333334
2024-01-22,81539,München,3500.0,Bonus,20,EUR,84.07333333333334
2024-01-22,81539,München,3500.0,Bonus,23,EUR,84.42833333333333
2024-01-22,81539,München,3500.0,Bonus,33,EUR,89.37416666666667
2024-01-22,81539,München,3500.0,Bonus,50,EUR,94.8175
2024-01-22,10115,Berlin,2000.0,Bonus,27,EUR,52.251666666666665
2024-01-22,10115,Berlin,2000.0,Bonus,29,EUR,53.87833333333333
2024-01-22,81539,München,2000.0,Bonus,7,EUR,48.699999999999996
2024-01-22,81539,München,2000.0,Bonus,21,EUR,50.4025
2024-01-22,81539,München,2000.0,Bonus,29,EUR,54.59166666666667
2024-01-22,10115,Berlin,1000.0,Bonus,6,EUR,29.69666666666667
2024-01-22,10115,Berlin,1000.0,Bonus,26,EUR,33.34583333333333
2024-01-22,10115,Berlin,1000.0,Bonus,41,EUR,34.73
2024-01-22,10115,Berlin,3000.0,Non-Bonus,50,EUR,91.355
2024-01-22,81539,München,3000.0,Non-Bonus,25,EUR,83.625
2024-01-22,81539,München,3000.0,Non-Bonus,47,EUR,89.69
2024-01-22,10115,Berlin,1500.0,Bonus,30,EUR,44.90833333333333
2024-01-22,10115,Berlin,5000.0,Non-Bonus,2,EUR,105.84333333333332
2024-01-22,10115,Berlin,5000.0,Non-Bonus,13,EUR,131.14833333333334
2024-01-22,10115,Berlin,5000.0,Non-Bonus,23,EUR,136.06916666666666
2024-01-22,10115,Berlin,2000.0,Non-Bonus,3,EUR,51.70666666666667
2024-01-22,10115,Berlin,2000.0,Non-Bonus,27,EUR,60.07416666666666
2024-01-22,10115,Berlin,2000.0,Non-Bonus,38,EUR,62.80833333333334
2024-01-22,10115,Berlin,3500.0,Non-Bonus,23,EUR,96.84083333333332
2024-01-22,10115,Berlin,3500.0,Non-Bonus,34,EUR,100.65833333333335
2024-01-22,81539,München,3500.0,Non-Bonus,7,EUR,89.44333333333333
2024-01-22,81539,München,3500.0,Non-Bonus,13,EUR,90.92166666666667
2024-01-22,81539,München,3500.0,Non-Bonus,25,EUR,96.0775
2024-01-22,81539,München,3500.0,Non-Bonus,37,EUR,99.74583333333334
2024-01-22,81539,München,3500.0,Non-Bonus,42,EUR,101.08333333333333
2024-01-22,81539,München,3500.0,Non-Bonus,50,EUR,103.37833333333333
2024-01-22,10115,Berlin,4250.0,Non-Bonus,43,EUR,123.53083333333332
2024-01-22,10115,Berlin,2500.0,Non-Bonus,2,EUR,57.92166666666666
2024-01-22,10115,Berlin,2500.0,Non-Bonus,3,EUR,61.17083333333333
2024-01-22,10115,Berlin,2500.0,Non-Bonus,7,EUR,69.25
2024-01-22,10115,Berlin,2500.0,Non-Bonus,18,EUR,70.88416666666667
2024-01-22,10115,Berlin,2500.0,Non-Bonus,40,EUR,76.30416666666666
2024-01-22,10115,Berlin,4000.0,Non-Bonus,10,EUR,103.15333333333332
2024-01-22,10115,Berlin,4000.0,Non-Bonus,27,EUR,112.19166666666666
2024-01-22,81539,München,4000.0,Non-Bonus,23,EUR,107.435
2024-01-22,81539,München,4000.0,Non-Bonus,26,EUR,109.36666666666667
2024-01-22,10115,Berlin,4500.0,Non-Bonus,3,EUR,99.02749999999999
2024-01-22,10115,Berlin,4500.0,Non-Bonus,49,EUR,132.1
2024-01-22,81539,München,4500.0,Non-Bonus,9,EUR,113.3
2024-01-22,81539,München,4500.0,Non-Bonus,17,EUR,117.94666666666666
2024-01-22,81539,München,4500.0,Non-Bonus,32,EUR,124.195
2024-01-22,81539,München,4500.0,Non-Bonus,39,EUR,127.55416666666667
2024-01-22,10115,Berlin,500.0,Non-Bonus,34,EUR,23.72083333333333
2024-01-22,81539,München,500.0,Non-Bonus,29,EUR,23.71666666666667
2024-01-22,10115,Berlin,500.0,Bonus,3,EUR,19.179166666666667
2024-01-22,81539,München,500.0,Bonus,19,EUR,21.434166666666666
2024-01-22,81539,München,500.0,Bonus,37,EUR,23.420833333333334
2024-01-22,81539,München,500.0,Bonus,39,EUR,23.632499999999997
2024-01-22,10115,Berlin,1500.0,Non-Bonus,30,EUR,49.038333333333334
2024-01-22,81539,München,1500.0,Non-Bonus,11,EUR,45.5075
2024-01-22,81539,München,1500.0,Non-Bonus,39,EUR,49.626666666666665
2024-01-22,10115,Berlin,1000.0,Non-Bonus,6,EUR,33.50333333333334
2024-01-22,10115,Berlin,1000.0,Non-Bonus,17,EUR,34.73166666666666
2024-01-22,10115,Berlin,1000.0,Non-Bonus,32,EUR,36.555
2024-01-22,10115,Berlin,1000.0,Non-Bonus,40,EUR,36.791666666666664
2024-01-22,81539,München,1000.0,Non-Bonus,22,EUR,35.1275
2024-01-22,81539,München,1000.0,Non-Bonus,50,EUR,38.1325
2024-01-22,81539,München,2500.0,Bonus,7,EUR,57.541666666666664
2024-01-22,81539,München,2500.0,Bonus,20,EUR,60.48916666666667
2024-01-22,81539,München,2500.0,Bonus,24,EUR,60.971666666666664
2024-01-22,81539,München,2500.0,Bonus,44,EUR,69.18083333333333
2024-01-22,10115,Berlin,3000.0,Bonus,20,EUR,73.55333333333333
2024-01-22,81539,München,3000.0,Bonus,47,EUR,81.4225
2024-01-22,10115,Berlin,4250.0,Bonus,4,EUR,97.18583333333333
2024-01-22,10115,Berlin,4250.0,Bonus,42,EUR,111.08416666666666
2024-01-22,81539,München,4250.0,Bonus,30,EUR,105.26083333333334
2024-01-22,81539,München,5000.0,Bonus,13,EUR,119.93666666666667
2024-01-22,81539,München,5000.0,Bonus,16,EUR,120.49416666666667
2024-01-22,81539,München,5000.0,Bonus,22,EUR,120.94333333333333
2024-01-22,10115,Berlin,4500.0,Bonus,11,EUR,109.30416666666667
2024-01-22,10115,Berlin,4500.0,Bonus,23,EUR,112.09166666666665
2024-01-22,81539,München,4500.0,Bonus,5,EUR,9999.0
2024-01-22,10115,Berlin,3500.0,Bonus,23,EUR,86.55
2024-01-22,10115,Berlin,3500.0,Bonus,28,EUR,89.20416666666667
2024-01-22,81539,München,3500.0,Bonus,4,EUR,77.26666666666667
2024-01-22,10115,Berlin,2000.0,Bonus,19,EUR,49.46666666666667
2024-01-22,10115,Berlin,2000.0,Bonus,45,EUR,58.42250000000001
2024-01-22,81539,München,2000.0,Bonus,2,EUR,47.7275
2024-01-22,81539,München,2000.0,Bonus,36,EUR,57.01666666666667
2024-01-22,81539,München,2000.0,Bonus,41,EUR,57.6025
2024-01-22,81539,München,1000.0,Bonus,17,EUR,30.809166666666666
2024-01-22,81539,München,1000.0,Bonus,20,EUR,31.811666666666667
2024-01-22,81539,München,1000.0,Bonus,22,EUR,32.21583333333333
2024-01-22,81539,München,1000.0,Bonus,23,EUR,32.525
2024-01-22,10115,Berlin,3000.0,Non-Bonus,19,EUR,82.94
2024-01-22,10115,Berlin,3000.0,Non-Bonus,25,EUR,85.165
2024-01-22,10115,Berlin,3000.0,Non-Bonus,33,EUR,87.40833333333335
2024-01-22,10115,Berlin,3000.0,Non-Bonus,39,EUR,89.45166666666667
2024-01-22,10115,Berlin,1500.0,Bonus,12,EUR,40.1675
2024-01-22,10115,Berlin,5000.0,Non-Bonus,25,EUR,138.73916666666665
2024-01-22,10115,Berlin,2000.0,Non-Bonus,28,EUR,60.262499999999996
2024-01-22,10115,Berlin,2000.0,Non-Bonus,46,EUR,63.725
2024-01-22,81539,München,2000.0,Non-Bonus,16,EUR,57.69
2024-01-22,10115,Berlin,3500.0,Non-Bonus,2,EUR,77.09
2024-01-22,10115,Berlin,3500.0,Non-Bonus,8,EUR,91.80416666666667
2024-01-22,10115,Berlin,3500.0,Non-Bonus,9,EUR,91.80416666666667
2024-01-22,10115,Berlin,3500.0,Non-Bonus,28,EUR,99.1175
2024-01-22,81539,München,3500.0,Non-Bonus,12,EUR,90.90166666666666
2024-01-22,10115,Berlin,4250.0,Non-Bonus,22,EUR,115.25083333333333
2024-01-22,81539,München,4250.0,Non-Bonus,19,EUR,111.90750000000001
2024-01-22,81539,München,4250.0,Non-Bonus,26,EUR,115.63083333333333
2024-01-22,81539,München,4250.0,Non-Bonus,27,EUR,116.46583333333332
2024-01-22,81539,München,4250.0,Non-Bonus,40,EUR,120.3875
2024-01-22,81539,München,2500.0,Non-Bonus,15,EUR,69.24583333333334
2024-01-22,81539,München,2500.0,Non-Bonus,36,EUR,74.36
2024-01-22,81539,München,2500.0,Non-Bonus,47,EUR,76.28666666666668
2024-01-22,10115,Berlin,4000.0,Non-Bonus,41,EUR,115.82666666666667
2024-01-22,81539,München,4000.0,Non-Bonus,44,EUR,115.03250000000001
2024-01-22,81539,München,4500.0,Non-Bonus,37,EUR,125.85166666666667
2024-01-22,81539,München,500.0,Non-Bonus,34,EUR,24.294166666666666
2024-01-22,10115,Berlin,500.0,Bonus,29,EUR,22.6425
2024-01-22,81539,München,500.0,Bonus,17,EUR,21.162499999999998
2024-01-22,10115,Berlin,1500.0,Non-Bonus,28,EUR,48.5825
2024-01-22,81539,München,1500.0,Non-Bonus,9,EUR,45.32083333333333
2024-01-22,81539,München,1500.0,Non-Bonus,27,EUR,47.97833333333333
2024-01-22,81539,München,1500.0,Non-Bonus,34,EUR,49.0925
2024-01-22,81539,München,1500.0,Non-Bonus,45,EUR,50.25
2024-01-22,10115,Berlin,1000.0,Non-Bonus,42,EUR,37.026666666666664
2024-01-22,81539,München,1000.0,Non-Bonus,1,EUR,29.4825
