report_date,postcode,location_name,annual_consumption_in_kWh,market,ranking,currency,gross_price_per_month
2024-02-05,10115,Berlin,5000.0,Bonus,16,EUR,119.10833333333333
2024-02-05,10115,Berlin,5000.0,Bonus,17,EUR,119.10916666666667
2024-02-05,81539,München,5000.0,Bonus,25,EUR,118.70416666666667
2024-02-05,10115,Berlin,1500.0,Bonus,16,EUR,38.708333333333336
2024-02-05,10115,Berlin,1500.0,Bonus,17,EUR,38.7575
2024-02-05,81539,München,1500.0,Bonus,38,EUR,43.96333333333333
2024-02-05,10115,Berlin,2500.0,Bonus,26,EUR,61.34583333333333
2024-02-05,10115,Berlin,2500.0,Bonus,33,EUR,63.43083333333333
2024-02-05,10115,Berlin,2500.0,Bonus,47,EUR,69.37166666666667
2024-02-05,81539,München,2000.0,Bonus,2,EUR,45.29833333333334
2024-02-05,81539,München,2000.0,Bonus,7,EUR,46.775
2024-02-05,81539,München,2000.0,Bonus,21,EUR,48.524166666666666
2024-02-05,81539,München,2000.0,Bonus,39,EUR,56.0925
2024-02-05,81539,München,2000.0,Bonus,41,EUR,56.40416666666667
2024-02-05,10115,Berlin,3500.0,Bonus,12,EUR,77.97916666666667
2024-02-05,10115,Berlin,3500.0,Bonus,19,EUR,81.69166666666666
2024-02-05,10115,Berlin,3500.0,Bonus,40,EUR,91.06
2024-02-05,81539,München,3500.0,Bonus,36,EUR,89.05833333333334
2024-02-05,10115,Berlin,3000.0,Bonus,42,EUR,80.44416666666667
2024-02-05,81539,München,3000.0,Bonus,6,EUR,65.69166666666666
2024-02-05,81539,München,4250.0,Bonus,2,EUR,86.70833333333333
2024-02-05,81539,München,4500.0,Bonus,11,EUR,104.82666666666667
2024-02-05,81539,München,4500.0,Bonus,32,EUR,110.22583333333334
2024-02-05,10115,Berlin,5000.0,Bonus,19,EUR,120.49333333333334
2024-02-05,10115,Berlin,5000.0,Bonus,29,EUR,124.60333333333334
2024-02-05,10115,Berlin,5000.0,Bonus,43,EUR,130.43666666666667
2024-02-05,81539,München,5000.0,Bonus,18,EUR,117.77583333333332
2024-02-05,81539,München,5000.0,Bonus,19,EUR,117.9325
2024-02-05,10115,Berlin,1500.0,Bonus,5,EUR,38.02583333333333
2024-02-05,10115,Berlin,1500.0,Bonus,8,EUR,38.04083333333333
2024-02-05,81539,München,1500.0,Bonus,26,EUR,40.875
2024-02-05,81539,München,1500.0,Bonus,39,EUR,44.278333333333336
2024-02-05,81539,München,1500.0,Bonus,49,EUR,46.083333333333336
2024-02-05,81539,München,2500.0,Bonus,21,EUR,58.544999999999995
2024-02-05,10115,Berlin,2000.0,Bonus,32,EUR,52.125
2024-02-05,10115,Berlin,2000.0,Bonus,50,EUR,57.775
2024-02-05,81539,München,2000.0,Bonus,30,EUR,52.15416666666667
2024-02-05,10115,Berlin,3500.0,Bonus,5,EUR,75.52833333333334
2024-02-05,10115,Berlin,3500.0,Bonus,26,EUR,84.91083333333333
2024-02-05,81539,München,3500.0,Bonus,11,EUR,78.25750000000001
2024-02-05,81539,München,3500.0,Bonus,22,EUR,81.15916666666666
2024-02-05,81539,München,3500.0,Bonus,29,EUR,85.3875
2024-02-05,81539,München,3000.0,Bonus,2,EUR,64.14
2024-02-05,81539,München,3000.0,Bonus,9,EUR,68.15833333333333
2024-02-05,81539,München,3000.0,Bonus,21,EUR,69.81833333333334
2024-02-05,10115,Berlin,4250.0,Bonus,20,EUR,101.70416666666667
2024-02-05,10115,Berlin,4250.0,Bonus,33,EUR,107.71499999999999
2024-02-05,10115,Berlin,4500.0,Bonus,46,EUR,118.09500000000001
2024-02-05,81539,München,4500.0,Bonus,10,EUR,104.82583333333334
2024-02-05,10115,Berlin,5000.0,Bonus,30,EUR,124.84166666666665
2024-02-05,10115,Berlin,4000.0,Bonus,19,EUR,94.42333333333333
2024-02-05,10115,Berlin,4000.0,Bonus,38,EUR,102.35916666666667
2024-02-05,10115,Berlin,4000.0,Bonus,41,EUR,102.7375
2024-02-05,81539,München,4000.0,Bonus,37,EUR,101.39083333333333
2024-02-05,10115,Berlin,1500.0,Bonus,21,EUR,39.4575
2024-02-05,10115,Berlin,1500.0,Bonus,22,EUR,40.00333333333334
2024-02-05,10115,Berlin,1500.0,Bonus,38,EUR,44.369166666666665
2024-02-05,81539,München,1500.0,Bonus,2,EUR,37.130833333333335
2024-02-05,81539,München,1500.0,Bonus,13,EUR,38.61083333333333
2024-02-05,81539,München,1500.0,Bonus,27,EUR,40.97833333333333
2024-02-05,81539,München,1500.0,Bonus,36,EUR,43.88999999999999
2024-02-05,81539,München,1500.0,Bonus,47,EUR,45.5075
2024-02-05,10115,Berlin,2500.0,Bonus,37,EUR,65.24916666666667
2024-02-05,10115,Berlin,2000.0,Bonus,2,EUR,45.9275
2024-02-05,10115,Berlin,2000.0,Bonus,5,EUR,47.405833333333334
2024-02-05,10115,Berlin,2000.0,Bonus,12,EUR,47.85
2024-02-05,10115,Berlin,2000.0,Bonus,35,EUR,53.182500000000005
2024-02-05,81539,München,2000.0,Bonus,43,EUR,56.77
2024-02-05,10115,Berlin,3500.0,Bonus,7,EUR,77.03583333333333
2024-02-05,10115,Berlin,3000.0,Bonus,6,EUR,66.34333333333333
2024-02-05,10115,Berlin,3000.0,Bonus,35,EUR,77.13333333333334
2024-02-05,81539,München,3000.0,Bonus,12,EUR,68.23333333333333
2024-02-05,10115,Berlin,4250.0,Bonus,37,EUR,108.95
2024-02-05,81539,München,4250.0,Bonus,11,EUR,97.97166666666668
2024-02-05,81539,München,4250.0,Bonus,29,EUR,102.50833333333333
2024-02-05,81539,München,4500.0,Bonus,38,EUR,115.03666666666668
2024-02-05,81539,München,4500.0,Bonus,47,EUR,116.94583333333333
2024-02-05,81539,München,5000.0,Bonus,43,EUR,128.61916666666667
2024-02-05,10115,Berlin,4000.0,Bonus,27,EUR,98.38333333333333
2024-02-05,81539,München,4000.0,Bonus,1,EUR,76.80833333333334
2024-02-05,81539,München,1500.0,Bonus,42,EUR,44.69916666666666
2024-02-05,81539,München,2500.0,Bonus,32,EUR,63.94
2024-02-05,81539,München,2500.0,Bonus,46,EUR,68.7225
2024-02-05,81539,München,2000.0,Bonus,8,EUR,46.9125
2024-02-05,81539,München,2000.0,Bonus,15,EUR,47.80083333333334
2024-02-05,81539,München,2000.0,Bonus,17,EUR,47.82749999999999
2024-02-05,81539,München,3500.0,Bonus,8,EUR,77.40166666666667
2024-02-05,81539,München,3500.0,Bonus,19,EUR,80.50750000000001
2024-02-05,81539,München,3500.0,Bonus,50,EUR,93.52083333333333
2024-02-05,10115,Berlin,3000.0,Bonus,16,EUR,69.14999999999999
2024-02-05,10115,Berlin,3000.0,Bonus,33,EUR,76.2
2024-02-05,10115,Berlin,3000.0,Bonus,39,EUR,79.25
2024-02-05,10115,Berlin,3000.0,Bonus,49,EUR,81.585
2024-02-05,81539,München,3000.0,Bonus,3,EUR,64.1575
2024-02-05,81539,München,3000.0,Bonus,47,EUR,80.845
2024-02-05,10115,Berlin,4250.0,Bonus,44,EUR,111.75333333333333
2024-02-05,81539,München,4250.0,Bonus,8,EUR,97.30333333333334
2024-02-05,81539,München,4250.0,Bonus,15,EUR,98.75999999999999
2024-02-05,10115,Berlin,4500.0,Bonus,8,EUR,105.53750000000001
2024-02-05,10115,Berlin,4500.0,Bonus,40,EUR,116.02916666666665
2024-02-05,81539,München,4500.0,Bonus,8,EUR,103.77416666666666
2024-02-05,81539,München,4500.0,Bonus,16,EUR,105.265
2024-02-05,81539,München,4500.0,Bonus,35,EUR,113.27333333333333
2024-02-05,10115,Berlin,5000.0,Bonus,5,EUR,110.92583333333333
2024-02-05,81539,München,5000.0,Bonus,1,EUR,92.97083333333335
2024-02-05,81539,München,5000.0,Bonus,32,EUR,124.20666666666666
2024-02-05,10115,Berlin,4000.0,Bonus,10,EUR,93.0
2024-02-05,81539,München,4000.0,Bonus,27,EUR,96.1225
2024-02-05,10115,Berlin,1500.0,Bonus,9,EUR,38.049166666666665
2024-02-05,10115,Berlin,1500.0,Bonus,14,EUR,38.33
2024-02-05,10115,Berlin,1500.0,Bonus,27,EUR,41.22666666666667
2024-02-05,10115,Berlin,1500.0,Bonus,43,EUR,45.166666666666664
2024-02-05,81539,München,1500.0,Bonus,50,EUR,46.1
2024-02-05,10115,Berlin,2500.0,Bonus,36,EUR,65.11666666666666
2024-02-05,81539,München,2500.0,Bonus,28,EUR,60.45083333333333
2024-02-05,81539,München,2500.0,Bonus,37,EUR,67.31083333333333
2024-02-05,10115,Berlin,2000.0,Bonus,17,EUR,48.31333333333333
2024-02-05,10115,Berlin,2000.0,Bonus,36,EUR,53.99666666666667
2024-02-05,81539,München,2000.0,Bonus,27,EUR,51.18
2024-02-05,81539,München,3500.0,Bonus,30,EUR,86.89083333333333
2024-02-05,10115,Berlin,3000.0,Bonus,20,EUR,71.1025
2024-02-05,10115,Berlin,3000.0,Bonus,45,EUR,81.11416666666666
2024-02-05,10115,Berlin,4500.0,Bonus,7,EUR,104.46166666666666
2024-02-05,10115,Berlin,4500.0,Bonus,36,EUR,115.28666666666668
2024-02-05,10115,Berlin,4500.0,Bonus,45,EUR,117.96333333333332
2024-02-05,81539,München,4500.0,Bonus,19,EUR,105.32916666666667
2024-02-05,81539,München,5000.0,Bonus,20,EUR,117.96833333333332
2024-02-05,10115,Berlin,4000.0,Bonus,49,EUR,106.10666666666667
2024-02-05,81539,München,4000.0,Bonus,2,EUR,82.54166666666667
2024-02-05,81539,München,4000.0,Bonus,7,EUR,90.7025
2024-02-05,10115,Berlin,1500.0,Bonus,3,EUR,37.55833333333333
2024-02-05,81539,München,1500.0,Bonus,19,EUR,39.038333333333334
2024-02-05,10115,Berlin,2500.0,Bonus,6,EUR,56.86666666666667
2024-02-05,10115,Berlin,2500.0,Bonus,31,EUR,62.785
2024-02-05,10115,Berlin,2500.0,Bonus,44,EUR,68.72833333333334
2024-02-05,81539,München,2500.0,Bonus,48,EUR,68.8075
2024-02-05,10115,Berlin,2000.0,Bonus,24,EUR,49.0625
2024-02-05,81539,München,2000.0,Bonus,18,EUR,48.4125
2024-02-05,10115,Berlin,3500.0,Bonus,38,EUR,89.58083333333333
2024-02-05,10115,Berlin,3500.0,Bonus,42,EUR,92.52583333333332
2024-02-05,81539,München,3500.0,Bonus,15,EUR,79.375
2024-02-05,10115,Berlin,3000.0,Bonus,27,EUR,73.74916666666667
2024-02-05,81539,München,3000.0,Bonus,19,EUR,68.36749999999999
2024-02-05,10115,Berlin,4250.0,Bonus,1,EUR,85.2375
2024-02-05,10115,Berlin,4250.0,Bonus,13,EUR,99.8775
2024-02-05,10115,Berlin,4500.0,Bonus,41,EUR,116.72000000000001
2024-02-05,10115,Berlin,4500.0,Bonus,47,EUR,118.605
2024-02-05,81539,München,4500.0,Bonus,15,EUR,105.25666666666666
2024-02-05,81539,München,4500.0,Bonus,27,EUR,106.87166666666667
2024-02-05,10115,Berlin,4000.0,Bonus,9,EUR,92.99000000000001
2024-02-05,81539,München,4000.0,Bonus,50,EUR,105.51666666666667
2024-02-05,81539,München,1500.0,Bonus,4,EUR,37.62166666666666
2024-02-05,81539,München,1500.0,Bonus,17,EUR,38.67166666666667
2024-02-05,10115,Berlin,2500.0,Bonus,2,EUR,55.251666666666665
2024-02-05,81539,München,2500.0,Bonus,17,EUR,57.54583333333333
2024-02-05,81539,München,2500.0,Bonus,35,EUR,66.03666666666668
2024-02-05,10115,Berlin,2000.0,Bonus,4,EUR,46.87083333333334
2024-02-05,10115,Berlin,2000.0,Bonus,42,EUR,56.38666666666666
2024-02-05,10115,Berlin,2000.0,Bonus,48,EUR,57.6175
2024-02-05,81539,München,2000.0,Bonus,25,EUR,49.5525
2024-02-05,81539,München,2000.0,Bonus,46,EUR,56.94916666666666
2024-02-05,10115,Berlin,3500.0,Bonus,25,EUR,84.74083333333333
2024-02-05,10115,Berlin,3500.0,Bonus,33,EUR,88.9875
2024-02-05,10115,Berlin,3500.0,Bonus,35,EUR,89.30333333333334
2024-02-05,10115,Berlin,3500.0,Bonus,50,EUR,94.21
2024-02-05,81539,München,3500.0,Bonus,4,EUR,73.735
2024-02-05,81539,München,3500.0,Bonus,32,EUR,87.6075
2024-02-05,81539,München,3000.0,Bonus,32,EUR,76.36
2024-02-05,10115,Berlin,4250.0,Bonus,22,EUR,101.9875
2024-02-05,10115,Berlin,4250.0,Bonus,50,EUR,112.67833333333334
2024-02-05,81539,München,4250.0,Bonus,3,EUR,87.145
2024-02-05,81539,München,4500.0,Bonus,28,EUR,107.0025
2024-02-05,10115,Berlin,5000.0,Bonus,18,EUR,120.45
2024-02-05,10115,Berlin,5000.0,Bonus,35,EUR,128.11249999999998
2024-02-05,10115,Berlin,5000.0,Bonus,39,EUR,129.26833333333335
2024-02-05,81539,München,5000.0,Bonus,33,EUR,124.75916666666666
2024-02-05,10115,Berlin,4000.0,Bonus,7,EUR,92.05166666666666
2024-02-05,10115,Berlin,4000.0,Bonus,8,EUR,92.96666666666665
2024-02-05,10115,Berlin,1500.0,Bonus,47,EUR,45.79
2024-02-05,81539,München,1500.0,Bonus,11,EUR,38.59083333333333
2024-02-05,81539,München,1500.0,Bonus,28,EUR,41.02833333333333
2024-02-05,81539,München,1500.0,Bonus,40,EUR,44.48833333333334
2024-02-05,81539,München,1500.0,Bonus,41,EUR,44.61333333333334
2024-02-05,10115,Berlin,2500.0,Bonus,1,EUR,54.29583333333333
2024-02-05,10115,Berlin,2500.0,Bonus,43,EUR,68.6925
2024-02-05,81539,München,2500.0,Bonus,8,EUR,55.9675
2024-02-05,81539,München,2500.0,Bonus,11,EUR,56.27166666666667
2024-02-05,81539,München,2500.0,Bonus,20,EUR,58.471666666666664
2024-02-05,81539,München,2500.0,Bonus,30,EUR,62.45333333333334
2024-02-05,81539,München,2500.0,Bonus,33,EUR,64.415
2024-02-05,81539,München,2500.0,Bonus,41,EUR,68.05333333333333
2024-02-05,10115,Berlin,2000.0,Bonus,9,EUR,47.68333333333334
2024-02-05,10115,Berlin,2000.0,Bonus,41,EUR,55.98333333333333
2024-02-05,81539,München,2000.0,Bonus,4,EUR,46.22
2024-02-05,81539,München,2000.0,Bonus,9,EUR,46.91583333333333
2024-02-05,81539,München,2000.0,Bonus,40,EUR,56.32666666666666
2024-02-05,81539,München,3500.0,Bonus,2,EUR,73.29416666666667
2024-02-05,81539,München,3500.0,Bonus,10,EUR,78.25
2024-02-05,81539,München,3500.0,Bonus,38,EUR,90.63416666666666
2024-02-05,81539,München,3500.0,Bonus,39,EUR,90.79166666666667
2024-02-05,10115,Berlin,3000.0,Bonus,26,EUR,73.62666666666667
2024-02-05,10115,Berlin,3000.0,Bonus,32,EUR,76.09333333333333
2024-02-05,10115,Berlin,3000.0,Bonus,43,EUR,80.83583333333333
2024-02-05,10115,Berlin,3000.0,Bonus,44,EUR,81.07000000000001
2024-02-05,81539,München,3000.0,Bonus,27,EUR,72.215
2024-02-05,81539,München,3000.0,Bonus,44,EUR,79.98583333333333
2024-02-05,81539,München,4250.0,Bonus,10,EUR,97.94583333333333
2024-02-05,81539,München,4500.0,Bonus,24,EUR,106.66333333333334
2024-02-05,81539,München,4500.0,Bonus,41,EUR,115.5075
2024-02-05,10115,Berlin,5000.0,Bonus,21,EUR,120.54666666666667
2024-02-05,81539,München,5000.0,Bonus,9,EUR,115.54166666666667
2024-02-05,81539,München,5000.0,Bonus,12,EUR,115.65833333333335
2024-02-05,81539,München,5000.0,Bonus,36,EUR,127.14916666666666
2024-02-05,81539,München,4000.0,Bonus,12,EUR,92.16833333333334
2024-02-05,81539,München,4000.0,Bonus,18,EUR,92.49083333333334
2024-02-05,81539,München,4000.0,Bonus,34,EUR,100.11083333333333
2024-02-05,81539,München,4000.0,Bonus,47,EUR,104.87083333333334
2024-02-05,10115,Berlin,1500.0,Bonus,31,EUR,42.200833333333335
2024-02-05,81539,München,1500.0,Bonus,34,EUR,43.5825
2024-02-05,10115,Berlin,2500.0,Bonus,11,EUR,56.958333333333336
2024-02-05,10115,Berlin,2500.0,Bonus,14,EUR,57.0875
2024-02-05,10115,Berlin,2500.0,Bonus,25,EUR,61.11416666666667
2024-02-05,10115,Berlin,2500.0,Bonus,35,EUR,65.08833333333332
2024-02-05,81539,München,2500.0,Bonus,31,EUR,63.92250000000001
2024-02-05,81539,München,2500.0,Bonus,42,EUR,68.19500000000001
2024-02-05,81539,München,2500.0,Bonus,45,EUR,68.64583333333333
2024-02-05,10115,Berlin,2000.0,Bonus,8,EUR,47.44416666666667
2024-02-05,10115,Berlin,2000.0,Bonus,34,EUR,52.530833333333334
2024-02-05,10115,Berlin,2000.0,Bonus,39,EUR,55.64166666666667
2024-02-05,81539,München,3500.0,Bonus,16,EUR,80.05083333333333
2024-02-05,81539,München,3500.0,Bonus,18,EUR,80.47833333333334
2024-02-05,10115,Berlin,3000.0,Bonus,3,EUR,65.3175
2024-02-05,10115,Berlin,3000.0,Bonus,41,EUR,80.125
2024-02-05,10115,Berlin,4250.0,Bonus,11,EUR,99.72500000000001
2024-02-05,10115,Berlin,4250.0,Bonus,19,EUR,101.6875
2024-02-05,10115,Berlin,4250.0,Bonus,42,EUR,110.64083333333333
2024-02-05,81539,München,4250.0,Bonus,24,EUR,100.735
2024-02-05,81539,München,4250.0,Bonus,38,EUR,108.21416666666666
2024-02-05,81539,München,4500.0,Bonus,21,EUR,105.92
2024-02-05,81539,München,4500.0,Bonus,36,EUR,114.11500000000001
2024-02-05,81539,München,4500.0,Bonus,40,EUR,115.35833333333333
2024-02-05,10115,Berlin,5000.0,Bonus,36,EUR,128.68166666666667
2024-02-05,81539,München,5000.0,Bonus,4,EUR,107.91583333333334
2024-02-05,81539,München,5000.0,Bonus,11,EUR,115.555
2024-02-05,81539,München,5000.0,Bonus,14,EUR,117.41416666666667
2024-02-05,81539,München,5000.0,Bonus,37,EUR,127.495
2024-02-05,10115,Berlin,4000.0,Bonus,14,EUR,93.83333333333333
2024-02-05,10115,Berlin,4000.0,Bonus,46,EUR,105.915
2024-02-05,81539,München,4000.0,Bonus,15,EUR,92.21666666666665
2024-02-05,81539,München,4000.0,Bonus,48,EUR,104.92
2024-02-05,10115,Berlin,1500.0,Bonus,2,EUR,37.11333333333334
2024-02-05,81539,München,1500.0,Bonus,21,EUR,39.54
2024-02-05,10115,Berlin,2500.0,Bonus,15,EUR,57.25416666666666
2024-02-05,81539,München,2500.0,Bonus,10,EUR,56.270833333333336
2024-02-05,10115,Berlin,2000.0,Bonus,44,EUR,57.120000000000005
2024-02-05,81539,München,2000.0,Bonus,23,EUR,49.208333333333336
2024-02-05,10115,Berlin,3500.0,Bonus,32,EUR,88.9825
2024-02-05,10115,Berlin,3500.0,Bonus,34,EUR,89.20416666666667
2024-02-05,81539,München,3500.0,Bonus,6,EUR,74.35333333333334
2024-02-05,81539,München,3500.0,Bonus,24,EUR,82.14583333333333
2024-02-05,10115,Berlin,3000.0,Bonus,25,EUR,73.55333333333333
2024-02-05,10115,Berlin,4250.0,Bonus,49,EUR,112.50666666666666
2024-02-05,81539,München,4250.0,Bonus,4,EUR,88.685
2024-02-05,81539,München,4250.0,Bonus,31,EUR,102.96249999999999
2024-02-05,10115,Berlin,4500.0,Bonus,10,EUR,105.60833333333333
2024-02-05,10115,Berlin,4500.0,Bonus,14,EUR,106.33999999999999
2024-02-05,10115,Berlin,4500.0,Bonus,27,EUR,109.46
2024-02-05,10115,Berlin,4500.0,Bonus,32,EUR,112.48083333333334
2024-02-05,10115,Berlin,4500.0,Bonus,35,EUR,115.17583333333333
2024-02-05,10115,Berlin,4500.0,Bonus,48,EUR,118.83749999999999
2024-02-05,81539,München,4500.0,Bonus,26,EUR,106.80916666666667
2024-02-05,10115,Berlin,5000.0,Bonus,26,EUR,121.70833333333333
2024-02-05,10115,Berlin,5000.0,Bonus,28,EUR,123.38083333333333
2024-02-05,10115,Berlin,5000.0,Bonus,44,EUR,130.8025
2024-02-05,81539,München,5000.0,Bonus,42,EUR,128.43083333333334
2024-02-05,81539,München,5000.0,Bonus,48,EUR,128.995
2024-02-05,10115,Berlin,4000.0,Bonus,3,EUR,84.89
2024-02-05,10115,Berlin,4000.0,Bonus,31,EUR,99.53333333333335
2024-02-05,10115,Berlin,1500.0,Bonus,18,EUR,38.88333333333333
2024-02-05,10115,Berlin,2500.0,Bonus,9,EUR,56.92083333333333
2024-02-05,10115,Berlin,2500.0,Bonus,10,EUR,56.93333333333334
2024-02-05,10115,Berlin,2500.0,Bonus,42,EUR,68.4875
2024-02-05,81539,München,2500.0,Bonus,39,EUR,67.60166666666667
2024-02-05,10115,Berlin,2000.0,Bonus,19,EUR,48.330000000000005
2024-02-05,10115,Berlin,2000.0,Bonus,45,EUR,57.22416666666667
2024-02-05,81539,München,2000.0,Bonus,11,EUR,46.93333333333334
2024-02-05,81539,München,2000.0,Bonus,33,EUR,53.66166666666667
2024-02-05,10115,Berlin,3500.0,Bonus,48,EUR,93.6675
2024-02-05,81539,München,3500.0,Bonus,41,EUR,91.12833333333333
2024-02-05,10115,Berlin,3000.0,Bonus,1,EUR,63.165
2024-02-05,10115,Berlin,3000.0,Bonus,8,EUR,67.34583333333333
2024-02-05,10115,Berlin,3000.0,Bonus,14,EUR,67.99166666666666
2024-02-05,81539,München,3000.0,Bonus,10,EUR,68.2275
2024-02-05,81539,München,3000.0,Bonus,29,EUR,74.62416666666667
2024-02-05,81539,München,3000.0,Bonus,33,EUR,76.56833333333334
2024-02-05,81539,München,3000.0,Bonus,38,EUR,78.95666666666666
2024-02-05,81539,München,4250.0,Bonus,5,EUR,88.70166666666667
2024-02-05,81539,München,4250.0,Bonus,47,EUR,110.90833333333335
2024-02-05,81539,München,4250.0,Bonus,48,EUR,110.93916666666667
2024-02-05,10115,Berlin,4500.0,Bonus,23,EUR,108.91833333333334
2024-02-05,10115,Berlin,4500.0,Bonus,34,EUR,115.13666666666667
2024-02-05,10115,Berlin,4500.0,Bonus,38,EUR,115.7275
2024-02-05,81539,München,4500.0,Bonus,14,EUR,105.21499999999999
2024-02-05,10115,Berlin,5000.0,Bonus,2,EUR,102.26666666666667
2024-02-05,10115,Berlin,5000.0,Bonus,23,EUR,120.93083333333334
2024-02-05,81539,München,5000.0,Bonus,38,EUR,127.84083333333332
2024-02-05,10115,Berlin,4000.0,Bonus,16,EUR,94.25833333333333
2024-02-05,10115,Berlin,4000.0,Bonus,17,EUR,94.3
2024-02-05,10115,Berlin,4000.0,Bonus,34,EUR,101.73583333333333
2024-02-05,10115,Berlin,4000.0,Bonus,37,EUR,102.29583333333333
2024-02-05,81539,München,4000.0,Bonus,8,EUR,91.17833333333334
2024-02-05,81539,München,4000.0,Bonus,11,EUR,92.16666666666667
2024-02-05,10115,Berlin,1500.0,Bonus,11,EUR,38.083333333333336
2024-02-05,10115,Berlin,1500.0,Bonus,15,EUR,38.70333333333333
2024-02-05,10115,Berlin,1500.0,Bonus,24,EUR,40.266666666666666
2024-02-05,81539,München,1500.0,Bonus,44,EUR,44.906666666666666
2024-02-05,10115,Berlin,2500.0,Bonus,46,EUR,69.045
2024-02-05,81539,München,2500.0,Bonus,2,EUR,54.35833333333333
2024-02-05,81539,München,2500.0,Bonus,12,EUR,56.281666666666666
2024-02-05,81539,München,2500.0,Bonus,50,EUR,69.19916666666667
2024-02-05,10115,Berlin,2000.0,Bonus,47,EUR,57.57666666666666
2024-02-05,10115,Berlin,3500.0,Bonus,9,EUR,77.8625
2024-02-05,10115,Berlin,3500.0,Bonus,27,EUR,85.26583333333333
2024-02-05,81539,München,3500.0,Bonus,9,EUR,78.24166666666666
2024-02-05,81539,München,3500.0,Bonus,35,EUR,87.745
2024-02-05,10115,Berlin,3000.0,Bonus,21,EUR,71.3075
2024-02-05,81539,München,3000.0,Bonus,18,EUR,68.325
2024-02-05,81539,München,3000.0,Bonus,26,EUR,72.0925
2024-02-05,81539,München,3000.0,Bonus,43,EUR,79.8975
2024-02-05,10115,Berlin,4250.0,Bonus,18,EUR,100.52499999999999
2024-02-05,10115,Berlin,4250.0,Bonus,29,EUR,105.05166666666666
2024-02-05,81539,München,4250.0,Bonus,12,EUR,97.97500000000001
2024-02-05,81539,München,4250.0,Bonus,19,EUR,99.45583333333333
2024-02-05,81539,München,4250.0,Bonus,41,EUR,109.51333333333334
2024-02-05,10115,Berlin,4500.0,Bonus,3,EUR,94.25083333333333
2024-02-05,10115,Berlin,4500.0,Bonus,6,EUR,99.66833333333334
2024-02-05,10115,Berlin,4500.0,Bonus,18,EUR,107.33333333333333
2024-02-05,10115,Berlin,4500.0,Bonus,22,EUR,108.83749999999999
2024-02-05,10115,Berlin,4500.0,Bonus,24,EUR,109.02499999999999
2024-02-05,10115,Berlin,4500.0,Bonus,37,EUR,115.60416666666667
2024-02-05,81539,München,4500.0,Bonus,4,EUR,95.87083333333334
2024-02-05,81539,München,4500.0,Bonus,29,EUR,108.39999999999999
2024-02-05,10115,Berlin,5000.0,Bonus,22,EUR,120.74333333333334
2024-02-05,10115,Berlin,5000.0,Bonus,46,EUR,131.32166666666666
2024-02-05,81539,München,5000.0,Bonus,40,EUR,128.3075
2024-02-05,81539,München,5000.0,Bonus,44,EUR,128.655
2024-02-05,10115,Berlin,4000.0,Bonus,22,EUR,96.11916666666667
2024-02-05,10115,Berlin,4000.0,Bonus,36,EUR,102.24000000000001
2024-02-05,81539,München,4000.0,Bonus,16,EUR,92.36583333333334
2024-02-05,10115,Berlin,2500.0,Bonus,5,EUR,56.80583333333333
2024-02-05,10115,Berlin,2500.0,Bonus,40,EUR,67.44583333333334
2024-02-05,10115,Berlin,2500.0,Bonus,49,EUR,69.815
2024-02-05,10115,Berlin,2000.0,Bonus,21,EUR,48.833333333333336
2024-02-05,10115,Berlin,2000.0,Bonus,23,EUR,49.0225
2024-02-05,81539,München,2000.0,Bonus,22,EUR,48.57583333333333
2024-02-05,81539,München,2000.0,Bonus,32,EUR,53.18333333333334
2024-02-05,10115,Berlin,3500.0,Bonus,6,EUR,75.81083333333333
2024-02-05,10115,Berlin,3000.0,Bonus,47,EUR,81.465
2024-02-05,10115,Berlin,4250.0,Bonus,28,EUR,104.84833333333334
2024-02-05,81539,München,4250.0,Bonus,13,EUR,97.97666666666667
2024-02-05,81539,München,4250.0,Bonus,35,EUR,107.71083333333333
2024-02-05,81539,München,4250.0,Bonus,40,EUR,109.46333333333332
2024-02-05,10115,Berlin,4500.0,Bonus,19,EUR,107.44083333333333
2024-02-05,10115,Berlin,4500.0,Bonus,33,EUR,113.46666666666665
2024-02-05,10115,Berlin,4500.0,Bonus,43,EUR,117.6425
2024-02-05,81539,München,4500.0,Bonus,45,EUR,116.38666666666667
2024-02-05,10115,Berlin,5000.0,Bonus,40,EUR,129.32666666666668
2024-02-05,10115,Berlin,5000.0,Bonus,49,EUR,131.6175
2024-02-05,81539,München,4000.0,Bonus,14,EUR,92.2025
2024-02-05,81539,München,4000.0,Bonus,36,EUR,100.98166666666667
2024-02-05,10115,Berlin,1500.0,Bonus,12,EUR,38.085
2024-02-05,10115,Berlin,1500.0,Bonus,34,EUR,43.23583333333334
2024-02-05,10115,Berlin,1500.0,Bonus,40,EUR,44.74583333333334
2024-02-05,81539,München,1500.0,Bonus,3,EUR,37.5825
2024-02-05,81539,München,1500.0,Bonus,6,EUR,37.964166666666664
2024-02-05,81539,München,1500.0,Bonus,30,EUR,41.737500000000004
2024-02-05,10115,Berlin,2500.0,Bonus,16,EUR,58.1
2024-02-05,10115,Berlin,2500.0,Bonus,30,EUR,62.45416666666667
2024-02-05,10115,Berlin,2500.0,Bonus,32,EUR,63.090833333333336
2024-02-05,10115,Berlin,2000.0,Bonus,6,EUR,47.435833333333335
2024-02-05,81539,München,2000.0,Bonus,13,EUR,47.70916666666667
2024-02-05,81539,München,2000.0,Bonus,38,EUR,55.89166666666667
2024-02-05,10115,Berlin,3500.0,Bonus,24,EUR,84.04
2024-02-05,10115,Berlin,3000.0,Bonus,50,EUR,82.0125
2024-02-05,81539,München,3000.0,Bonus,17,EUR,68.30666666666666
2024-02-05,81539,München,3000.0,Bonus,30,EUR,74.6525
2024-02-05,81539,München,3000.0,Bonus,45,EUR,80.47833333333334
2024-02-05,10115,Berlin,4250.0,Bonus,5,EUR,91.14666666666666
2024-02-05,10115,Berlin,4500.0,Bonus,2,EUR,92.92916666666667
2024-02-05,10115,Berlin,4500.0,Bonus,28,EUR,109.61166666666666
2024-02-05,81539,München,4500.0,Bonus,33,EUR,111.0125
2024-02-05,81539,München,4500.0,Bonus,44,EUR,116.22000000000001
2024-02-05,10115,Berlin,5000.0,Bonus,31,EUR,124.97000000000001
2024-02-05,81539,München,5000.0,Bonus,21,EUR,118.0125
2024-02-05,81539,München,5000.0,Bonus,34,EUR,124.95166666666667
2024-02-05,10115,Berlin,4000.0,Bonus,18,EUR,94.30250000000001
2024-02-05,81539,München,4000.0,Bonus,10,EUR,92.05
2024-02-05,81539,München,4000.0,Bonus,38,EUR,101.42416666666666
2024-02-05,10115,Berlin,1500.0,Bonus,1,EUR,36.5575
2024-02-05,10115,Berlin,1500.0,Bonus,20,EUR,39.4175
2024-02-05,81539,München,1500.0,Bonus,14,EUR,38.62416666666667
2024-02-05,81539,München,1500.0,Bonus,22,EUR,39.8675
2024-02-05,10115,Berlin,2500.0,Bonus,4,EUR,56.23500000000001
2024-02-05,10115,Berlin,2500.0,Bonus,8,EUR,56.875
2024-02-05,10115,Berlin,2500.0,Bonus,21,EUR,59.721666666666664
2024-02-05,81539,München,2500.0,Bonus,25,EUR,59.86000000000001
2024-02-05,81539,München,2500.0,Bonus,38,EUR,67.5575
2024-02-05,10115,Berlin,2000.0,Bonus,29,EUR,50.495000000000005
2024-02-05,10115,Berlin,2000.0,Bonus,37,EUR,54.41833333333333
2024-02-05,10115,Berlin,2000.0,Bonus,46,EUR,57.44833333333333
2024-02-05,10115,Berlin,2000.0,Bonus,49,EUR,57.64833333333333
2024-02-05,10115,Berlin,3500.0,Bonus,36,EUR,89.40166666666666
2024-02-05,81539,München,3000.0,Bonus,35,EUR,77.7075
2024-02-05,10115,Berlin,4250.0,Bonus,21,EUR,101.8975
2024-02-05,10115,Berlin,4250.0,Bonus,34,EUR,108.51083333333334
2024-02-05,10115,Berlin,4250.0,Bonus,48,EUR,112.38583333333334
2024-02-05,81539,München,4250.0,Bonus,39,EUR,108.3125
2024-02-05,81539,München,4250.0,Bonus,43,EUR,109.94749999999999
2024-02-05,81539,München,4500.0,Bonus,31,EUR,109.145
2024-02-05,10115,Berlin,4000.0,Bonus,15,EUR,93.88333333333333
2024-02-05,81539,München,4000.0,Bonus,5,EUR,83.8425
2024-02-05,81539,München,4000.0,Bonus,39,EUR,102.51083333333334
2024-02-05,81539,München,1500.0,Bonus,1,EUR,34.90083333333333
2024-02-05,81539,München,1500.0,Bonus,24,EUR,40.450833333333335
2024-02-05,81539,München,1500.0,Bonus,46,EUR,45.285
2024-02-05,81539,München,1500.0,Bonus,48,EUR,45.5375
2024-02-05,10115,Berlin,2500.0,Bonus,19,EUR,58.90166666666667
2024-02-05,81539,München,2500.0,Bonus,36,EUR,66.26166666666667
2024-02-05,81539,München,2500.0,Bonus,49,EUR,68.91666666666667
2024-02-05,10115,Berlin,2000.0,Bonus,22,EUR,48.96666666666667
2024-02-05,81539,München,2000.0,Bonus,1,EUR,43.482499999999995
2024-02-05,81539,München,2000.0,Bonus,47,EUR,56.9975
2024-02-05,10115,Berlin,3500.0,Bonus,11,EUR,77.87
2024-02-05,10115,Berlin,3500.0,Bonus,13,EUR,79.3575
2024-02-05,10115,Berlin,3000.0,Bonus,13,EUR,67.99083333333333
2024-02-05,81539,München,3000.0,Bonus,23,EUR,70.74249999999999
2024-02-05,10115,Berlin,4250.0,Bonus,25,EUR,103.28833333333334
2024-02-05,81539,München,4250.0,Bonus,7,EUR,96.85833333333333
2024-02-05,81539,München,4250.0,Bonus,25,EUR,100.86166666666666
2024-02-05,10115,Berlin,4500.0,Bonus,20,EUR,107.64833333333333
2024-02-05,10115,Berlin,4500.0,Bonus,39,EUR,116.01833333333333
2024-02-05,10115,Berlin,5000.0,Bonus,47,EUR,131.41166666666666
2024-02-05,10115,Berlin,5000.0,Bonus,50,EUR,131.74166666666667
2024-02-05,81539,München,5000.0,Bonus,24,EUR,118.69166666666666
2024-02-05,10115,Berlin,4000.0,Bonus,23,EUR,96.35333333333334
2024-02-05,10115,Berlin,4000.0,Bonus,30,EUR,99.17
2024-02-05,81539,München,4000.0,Bonus,13,EUR,92.175
2024-02-05,81539,München,4000.0,Bonus,32,EUR,98.69083333333333
2024-02-05,81539,München,4000.0,Bonus,43,EUR,103.71416666666666
2024-02-05,10115,Berlin,1500.0,Bonus,10,EUR,38.07666666666667
2024-02-05,10115,Berlin,1500.0,Bonus,25,EUR,40.65333333333333
2024-02-05,81539,München,1500.0,Bonus,5,EUR,37.887499999999996
2024-02-05,81539,München,2500.0,Bonus,6,EUR,55.85583333333333
2024-02-05,81539,München,2500.0,Bonus,14,EUR,57.461666666666666
2024-02-05,81539,München,2500.0,Bonus,19,EUR,58.370000000000005
2024-02-05,10115,Berlin,2000.0,Bonus,16,EUR,48.28666666666667
2024-02-05,10115,Berlin,2000.0,Bonus,18,EUR,48.31666666666666
2024-02-05,10115,Berlin,2000.0,Bonus,40,EUR,55.86166666666667
2024-02-05,81539,München,2000.0,Bonus,6,EUR,46.76666666666667
2024-02-05,81539,München,2000.0,Bonus,16,EUR,47.82416666666666
2024-02-05,81539,München,2000.0,Bonus,19,EUR,48.416666666666664
2024-02-05,81539,München,2000.0,Bonus,36,EUR,55.1575
2024-02-05,81539,München,3500.0,Bonus,21,EUR,80.57583333333334
2024-02-05,81539,München,3500.0,Bonus,42,EUR,91.53250000000001
2024-02-05,81539,München,3500.0,Bonus,43,EUR,91.77666666666666
2024-02-05,10115,Berlin,3000.0,Bonus,37,EUR,77.89416666666666
2024-02-05,10115,Berlin,4250.0,Bonus,10,EUR,99.65916666666668
2024-02-05,10115,Berlin,4250.0,Bonus,24,EUR,103.16166666666668
2024-02-05,10115,Berlin,4250.0,Bonus,39,EUR,109.36416666666666
2024-02-05,81539,München,4250.0,Bonus,20,EUR,99.46166666666666
2024-02-05,81539,München,4250.0,Bonus,28,EUR,102.41000000000001
2024-02-05,10115,Berlin,4500.0,Bonus,15,EUR,106.37916666666666
2024-02-05,81539,München,4500.0,Bonus,30,EUR,108.80583333333334
2024-02-05,10115,Berlin,5000.0,Bonus,48,EUR,131.495
2024-02-05,10115,Berlin,4000.0,Bonus,5,EUR,86.11333333333333
2024-02-05,10115,Berlin,4000.0,Bonus,25,EUR,97.16250000000001
2024-02-05,10115,Berlin,4000.0,Bonus,40,EUR,102.71
2024-02-05,81539,München,4000.0,Bonus,3,EUR,82.675
2024-02-05,81539,München,4000.0,Bonus,44,EUR,103.74416666666667
2024-02-05,81539,München,4000.0,Bonus,49,EUR,105.2625
2024-02-05,81539,München,1500.0,Bonus,9,EUR,37.975833333333334
2024-02-05,81539,München,1500.0,Bonus,15,EUR,38.6275
2024-02-05,10115,Berlin,2500.0,Bonus,13,EUR,56.9725
2024-02-05,81539,München,2000.0,Bonus,3,EUR,45.315
2024-02-05,10115,Berlin,3500.0,Bonus,16,EUR,79.99333333333333
2024-02-05,10115,Berlin,3500.0,Bonus,43,EUR,92.7975
2024-02-05,81539,München,3500.0,Bonus,47,EUR,92.79583333333333
2024-02-05,10115,Berlin,3000.0,Bonus,9,EUR,67.80833333333334
2024-02-05,10115,Berlin,3000.0,Bonus,11,EUR,67.81833333333334
2024-02-05,10115,Berlin,3000.0,Bonus,23,EUR,71.6775
2024-02-05,81539,München,3000.0,Bonus,4,EUR,64.79583333333333
2024-02-05,81539,München,3000.0,Bonus,16,EUR,68.29916666666666
2024-02-05,81539,München,3000.0,Bonus,37,EUR,78.68916666666667
2024-02-05,81539,München,4250.0,Bonus,14,EUR,98.06583333333333
2024-02-05,81539,München,4250.0,Bonus,26,EUR,101.51166666666667
2024-02-05,10115,Berlin,4500.0,Bonus,1,EUR,89.6725
2024-02-05,10115,Berlin,4500.0,Bonus,5,EUR,98.52
2024-02-05,10115,Berlin,4500.0,Bonus,49,EUR,118.99166666666667
2024-02-05,81539,München,4500.0,Bonus,23,EUR,106.40750000000001
2024-02-05,10115,Berlin,5000.0,Bonus,12,EUR,118.52833333333332
2024-02-05,81539,München,5000.0,Bonus,13,EUR,117.34500000000001
2024-02-05,81539,München,4000.0,Bonus,9,EUR,91.56416666666667
2024-02-05,81539,München,4000.0,Bonus,30,EUR,96.79916666666666
2024-02-05,10115,Berlin,1500.0,Bonus,23,EUR,40.08083333333334
2024-02-05,10115,Berlin,1500.0,Bonus,37,EUR,44.32749999999999
2024-02-05,10115,Berlin,1500.0,Bonus,50,EUR,46.17083333333333
2024-02-05,81539,München,1500.0,Bonus,16,EUR,38.670833333333334
2024-02-05,81539,München,1500.0,Bonus,35,EUR,43.88166666666667
2024-02-05,10115,Berlin,2500.0,Bonus,18,EUR,58.28333333333333
2024-02-05,81539,München,2500.0,Bonus,9,EUR,56.17083333333333
2024-02-05,81539,München,2500.0,Bonus,40,EUR,67.69666666666667
2024-02-05,81539,München,2000.0,Bonus,37,EUR,55.57
2024-02-05,10115,Berlin,3500.0,Bonus,1,EUR,72.93416666666667
2024-02-05,10115,Berlin,3500.0,Bonus,30,EUR,88.18416666666667
2024-02-05,10115,Berlin,3500.0,Bonus,49,EUR,93.74000000000001
2024-02-05,81539,München,3500.0,Bonus,1,EUR,68.22666666666667
2024-02-05,81539,München,3500.0,Bonus,25,EUR,82.84916666666668
2024-02-05,81539,München,3500.0,Bonus,27,EUR,83.36749999999999
2024-02-05,81539,München,3500.0,Bonus,28,EUR,84.08083333333333
2024-02-05,81539,München,3500.0,Bonus,48,EUR,92.8825
2024-02-05,81539,München,3000.0,Bonus,13,EUR,68.24249999999999
2024-02-05,81539,München,3000.0,Bonus,46,EUR,80.72083333333333
2024-02-05,10115,Berlin,4250.0,Bonus,15,EUR,100.04416666666667
2024-02-05,10115,Berlin,4250.0,Bonus,23,EUR,102.32249999999999
2024-02-05,10115,Berlin,4250.0,Bonus,40,EUR,110.11416666666666
2024-02-05,10115,Berlin,4250.0,Bonus,47,EUR,112.255
2024-02-05,81539,München,4250.0,Bonus,9,EUR,97.52083333333333
2024-02-05,81539,München,4250.0,Bonus,17,EUR,98.94
2024-02-05,81539,München,4500.0,Bonus,3,EUR,91.61500000000001
2024-02-05,10115,Berlin,5000.0,Bonus,4,EUR,110.90916666666668
2024-02-05,10115,Berlin,5000.0,Bonus,10,EUR,118.5
2024-02-05,10115,Berlin,5000.0,Bonus,41,EUR,129.44166666666666
2024-02-05,10115,Berlin,4000.0,Bonus,1,EUR,81.80333333333333
2024-02-05,10115,Berlin,4000.0,Bonus,12,EUR,93.44749999999999
2024-02-05,81539,München,4000.0,Bonus,23,EUR,94.09666666666668
2024-02-05,81539,München,4000.0,Bonus,33,EUR,99.16666666666667
2024-02-05,10115,Berlin,2500.0,Bonus,23,EUR,60.86000000000001
2024-02-05,10115,Berlin,2500.0,Bonus,29,EUR,62.37916666666666
2024-02-05,10115,Berlin,2500.0,Bonus,39,EUR,67.22083333333333
2024-02-05,81539,München,2500.0,Bonus,4,EUR,55.336666666666666
2024-02-05,81539,München,2500.0,Bonus,43,EUR,68.60416666666667
2024-02-05,81539,München,2500.0,Bonus,44,EUR,68.63833333333334
2024-02-05,10115,Berlin,3500.0,Bonus,4,EUR,74.7625
2024-02-05,10115,Berlin,3500.0,Bonus,18,EUR,81.24666666666667
2024-02-05,10115,Berlin,3500.0,Bonus,20,EUR,82.4675
2024-02-05,10115,Berlin,3500.0,Bonus,22,EUR,82.76416666666667
2024-02-05,10115,Berlin,3500.0,Bonus,23,EUR,83.71333333333332
2024-02-05,10115,Berlin,3000.0,Bonus,12,EUR,67.825
2024-02-05,10115,Berlin,3000.0,Bonus,34,EUR,76.36749999999999
2024-02-05,10115,Berlin,3000.0,Bonus,48,EUR,81.52
2024-02-05,81539,München,3000.0,Bonus,1,EUR,60.645
2024-02-05,81539,München,3000.0,Bonus,41,EUR,79.58
2024-02-05,81539,München,3000.0,Bonus,49,EUR,81.27499999999999
2024-02-05,10115,Berlin,4250.0,Bonus,16,EUR,100.40166666666666
2024-02-05,10115,Berlin,4250.0,Bonus,35,EUR,108.70833333333333
2024-02-05,10115,Berlin,4250.0,Bonus,41,EUR,110.125
2024-02-05,81539,München,4250.0,Bonus,6,EUR,90.9775
2024-02-05,81539,München,4250.0,Bonus,33,EUR,105.44666666666666
2024-02-05,81539,München,4500.0,Bonus,48,EUR,116.9575
2024-02-05,81539,München,5000.0,Bonus,3,EUR,100.555
2024-02-05,81539,München,5000.0,Bonus,46,EUR,128.76583333333335
2024-02-05,10115,Berlin,4000.0,Bonus,20,EUR,94.45583333333333
2024-02-05,10115,Berlin,4000.0,Bonus,35,EUR,101.94333333333333
2024-02-05,10115,Berlin,4000.0,Bonus,45,EUR,105.81583333333333
2024-02-05,10115,Berlin,4000.0,Bonus,50,EUR,106.36583333333334
2024-02-05,81539,München,4000.0,Bonus,19,EUR,92.50666666666666
2024-02-05,81539,München,4000.0,Bonus,26,EUR,95.6925
2024-02-05,10115,Berlin,2500.0,Bonus,17,EUR,58.14833333333333
2024-02-05,81539,München,2500.0,Bonus,16,EUR,57.541666666666664
2024-02-05,10115,Berlin,2000.0,Bonus,28,EUR,50.373333333333335
2024-02-05,81539,München,2000.0,Bonus,24,EUR,49.27
2024-02-05,10115,Berlin,3500.0,Bonus,37,EUR,89.41833333333334
2024-02-05,81539,München,3500.0,Bonus,17,EUR,80.35416666666667
2024-02-05,81539,München,3500.0,Bonus,37,EUR,89.49833333333333
2024-02-05,10115,Berlin,3000.0,Bonus,2,EUR,65.26666666666667
2024-02-05,10115,Berlin,3000.0,Bonus,22,EUR,71.63916666666667
2024-02-05,81539,München,3000.0,Bonus,20,EUR,69.77333333333333
2024-02-05,10115,Berlin,4250.0,Bonus,36,EUR,108.7475
2024-02-05,81539,München,4250.0,Bonus,44,EUR,110.08
2024-02-05,81539,München,4500.0,Bonus,7,EUR,102.705
2024-02-05,81539,München,4500.0,Bonus,17,EUR,105.31416666666667
2024-02-05,81539,München,4500.0,Bonus,34,EUR,112.53166666666668
2024-02-05,10115,Berlin,5000.0,Bonus,3,EUR,103.6125
2024-02-05,81539,München,5000.0,Bonus,6,EUR,109.12083333333334
2024-02-05,10115,Berlin,4000.0,Bonus,26,EUR,97.6225
2024-02-05,81539,München,4000.0,Bonus,46,EUR,104.16000000000001
2024-02-05,81539,München,1500.0,Bonus,7,EUR,37.97
2024-02-05,10115,Berlin,2500.0,Bonus,24,EUR,60.89083333333334
2024-02-05,81539,München,2500.0,Bonus,3,EUR,54.375
2024-02-05,10115,Berlin,2000.0,Bonus,11,EUR,47.8025
2024-02-05,10115,Berlin,2000.0,Bonus,15,EUR,48.26833333333334
2024-02-05,81539,München,2000.0,Bonus,5,EUR,46.76666666666667
2024-02-05,81539,München,2000.0,Bonus,10,EUR,46.92083333333333
2024-02-05,81539,München,2000.0,Bonus,35,EUR,55.041666666666664
2024-02-05,10115,Berlin,3000.0,Bonus,10,EUR,67.8175
2024-02-05,81539,München,3000.0,Bonus,14,EUR,68.24416666666666
2024-02-05,81539,München,3000.0,Bonus,25,EUR,71.70166666666667
2024-02-05,10115,Berlin,4250.0,Bonus,26,EUR,103.91416666666667
2024-02-05,10115,Berlin,4250.0,Bonus,30,EUR,105.44166666666666
2024-02-05,10115,Berlin,4250.0,Bonus,38,EUR,109.32333333333334
2024-02-05,10115,Berlin,4250.0,Bonus,46,EUR,111.92416666666666
2024-02-05,81539,München,4250.0,Bonus,18,EUR,99.10666666666667
2024-02-05,81539,München,4250.0,Bonus,30,EUR,102.95916666666666
2024-02-05,81539,München,4250.0,Bonus,34,EUR,106.32083333333333
2024-02-05,10115,Berlin,4500.0,Bonus,11,EUR,105.61333333333333
2024-02-05,10115,Berlin,4500.0,Bonus,16,EUR,106.37916666666666
2024-02-05,10115,Berlin,4500.0,Bonus,21,EUR,108.52499999999999
2024-02-05,81539,München,4500.0,Bonus,1,EUR,84.39
2024-02-05,81539,München,4500.0,Bonus,6,EUR,97.02499999999999
2024-02-05,10115,Berlin,5000.0,Bonus,9,EUR,118.335
2024-02-05,10115,Berlin,5000.0,Bonus,37,EUR,128.83833333333334
2024-02-05,81539,München,5000.0,Bonus,2,EUR,99.20833333333333
2024-02-05,81539,München,5000.0,Bonus,16,EUR,117.52999999999999
2024-02-05,81539,München,5000.0,Bonus,30,EUR,122.03250000000001
2024-02-05,81539,München,5000.0,Bonus,31,EUR,122.14333333333333
2024-02-05,81539,München,4000.0,Bonus,41,EUR,103.5675
2024-02-05,10115,Berlin,1500.0,Bonus,4,EUR,37.9375
2024-02-05,81539,München,1500.0,Bonus,37,EUR,43.92916666666667
2024-02-05,81539,München,1500.0,Bonus,43,EUR,44.732499999999995
2024-02-05,10115,Berlin,2500.0,Bonus,41,EUR,68.41833333333334
2024-02-05,10115,Berlin,2500.0,Bonus,45,EUR,68.87416666666667
2024-02-05,81539,München,2500.0,Bonus,22,EUR,58.807500000000005
2024-02-05,81539,München,2000.0,Bonus,26,EUR,50.159166666666664
2024-02-05,81539,München,2000.0,Bonus,48,EUR,57.03583333333333
2024-02-05,10115,Berlin,3500.0,Bonus,31,EUR,88.79166666666667
2024-02-05,10115,Berlin,3500.0,Bonus,41,EUR,91.10000000000001
2024-02-05,81539,München,3500.0,Bonus,5,EUR,74.20833333333333
2024-02-05,10115,Berlin,3000.0,Bonus,31,EUR,75.92916666666666
2024-02-05,81539,München,3000.0,Bonus,8,EUR,66.15666666666667
2024-02-05,81539,München,3000.0,Bonus,28,EUR,72.63833333333334
2024-02-05,10115,Berlin,4250.0,Bonus,12,EUR,99.87333333333333
2024-02-05,81539,München,4250.0,Bonus,1,EUR,80.09916666666668
2024-02-05,81539,München,4250.0,Bonus,23,EUR,99.89583333333333
2024-02-05,81539,München,4500.0,Bonus,9,EUR,104.82083333333333
2024-02-05,81539,München,4500.0,Bonus,37,EUR,114.43916666666667
2024-02-05,81539,München,4500.0,Bonus,39,EUR,115.07416666666667
2024-02-05,10115,Berlin,5000.0,Bonus,7,EUR,117.21249999999999
2024-02-05,10115,Berlin,5000.0,Bonus,33,EUR,127.33916666666666
2024-02-05,81539,München,5000.0,Bonus,8,EUR,115.37333333333333
2024-02-05,81539,München,5000.0,Bonus,50,EUR,129.50833333333333
2024-02-05,10115,Berlin,4000.0,Bonus,4,EUR,86.09666666666668
2024-02-05,81539,München,4000.0,Bonus,6,EUR,84.92916666666666
2024-02-05,81539,München,4000.0,Bonus,24,EUR,94.77333333333333
2024-02-05,10115,Berlin,1500.0,Bonus,30,EUR,42.16833333333333
2024-02-05,10115,Berlin,1500.0,Bonus,45,EUR,45.370000000000005
2024-02-05,81539,München,1500.0,Bonus,10,EUR,38.05416666666667
2024-02-05,10115,Berlin,2500.0,Bonus,28,EUR,61.5825
2024-02-05,81539,München,2500.0,Bonus,18,EUR,57.725
2024-02-05,10115,Berlin,2000.0,Bonus,10,EUR,47.7525
2024-02-05,10115,Berlin,2000.0,Bonus,13,EUR,47.88333333333333
2024-02-05,10115,Berlin,2000.0,Bonus,26,EUR,49.47666666666667
2024-02-05,81539,München,2000.0,Bonus,14,EUR,47.759166666666665
2024-02-05,81539,München,2000.0,Bonus,44,EUR,56.79750000000001
2024-02-05,10115,Berlin,3500.0,Bonus,39,EUR,89.63666666666667
2024-02-05,81539,München,3500.0,Bonus,3,EUR,73.31083333333333
2024-02-05,81539,München,3500.0,Bonus,20,EUR,80.52083333333333
2024-02-05,81539,München,3500.0,Bonus,45,EUR,92.05583333333334
2024-02-05,10115,Berlin,3000.0,Bonus,4,EUR,65.335
2024-02-05,10115,Berlin,3000.0,Bonus,29,EUR,75.79166666666667
2024-02-05,81539,München,3000.0,Bonus,5,EUR,65.16083333333333
2024-02-05,81539,München,3000.0,Bonus,39,EUR,79.30166666666666
2024-02-05,81539,München,3000.0,Bonus,40,EUR,79.545
2024-02-05,81539,München,4250.0,Bonus,32,EUR,104.74000000000001
2024-02-05,81539,München,4250.0,Bonus,42,EUR,109.675
2024-02-05,10115,Berlin,5000.0,Bonus,38,EUR,128.9125
2024-02-05,10115,Berlin,5000.0,Bonus,45,EUR,131.15666666666667
2024-02-05,81539,München,5000.0,Bonus,10,EUR,115.55
2024-02-05,81539,München,5000.0,Bonus,17,EUR,117.62166666666667
2024-02-05,81539,München,5000.0,Bonus,22,EUR,118.52499999999999
2024-02-05,81539,München,5000.0,Bonus,45,EUR,128.74666666666667
2024-02-05,81539,München,5000.0,Bonus,49,EUR,129.02083333333334
2024-02-05,10115,Berlin,4000.0,Bonus,24,EUR,97.02166666666666
2024-02-05,10115,Berlin,4000.0,Bonus,47,EUR,105.93333333333334
2024-02-05,81539,München,4000.0,Bonus,21,EUR,92.85333333333334
2024-02-05,10115,Berlin,1500.0,Bonus,13,EUR,38.19583333333333
2024-02-05,10115,Berlin,1500.0,Bonus,19,EUR,38.89333333333334
2024-02-05,10115,Berlin,1500.0,Bonus,29,EUR,41.48
2024-02-05,10115,Berlin,1500.0,Bonus,39,EUR,44.42583333333334
2024-02-05,10115,Berlin,1500.0,Bonus,44,EUR,45.185
2024-02-05,10115,Berlin,2500.0,Bonus,12,EUR,56.9625
2024-02-05,10115,Berlin,2500.0,Bonus,20,EUR,59.135
2024-02-05,10115,Berlin,2500.0,Bonus,38,EUR,65.59166666666667
2024-02-05,81539,München,2500.0,Bonus,1,EUR,52.06333333333333
2024-02-05,81539,München,2500.0,Bonus,15,EUR,57.4975
2024-02-05,81539,München,2500.0,Bonus,23,EUR,59.5025
2024-02-05,10115,Berlin,2000.0,Bonus,1,EUR,45.42666666666667
2024-02-05,10115,Berlin,2000.0,Bonus,38,EUR,54.48166666666666
2024-02-05,81539,München,2000.0,Bonus,42,EUR,56.62833333333333
2024-02-05,10115,Berlin,3500.0,Bonus,10,EUR,77.86333333333333
2024-02-05,10115,Berlin,3500.0,Bonus,44,EUR,92.8625
2024-02-05,81539,München,3500.0,Bonus,14,EUR,78.3975
2024-02-05,81539,München,3500.0,Bonus,31,EUR,87.52499999999999
2024-02-05,10115,Berlin,3000.0,Bonus,30,EUR,75.81166666666667
2024-02-05,81539,München,3000.0,Bonus,50,EUR,81.44916666666667
2024-02-05,10115,Berlin,4250.0,Bonus,9,EUR,99.64583333333333
2024-02-05,81539,München,4250.0,Bonus,21,EUR,99.54916666666666
2024-02-05,81539,München,4500.0,Bonus,5,EUR,95.8875
2024-02-05,81539,München,4500.0,Bonus,22,EUR,106.175
2024-02-05,81539,München,4500.0,Bonus,46,EUR,116.85416666666667
2024-02-05,10115,Berlin,5000.0,Bonus,25,EUR,121.66666666666667
2024-02-05,81539,München,5000.0,Bonus,23,EUR,118.62083333333334
2024-02-05,81539,München,5000.0,Bonus,39,EUR,127.89583333333333
2024-02-05,81539,München,5000.0,Bonus,47,EUR,128.89583333333334
2024-02-05,81539,München,4000.0,Bonus,35,EUR,100.15833333333335
2024-02-05,81539,München,4000.0,Bonus,42,EUR,103.67416666666666
2024-02-05,10115,Berlin,1500.0,Bonus,41,EUR,44.95083333333333
2024-02-05,81539,München,1500.0,Bonus,33,EUR,43.47083333333333
2024-02-05,10115,Berlin,2500.0,Bonus,27,EUR,61.4975
2024-02-05,10115,Berlin,2500.0,Bonus,34,EUR,63.630833333333335
2024-02-05,81539,München,2500.0,Bonus,7,EUR,55.96416666666667
2024-02-05,81539,München,2500.0,Bonus,47,EUR,68.7725
2024-02-05,10115,Berlin,2000.0,Bonus,31,EUR,52.00333333333333
2024-02-05,81539,München,2000.0,Bonus,31,EUR,52.362500000000004
2024-02-05,10115,Berlin,3500.0,Bonus,2,EUR,74.27083333333333
2024-02-05,10115,Berlin,3500.0,Bonus,28,EUR,86.62833333333333
2024-02-05,10115,Berlin,3500.0,Bonus,29,EUR,87.29666666666667
2024-02-05,10115,Berlin,3500.0,Bonus,45,EUR,93.02916666666665
2024-02-05,81539,München,3500.0,Bonus,7,EUR,77.0
2024-02-05,81539,München,3500.0,Bonus,13,EUR,78.38833333333334
2024-02-05,81539,München,3500.0,Bonus,26,EUR,83.01916666666666
2024-02-05,81539,München,3500.0,Bonus,40,EUR,90.90583333333332
2024-02-05,81539,München,3500.0,Bonus,49,EUR,93.44583333333333
2024-02-05,10115,Berlin,3000.0,Bonus,19,EUR,69.26416666666667
2024-02-05,81539,München,3000.0,Bonus,11,EUR,68.23333333333333
2024-02-05,81539,München,4500.0,Bonus,18,EUR,105.32833333333333
2024-02-05,81539,München,4500.0,Bonus,43,EUR,116.0
2024-02-05,10115,Berlin,5000.0,Bonus,1,EUR,98.54166666666667
2024-02-05,10115,Berlin,5000.0,Bonus,11,EUR,118.52499999999999
2024-02-05,10115,Berlin,5000.0,Bonus,14,EUR,118.875
2024-02-05,81539,München,5000.0,Bonus,26,EUR,119.875
2024-02-05,10115,Berlin,4000.0,Bonus,32,EUR,100.77333333333333
2024-02-05,10115,Berlin,4000.0,Bonus,43,EUR,104.75833333333333
2024-02-05,10115,Berlin,1500.0,Bonus,35,EUR,43.92333333333334
2024-02-05,10115,Berlin,1500.0,Bonus,36,EUR,44.044999999999995
2024-02-05,81539,München,1500.0,Bonus,8,EUR,37.97416666666667
2024-02-05,10115,Berlin,2500.0,Bonus,3,EUR,55.26916666666667
2024-02-05,10115,Berlin,2500.0,Bonus,22,EUR,60.51333333333333
2024-02-05,81539,München,2500.0,Bonus,34,EUR,64.77833333333334
2024-02-05,10115,Berlin,2000.0,Bonus,3,EUR,45.94416666666667
2024-02-05,10115,Berlin,2000.0,Bonus,14,EUR,47.93083333333333
2024-02-05,10115,Berlin,2000.0,Bonus,43,EUR,56.9125
2024-02-05,81539,München,2000.0,Bonus,49,EUR,57.51666666666667
2024-02-05,10115,Berlin,3500.0,Bonus,3,EUR,74.74583333333334
2024-02-05,10115,Berlin,3500.0,Bonus,14,EUR,79.73833333333333
2024-02-05,81539,München,3500.0,Bonus,34,EUR,87.70833333333333
2024-02-05,10115,Berlin,3000.0,Bonus,18,EUR,69.21416666666667
2024-02-05,10115,Berlin,3000.0,Bonus,38,EUR,79.05833333333334
2024-02-05,81539,München,3000.0,Bonus,22,EUR,70.14416666666666
2024-02-05,81539,München,3000.0,Bonus,48,EUR,81.2175
2024-02-05,10115,Berlin,4250.0,Bonus,14,EUR,100.02999999999999
2024-02-05,81539,München,4250.0,Bonus,22,EUR,99.59500000000001
2024-02-05,81539,München,4250.0,Bonus,37,EUR,107.80666666666667
2024-02-05,81539,München,4250.0,Bonus,45,EUR,110.25166666666667
2024-02-05,10115,Berlin,4500.0,Bonus,12,EUR,105.70416666666667
2024-02-05,10115,Berlin,4500.0,Bonus,13,EUR,105.87
2024-02-05,81539,München,4500.0,Bonus,2,EUR,90.875
2024-02-05,81539,München,4500.0,Bonus,20,EUR,105.83666666666666
2024-02-05,10115,Berlin,5000.0,Bonus,13,EUR,118.7925
2024-02-05,10115,Berlin,5000.0,Bonus,15,EUR,118.94166666666666
2024-02-05,10115,Berlin,5000.0,Bonus,24,EUR,121.5825
2024-02-05,10115,Berlin,4000.0,Bonus,28,EUR,98.48
2024-02-05,10115,Berlin,4000.0,Bonus,44,EUR,105.75333333333333
2024-02-05,81539,München,4000.0,Bonus,4,EUR,83.82583333333334
2024-02-05,81539,München,4000.0,Bonus,40,EUR,103.52
2024-02-05,10115,Berlin,1500.0,Bonus,6,EUR,38.02916666666667
2024-02-05,10115,Berlin,1500.0,Bonus,26,EUR,40.91583333333333
2024-02-05,10115,Berlin,1500.0,Bonus,32,EUR,42.324999999999996
2024-02-05,10115,Berlin,1500.0,Bonus,42,EUR,45.07583333333333
2024-02-05,10115,Berlin,1500.0,Bonus,48,EUR,45.97083333333333
2024-02-05,81539,München,1500.0,Bonus,29,EUR,41.1975
2024-02-05,10115,Berlin,2500.0,Bonus,50,EUR,69.91250000000001
2024-02-05,81539,München,2500.0,Bonus,29,EUR,61.909166666666664
2024-02-05,10115,Berlin,2000.0,Bonus,20,EUR,48.6
2024-02-05,10115,Berlin,2000.0,Bonus,25,EUR,49.245000000000005
2024-02-05,81539,München,2000.0,Bonus,12,EUR,46.97666666666667
2024-02-05,81539,München,2000.0,Bonus,20,EUR,48.425000000000004
2024-02-05,81539,München,2000.0,Bonus,45,EUR,56.82833333333334
2024-02-05,81539,München,2000.0,Bonus,50,EUR,57.53333333333333
2024-02-05,10115,Berlin,3500.0,Bonus,46,EUR,93.41166666666668
2024-02-05,81539,München,3500.0,Bonus,44,EUR,91.84833333333334
2024-02-05,10115,Berlin,3000.0,Bonus,5,EUR,66.16666666666667
2024-02-05,10115,Berlin,3000.0,Bonus,7,EUR,66.89
2024-02-05,10115,Berlin,3000.0,Bonus,17,EUR,69.19333333333334
2024-02-05,10115,Berlin,3000.0,Bonus,28,EUR,74.17833333333333
2024-02-05,10115,Berlin,3000.0,Bonus,40,EUR,79.87916666666666
2024-02-05,81539,München,3000.0,Bonus,31,EUR,76.09916666666668
2024-02-05,81539,München,3000.0,Bonus,36,EUR,78.5825
2024-02-05,81539,München,3000.0,Bonus,42,EUR,79.8
2024-02-05,10115,Berlin,4250.0,Bonus,17,EUR,100.46916666666668
2024-02-05,10115,Berlin,4250.0,Bonus,27,EUR,104.04583333333333
2024-02-05,10115,Berlin,4250.0,Bonus,32,EUR,107.21916666666668
2024-02-05,81539,München,4250.0,Bonus,49,EUR,111.17083333333333
2024-02-05,10115,Berlin,4500.0,Bonus,4,EUR,98.5025
2024-02-05,10115,Berlin,4500.0,Bonus,44,EUR,117.65750000000001
2024-02-05,10115,Berlin,5000.0,Bonus,34,EUR,127.91416666666667
2024-02-05,10115,Berlin,5000.0,Bonus,42,EUR,130.11166666666665
2024-02-05,10115,Berlin,4000.0,Bonus,33,EUR,101.5
2024-02-05,10115,Berlin,4000.0,Bonus,42,EUR,103.63916666666667
2024-02-05,10115,Berlin,4000.0,Bonus,48,EUR,105.9925
2024-02-05,81539,München,4000.0,Bonus,31,EUR,97.2
2024-02-05,81539,München,4000.0,Bonus,45,EUR,104.1175
2024-02-05,10115,Berlin,1500.0,Bonus,46,EUR,45.419999999999995
2024-02-05,81539,München,1500.0,Bonus,45,EUR,44.9575
2024-02-05,10115,Berlin,2500.0,Bonus,48,EUR,69.79583333333333
2024-02-05,10115,Berlin,2000.0,Bonus,30,EUR,50.60583333333333
2024-02-05,10115,Berlin,3500.0,Bonus,15,EUR,79.94333333333334
2024-02-05,81539,München,3500.0,Bonus,33,EUR,87.69
2024-02-05,81539,München,3500.0,Bonus,46,EUR,92.31916666666666
2024-02-05,81539,München,3000.0,Bonus,15,EUR,68.26833333333333
2024-02-05,81539,München,4250.0,Bonus,36,EUR,107.79
2024-02-05,81539,München,4250.0,Bonus,50,EUR,111.51416666666667
2024-02-05,10115,Berlin,4500.0,Bonus,25,EUR,109.30250000000001
2024-02-05,81539,München,4500.0,Bonus,50,EUR,117.5125
2024-02-05,10115,Berlin,5000.0,Bonus,6,EUR,112.12666666666667
2024-02-05,10115,Berlin,5000.0,Bonus,8,EUR,118.2625
2024-02-05,10115,Berlin,5000.0,Bonus,27,EUR,123.06583333333333
2024-02-05,10115,Berlin,4000.0,Bonus,11,EUR,93.13333333333333
2024-02-05,81539,München,4000.0,Bonus,17,EUR,92.41416666666667
2024-02-05,81539,München,4000.0,Bonus,20,EUR,92.52583333333332
2024-02-05,81539,München,4000.0,Bonus,22,EUR,93.87083333333334
2024-02-05,81539,München,4000.0,Bonus,28,EUR,96.21
2024-02-05,10115,Berlin,1500.0,Bonus,7,EUR,38.030833333333334
2024-02-05,10115,Berlin,1500.0,Bonus,28,EUR,41.43
2024-02-05,81539,München,1500.0,Bonus,12,EUR,38.59083333333333
2024-02-05,81539,München,1500.0,Bonus,20,EUR,39.51166666666666
2024-02-05,81539,München,1500.0,Bonus,31,EUR,42.285000000000004
2024-02-05,81539,München,2500.0,Bonus,13,EUR,56.3375
2024-02-05,81539,München,2500.0,Bonus,26,EUR,60.16833333333333
2024-02-05,10115,Berlin,2000.0,Bonus,27,EUR,50.0075
2024-02-05,81539,München,2000.0,Bonus,28,EUR,51.51916666666667
2024-02-05,10115,Berlin,3500.0,Bonus,8,EUR,77.8125
2024-02-05,10115,Berlin,3500.0,Bonus,47,EUR,93.665
2024-02-05,10115,Berlin,3000.0,Bonus,15,EUR,69.14333333333333
2024-02-05,10115,Berlin,3000.0,Bonus,24,EUR,73.23833333333333
2024-02-05,10115,Berlin,3000.0,Bonus,36,EUR,77.63333333333334
2024-02-05,81539,München,3000.0,Bonus,7,EUR,65.875
2024-02-05,10115,Berlin,4250.0,Bonus,45,EUR,111.89
2024-02-05,81539,München,4250.0,Bonus,27,EUR,101.61500000000001
2024-02-05,81539,München,4250.0,Bonus,46,EUR,110.29916666666666
2024-02-05,10115,Berlin,4500.0,Bonus,9,EUR,105.59166666666665
2024-02-05,10115,Berlin,4500.0,Bonus,17,EUR,107.2725
2024-02-05,10115,Berlin,4500.0,Bonus,26,EUR,109.41416666666667
2024-02-05,81539,München,4500.0,Bonus,42,EUR,115.59750000000001
2024-02-05,10115,Berlin,5000.0,Bonus,20,EUR,120.54333333333334
2024-02-05,10115,Berlin,5000.0,Bonus,32,EUR,126.93333333333334
2024-02-05,81539,München,5000.0,Bonus,5,EUR,107.9325
2024-02-05,81539,München,5000.0,Bonus,7,EUR,114.25999999999999
2024-02-05,81539,München,5000.0,Bonus,15,EUR,117.41666666666667
2024-02-05,81539,München,5000.0,Bonus,27,EUR,120.09083333333332
2024-02-05,81539,München,5000.0,Bonus,35,EUR,125.71916666666668
2024-02-05,81539,München,5000.0,Bonus,41,EUR,128.35916666666665
2024-02-05,10115,Berlin,4000.0,Bonus,2,EUR,83.60000000000001
2024-02-05,10115,Berlin,4000.0,Bonus,6,EUR,87.21
2024-02-05,10115,Berlin,4000.0,Bonus,21,EUR,95.07833333333333
2024-02-05,10115,Berlin,4000.0,Bonus,29,EUR,99.05833333333334
2024-02-05,81539,München,4000.0,Bonus,25,EUR,94.91416666666667
2024-02-05,10115,Berlin,1500.0,Bonus,33,EUR,42.74583333333334
2024-02-05,10115,Berlin,1500.0,Bonus,49,EUR,46.0025
2024-02-05,81539,München,1500.0,Bonus,18,EUR,38.68
2024-02-05,81539,München,1500.0,Bonus,32,EUR,42.77333333333333
2024-02-05,10115,Berlin,2500.0,Bonus,7,EUR,56.87166666666667
2024-02-05,81539,München,2500.0,Bonus,5,EUR,55.8475
2024-02-05,81539,München,2500.0,Bonus,27,EUR,60.32
2024-02-05,81539,München,2000.0,Bonus,29,EUR,51.971666666666664
2024-02-05,81539,München,2000.0,Bonus,34,EUR,54.81583333333333
2024-02-05,81539,München,3500.0,Bonus,12,EUR,78.26
2024-02-05,81539,München,3000.0,Bonus,24,EUR,71.41833333333334
2024-02-05,81539,München,3000.0,Bonus,34,EUR,77.52416666666666
2024-02-05,10115,Berlin,4250.0,Bonus,4,EUR,91.13
2024-02-05,10115,Berlin,4250.0,Bonus,8,EUR,99.6325
2024-02-05,81539,München,4250.0,Bonus,16,EUR,98.82166666666666
2024-02-05,10115,Berlin,4500.0,Bonus,30,EUR,111.7625
2024-02-05,10115,Berlin,4500.0,Bonus,31,EUR,112.17833333333334
2024-02-05,81539,München,4500.0,Bonus,12,EUR,104.95416666666667
2024-02-05,81539,München,4500.0,Bonus,13,EUR,105.16250000000001
2024-02-05,81539,München,4500.0,Bonus,49,EUR,117.07916666666667
2024-02-05,81539,München,5000.0,Bonus,28,EUR,120.80083333333333
2024-02-05,81539,München,5000.0,Bonus,29,EUR,120.81833333333333
2024-02-05,10115,Berlin,4000.0,Bonus,13,EUR,93.50333333333333
2024-02-05,10115,Berlin,4000.0,Bonus,39,EUR,102.61666666666667
2024-02-05,81539,München,4000.0,Bonus,29,EUR,96.22833333333334
2024-02-05,81539,München,1500.0,Bonus,23,EUR,40.19
2024-02-05,81539,München,1500.0,Bonus,25,EUR,40.763333333333335
2024-02-05,81539,München,2500.0,Bonus,24,EUR,59.681666666666665
2024-02-05,10115,Berlin,2000.0,Bonus,7,EUR,47.44083333333333
2024-02-05,10115,Berlin,2000.0,Bonus,33,EUR,52.33916666666667
2024-02-05,10115,Berlin,3500.0,Bonus,17,EUR,81.18333333333334
2024-02-05,10115,Berlin,3500.0,Bonus,21,EUR,82.4975
2024-02-05,81539,München,3500.0,Bonus,23,EUR,81.8225
2024-02-05,10115,Berlin,3000.0,Bonus,46,EUR,81.375
2024-02-05,10115,Berlin,4250.0,Bonus,2,EUR,87.87083333333334
2024-02-05,10115,Berlin,4250.0,Bonus,3,EUR,89.57
2024-02-05,10115,Berlin,4250.0,Bonus,6,EUR,93.43916666666667
2024-02-05,10115,Berlin,4250.0,Bonus,7,EUR,97.61500000000001
2024-02-05,10115,Berlin,4250.0,Bonus,31,EUR,105.67416666666666
2024-02-05,10115,Berlin,4250.0,Bonus,43,EUR,110.73916666666666
2024-02-05,10115,Berlin,4500.0,Bonus,29,EUR,111.0625
2024-02-05,10115,Berlin,4500.0,Bonus,42,EUR,117.59166666666665
2024-02-05,10115,Berlin,4500.0,Bonus,50,EUR,119.2275
2024-02-05,81539,München,4500.0,Bonus,25,EUR,106.69666666666666
2024-02-05,10115,Berlin,2000.0,Non-Bonus,3,EUR,49.32666666666666
2024-02-05,10115,Berlin,2500.0,Non-Bonus,3,EUR,58.19583333333333
2024-02-05,10115,Berlin,2500.0,Non-Bonus,9,EUR,67.57000000000001
2024-02-05,81539,München,2500.0,Non-Bonus,6,EUR,64.82583333333334
2024-02-05,81539,München,2500.0,Non-Bonus,13,EUR,68.05333333333333
2024-02-05,81539,München,2500.0,Non-Bonus,14,EUR,68.12833333333333
2024-02-05,81539,München,2500.0,Non-Bonus,42,EUR,72.61416666666666
2024-02-05,81539,München,2500.0,Non-Bonus,43,EUR,73.21249999999999
2024-02-05,10115,Berlin,3500.0,Non-Bonus,7,EUR,88.74166666666667
2024-02-05,81539,München,3500.0,Non-Bonus,5,EUR,86.22833333333334
2024-02-05,81539,München,3500.0,Non-Bonus,36,EUR,96.96166666666666
2024-02-05,81539,München,3500.0,Non-Bonus,47,EUR,98.4875
2024-02-05,10115,Berlin,1000.0,Bonus,17,EUR,29.830833333333334
2024-02-05,81539,München,1000.0,Bonus,10,EUR,29.034166666666668
2024-02-05,81539,München,1000.0,Bonus,40,EUR,33.3975
2024-02-05,81539,München,1500.0,Non-Bonus,42,EUR,48.46083333333333
2024-02-05,10115,Berlin,4250.0,Non-Bonus,3,EUR,89.57
2024-02-05,10115,Berlin,4250.0,Non-Bonus,11,EUR,107.71499999999999
2024-02-05,10115,Berlin,4250.0,Non-Bonus,12,EUR,108.895
2024-02-05,10115,Berlin,4250.0,Non-Bonus,19,EUR,112.255
2024-02-05,10115,Berlin,4250.0,Non-Bonus,20,EUR,112.50666666666666
2024-02-05,10115,Berlin,4250.0,Non-Bonus,41,EUR,118.67916666666667
2024-02-05,10115,Berlin,4250.0,Non-Bonus,47,EUR,119.74333333333334
2024-02-05,81539,München,4250.0,Non-Bonus,28,EUR,112.59333333333332
2024-02-05,81539,München,4250.0,Non-Bonus,31,EUR,114.41833333333334
2024-02-05,10115,Berlin,4500.0,Non-Bonus,23,EUR,119.67583333333333
2024-02-05,81539,München,4500.0,Non-Bonus,38,EUR,122.49083333333334
2024-02-05,10115,Berlin,4000.0,Non-Bonus,5,EUR,99.1875
2024-02-05,81539,München,4000.0,Non-Bonus,14,EUR,102.51083333333334
2024-02-05,10115,Berlin,5000.0,Non-Bonus,11,EUR,126.60583333333334
2024-02-05,81539,München,5000.0,Non-Bonus,14,EUR,126.12333333333333
2024-02-05,81539,München,5000.0,Non-Bonus,45,EUR,137.84083333333334
2024-02-05,81539,München,500.0,Bonus,22,EUR,22.151666666666667
2024-02-05,81539,München,500.0,Bonus,40,EUR,23.627499999999998
2024-02-05,10115,Berlin,1000.0,Non-Bonus,31,EUR,35.315
2024-02-05,10115,Berlin,1000.0,Non-Bonus,40,EUR,35.916666666666664
2024-02-05,81539,München,1000.0,Non-Bonus,12,EUR,33.541666666666664
2024-02-05,81539,München,1000.0,Non-Bonus,35,EUR,35.3325
2024-02-05,81539,München,1000.0,Non-Bonus,50,EUR,37.358333333333334
2024-02-05,10115,Berlin,500.0,Non-Bonus,11,EUR,21.756666666666664
2024-02-05,10115,Berlin,500.0,Non-Bonus,21,EUR,22.64
2024-02-05,10115,Berlin,500.0,Non-Bonus,24,EUR,22.846666666666668
2024-02-05,10115,Berlin,500.0,Non-Bonus,39,EUR,24.08
2024-02-05,10115,Berlin,500.0,Non-Bonus,40,EUR,24.1125
2024-02-05,10115,Berlin,2000.0,Non-Bonus,37,EUR,60.20666666666667
2024-02-05,81539,München,3000.0,Non-Bonus,2,EUR,64.79583333333333
2024-02-05,81539,München,3000.0,Non-Bonus,9,EUR,77.84333333333333
2024-02-05,10115,Berlin,2500.0,Non-Bonus,5,EUR,65.0225
2024-02-05,10115,Berlin,2500.0,Non-Bonus,50,EUR,74.8775
2024-02-05,81539,München,2500.0,Non-Bonus,44,EUR,73.36583333333333
2024-02-05,10115,Berlin,3500.0,Non-Bonus,10,EUR,91.06
2024-02-05,81539,München,3500.0,Non-Bonus,16,EUR,91.53250000000001
2024-02-05,10115,Berlin,1000.0,Bonus,9,EUR,29.041666666666668
2024-02-05,10115,Berlin,1000.0,Bonus,44,EUR,34.07083333333333
2024-02-05,81539,München,1000.0,Bonus,30,EUR,32.666666666666664
2024-02-05,10115,Berlin,1500.0,Non-Bonus,32,EUR,47.324999999999996
2024-02-05,81539,München,1500.0,Non-Bonus,16,EUR,45.285
2024-02-05,10115,Berlin,4250.0,Non-Bonus,21,EUR,112.90333333333332
2024-02-05,81539,München,4250.0,Non-Bonus,6,EUR,102.52916666666665
2024-02-05,10115,Berlin,4500.0,Non-Bonus,7,EUR,111.0625
2024-02-05,10115,Berlin,4500.0,Non-Bonus,19,EUR,118.605
2024-02-05,10115,Berlin,4500.0,Non-Bonus,42,EUR,125.32916666666667
2024-02-05,10115,Berlin,4000.0,Non-Bonus,7,EUR,99.27
2024-02-05,81539,München,4000.0,Non-Bonus,34,EUR,109.57416666666667
2024-02-05,10115,Berlin,5000.0,Non-Bonus,4,EUR,118.875
2024-02-05,10115,Berlin,5000.0,Non-Bonus,44,EUR,140.05083333333332
2024-02-05,81539,München,5000.0,Non-Bonus,30,EUR,131.77416666666667
2024-02-05,10115,Berlin,500.0,Bonus,34,EUR,22.8025
2024-02-05,81539,München,500.0,Bonus,6,EUR,19.416666666666668
2024-02-05,81539,München,500.0,Bonus,33,EUR,22.858333333333334
2024-02-05,10115,Berlin,500.0,Non-Bonus,31,EUR,23.371666666666666
2024-02-05,10115,Berlin,500.0,Non-Bonus,38,EUR,23.790833333333335
2024-02-05,81539,München,500.0,Non-Bonus,25,EUR,23.165833333333335
2024-02-05,10115,Berlin,2000.0,Non-Bonus,35,EUR,60.04416666666666
2024-02-05,81539,München,2000.0,Non-Bonus,29,EUR,59.12083333333334
2024-02-05,81539,München,2000.0,Non-Bonus,35,EUR,59.35833333333333
2024-02-05,10115,Berlin,3000.0,Non-Bonus,13,EUR,81.07000000000001
2024-02-05,10115,Berlin,3000.0,Non-Bonus,32,EUR,84.49
2024-02-05,81539,München,3000.0,Non-Bonus,23,EUR,81.52499999999999
2024-02-05,81539,München,3000.0,Non-Bonus,37,EUR,84.60666666666667
2024-02-05,81539,München,3000.0,Non-Bonus,49,EUR,86.14666666666666
2024-02-05,10115,Berlin,2500.0,Non-Bonus,8,EUR,67.5625
2024-02-05,10115,Berlin,2500.0,Non-Bonus,19,EUR,69.96833333333333
2024-02-05,81539,München,2500.0,Non-Bonus,2,EUR,55.85583333333333
2024-02-05,81539,München,2500.0,Non-Bonus,20,EUR,68.8075
2024-02-05,81539,München,3500.0,Non-Bonus,4,EUR,86.09416666666668
2024-02-05,81539,München,3500.0,Non-Bonus,27,EUR,93.89833333333333
2024-02-05,81539,München,3500.0,Non-Bonus,34,EUR,96.6425
2024-02-05,81539,München,1000.0,Bonus,22,EUR,31.06833333333333
2024-02-05,10115,Berlin,1500.0,Non-Bonus,21,EUR,46.58166666666667
2024-02-05,10115,Berlin,1500.0,Non-Bonus,26,EUR,47.00416666666666
2024-02-05,10115,Berlin,1500.0,Non-Bonus,42,EUR,48.53583333333333
2024-02-05,81539,München,1500.0,Non-Bonus,10,EUR,44.61333333333334
2024-02-05,10115,Berlin,4250.0,Non-Bonus,17,EUR,111.89
2024-02-05,10115,Berlin,4250.0,Non-Bonus,34,EUR,117.15583333333332
2024-02-05,10115,Berlin,4250.0,Non-Bonus,46,EUR,119.6375
2024-02-05,81539,München,4250.0,Non-Bonus,50,EUR,118.71166666666666
2024-02-05,10115,Berlin,4000.0,Non-Bonus,40,EUR,112.26666666666667
2024-02-05,10115,Berlin,4000.0,Non-Bonus,50,EUR,113.90416666666665
2024-02-05,81539,München,4000.0,Non-Bonus,6,EUR,97.0
2024-02-05,81539,München,4000.0,Non-Bonus,36,EUR,110.00583333333333
2024-02-05,10115,Berlin,5000.0,Non-Bonus,6,EUR,121.445
2024-02-05,10115,Berlin,5000.0,Non-Bonus,45,EUR,140.24666666666667
2024-02-05,10115,Berlin,5000.0,Non-Bonus,50,EUR,141.58916666666667
2024-02-05,81539,München,5000.0,Non-Bonus,1,EUR,96.97166666666668
2024-02-05,81539,München,5000.0,Non-Bonus,21,EUR,128.61916666666667
2024-02-05,81539,München,5000.0,Non-Bonus,36,EUR,134.5375
2024-02-05,10115,Berlin,500.0,Bonus,30,EUR,22.5725
2024-02-05,10115,Berlin,500.0,Bonus,35,EUR,22.846666666666668
2024-02-05,81539,München,1000.0,Non-Bonus,46,EUR,37.195
2024-02-05,10115,Berlin,500.0,Non-Bonus,43,EUR,24.3275
2024-02-05,81539,München,500.0,Non-Bonus,31,EUR,23.595
2024-02-05,10115,Berlin,3000.0,Non-Bonus,11,EUR,80.44416666666667
2024-02-05,10115,Berlin,3000.0,Non-Bonus,23,EUR,82.85000000000001
2024-02-05,10115,Berlin,3000.0,Non-Bonus,27,EUR,83.26666666666667
2024-02-05,81539,München,3000.0,Non-Bonus,1,EUR,62.645
2024-02-05,81539,München,3000.0,Non-Bonus,3,EUR,65.875
2024-02-05,81539,München,3000.0,Non-Bonus,20,EUR,80.845
2024-02-05,10115,Berlin,2500.0,Non-Bonus,39,EUR,73.05416666666666
2024-02-05,10115,Berlin,3500.0,Non-Bonus,15,EUR,93.21749999999999
2024-02-05,10115,Berlin,3500.0,Non-Bonus,40,EUR,99.3175
2024-02-05,81539,München,3500.0,Non-Bonus,12,EUR,89.49833333333333
2024-02-05,10115,Berlin,1000.0,Bonus,8,EUR,29.03916666666667
2024-02-05,10115,Berlin,1000.0,Bonus,29,EUR,31.84166666666667
2024-02-05,81539,München,1000.0,Bonus,5,EUR,28.941666666666666
2024-02-05,10115,Berlin,4250.0,Non-Bonus,15,EUR,111.15166666666666
2024-02-05,10115,Berlin,4250.0,Non-Bonus,18,EUR,111.92416666666666
2024-02-05,10115,Berlin,4250.0,Non-Bonus,44,EUR,119.12166666666667
2024-02-05,10115,Berlin,4500.0,Non-Bonus,10,EUR,113.46666666666665
2024-02-05,10115,Berlin,4500.0,Non-Bonus,29,EUR,121.72916666666667
2024-02-05,81539,München,4500.0,Non-Bonus,7,EUR,108.39999999999999
2024-02-05,81539,München,4500.0,Non-Bonus,41,EUR,123.43083333333334
2024-02-05,10115,Berlin,4000.0,Non-Bonus,28,EUR,108.44749999999999
2024-02-05,81539,München,5000.0,Non-Bonus,2,EUR,99.20833333333333
2024-02-05,81539,München,5000.0,Non-Bonus,6,EUR,118.47166666666668
2024-02-05,10115,Berlin,500.0,Bonus,42,EUR,23.495833333333334
2024-02-05,81539,München,500.0,Bonus,45,EUR,24.578333333333333
2024-02-05,10115,Berlin,1000.0,Non-Bonus,21,EUR,34.38
2024-02-05,10115,Berlin,1000.0,Non-Bonus,32,EUR,35.329166666666666
2024-02-05,81539,München,1000.0,Non-Bonus,13,EUR,33.7275
2024-02-05,81539,München,1000.0,Non-Bonus,24,EUR,34.670833333333334
2024-02-05,81539,München,1000.0,Non-Bonus,32,EUR,35.208333333333336
2024-02-05,81539,München,1000.0,Non-Bonus,34,EUR,35.26583333333333
2024-02-05,81539,München,500.0,Non-Bonus,13,EUR,22.203333333333333
2024-02-05,81539,München,500.0,Non-Bonus,32,EUR,23.627499999999998
2024-02-05,81539,München,500.0,Non-Bonus,50,EUR,26.400833333333335
2024-02-05,10115,Berlin,2000.0,Non-Bonus,11,EUR,57.120000000000005
2024-02-05,81539,München,2000.0,Non-Bonus,39,EUR,60.39833333333333
2024-02-05,10115,Berlin,3000.0,Non-Bonus,17,EUR,81.52
2024-02-05,81539,München,3000.0,Non-Bonus,46,EUR,85.96583333333332
2024-02-05,10115,Berlin,2500.0,Non-Bonus,23,EUR,70.88416666666667
2024-02-05,10115,Berlin,2500.0,Non-Bonus,33,EUR,71.85333333333334
2024-02-05,10115,Berlin,2500.0,Non-Bonus,36,EUR,72.64
2024-02-05,81539,München,2500.0,Non-Bonus,48,EUR,73.69583333333334
2024-02-05,10115,Berlin,3500.0,Non-Bonus,20,EUR,94.23833333333333
2024-02-05,81539,München,3500.0,Non-Bonus,39,EUR,97.70666666666666
2024-02-05,81539,München,1000.0,Bonus,28,EUR,31.926666666666666
2024-02-05,10115,Berlin,1500.0,Non-Bonus,12,EUR,45.370000000000005
2024-02-05,10115,Berlin,1500.0,Non-Bonus,24,EUR,46.744166666666665
2024-02-05,10115,Berlin,1500.0,Non-Bonus,25,EUR,46.75
2024-02-05,10115,Berlin,1500.0,Non-Bonus,47,EUR,49.333333333333336
2024-02-05,81539,München,1500.0,Non-Bonus,25,EUR,46.517500000000005
2024-02-05,10115,Berlin,4250.0,Non-Bonus,6,EUR,104.97333333333334
2024-02-05,10115,Berlin,4250.0,Non-Bonus,42,EUR,118.79833333333333
2024-02-05,81539,München,4250.0,Non-Bonus,20,EUR,110.47666666666667
2024-02-05,81539,München,4250.0,Non-Bonus,41,EUR,116.695
2024-02-05,81539,München,4500.0,Non-Bonus,12,EUR,112.78916666666667
2024-02-05,81539,München,4500.0,Non-Bonus,29,EUR,119.14916666666666
2024-02-05,81539,München,4500.0,Non-Bonus,36,EUR,122.12416666666667
2024-02-05,10115,Berlin,4000.0,Non-Bonus,29,EUR,108.675
2024-02-05,81539,München,4000.0,Non-Bonus,23,EUR,105.51666666666667
2024-02-05,10115,Berlin,5000.0,Non-Bonus,7,EUR,121.70833333333333
2024-02-05,81539,München,5000.0,Non-Bonus,10,EUR,122.14333333333333
2024-02-05,10115,Berlin,500.0,Bonus,37,EUR,23.037499999999998
2024-02-05,81539,München,500.0,Bonus,23,EUR,22.203333333333333
2024-02-05,81539,München,1000.0,Non-Bonus,42,EUR,36.41166666666667
2024-02-05,81539,München,500.0,Non-Bonus,45,EUR,25.258333333333336
2024-02-05,81539,München,500.0,Non-Bonus,47,EUR,25.354166666666668
2024-02-05,10115,Berlin,2000.0,Non-Bonus,1,EUR,47.44416666666667
2024-02-05,10115,Berlin,2000.0,Non-Bonus,7,EUR,55.64166666666667
2024-02-05,10115,Berlin,2000.0,Non-Bonus,16,EUR,57.6175
2024-02-05,10115,Berlin,2000.0,Non-Bonus,47,EUR,61.94166666666666
2024-02-05,81539,München,2000.0,Non-Bonus,15,EUR,56.77
2024-02-05,10115,Berlin,3000.0,Non-Bonus,16,EUR,81.465
2024-02-05,10115,Berlin,3000.0,Non-Bonus,28,EUR,83.46583333333334
2024-02-05,81539,München,3000.0,Non-Bonus,6,EUR,75.55499999999999
2024-02-05,10115,Berlin,2500.0,Non-Bonus,2,EUR,56.93333333333334
2024-02-05,81539,München,2500.0,Non-Bonus,9,EUR,66.3925
2024-02-05,10115,Berlin,3500.0,Non-Bonus,1,EUR,74.27083333333333
2024-02-05,10115,Berlin,3500.0,Non-Bonus,41,EUR,99.3875
2024-02-05,10115,Berlin,3500.0,Non-Bonus,42,EUR,99.44416666666666
2024-02-05,10115,Berlin,3500.0,Non-Bonus,44,EUR,99.61916666666667
2024-02-05,81539,München,3500.0,Non-Bonus,49,EUR,98.8525
2024-02-05,10115,Berlin,1000.0,Bonus,36,EUR,33.1725
2024-02-05,10115,Berlin,1000.0,Bonus,45,EUR,34.24916666666667
2024-02-05,81539,München,1000.0,Bonus,2,EUR,27.77
2024-02-05,81539,München,1000.0,Bonus,21,EUR,30.74416666666667
2024-02-05,81539,München,1000.0,Bonus,27,EUR,31.7325
2024-02-05,81539,München,1000.0,Bonus,37,EUR,33.1675
2024-02-05,81539,München,1500.0,Non-Bonus,40,EUR,48.056666666666665
2024-02-05,81539,München,1500.0,Non-Bonus,46,EUR,48.865833333333335
2024-02-05,10115,Berlin,4250.0,Non-Bonus,13,EUR,110.125
2024-02-05,10115,Berlin,4250.0,Non-Bonus,28,EUR,114.68666666666667
2024-02-05,81539,München,4250.0,Non-Bonus,3,EUR,87.145
2024-02-05,81539,München,4250.0,Non-Bonus,7,EUR,102.55083333333333
2024-02-05,81539,München,4250.0,Non-Bonus,18,EUR,109.675
2024-02-05,10115,Berlin,4500.0,Non-Bonus,17,EUR,117.96333333333332
2024-02-05,10115,Berlin,4500.0,Non-Bonus,26,EUR,120.53916666666667
2024-02-05,10115,Berlin,4500.0,Non-Bonus,30,EUR,121.72916666666667
2024-02-05,81539,München,4500.0,Non-Bonus,14,EUR,114.11500000000001
2024-02-05,81539,München,4500.0,Non-Bonus,49,EUR,125.73166666666667
2024-02-05,81539,München,4000.0,Non-Bonus,25,EUR,106.03416666666668
2024-02-05,10115,Berlin,5000.0,Non-Bonus,37,EUR,137.12666666666667
2024-02-05,81539,München,5000.0,Non-Bonus,18,EUR,127.84083333333332
2024-02-05,81539,München,5000.0,Non-Bonus,33,EUR,132.82166666666666
2024-02-05,10115,Berlin,500.0,Bonus,13,EUR,19.950833333333332
2024-02-05,10115,Berlin,500.0,Bonus,20,EUR,21.675
2024-02-05,10115,Berlin,500.0,Bonus,21,EUR,21.679166666666664
2024-02-05,81539,München,500.0,Bonus,12,EUR,20.199166666666667
2024-02-05,81539,München,500.0,Bonus,39,EUR,23.595
2024-02-05,10115,Berlin,1000.0,Non-Bonus,6,EUR,32.84166666666667
2024-02-05,10115,Berlin,1000.0,Non-Bonus,14,EUR,33.833333333333336
2024-02-05,10115,Berlin,1000.0,Non-Bonus,33,EUR,35.343333333333334
2024-02-05,10115,Berlin,500.0,Non-Bonus,25,EUR,22.895833333333332
2024-02-05,10115,Berlin,500.0,Non-Bonus,34,EUR,23.718333333333334
2024-02-05,10115,Berlin,500.0,Non-Bonus,48,EUR,24.878333333333334
2024-02-05,81539,München,500.0,Non-Bonus,38,EUR,24.36583333333333
2024-02-05,10115,Berlin,2000.0,Non-Bonus,20,EUR,58.38333333333333
2024-02-05,81539,München,2000.0,Non-Bonus,30,EUR,59.20333333333334
2024-02-05,81539,München,2000.0,Non-Bonus,47,EUR,61.340833333333336
2024-02-05,10115,Berlin,3000.0,Non-Bonus,6,EUR,77.095
2024-02-05,81539,München,3000.0,Non-Bonus,27,EUR,81.93166666666666
2024-02-05,81539,München,3000.0,Non-Bonus,45,EUR,85.87916666666666
2024-02-05,10115,Berlin,2500.0,Non-Bonus,13,EUR,69.045
2024-02-05,10115,Berlin,2500.0,Non-Bonus,34,EUR,71.91666666666667
2024-02-05,81539,München,3500.0,Non-Bonus,7,EUR,86.84583333333335
2024-02-05,81539,München,1000.0,Bonus,29,EUR,32.44916666666666
2024-02-05,10115,Berlin,1500.0,Non-Bonus,29,EUR,47.142500000000005
2024-02-05,10115,Berlin,1500.0,Non-Bonus,37,EUR,47.95416666666667
2024-02-05,10115,Berlin,4250.0,Non-Bonus,49,EUR,120.1275
2024-02-05,81539,München,4250.0,Non-Bonus,34,EUR,115.78083333333332
2024-02-05,10115,Berlin,4500.0,Non-Bonus,5,EUR,110.33749999999999
2024-02-05,10115,Berlin,4500.0,Non-Bonus,9,EUR,111.7625
2024-02-05,10115,Berlin,4500.0,Non-Bonus,38,EUR,124.67083333333333
2024-02-05,81539,München,4500.0,Non-Bonus,42,EUR,123.45166666666667
2024-02-05,10115,Berlin,4000.0,Non-Bonus,18,EUR,105.915
2024-02-05,10115,Berlin,4000.0,Non-Bonus,20,EUR,106.40750000000001
2024-02-05,10115,Berlin,4000.0,Non-Bonus,36,EUR,111.76666666666667
2024-02-05,81539,München,4000.0,Non-Bonus,33,EUR,109.5075
2024-02-05,81539,München,4000.0,Non-Bonus,40,EUR,110.4225
2024-02-05,81539,München,4000.0,Non-Bonus,45,EUR,111.14583333333333
2024-02-05,10115,Berlin,5000.0,Non-Bonus,16,EUR,130.11166666666665
2024-02-05,81539,München,5000.0,Non-Bonus,7,EUR,119.875
2024-02-05,81539,München,5000.0,Non-Bonus,49,EUR,138.5575
2024-02-05,81539,München,5000.0,Non-Bonus,50,EUR,138.56
2024-02-05,10115,Berlin,500.0,Bonus,27,EUR,22.150833333333335
2024-02-05,81539,München,500.0,Bonus,36,EUR,23.319999999999997
2024-02-05,10115,Berlin,1000.0,Non-Bonus,43,EUR,36.51833333333334
2024-02-05,10115,Berlin,1000.0,Non-Bonus,45,EUR,36.725
2024-02-05,10115,Berlin,1000.0,Non-Bonus,50,EUR,37.25833333333333
2024-02-05,81539,München,1000.0,Non-Bonus,29,EUR,35.06666666666667
2024-02-05,81539,München,1000.0,Non-Bonus,37,EUR,35.665
2024-02-05,10115,Berlin,500.0,Non-Bonus,26,EUR,23.037499999999998
2024-02-05,81539,München,500.0,Non-Bonus,9,EUR,21.92833333333333
2024-02-05,81539,München,500.0,Non-Bonus,48,EUR,25.375833333333333
2024-02-05,10115,Berlin,2000.0,Non-Bonus,22,EUR,58.7575
2024-02-05,81539,München,2000.0,Non-Bonus,33,EUR,59.27916666666667
2024-02-05,81539,München,2000.0,Non-Bonus,42,EUR,60.86666666666667
2024-02-05,10115,Berlin,3000.0,Non-Bonus,29,EUR,83.59666666666666
2024-02-05,10115,Berlin,3000.0,Non-Bonus,34,EUR,85.28083333333333
2024-02-05,81539,München,3000.0,Non-Bonus,36,EUR,84.58416666666666
2024-02-05,81539,München,3000.0,Non-Bonus,40,EUR,85.1825
2024-02-05,10115,Berlin,2500.0,Non-Bonus,22,EUR,70.71083333333333
2024-02-05,81539,München,2500.0,Non-Bonus,3,EUR,57.541666666666664
2024-02-05,81539,München,2500.0,Non-Bonus,8,EUR,66.375
2024-02-05,81539,München,2500.0,Non-Bonus,28,EUR,70.21333333333332
2024-02-05,81539,München,2500.0,Non-Bonus,39,EUR,72.18916666666667
2024-02-05,81539,München,1000.0,Bonus,8,EUR,29.025000000000002
2024-02-05,10115,Berlin,1500.0,Non-Bonus,33,EUR,47.4025
2024-02-05,81539,München,1500.0,Non-Bonus,36,EUR,47.51416666666666
2024-02-05,10115,Berlin,4250.0,Non-Bonus,1,EUR,87.87083333333334
2024-02-05,10115,Berlin,4250.0,Non-Bonus,8,EUR,105.44166666666666
2024-02-05,81539,München,4250.0,Non-Bonus,9,EUR,104.335
2024-02-05,81539,München,4250.0,Non-Bonus,45,EUR,117.63
2024-02-05,10115,Berlin,4500.0,Non-Bonus,1,EUR,92.92916666666667
2024-02-05,10115,Berlin,4500.0,Non-Bonus,2,EUR,93.6725
2024-02-05,10115,Berlin,4500.0,Non-Bonus,6,EUR,110.3575
2024-02-05,10115,Berlin,4500.0,Non-Bonus,15,EUR,117.12916666666666
2024-02-05,81539,München,4500.0,Non-Bonus,16,EUR,115.35833333333333
2024-02-05,81539,München,4500.0,Non-Bonus,28,EUR,119.14916666666666
2024-02-05,10115,Berlin,4000.0,Non-Bonus,3,EUR,84.89
2024-02-05,81539,München,4000.0,Non-Bonus,8,EUR,97.2
2024-02-05,81539,München,4000.0,Non-Bonus,31,EUR,108.28416666666668
2024-02-05,10115,Berlin,5000.0,Non-Bonus,13,EUR,128.68166666666667
2024-02-05,10115,Berlin,500.0,Bonus,1,EUR,18.9375
2024-02-05,10115,Berlin,500.0,Bonus,38,EUR,23.28333333333333
2024-02-05,10115,Berlin,500.0,Bonus,46,EUR,24.08
2024-02-05,81539,München,500.0,Bonus,17,EUR,21.05333333333333
2024-02-05,10115,Berlin,1000.0,Non-Bonus,9,EUR,33.222500000000004
2024-02-05,10115,Berlin,1000.0,Non-Bonus,39,EUR,35.84166666666667
2024-02-05,10115,Berlin,1000.0,Non-Bonus,46,EUR,36.725
2024-02-05,81539,München,1000.0,Non-Bonus,21,EUR,34.274166666666666
2024-02-05,81539,München,1000.0,Non-Bonus,31,EUR,35.205
2024-02-05,81539,München,500.0,Non-Bonus,21,EUR,22.82166666666667
2024-02-05,81539,München,500.0,Non-Bonus,43,EUR,24.690833333333334
2024-02-05,10115,Berlin,2000.0,Non-Bonus,33,EUR,60.028333333333336
2024-02-05,10115,Berlin,2000.0,Non-Bonus,34,EUR,60.028333333333336
2024-02-05,81539,München,2000.0,Non-Bonus,6,EUR,54.096666666666664
2024-02-05,81539,München,2000.0,Non-Bonus,25,EUR,58.48416666666666
2024-02-05,81539,München,2000.0,Non-Bonus,26,EUR,58.51666666666667
2024-02-05,10115,Berlin,3000.0,Non-Bonus,40,EUR,86.16250000000001
2024-02-05,10115,Berlin,3000.0,Non-Bonus,46,EUR,87.15833333333335
2024-02-05,81539,München,3000.0,Non-Bonus,11,EUR,78.95666666666666
2024-02-05,81539,München,3000.0,Non-Bonus,41,EUR,85.4575
2024-02-05,10115,Berlin,2500.0,Non-Bonus,14,EUR,69.30499999999999
2024-02-05,10115,Berlin,2500.0,Non-Bonus,20,EUR,69.96916666666667
2024-02-05,81539,München,2500.0,Non-Bonus,4,EUR,63.95083333333333
2024-02-05,81539,München,2500.0,Non-Bonus,35,EUR,71.4775
2024-02-05,10115,Berlin,3500.0,Non-Bonus,2,EUR,75.52833333333334
2024-02-05,10115,Berlin,3500.0,Non-Bonus,3,EUR,75.93416666666667
2024-02-05,81539,München,3500.0,Non-Bonus,45,EUR,98.18666666666667
2024-02-05,10115,Berlin,1000.0,Bonus,46,EUR,34.38
2024-02-05,10115,Berlin,1000.0,Bonus,49,EUR,34.69166666666667
2024-02-05,81539,München,1000.0,Bonus,9,EUR,29.028333333333332
2024-02-05,81539,München,1000.0,Bonus,32,EUR,32.8225
2024-02-05,81539,München,1000.0,Bonus,38,EUR,33.3075
2024-02-05,10115,Berlin,1500.0,Non-Bonus,9,EUR,44.95083333333333
2024-02-05,10115,Berlin,1500.0,Non-Bonus,35,EUR,47.95249999999999
2024-02-05,10115,Berlin,1500.0,Non-Bonus,48,EUR,49.45916666666667
2024-02-05,81539,München,1500.0,Non-Bonus,44,EUR,48.58583333333333
2024-02-05,81539,München,1500.0,Non-Bonus,50,EUR,49.449999999999996
2024-02-05,10115,Berlin,4250.0,Non-Bonus,33,EUR,116.84500000000001
2024-02-05,10115,Berlin,4250.0,Non-Bonus,45,EUR,119.42666666666666
2024-02-05,81539,München,4250.0,Non-Bonus,13,EUR,107.80666666666667
2024-02-05,81539,München,4250.0,Non-Bonus,19,EUR,110.08
2024-02-05,81539,München,4250.0,Non-Bonus,30,EUR,114.41833333333334
2024-02-05,10115,Berlin,4500.0,Non-Bonus,8,EUR,111.70333333333333
2024-02-05,81539,München,4500.0,Non-Bonus,33,EUR,121.6325
2024-02-05,10115,Berlin,4000.0,Non-Bonus,46,EUR,113.19749999999999
2024-02-05,10115,Berlin,5000.0,Non-Bonus,17,EUR,130.43666666666667
2024-02-05,10115,Berlin,5000.0,Non-Bonus,21,EUR,131.32166666666666
2024-02-05,10115,Berlin,5000.0,Non-Bonus,35,EUR,136.625
2024-02-05,10115,Berlin,5000.0,Non-Bonus,36,EUR,136.86249999999998
2024-02-05,10115,Berlin,5000.0,Non-Bonus,48,EUR,141.07666666666668
2024-02-05,10115,Berlin,500.0,Bonus,8,EUR,19.470833333333335
2024-02-05,10115,Berlin,500.0,Bonus,32,EUR,22.64
2024-02-05,81539,München,1000.0,Non-Bonus,15,EUR,33.8225
2024-02-05,10115,Berlin,500.0,Non-Bonus,1,EUR,19.36
2024-02-05,81539,München,500.0,Non-Bonus,12,EUR,22.151666666666667
2024-02-05,81539,München,500.0,Non-Bonus,26,EUR,23.287499999999998
2024-02-05,81539,München,500.0,Non-Bonus,41,EUR,24.5825
2024-02-05,10115,Berlin,2000.0,Non-Bonus,15,EUR,57.57666666666666
2024-02-05,10115,Berlin,2000.0,Non-Bonus,31,EUR,59.94166666666666
2024-02-05,10115,Berlin,2000.0,Non-Bonus,49,EUR,62.15
2024-02-05,10115,Berlin,2000.0,Non-Bonus,50,EUR,62.333333333333336
2024-02-05,81539,München,2000.0,Non-Bonus,1,EUR,45.482499999999995
2024-02-05,81539,München,2000.0,Non-Bonus,18,EUR,56.9975
2024-02-05,10115,Berlin,3000.0,Non-Bonus,10,EUR,79.87916666666666
2024-02-05,10115,Berlin,3000.0,Non-Bonus,50,EUR,87.5
2024-02-05,10115,Berlin,2500.0,Non-Bonus,26,EUR,71.1425
2024-02-05,10115,Berlin,3500.0,Non-Bonus,26,EUR,95.53250000000001
2024-02-05,81539,München,3500.0,Non-Bonus,23,EUR,93.52083333333333
2024-02-05,81539,München,1000.0,Bonus,19,EUR,30.24083333333333
2024-02-05,81539,München,1000.0,Bonus,31,EUR,32.73583333333333
2024-02-05,81539,München,1000.0,Bonus,36,EUR,33.11666666666667
2024-02-05,81539,München,4250.0,Non-Bonus,27,EUR,112.33083333333333
2024-02-05,10115,Berlin,4500.0,Non-Bonus,21,EUR,119.2275
2024-02-05,10115,Berlin,4500.0,Non-Bonus,36,EUR,124.21249999999999
2024-02-05,10115,Berlin,4000.0,Non-Bonus,4,EUR,99.05833333333334
2024-02-05,10115,Berlin,4000.0,Non-Bonus,8,EUR,99.53333333333335
2024-02-05,10115,Berlin,4000.0,Non-Bonus,26,EUR,108.29
2024-02-05,81539,München,4000.0,Non-Bonus,48,EUR,111.61666666666667
2024-02-05,10115,Berlin,5000.0,Non-Bonus,5,EUR,121.41666666666667
2024-02-05,10115,Berlin,5000.0,Non-Bonus,31,EUR,134.70833333333334
2024-02-05,81539,München,5000.0,Non-Bonus,8,EUR,121.75583333333333
2024-02-05,81539,München,5000.0,Non-Bonus,15,EUR,126.95916666666666
2024-02-05,81539,München,5000.0,Non-Bonus,27,EUR,130.33083333333335
2024-02-05,81539,München,5000.0,Non-Bonus,29,EUR,131.77416666666667
2024-02-05,81539,München,5000.0,Non-Bonus,37,EUR,134.59916666666666
2024-02-05,10115,Berlin,500.0,Bonus,28,EUR,22.311666666666667
2024-02-05,10115,Berlin,500.0,Bonus,36,EUR,22.895833333333332
2024-02-05,81539,München,500.0,Bonus,24,EUR,22.234166666666667
2024-02-05,81539,München,500.0,Bonus,28,EUR,22.560000000000002
2024-02-05,81539,München,500.0,Bonus,29,EUR,22.587500000000002
2024-02-05,81539,München,500.0,Bonus,47,EUR,24.780833333333334
2024-02-05,81539,München,1000.0,Non-Bonus,6,EUR,32.73583333333333
2024-02-05,81539,München,1000.0,Non-Bonus,7,EUR,32.8225
2024-02-05,81539,München,1000.0,Non-Bonus,14,EUR,33.80583333333333
2024-02-05,81539,München,1000.0,Non-Bonus,43,EUR,36.4325
2024-02-05,10115,Berlin,500.0,Non-Bonus,6,EUR,21.4375
2024-02-05,10115,Berlin,500.0,Non-Bonus,17,EUR,22.224999999999998
2024-02-05,10115,Berlin,500.0,Non-Bonus,28,EUR,23.28333333333333
2024-02-05,81539,München,500.0,Non-Bonus,23,EUR,23.079166666666666
2024-02-05,10115,Berlin,2000.0,Non-Bonus,12,EUR,57.22416666666667
2024-02-05,81539,München,2000.0,Non-Bonus,23,EUR,57.99583333333334
2024-02-05,81539,München,2000.0,Non-Bonus,27,EUR,58.916666666666664
2024-02-05,81539,München,3000.0,Non-Bonus,7,EUR,75.925
2024-02-05,81539,München,3000.0,Non-Bonus,10,EUR,78.68916666666667
2024-02-05,10115,Berlin,2500.0,Non-Bonus,16,EUR,69.815
2024-02-05,10115,Berlin,2500.0,Non-Bonus,31,EUR,71.70833333333333
2024-02-05,81539,München,2500.0,Non-Bonus,19,EUR,68.7725
2024-02-05,81539,München,2500.0,Non-Bonus,40,EUR,72.55833333333334
2024-02-05,81539,München,2500.0,Non-Bonus,49,EUR,74.07083333333334
2024-02-05,10115,Berlin,3500.0,Non-Bonus,5,EUR,87.95583333333333
2024-02-05,10115,Berlin,1500.0,Non-Bonus,40,EUR,48.5
2024-02-05,81539,München,1500.0,Non-Bonus,2,EUR,37.975833333333334
2024-02-05,81539,München,1500.0,Non-Bonus,22,EUR,46.225833333333334
2024-02-05,81539,München,1500.0,Non-Bonus,48,EUR,49.2825
2024-02-05,10115,Berlin,4250.0,Non-Bonus,14,EUR,110.73916666666666
2024-02-05,10115,Berlin,4250.0,Non-Bonus,35,EUR,117.45833333333333
2024-02-05,81539,München,4250.0,Non-Bonus,8,EUR,102.96249999999999
2024-02-05,81539,München,4250.0,Non-Bonus,32,EUR,114.72916666666667
2024-02-05,10115,Berlin,4500.0,Non-Bonus,14,EUR,116.72000000000001
2024-02-05,10115,Berlin,4500.0,Non-Bonus,27,EUR,120.87
2024-02-05,81539,München,4500.0,Non-Bonus,47,EUR,125.0125
2024-02-05,10115,Berlin,4000.0,Non-Bonus,45,EUR,112.99583333333334
2024-02-05,81539,München,4000.0,Non-Bonus,9,EUR,98.61833333333334
2024-02-05,81539,München,4000.0,Non-Bonus,35,EUR,109.92916666666667
2024-02-05,10115,Berlin,5000.0,Non-Bonus,28,EUR,133.2925
2024-02-05,10115,Berlin,5000.0,Non-Bonus,40,EUR,137.59166666666667
2024-02-05,10115,Berlin,500.0,Bonus,40,EUR,23.344166666666666
2024-02-05,81539,München,500.0,Bonus,7,EUR,19.458333333333332
2024-02-05,81539,München,500.0,Bonus,9,EUR,19.974166666666665
2024-02-05,81539,München,500.0,Bonus,30,EUR,22.6425
2024-02-05,81539,München,1000.0,Non-Bonus,3,EUR,31.366666666666664
2024-02-05,81539,München,1000.0,Non-Bonus,16,EUR,33.99583333333333
2024-02-05,81539,München,1000.0,Non-Bonus,22,EUR,34.574999999999996
2024-02-05,10115,Berlin,500.0,Non-Bonus,4,EUR,21.025000000000002
2024-02-05,81539,München,500.0,Non-Bonus,3,EUR,21.031666666666666
2024-02-05,81539,München,500.0,Non-Bonus,5,EUR,21.279166666666665
2024-02-05,81539,München,500.0,Non-Bonus,44,EUR,25.129166666666666
2024-02-05,10115,Berlin,2000.0,Non-Bonus,9,EUR,56.38666666666666
2024-02-05,10115,Berlin,2000.0,Non-Bonus,26,EUR,59.24583333333334
2024-02-05,10115,Berlin,3000.0,Non-Bonus,19,EUR,82.20666666666666
2024-02-05,10115,Berlin,3000.0,Non-Bonus,35,EUR,85.28083333333333
2024-02-05,81539,München,3000.0,Non-Bonus,5,EUR,75.45916666666666
2024-02-05,10115,Berlin,2500.0,Non-Bonus,30,EUR,71.60000000000001
2024-02-05,10115,Berlin,2500.0,Non-Bonus,42,EUR,73.735
2024-02-05,81539,München,2500.0,Non-Bonus,12,EUR,67.69666666666667
2024-02-05,10115,Berlin,3500.0,Non-Bonus,19,EUR,94.21
2024-02-05,10115,Berlin,3500.0,Non-Bonus,49,EUR,100.37833333333333
2024-02-05,81539,München,3500.0,Non-Bonus,37,EUR,97.51583333333333
2024-02-05,81539,München,1000.0,Bonus,41,EUR,33.541666666666664
2024-02-05,81539,München,1000.0,Bonus,42,EUR,33.7275
2024-02-05,10115,Berlin,1500.0,Non-Bonus,4,EUR,43.8325
2024-02-05,10115,Berlin,1500.0,Non-Bonus,5,EUR,43.92333333333334
2024-02-05,81539,München,1500.0,Non-Bonus,12,EUR,44.906666666666666
2024-02-05,81539,München,1500.0,Non-Bonus,24,EUR,46.303333333333335
2024-02-05,10115,Berlin,4250.0,Non-Bonus,24,EUR,113.95
2024-02-05,81539,München,4250.0,Non-Bonus,21,EUR,110.93916666666667
2024-02-05,81539,München,4500.0,Non-Bonus,50,EUR,125.88499999999999
2024-02-05,10115,Berlin,5000.0,Non-Bonus,33,EUR,135.78416666666666
2024-02-05,10115,Berlin,5000.0,Non-Bonus,49,EUR,141.49333333333334
2024-02-05,81539,München,5000.0,Non-Bonus,20,EUR,128.43083333333334
2024-02-05,81539,München,500.0,Bonus,3,EUR,19.19666666666667
2024-02-05,81539,München,500.0,Bonus,46,EUR,24.690833333333334
2024-02-05,81539,München,500.0,Bonus,50,EUR,25.324166666666667
2024-02-05,10115,Berlin,1000.0,Non-Bonus,18,EUR,34.24916666666667
2024-02-05,10115,Berlin,1000.0,Non-Bonus,19,EUR,34.3375
2024-02-05,10115,Berlin,1000.0,Non-Bonus,23,EUR,34.69166666666667
2024-02-05,10115,Berlin,1000.0,Non-Bonus,35,EUR,35.37166666666666
2024-02-05,81539,München,1000.0,Non-Bonus,19,EUR,34.2075
2024-02-05,81539,München,1000.0,Non-Bonus,47,EUR,37.22416666666667
2024-02-05,10115,Berlin,500.0,Non-Bonus,9,EUR,21.675
2024-02-05,10115,Berlin,500.0,Non-Bonus,12,EUR,21.9025
2024-02-05,81539,München,500.0,Non-Bonus,8,EUR,21.74
2024-02-05,10115,Berlin,2000.0,Non-Bonus,30,EUR,59.89666666666667
2024-02-05,81539,München,2000.0,Non-Bonus,38,EUR,60.125
2024-02-05,81539,München,3000.0,Non-Bonus,18,EUR,80.47833333333334
2024-02-05,81539,München,3000.0,Non-Bonus,28,EUR,82.06833333333334
2024-02-05,81539,München,3000.0,Non-Bonus,33,EUR,83.74666666666667
2024-02-05,81539,München,3000.0,Non-Bonus,34,EUR,84.355
2024-02-05,10115,Berlin,2500.0,Non-Bonus,32,EUR,71.70833333333333
2024-02-05,81539,München,2500.0,Non-Bonus,46,EUR,73.52333333333333
2024-02-05,10115,Berlin,3500.0,Non-Bonus,11,EUR,91.10000000000001
2024-02-05,10115,Berlin,3500.0,Non-Bonus,48,EUR,100.06083333333333
2024-02-05,10115,Berlin,1000.0,Bonus,10,EUR,29.060000000000002
2024-02-05,81539,München,1000.0,Bonus,18,EUR,29.924166666666665
2024-02-05,10115,Berlin,1500.0,Non-Bonus,2,EUR,40.266666666666666
2024-02-05,10115,Berlin,1500.0,Non-Bonus,7,EUR,44.044999999999995
2024-02-05,10115,Berlin,1500.0,Non-Bonus,15,EUR,45.475
2024-02-05,10115,Berlin,1500.0,Non-Bonus,27,EUR,47.0625
2024-02-05,81539,München,1500.0,Non-Bonus,9,EUR,44.48833333333334
2024-02-05,81539,München,1500.0,Non-Bonus,13,EUR,44.93
2024-02-05,10115,Berlin,4250.0,Non-Bonus,48,EUR,120.03166666666668
2024-02-05,81539,München,4250.0,Non-Bonus,14,EUR,108.3125
2024-02-05,10115,Berlin,4500.0,Non-Bonus,35,EUR,123.92666666666666
2024-02-05,10115,Berlin,4000.0,Non-Bonus,12,EUR,101.94333333333333
2024-02-05,10115,Berlin,4000.0,Non-Bonus,32,EUR,110.53250000000001
2024-02-05,10115,Berlin,4000.0,Non-Bonus,33,EUR,110.53250000000001
2024-02-05,10115,Berlin,4000.0,Non-Bonus,48,EUR,113.37083333333334
2024-02-05,81539,München,4000.0,Non-Bonus,19,EUR,104.16000000000001
2024-02-05,10115,Berlin,5000.0,Non-Bonus,12,EUR,126.93333333333334
2024-02-05,10115,Berlin,5000.0,Non-Bonus,14,EUR,129.085
2024-02-05,10115,Berlin,5000.0,Non-Bonus,38,EUR,137.49916666666667
2024-02-05,81539,München,5000.0,Non-Bonus,23,EUR,128.995
2024-02-05,81539,München,5000.0,Non-Bonus,32,EUR,132.82166666666666
2024-02-05,10115,Berlin,500.0,Bonus,3,EUR,19.300833333333333
2024-02-05,81539,München,500.0,Bonus,5,EUR,19.409166666666668
2024-02-05,81539,München,500.0,Bonus,16,EUR,21.031666666666666
2024-02-05,81539,München,500.0,Bonus,21,EUR,21.930000000000003
2024-02-05,10115,Berlin,1000.0,Non-Bonus,30,EUR,35.19166666666667
2024-02-05,10115,Berlin,1000.0,Non-Bonus,38,EUR,35.763333333333335
2024-02-05,10115,Berlin,500.0,Non-Bonus,3,EUR,20.78
2024-02-05,10115,Berlin,500.0,Non-Bonus,15,EUR,22.150833333333335
2024-02-05,10115,Berlin,500.0,Non-Bonus,16,EUR,22.150833333333335
2024-02-05,10115,Berlin,500.0,Non-Bonus,27,EUR,23.1125
2024-02-05,81539,München,500.0,Non-Bonus,17,EUR,22.474166666666665
2024-02-05,81539,München,500.0,Non-Bonus,19,EUR,22.6425
2024-02-05,10115,Berlin,2000.0,Non-Bonus,17,EUR,57.64833333333333
2024-02-05,10115,Berlin,2000.0,Non-Bonus,27,EUR,59.262499999999996
2024-02-05,10115,Berlin,2000.0,Non-Bonus,36,EUR,60.15
2024-02-05,10115,Berlin,3000.0,Non-Bonus,21,EUR,82.56083333333333
2024-02-05,10115,Berlin,3000.0,Non-Bonus,30,EUR,83.6025
2024-02-05,10115,Berlin,3000.0,Non-Bonus,48,EUR,87.41416666666667
2024-02-05,10115,Berlin,2500.0,Non-Bonus,27,EUR,71.17999999999999
2024-02-05,81539,München,2500.0,Non-Bonus,33,EUR,71.10416666666667
2024-02-05,10115,Berlin,3500.0,Non-Bonus,24,EUR,95.41916666666667
2024-02-05,10115,Berlin,3500.0,Non-Bonus,33,EUR,97.90666666666668
2024-02-05,81539,München,3500.0,Non-Bonus,19,EUR,92.31916666666666
2024-02-05,10115,Berlin,1000.0,Bonus,27,EUR,31.588333333333335
2024-02-05,10115,Berlin,1000.0,Bonus,34,EUR,32.928333333333335
2024-02-05,81539,München,1000.0,Bonus,45,EUR,34.2075
2024-02-05,10115,Berlin,1500.0,Non-Bonus,36,EUR,47.95416666666667
2024-02-05,10115,Berlin,1500.0,Non-Bonus,41,EUR,48.5025
2024-02-05,10115,Berlin,1500.0,Non-Bonus,43,EUR,48.565
2024-02-05,81539,München,1500.0,Non-Bonus,35,EUR,47.490833333333335
2024-02-05,10115,Berlin,4250.0,Non-Bonus,22,EUR,113.33916666666666
2024-02-05,10115,Berlin,4250.0,Non-Bonus,31,EUR,116.67
2024-02-05,81539,München,4250.0,Non-Bonus,17,EUR,109.51333333333334
2024-02-05,10115,Berlin,4500.0,Non-Bonus,33,EUR,123.15833333333335
2024-02-05,10115,Berlin,4500.0,Non-Bonus,46,EUR,127.075
2024-02-05,10115,Berlin,4000.0,Non-Bonus,19,EUR,106.10666666666667
2024-02-05,10115,Berlin,4000.0,Non-Bonus,35,EUR,110.99000000000001
2024-02-05,10115,Berlin,4000.0,Non-Bonus,41,EUR,112.27833333333332
2024-02-05,81539,München,4000.0,Non-Bonus,7,EUR,97.01333333333334
2024-02-05,81539,München,4000.0,Non-Bonus,41,EUR,110.56916666666666
2024-02-05,10115,Berlin,5000.0,Non-Bonus,10,EUR,124.97000000000001
2024-02-05,10115,Berlin,5000.0,Non-Bonus,23,EUR,131.85083333333333
2024-02-05,10115,Berlin,500.0,Bonus,5,EUR,19.339166666666667
2024-02-05,10115,Berlin,500.0,Bonus,49,EUR,24.419166666666666
2024-02-05,81539,München,500.0,Bonus,11,EUR,20.095833333333335
2024-02-05,10115,Berlin,1000.0,Non-Bonus,25,EUR,34.776666666666664
2024-02-05,10115,Berlin,1000.0,Non-Bonus,26,EUR,34.776666666666664
2024-02-05,10115,Berlin,1000.0,Non-Bonus,37,EUR,35.61666666666667
2024-02-05,81539,München,1000.0,Non-Bonus,25,EUR,34.670833333333334
2024-02-05,10115,Berlin,500.0,Non-Bonus,20,EUR,22.61
2024-02-05,81539,München,500.0,Non-Bonus,7,EUR,21.7075
2024-02-05,81539,München,500.0,Non-Bonus,30,EUR,23.53333333333333
2024-02-05,81539,München,500.0,Non-Bonus,42,EUR,24.643333333333334
2024-02-05,10115,Berlin,2000.0,Non-Bonus,13,EUR,57.333333333333336
2024-02-05,10115,Berlin,2000.0,Non-Bonus,14,EUR,57.34916666666667
2024-02-05,10115,Berlin,2000.0,Non-Bonus,24,EUR,58.80083333333334
2024-02-05,81539,München,2000.0,Non-Bonus,41,EUR,60.556666666666665
2024-02-05,81539,München,3000.0,Non-Bonus,24,EUR,81.62916666666666
2024-02-05,81539,München,3000.0,Non-Bonus,39,EUR,85.065
2024-02-05,81539,München,2500.0,Non-Bonus,24,EUR,69.965
2024-02-05,81539,München,2500.0,Non-Bonus,45,EUR,73.39916666666666
2024-02-05,10115,Berlin,3500.0,Non-Bonus,32,EUR,96.88583333333334
2024-02-05,81539,München,3500.0,Non-Bonus,15,EUR,91.32583333333334
2024-02-05,81539,München,3500.0,Non-Bonus,22,EUR,93.44583333333333
2024-02-05,81539,München,3500.0,Non-Bonus,35,EUR,96.65583333333332
2024-02-05,10115,Berlin,1000.0,Bonus,16,EUR,29.828333333333333
2024-02-05,10115,Berlin,1000.0,Bonus,48,EUR,34.67333333333333
2024-02-05,81539,München,1000.0,Bonus,46,EUR,34.274166666666666
2024-02-05,10115,Berlin,1500.0,Non-Bonus,22,EUR,46.692499999999995
2024-02-05,10115,Berlin,1500.0,Non-Bonus,46,EUR,49.0225
2024-02-05,81539,München,1500.0,Non-Bonus,7,EUR,43.5825
2024-02-05,81539,München,1500.0,Non-Bonus,23,EUR,46.259166666666665
2024-02-05,10115,Berlin,4250.0,Non-Bonus,36,EUR,118.00666666666666
2024-02-05,81539,München,4250.0,Non-Bonus,26,EUR,112.2325
2024-02-05,10115,Berlin,4000.0,Non-Bonus,14,EUR,104.75833333333333
2024-02-05,10115,Berlin,4000.0,Non-Bonus,24,EUR,107.77333333333333
2024-02-05,81539,München,4000.0,Non-Bonus,3,EUR,82.675
2024-02-05,81539,München,4000.0,Non-Bonus,27,EUR,106.19916666666667
2024-02-05,10115,Berlin,5000.0,Non-Bonus,8,EUR,124.55833333333334
2024-02-05,10115,Berlin,5000.0,Non-Bonus,39,EUR,137.57500000000002
2024-02-05,81539,München,5000.0,Non-Bonus,3,EUR,100.555
2024-02-05,81539,München,5000.0,Non-Bonus,4,EUR,117.41666666666667
2024-02-05,10115,Berlin,500.0,Bonus,16,EUR,20.78
2024-02-05,10115,Berlin,500.0,Bonus,23,EUR,21.9525
2024-02-05,10115,Berlin,500.0,Bonus,25,EUR,21.985
2024-02-05,81539,München,500.0,Bonus,18,EUR,21.275833333333335
2024-02-05,81539,München,500.0,Bonus,25,EUR,22.236666666666665
2024-02-05,10115,Berlin,1000.0,Non-Bonus,4,EUR,31.588333333333335
2024-02-05,81539,München,1000.0,Non-Bonus,41,EUR,36.19583333333333
2024-02-05,10115,Berlin,500.0,Non-Bonus,44,EUR,24.339166666666667
2024-02-05,81539,München,500.0,Non-Bonus,10,EUR,21.930000000000003
2024-02-05,81539,München,500.0,Non-Bonus,11,EUR,22.006666666666664
2024-02-05,81539,München,500.0,Non-Bonus,29,EUR,23.409166666666668
2024-02-05,81539,München,2000.0,Non-Bonus,12,EUR,56.40416666666667
2024-02-05,81539,München,2000.0,Non-Bonus,17,EUR,56.82833333333334
2024-02-05,81539,München,2000.0,Non-Bonus,19,EUR,57.51666666666667
2024-02-05,81539,München,2000.0,Non-Bonus,50,EUR,62.01583333333334
2024-02-05,10115,Berlin,3000.0,Non-Bonus,9,EUR,79.37666666666667
2024-02-05,81539,München,3000.0,Non-Bonus,35,EUR,84.41583333333334
2024-02-05,10115,Berlin,2500.0,Non-Bonus,12,EUR,68.87416666666667
2024-02-05,10115,Berlin,2500.0,Non-Bonus,28,EUR,71.375
2024-02-05,81539,München,2500.0,Non-Bonus,17,EUR,68.7225
2024-02-05,10115,Berlin,3500.0,Non-Bonus,27,EUR,95.71249999999999
2024-02-05,81539,München,3500.0,Non-Bonus,2,EUR,73.735
2024-02-05,10115,Berlin,1500.0,Non-Bonus,30,EUR,47.24583333333334
2024-02-05,81539,München,1500.0,Non-Bonus,34,EUR,47.47416666666667
2024-02-05,81539,München,1500.0,Non-Bonus,47,EUR,49.14083333333334
2024-02-05,10115,Berlin,4250.0,Non-Bonus,39,EUR,118.60833333333333
2024-02-05,81539,München,4250.0,Non-Bonus,15,EUR,108.72500000000001
2024-02-05,81539,München,4250.0,Non-Bonus,22,EUR,111.17083333333333
2024-02-05,81539,München,4250.0,Non-Bonus,33,EUR,115.60333333333334
2024-02-05,81539,München,4250.0,Non-Bonus,37,EUR,116.24083333333334
2024-02-05,81539,München,4500.0,Non-Bonus,1,EUR,88.39
2024-02-05,81539,München,4500.0,Non-Bonus,23,EUR,117.5125
2024-02-05,10115,Berlin,4000.0,Non-Bonus,27,EUR,108.29333333333334
2024-02-05,81539,München,4000.0,Non-Bonus,5,EUR,96.93916666666667
2024-02-05,81539,München,4000.0,Non-Bonus,16,EUR,103.52
2024-02-05,81539,München,4000.0,Non-Bonus,50,EUR,112.18333333333334
2024-02-05,10115,Berlin,500.0,Bonus,9,EUR,19.645833333333332
2024-02-05,81539,München,1000.0,Non-Bonus,33,EUR,35.23416666666667
2024-02-05,10115,Berlin,500.0,Non-Bonus,42,EUR,24.224166666666665
2024-02-05,81539,München,500.0,Non-Bonus,46,EUR,25.324166666666667
2024-02-05,10115,Berlin,2000.0,Non-Bonus,2,EUR,48.6
2024-02-05,10115,Berlin,2000.0,Non-Bonus,10,EUR,56.9125
2024-02-05,10115,Berlin,2000.0,Non-Bonus,19,EUR,58.35666666666666
2024-02-05,81539,München,2000.0,Non-Bonus,49,EUR,61.54583333333333
2024-02-05,10115,Berlin,3000.0,Non-Bonus,7,EUR,77.3
2024-02-05,10115,Berlin,3000.0,Non-Bonus,25,EUR,83.15083333333332
2024-02-05,10115,Berlin,3000.0,Non-Bonus,37,EUR,85.95833333333333
2024-02-05,10115,Berlin,3000.0,Non-Bonus,39,EUR,86.14083333333333
2024-02-05,81539,München,3000.0,Non-Bonus,30,EUR,82.25916666666667
2024-02-05,81539,München,3000.0,Non-Bonus,50,EUR,86.52499999999999
2024-02-05,10115,Berlin,2500.0,Non-Bonus,15,EUR,69.37166666666667
2024-02-05,81539,München,3500.0,Non-Bonus,1,EUR,71.22666666666667
2024-02-05,81539,München,3500.0,Non-Bonus,28,EUR,94.13416666666666
2024-02-05,10115,Berlin,1000.0,Bonus,2,EUR,25.833333333333332
2024-02-05,10115,Berlin,1000.0,Bonus,31,EUR,32.55833333333333
2024-02-05,81539,München,1000.0,Bonus,4,EUR,28.389166666666668
2024-02-05,10115,Berlin,1500.0,Non-Bonus,31,EUR,47.259166666666665
2024-02-05,81539,München,1500.0,Non-Bonus,39,EUR,48.044999999999995
2024-02-05,10115,Berlin,4250.0,Non-Bonus,23,EUR,113.58833333333332
2024-02-05,81539,München,4250.0,Non-Bonus,4,EUR,102.37833333333333
2024-02-05,81539,München,4250.0,Non-Bonus,36,EUR,116.09916666666668
2024-02-05,81539,München,4250.0,Non-Bonus,43,EUR,117.01583333333333
2024-02-05,81539,München,4250.0,Non-Bonus,44,EUR,117.21083333333333
2024-02-05,10115,Berlin,4500.0,Non-Bonus,20,EUR,119.0425
2024-02-05,10115,Berlin,4500.0,Non-Bonus,44,EUR,126.05666666666667
2024-02-05,10115,Berlin,4500.0,Non-Bonus,48,EUR,127.79833333333333
2024-02-05,81539,München,4000.0,Non-Bonus,44,EUR,110.97000000000001
2024-02-05,10115,Berlin,5000.0,Non-Bonus,43,EUR,139.255
2024-02-05,81539,München,500.0,Bonus,32,EUR,22.82166666666667
2024-02-05,81539,München,500.0,Bonus,42,EUR,23.745
2024-02-05,81539,München,500.0,Bonus,43,EUR,24.330833333333334
2024-02-05,10115,Berlin,1000.0,Non-Bonus,10,EUR,33.3725
2024-02-05,81539,München,1000.0,Non-Bonus,10,EUR,33.343333333333334
2024-02-05,10115,Berlin,500.0,Non-Bonus,33,EUR,23.495833333333334
2024-02-05,81539,München,500.0,Non-Bonus,39,EUR,24.474999999999998
2024-02-05,81539,München,2000.0,Non-Bonus,5,EUR,53.31166666666667
2024-02-05,81539,München,2000.0,Non-Bonus,22,EUR,57.93666666666667
2024-02-05,10115,Berlin,3000.0,Non-Bonus,14,EUR,81.26083333333334
2024-02-05,10115,Berlin,3000.0,Non-Bonus,47,EUR,87.29333333333334
2024-02-05,81539,München,3000.0,Non-Bonus,32,EUR,83.74666666666667
2024-02-05,10115,Berlin,2500.0,Non-Bonus,18,EUR,69.9275
2024-02-05,10115,Berlin,2500.0,Non-Bonus,43,EUR,73.765
2024-02-05,81539,München,2500.0,Non-Bonus,11,EUR,67.60166666666667
2024-02-05,81539,München,2500.0,Non-Bonus,18,EUR,68.75
2024-02-05,81539,München,2500.0,Non-Bonus,34,EUR,71.4775
2024-02-05,81539,München,2500.0,Non-Bonus,37,EUR,71.87
2024-02-05,81539,München,2500.0,Non-Bonus,47,EUR,73.64166666666667
2024-02-05,10115,Berlin,3500.0,Non-Bonus,17,EUR,93.665
2024-02-05,81539,München,3500.0,Non-Bonus,21,EUR,92.8825
2024-02-05,81539,München,3500.0,Non-Bonus,40,EUR,97.73833333333333
2024-02-05,10115,Berlin,1000.0,Bonus,37,EUR,33.222500000000004
2024-02-05,81539,München,1000.0,Bonus,6,EUR,28.995
2024-02-05,81539,München,1000.0,Bonus,17,EUR,29.825833333333335
2024-02-05,81539,München,1000.0,Bonus,25,EUR,31.366666666666664
2024-02-05,81539,München,1500.0,Non-Bonus,8,EUR,43.88166666666667
2024-02-05,81539,München,1500.0,Non-Bonus,21,EUR,46.10333333333333
2024-02-05,81539,München,1500.0,Non-Bonus,37,EUR,47.58416666666667
2024-02-05,81539,München,4250.0,Non-Bonus,11,EUR,105.44666666666666
2024-02-05,81539,München,4250.0,Non-Bonus,29,EUR,112.59333333333332
2024-02-05,10115,Berlin,4500.0,Non-Bonus,11,EUR,114.79916666666666
2024-02-05,81539,München,4500.0,Non-Bonus,6,EUR,107.7425
2024-02-05,81539,München,4500.0,Non-Bonus,19,EUR,116.0
2024-02-05,81539,München,4500.0,Non-Bonus,31,EUR,120.55333333333334
2024-02-05,81539,München,4500.0,Non-Bonus,48,EUR,125.4825
2024-02-05,10115,Berlin,4000.0,Non-Bonus,1,EUR,83.60000000000001
2024-02-05,10115,Berlin,4000.0,Non-Bonus,2,EUR,84.80333333333333
2024-02-05,81539,München,4000.0,Non-Bonus,26,EUR,106.10833333333333
2024-02-05,10115,Berlin,5000.0,Non-Bonus,1,EUR,102.26666666666667
2024-02-05,10115,Berlin,5000.0,Non-Bonus,2,EUR,102.54166666666667
2024-02-05,10115,Berlin,5000.0,Non-Bonus,41,EUR,137.90083333333334
2024-02-05,10115,Berlin,5000.0,Non-Bonus,47,EUR,141.01500000000001
2024-02-05,81539,München,5000.0,Non-Bonus,46,EUR,138.095
2024-02-05,81539,München,5000.0,Non-Bonus,48,EUR,138.23333333333332
2024-02-05,10115,Berlin,500.0,Bonus,26,EUR,22.150833333333335
2024-02-05,81539,München,500.0,Bonus,35,EUR,23.287499999999998
2024-02-05,81539,München,500.0,Bonus,48,EUR,25.129166666666666
2024-02-05,10115,Berlin,1000.0,Non-Bonus,11,EUR,33.4525
2024-02-05,81539,München,1000.0,Non-Bonus,17,EUR,34.125
2024-02-05,81539,München,1000.0,Non-Bonus,27,EUR,34.735
2024-02-05,81539,München,1000.0,Non-Bonus,36,EUR,35.490833333333335
2024-02-05,81539,München,1000.0,Non-Bonus,40,EUR,36.07666666666667
2024-02-05,10115,Berlin,500.0,Non-Bonus,2,EUR,20.6875
2024-02-05,81539,München,500.0,Non-Bonus,14,EUR,22.236666666666665
2024-02-05,81539,München,500.0,Non-Bonus,16,EUR,22.401666666666667
2024-02-05,81539,München,500.0,Non-Bonus,35,EUR,24.040833333333335
2024-02-05,10115,Berlin,2000.0,Non-Bonus,23,EUR,58.800000000000004
2024-02-05,10115,Berlin,2000.0,Non-Bonus,32,EUR,60.028333333333336
2024-02-05,10115,Berlin,2000.0,Non-Bonus,46,EUR,61.86083333333334
2024-02-05,81539,München,2000.0,Non-Bonus,7,EUR,54.81583333333333
2024-02-05,81539,München,2000.0,Non-Bonus,31,EUR,59.208333333333336
2024-02-05,81539,München,2000.0,Non-Bonus,46,EUR,61.20249999999999
2024-02-05,10115,Berlin,3000.0,Non-Bonus,31,EUR,83.80166666666666
2024-02-05,10115,Berlin,3000.0,Non-Bonus,38,EUR,86.02916666666665
2024-02-05,81539,München,3000.0,Non-Bonus,16,EUR,79.8975
2024-02-05,10115,Berlin,2500.0,Non-Bonus,4,EUR,65.0025
2024-02-05,10115,Berlin,2500.0,Non-Bonus,44,EUR,73.83166666666666
2024-02-05,81539,München,2500.0,Non-Bonus,15,EUR,68.19500000000001
2024-02-05,10115,Berlin,3500.0,Non-Bonus,23,EUR,95.32583333333334
2024-02-05,10115,Berlin,3500.0,Non-Bonus,28,EUR,95.71249999999999
2024-02-05,10115,Berlin,3500.0,Non-Bonus,30,EUR,96.02499999999999
2024-02-05,10115,Berlin,3500.0,Non-Bonus,45,EUR,99.75166666666667
2024-02-05,81539,München,3500.0,Non-Bonus,20,EUR,92.59416666666668
2024-02-05,81539,München,3500.0,Non-Bonus,31,EUR,95.49083333333334
2024-02-05,81539,München,3500.0,Non-Bonus,32,EUR,96.015
2024-02-05,10115,Berlin,1000.0,Bonus,1,EUR,24.622500000000002
2024-02-05,10115,Berlin,1000.0,Bonus,12,EUR,29.10166666666667
2024-02-05,10115,Berlin,1000.0,Bonus,23,EUR,31.334999999999997
2024-02-05,10115,Berlin,1000.0,Bonus,24,EUR,31.403333333333332
2024-02-05,10115,Berlin,1000.0,Bonus,47,EUR,34.4675
2024-02-05,81539,München,1000.0,Bonus,3,EUR,28.319166666666664
2024-02-05,81539,München,1000.0,Bonus,12,EUR,29.108333333333334
2024-02-05,10115,Berlin,1500.0,Non-Bonus,10,EUR,45.07583333333333
2024-02-05,81539,München,1500.0,Non-Bonus,27,EUR,46.778333333333336
2024-02-05,81539,München,1500.0,Non-Bonus,41,EUR,48.428333333333335
2024-02-05,81539,München,4250.0,Non-Bonus,46,EUR,117.69333333333333
2024-02-05,10115,Berlin,4500.0,Non-Bonus,12,EUR,115.7275
2024-02-05,10115,Berlin,4500.0,Non-Bonus,18,EUR,118.09500000000001
2024-02-05,10115,Berlin,4500.0,Non-Bonus,31,EUR,122.8675
2024-02-05,81539,München,4500.0,Non-Bonus,5,EUR,107.71249999999999
2024-02-05,81539,München,4500.0,Non-Bonus,32,EUR,120.75333333333333
2024-02-05,10115,Berlin,4000.0,Non-Bonus,23,EUR,107.50083333333333
2024-02-05,10115,Berlin,4000.0,Non-Bonus,37,EUR,111.8
2024-02-05,81539,München,4000.0,Non-Bonus,4,EUR,96.79916666666666
2024-02-05,81539,München,5000.0,Non-Bonus,34,EUR,133.69083333333333
2024-02-05,10115,Berlin,500.0,Bonus,14,EUR,20.390833333333333
2024-02-05,81539,München,500.0,Bonus,10,EUR,20.073333333333334
2024-02-05,81539,München,500.0,Bonus,20,EUR,21.92833333333333
2024-02-05,81539,München,500.0,Bonus,27,EUR,22.401666666666667
2024-02-05,10115,Berlin,1000.0,Non-Bonus,8,EUR,32.99
2024-02-05,10115,Berlin,1000.0,Non-Bonus,16,EUR,34.04833333333333
2024-02-05,10115,Berlin,1000.0,Non-Bonus,29,EUR,35.027499999999996
2024-02-05,10115,Berlin,1000.0,Non-Bonus,49,EUR,37.02916666666667
2024-02-05,81539,München,1000.0,Non-Bonus,11,EUR,33.3975
2024-02-05,10115,Berlin,500.0,Non-Bonus,30,EUR,23.344166666666666
2024-02-05,10115,Berlin,500.0,Non-Bonus,32,EUR,23.495833333333334
2024-02-05,81539,München,2000.0,Non-Bonus,8,EUR,54.942499999999995
2024-02-05,10115,Berlin,3000.0,Non-Bonus,44,EUR,86.97500000000001
2024-02-05,81539,München,3000.0,Non-Bonus,8,EUR,77.7075
2024-02-05,81539,München,3000.0,Non-Bonus,22,EUR,81.27499999999999
2024-02-05,10115,Berlin,2500.0,Non-Bonus,45,EUR,74.39
2024-02-05,10115,Berlin,3500.0,Non-Bonus,46,EUR,99.76666666666667
2024-02-05,10115,Berlin,1000.0,Bonus,13,EUR,29.114166666666666
2024-02-05,81539,München,1000.0,Bonus,14,EUR,29.3575
2024-02-05,81539,München,1000.0,Bonus,24,EUR,31.334999999999997
2024-02-05,10115,Berlin,1500.0,Non-Bonus,16,EUR,45.79
2024-02-05,10115,Berlin,1500.0,Non-Bonus,19,EUR,46.33416666666667
2024-02-05,10115,Berlin,1500.0,Non-Bonus,20,EUR,46.574999999999996
2024-02-05,10115,Berlin,1500.0,Non-Bonus,34,EUR,47.4025
2024-02-05,81539,München,1500.0,Non-Bonus,31,EUR,46.94
2024-02-05,10115,Berlin,4250.0,Non-Bonus,4,EUR,104.81416666666667
2024-02-05,81539,München,4250.0,Non-Bonus,10,EUR,104.74000000000001
2024-02-05,10115,Berlin,4500.0,Non-Bonus,16,EUR,117.59166666666665
2024-02-05,81539,München,4500.0,Non-Bonus,9,EUR,109.24166666666667
2024-02-05,81539,München,4500.0,Non-Bonus,11,EUR,112.19416666666666
2024-02-05,81539,München,4500.0,Non-Bonus,25,EUR,117.92166666666667
2024-02-05,81539,München,4500.0,Non-Bonus,27,EUR,118.55416666666667
2024-02-05,81539,München,4000.0,Non-Bonus,10,EUR,98.69083333333333
2024-02-05,81539,München,4000.0,Non-Bonus,18,EUR,103.71416666666666
2024-02-05,81539,München,4000.0,Non-Bonus,32,EUR,108.70416666666667
2024-02-05,81539,München,4000.0,Non-Bonus,38,EUR,110.075
2024-02-05,81539,München,4000.0,Non-Bonus,42,EUR,110.7475
2024-02-05,81539,München,4000.0,Non-Bonus,46,EUR,111.19083333333333
2024-02-05,10115,Berlin,5000.0,Non-Bonus,22,EUR,131.495
2024-02-05,81539,München,5000.0,Non-Bonus,9,EUR,122.03250000000001
2024-02-05,81539,München,5000.0,Non-Bonus,17,EUR,127.495
2024-02-05,81539,München,5000.0,Non-Bonus,39,EUR,134.97583333333333
2024-02-05,10115,Berlin,500.0,Bonus,18,EUR,21.025000000000002
2024-02-05,81539,München,500.0,Bonus,31,EUR,22.645
2024-02-05,81539,München,500.0,Bonus,41,EUR,23.745
2024-02-05,81539,München,1000.0,Non-Bonus,9,EUR,33.11666666666667
2024-02-05,81539,München,1000.0,Non-Bonus,28,EUR,34.910833333333336
2024-02-05,10115,Berlin,500.0,Non-Bonus,5,EUR,21.028333333333332
2024-02-05,10115,Berlin,2000.0,Non-Bonus,8,EUR,55.762499999999996
2024-02-05,10115,Berlin,2000.0,Non-Bonus,18,EUR,57.99
2024-02-05,10115,Berlin,2000.0,Non-Bonus,41,EUR,61.218333333333334
2024-02-05,81539,München,2000.0,Non-Bonus,20,EUR,57.53333333333333
2024-02-05,81539,München,2000.0,Non-Bonus,24,EUR,58.29666666666666
2024-02-05,10115,Berlin,2500.0,Non-Bonus,11,EUR,68.72833333333334
2024-02-05,10115,Berlin,2500.0,Non-Bonus,21,EUR,70.125
2024-02-05,10115,Berlin,2500.0,Non-Bonus,29,EUR,71.55583333333333
2024-02-05,81539,München,2500.0,Non-Bonus,36,EUR,71.49916666666667
2024-02-05,10115,Berlin,3500.0,Non-Bonus,43,EUR,99.59833333333334
2024-02-05,10115,Berlin,1000.0,Bonus,30,EUR,32.41166666666667
2024-02-05,81539,München,1000.0,Bonus,1,EUR,25.72666666666667
2024-02-05,10115,Berlin,1500.0,Non-Bonus,44,EUR,48.88333333333333
2024-02-05,10115,Berlin,4250.0,Non-Bonus,50,EUR,120.49000000000001
2024-02-05,81539,München,4250.0,Non-Bonus,42,EUR,117.0
2024-02-05,81539,München,4500.0,Non-Bonus,2,EUR,90.875
2024-02-05,81539,München,4500.0,Non-Bonus,18,EUR,115.59750000000001
2024-02-05,10115,Berlin,4000.0,Non-Bonus,43,EUR,112.63583333333334
2024-02-05,10115,Berlin,5000.0,Non-Bonus,9,EUR,124.84166666666665
2024-02-05,10115,Berlin,5000.0,Non-Bonus,34,EUR,135.78416666666666
2024-02-05,81539,München,5000.0,Non-Bonus,28,EUR,130.99916666666667
2024-02-05,81539,München,5000.0,Non-Bonus,31,EUR,132.80166666666665
2024-02-05,81539,München,5000.0,Non-Bonus,40,EUR,135.93416666666667
2024-02-05,10115,Berlin,500.0,Bonus,2,EUR,19.00166666666667
2024-02-05,81539,München,500.0,Bonus,15,EUR,20.938333333333333
2024-02-05,10115,Berlin,1000.0,Non-Bonus,7,EUR,32.928333333333335
2024-02-05,10115,Berlin,1000.0,Non-Bonus,42,EUR,36.295
2024-02-05,81539,München,1000.0,Non-Bonus,44,EUR,36.615833333333335
2024-02-05,81539,München,1000.0,Non-Bonus,49,EUR,37.358333333333334
2024-02-05,10115,Berlin,500.0,Non-Bonus,37,EUR,23.72083333333333
2024-02-05,10115,Berlin,500.0,Non-Bonus,46,EUR,24.5325
2024-02-05,10115,Berlin,500.0,Non-Bonus,50,EUR,25.1125
2024-02-05,81539,München,500.0,Non-Bonus,6,EUR,21.686666666666667
2024-02-05,81539,München,500.0,Non-Bonus,36,EUR,24.330833333333334
2024-02-05,81539,München,500.0,Non-Bonus,49,EUR,26.001666666666665
2024-02-05,10115,Berlin,2000.0,Non-Bonus,39,EUR,60.225
2024-02-05,10115,Berlin,3000.0,Non-Bonus,1,EUR,65.26666666666667
2024-02-05,10115,Berlin,3000.0,Non-Bonus,2,EUR,66.16666666666667
2024-02-05,10115,Berlin,3000.0,Non-Bonus,20,EUR,82.36
2024-02-05,10115,Berlin,3000.0,Non-Bonus,43,EUR,86.7
2024-02-05,81539,München,3000.0,Non-Bonus,4,EUR,75.38916666666667
2024-02-05,81539,München,3000.0,Non-Bonus,14,EUR,79.7275
2024-02-05,81539,München,3000.0,Non-Bonus,43,EUR,85.7375
2024-02-05,10115,Berlin,2500.0,Non-Bonus,41,EUR,73.3725
2024-02-05,10115,Berlin,2500.0,Non-Bonus,49,EUR,74.835
2024-02-05,81539,München,2500.0,Non-Bonus,29,EUR,70.37166666666667
2024-02-05,81539,München,2500.0,Non-Bonus,38,EUR,71.98333333333333
2024-02-05,10115,Berlin,3500.0,Non-Bonus,13,EUR,92.7975
2024-02-05,10115,Berlin,3500.0,Non-Bonus,22,EUR,94.75166666666667
2024-02-05,10115,Berlin,3500.0,Non-Bonus,31,EUR,96.0475
2024-02-05,81539,München,3500.0,Non-Bonus,3,EUR,74.20833333333333
2024-02-05,10115,Berlin,1000.0,Bonus,18,EUR,30.03
2024-02-05,10115,Berlin,1000.0,Bonus,26,EUR,31.535
2024-02-05,10115,Berlin,1000.0,Bonus,38,EUR,33.416666666666664
2024-02-05,81539,München,1000.0,Bonus,20,EUR,30.504166666666666
2024-02-05,81539,München,1000.0,Bonus,34,EUR,33.0
2024-02-05,81539,München,1000.0,Bonus,48,EUR,34.574999999999996
2024-02-05,10115,Berlin,1500.0,Non-Bonus,39,EUR,48.04750000000001
2024-02-05,81539,München,1500.0,Non-Bonus,1,EUR,36.90083333333333
2024-02-05,81539,München,1500.0,Non-Bonus,15,EUR,45.012499999999996
2024-02-05,81539,München,1500.0,Non-Bonus,30,EUR,46.94
2024-02-05,81539,München,1500.0,Non-Bonus,43,EUR,48.55916666666667
2024-02-05,10115,Berlin,4500.0,Non-Bonus,22,EUR,119.53500000000001
2024-02-05,10115,Berlin,4500.0,Non-Bonus,25,EUR,120.43583333333333
2024-02-05,10115,Berlin,4500.0,Non-Bonus,32,EUR,123.15833333333335
2024-02-05,10115,Berlin,4500.0,Non-Bonus,50,EUR,128.10583333333332
2024-02-05,81539,München,4500.0,Non-Bonus,15,EUR,114.52416666666666
2024-02-05,81539,München,4500.0,Non-Bonus,35,EUR,122.05333333333334
2024-02-05,81539,München,4500.0,Non-Bonus,43,EUR,124.1275
2024-02-05,10115,Berlin,4000.0,Non-Bonus,6,EUR,99.26666666666667
2024-02-05,10115,Berlin,4000.0,Non-Bonus,10,EUR,101.29
2024-02-05,10115,Berlin,4000.0,Non-Bonus,42,EUR,112.375
2024-02-05,81539,München,4000.0,Non-Bonus,29,EUR,106.44916666666667
2024-02-05,81539,München,4000.0,Non-Bonus,47,EUR,111.61083333333333
2024-02-05,10115,Berlin,5000.0,Non-Bonus,24,EUR,131.92666666666665
2024-02-05,10115,Berlin,5000.0,Non-Bonus,29,EUR,133.875
2024-02-05,10115,Berlin,5000.0,Non-Bonus,32,EUR,135.76416666666668
2024-02-05,81539,München,5000.0,Non-Bonus,44,EUR,137.28416666666666
2024-02-05,10115,Berlin,500.0,Bonus,17,EUR,20.8025
2024-02-05,10115,Berlin,500.0,Bonus,29,EUR,22.331666666666667
2024-02-05,10115,Berlin,500.0,Bonus,39,EUR,23.3125
2024-02-05,10115,Berlin,500.0,Bonus,45,EUR,23.72083333333333
2024-02-05,81539,München,500.0,Bonus,14,EUR,20.474999999999998
2024-02-05,81539,München,500.0,Bonus,38,EUR,23.53333333333333
2024-02-05,10115,Berlin,1000.0,Non-Bonus,3,EUR,31.535
2024-02-05,10115,Berlin,1000.0,Non-Bonus,34,EUR,35.343333333333334
2024-02-05,81539,München,1000.0,Non-Bonus,23,EUR,34.574999999999996
2024-02-05,81539,München,1000.0,Non-Bonus,38,EUR,35.7325
2024-02-05,81539,München,1000.0,Non-Bonus,39,EUR,35.8075
2024-02-05,10115,Berlin,3000.0,Non-Bonus,3,EUR,67.065
2024-02-05,81539,München,3000.0,Non-Bonus,42,EUR,85.61583333333334
2024-02-05,81539,München,3000.0,Non-Bonus,48,EUR,86.02749999999999
2024-02-05,10115,Berlin,2500.0,Non-Bonus,6,EUR,66.00750000000001
2024-02-05,10115,Berlin,2500.0,Non-Bonus,25,EUR,71.06083333333333
2024-02-05,10115,Berlin,2500.0,Non-Bonus,47,EUR,74.5625
2024-02-05,81539,München,3500.0,Non-Bonus,6,EUR,86.28416666666668
2024-02-05,81539,München,3500.0,Non-Bonus,24,EUR,93.66333333333334
2024-02-05,81539,München,3500.0,Non-Bonus,25,EUR,93.81166666666667
2024-02-05,81539,München,3500.0,Non-Bonus,26,EUR,93.81166666666667
2024-02-05,10115,Berlin,1000.0,Bonus,14,EUR,29.128333333333334
2024-02-05,10115,Berlin,1000.0,Bonus,43,EUR,34.04833333333333
2024-02-05,10115,Berlin,1500.0,Non-Bonus,8,EUR,44.32749999999999
2024-02-05,81539,München,1500.0,Non-Bonus,32,EUR,46.96666666666667
2024-02-05,81539,München,1500.0,Non-Bonus,33,EUR,47.47416666666667
2024-02-05,10115,Berlin,4250.0,Non-Bonus,7,EUR,104.9775
2024-02-05,10115,Berlin,4250.0,Non-Bonus,16,EUR,111.75333333333333
2024-02-05,10115,Berlin,4250.0,Non-Bonus,30,EUR,114.99583333333334
2024-02-05,81539,München,4250.0,Non-Bonus,48,EUR,118.1225
2024-02-05,81539,München,4500.0,Non-Bonus,8,EUR,109.145
2024-02-05,10115,Berlin,4000.0,Non-Bonus,15,EUR,105.17333333333333
2024-02-05,10115,Berlin,4000.0,Non-Bonus,22,EUR,107.14333333333333
2024-02-05,81539,München,4000.0,Non-Bonus,12,EUR,100.15833333333335
2024-02-05,81539,München,4000.0,Non-Bonus,22,EUR,105.2625
2024-02-05,81539,München,4000.0,Non-Bonus,43,EUR,110.77916666666665
2024-02-05,10115,Berlin,500.0,Bonus,11,EUR,19.739166666666666
2024-02-05,10115,Berlin,500.0,Bonus,33,EUR,22.641666666666666
2024-02-05,10115,Berlin,500.0,Bonus,48,EUR,24.3275
2024-02-05,10115,Berlin,500.0,Bonus,50,EUR,24.5325
2024-02-05,81539,München,500.0,Bonus,1,EUR,19.079166666666666
2024-02-05,81539,München,500.0,Bonus,8,EUR,19.8975
2024-02-05,10115,Berlin,1000.0,Non-Bonus,44,EUR,36.63333333333333
2024-02-05,10115,Berlin,1000.0,Non-Bonus,47,EUR,36.791666666666664
2024-02-05,10115,Berlin,500.0,Non-Bonus,10,EUR,21.679166666666664
2024-02-05,10115,Berlin,500.0,Non-Bonus,36,EUR,23.72083333333333
2024-02-05,81539,München,500.0,Non-Bonus,22,EUR,22.858333333333334
2024-02-05,81539,München,500.0,Non-Bonus,33,EUR,23.745
2024-02-05,10115,Berlin,2000.0,Non-Bonus,4,EUR,54.031666666666666
2024-02-05,10115,Berlin,2000.0,Non-Bonus,5,EUR,54.05166666666667
2024-02-05,81539,München,2000.0,Non-Bonus,11,EUR,56.32666666666666
2024-02-05,81539,München,2000.0,Non-Bonus,34,EUR,59.32416666666666
2024-02-05,81539,München,2000.0,Non-Bonus,43,EUR,60.88916666666666
2024-02-05,10115,Berlin,3000.0,Non-Bonus,26,EUR,83.26666666666667
2024-02-05,10115,Berlin,3000.0,Non-Bonus,36,EUR,85.91666666666667
2024-02-05,81539,München,3000.0,Non-Bonus,17,EUR,79.98583333333333
2024-02-05,10115,Berlin,2500.0,Non-Bonus,10,EUR,68.6925
2024-02-05,10115,Berlin,2500.0,Non-Bonus,46,EUR,74.55
2024-02-05,81539,München,2500.0,Non-Bonus,1,EUR,54.064166666666665
2024-02-05,10115,Berlin,3500.0,Non-Bonus,8,EUR,88.79166666666667
2024-02-05,81539,München,3500.0,Non-Bonus,41,EUR,97.83333333333333
2024-02-05,10115,Berlin,1000.0,Bonus,7,EUR,28.721666666666668
2024-02-05,81539,München,1000.0,Bonus,16,EUR,29.721666666666668
2024-02-05,81539,München,1500.0,Non-Bonus,45,EUR,48.862500000000004
2024-02-05,81539,München,4250.0,Non-Bonus,16,EUR,109.46333333333332
2024-02-05,81539,München,4250.0,Non-Bonus,24,EUR,111.84750000000001
2024-02-05,81539,München,4250.0,Non-Bonus,25,EUR,111.97833333333334
2024-02-05,10115,Berlin,4500.0,Non-Bonus,40,EUR,125.07916666666667
2024-02-05,81539,München,4500.0,Non-Bonus,26,EUR,118.265
2024-02-05,81539,München,4500.0,Non-Bonus,44,EUR,124.195
2024-02-05,81539,München,4500.0,Non-Bonus,46,EUR,124.76166666666667
2024-02-05,10115,Berlin,4000.0,Non-Bonus,30,EUR,108.675
2024-02-05,10115,Berlin,4000.0,Non-Bonus,39,EUR,112.21
2024-02-05,81539,München,4000.0,Non-Bonus,11,EUR,99.16666666666667
2024-02-05,81539,München,4000.0,Non-Bonus,28,EUR,106.44916666666667
2024-02-05,81539,München,4000.0,Non-Bonus,30,EUR,108.28416666666668
2024-02-05,10115,Berlin,5000.0,Non-Bonus,25,EUR,132.48166666666665
2024-02-05,81539,München,5000.0,Non-Bonus,19,EUR,128.35916666666665
2024-02-05,81539,München,5000.0,Non-Bonus,41,EUR,136.2925
2024-02-05,81539,München,5000.0,Non-Bonus,47,EUR,138.13916666666668
2024-02-05,10115,Berlin,500.0,Bonus,22,EUR,21.9025
2024-02-05,10115,Berlin,500.0,Bonus,31,EUR,22.61
2024-02-05,10115,Berlin,1000.0,Non-Bonus,1,EUR,28.721666666666668
2024-02-05,10115,Berlin,1000.0,Non-Bonus,20,EUR,34.34166666666667
2024-02-05,10115,Berlin,1000.0,Non-Bonus,36,EUR,35.43333333333333
2024-02-05,81539,München,1000.0,Non-Bonus,48,EUR,37.354166666666664
2024-02-05,10115,Berlin,500.0,Non-Bonus,19,EUR,22.5725
2024-02-05,10115,Berlin,2000.0,Non-Bonus,28,EUR,59.31
2024-02-05,10115,Berlin,2000.0,Non-Bonus,38,EUR,60.225
2024-02-05,10115,Berlin,2000.0,Non-Bonus,43,EUR,61.405
2024-02-05,10115,Berlin,2000.0,Non-Bonus,45,EUR,61.715
2024-02-05,81539,München,2000.0,Non-Bonus,14,EUR,56.52916666666667
2024-02-05,81539,München,2000.0,Non-Bonus,16,EUR,56.79750000000001
2024-02-05,10115,Berlin,2500.0,Non-Bonus,24,EUR,70.97583333333334
2024-02-05,10115,Berlin,2500.0,Non-Bonus,37,EUR,72.65416666666667
2024-02-05,81539,München,2500.0,Non-Bonus,41,EUR,72.60000000000001
2024-02-05,10115,Berlin,3500.0,Non-Bonus,6,EUR,88.1825
2024-02-05,81539,München,3500.0,Non-Bonus,10,EUR,89.05833333333334
2024-02-05,81539,München,3500.0,Non-Bonus,14,EUR,90.90583333333332
2024-02-05,10115,Berlin,1000.0,Bonus,19,EUR,30.429166666666664
2024-02-05,10115,Berlin,1000.0,Bonus,20,EUR,30.61
2024-02-05,10115,Berlin,1000.0,Bonus,35,EUR,32.99
2024-02-05,10115,Berlin,1000.0,Bonus,40,EUR,33.50333333333334
2024-02-05,81539,München,1000.0,Bonus,7,EUR,29.02
2024-02-05,81539,München,1000.0,Bonus,11,EUR,29.035833333333333
2024-02-05,81539,München,1000.0,Bonus,35,EUR,33.050000000000004
2024-02-05,81539,München,1000.0,Bonus,50,EUR,34.708333333333336
2024-02-05,10115,Berlin,1500.0,Non-Bonus,13,EUR,45.39333333333334
2024-02-05,10115,Berlin,1500.0,Non-Bonus,14,EUR,45.419999999999995
2024-02-05,10115,Berlin,1500.0,Non-Bonus,17,EUR,46.0025
2024-02-05,10115,Berlin,1500.0,Non-Bonus,38,EUR,47.98166666666666
2024-02-05,10115,Berlin,1500.0,Non-Bonus,50,EUR,49.73
2024-02-05,81539,München,1500.0,Non-Bonus,49,EUR,49.28916666666667
2024-02-05,10115,Berlin,4500.0,Non-Bonus,3,EUR,94.25083333333333
2024-02-05,10115,Berlin,4500.0,Non-Bonus,47,EUR,127.6275
2024-02-05,81539,München,4500.0,Non-Bonus,13,EUR,113.27333333333333
2024-02-05,81539,München,4500.0,Non-Bonus,21,EUR,116.9575
2024-02-05,81539,München,4500.0,Non-Bonus,45,EUR,124.47000000000001
2024-02-05,10115,Berlin,4000.0,Non-Bonus,47,EUR,113.21749999999999
2024-02-05,10115,Berlin,5000.0,Non-Bonus,20,EUR,131.15666666666667
2024-02-05,10115,Berlin,5000.0,Non-Bonus,30,EUR,134.70833333333334
2024-02-05,81539,München,5000.0,Non-Bonus,35,EUR,134.12083333333334
2024-02-05,10115,Berlin,500.0,Bonus,6,EUR,19.36
2024-02-05,10115,Berlin,500.0,Bonus,19,EUR,21.456666666666667
2024-02-05,10115,Berlin,500.0,Bonus,24,EUR,21.983333333333334
2024-02-05,81539,München,500.0,Bonus,19,EUR,21.7075
2024-02-05,81539,München,500.0,Bonus,34,EUR,23.165833333333335
2024-02-05,10115,Berlin,1000.0,Non-Bonus,12,EUR,33.50333333333334
2024-02-05,10115,Berlin,1000.0,Non-Bonus,17,EUR,34.105
2024-02-05,81539,München,1000.0,Non-Bonus,18,EUR,34.14083333333333
2024-02-05,81539,München,1000.0,Non-Bonus,26,EUR,34.70916666666667
2024-02-05,81539,München,500.0,Non-Bonus,4,EUR,21.275833333333335
2024-02-05,10115,Berlin,2000.0,Non-Bonus,21,EUR,58.39166666666667
2024-02-05,81539,München,2000.0,Non-Bonus,37,EUR,59.365833333333335
2024-02-05,81539,München,3000.0,Non-Bonus,26,EUR,81.64916666666666
2024-02-05,81539,München,3000.0,Non-Bonus,38,EUR,84.845
2024-02-05,10115,Berlin,2500.0,Non-Bonus,7,EUR,67.44583333333334
2024-02-05,10115,Berlin,2500.0,Non-Bonus,40,EUR,73.16
2024-02-05,81539,München,2500.0,Non-Bonus,22,EUR,69.52916666666667
2024-02-05,81539,München,2500.0,Non-Bonus,30,EUR,70.4825
2024-02-05,10115,Berlin,3500.0,Non-Bonus,4,EUR,87.93583333333333
2024-02-05,81539,München,3500.0,Non-Bonus,9,EUR,87.70833333333333
2024-02-05,81539,München,3500.0,Non-Bonus,42,EUR,97.86583333333334
2024-02-05,81539,München,3500.0,Non-Bonus,48,EUR,98.84166666666665
2024-02-05,81539,München,3500.0,Non-Bonus,50,EUR,99.12583333333333
2024-02-05,10115,Berlin,1000.0,Bonus,15,EUR,29.208333333333332
2024-02-05,10115,Berlin,1500.0,Non-Bonus,6,EUR,43.955000000000005
2024-02-05,10115,Berlin,1500.0,Non-Bonus,23,EUR,46.7225
2024-02-05,10115,Berlin,1500.0,Non-Bonus,45,EUR,48.92416666666667
2024-02-05,81539,München,1500.0,Non-Bonus,3,EUR,40.875
2024-02-05,81539,München,1500.0,Non-Bonus,6,EUR,43.49166666666667
2024-02-05,81539,München,1500.0,Non-Bonus,28,EUR,46.780833333333334
2024-02-05,81539,München,4250.0,Non-Bonus,12,EUR,106.46833333333332
2024-02-05,10115,Berlin,4500.0,Non-Bonus,37,EUR,124.66833333333334
2024-02-05,10115,Berlin,4500.0,Non-Bonus,41,EUR,125.2475
2024-02-05,81539,München,4500.0,Non-Bonus,10,EUR,111.0125
2024-02-05,81539,München,4500.0,Non-Bonus,24,EUR,117.83083333333333
2024-02-05,10115,Berlin,4000.0,Non-Bonus,17,EUR,105.81583333333333
2024-02-05,81539,München,4000.0,Non-Bonus,13,EUR,100.74333333333334
2024-02-05,81539,München,4000.0,Non-Bonus,37,EUR,110.03250000000001
2024-02-05,10115,Berlin,5000.0,Non-Bonus,15,EUR,129.26833333333335
2024-02-05,81539,München,5000.0,Non-Bonus,11,EUR,123.64416666666666
2024-02-05,10115,Berlin,500.0,Bonus,10,EUR,19.724999999999998
2024-02-05,81539,München,500.0,Bonus,26,EUR,22.401666666666667
2024-02-05,10115,Berlin,1000.0,Non-Bonus,28,EUR,34.8225
2024-02-05,10115,Berlin,500.0,Non-Bonus,18,EUR,22.331666666666667
2024-02-05,10115,Berlin,500.0,Non-Bonus,22,EUR,22.641666666666666
2024-02-05,10115,Berlin,500.0,Non-Bonus,29,EUR,23.3125
2024-02-05,10115,Berlin,500.0,Non-Bonus,41,EUR,24.116666666666664
2024-02-05,81539,München,500.0,Non-Bonus,2,EUR,20.938333333333333
2024-02-05,81539,München,500.0,Non-Bonus,24,EUR,23.079166666666666
2024-02-05,81539,München,500.0,Non-Bonus,27,EUR,23.319999999999997
2024-02-05,81539,München,500.0,Non-Bonus,28,EUR,23.365
2024-02-05,81539,München,2000.0,Non-Bonus,9,EUR,55.57
2024-02-05,81539,München,2000.0,Non-Bonus,13,EUR,56.51666666666667
2024-02-05,81539,München,2000.0,Non-Bonus,45,EUR,61.115833333333335
2024-02-05,10115,Berlin,3000.0,Non-Bonus,4,EUR,76.84416666666667
2024-02-05,81539,München,3000.0,Non-Bonus,13,EUR,79.545
2024-02-05,81539,München,2500.0,Non-Bonus,7,EUR,66.26166666666667
2024-02-05,81539,München,2500.0,Non-Bonus,31,EUR,70.4825
2024-02-05,81539,München,2500.0,Non-Bonus,32,EUR,70.72583333333334
2024-02-05,10115,Berlin,3500.0,Non-Bonus,14,EUR,92.8625
2024-02-05,10115,Berlin,3500.0,Non-Bonus,16,EUR,93.41166666666668
2024-02-05,10115,Berlin,3500.0,Non-Bonus,34,EUR,97.90666666666668
2024-02-05,81539,München,3500.0,Non-Bonus,8,EUR,86.89083333333333
2024-02-05,81539,München,3500.0,Non-Bonus,11,EUR,89.29333333333334
2024-02-05,10115,Berlin,1000.0,Bonus,4,EUR,28.47
2024-02-05,10115,Berlin,1000.0,Bonus,50,EUR,34.73
2024-02-05,81539,München,1000.0,Bonus,39,EUR,33.343333333333334
2024-02-05,81539,München,1000.0,Bonus,44,EUR,34.125
2024-02-05,81539,München,1500.0,Non-Bonus,19,EUR,45.87166666666667
2024-02-05,10115,Berlin,4250.0,Non-Bonus,2,EUR,89.2375
2024-02-05,10115,Berlin,4250.0,Non-Bonus,5,EUR,104.84833333333334
2024-02-05,10115,Berlin,4250.0,Non-Bonus,27,EUR,114.65916666666668
2024-02-05,10115,Berlin,4250.0,Non-Bonus,29,EUR,114.99583333333334
2024-02-05,10115,Berlin,4250.0,Non-Bonus,40,EUR,118.665
2024-02-05,81539,München,4250.0,Non-Bonus,1,EUR,84.09916666666668
2024-02-05,81539,München,4250.0,Non-Bonus,23,EUR,111.51416666666667
2024-02-05,81539,München,4250.0,Non-Bonus,49,EUR,118.59750000000001
2024-02-05,10115,Berlin,4500.0,Non-Bonus,28,EUR,121.0825
2024-02-05,10115,Berlin,4500.0,Non-Bonus,43,EUR,126.03583333333334
2024-02-05,81539,München,4500.0,Non-Bonus,20,EUR,116.4375
2024-02-05,81539,München,4500.0,Non-Bonus,37,EUR,122.36583333333334
2024-02-05,10115,Berlin,4000.0,Non-Bonus,16,EUR,105.75333333333333
2024-02-05,10115,Berlin,4000.0,Non-Bonus,38,EUR,112.19166666666666
2024-02-05,81539,München,5000.0,Non-Bonus,13,EUR,125.71916666666668
2024-02-05,81539,München,5000.0,Non-Bonus,24,EUR,129.50833333333333
2024-02-05,81539,München,5000.0,Non-Bonus,25,EUR,129.79749999999999
2024-02-05,10115,Berlin,500.0,Bonus,4,EUR,19.304166666666667
2024-02-05,10115,Berlin,500.0,Bonus,44,EUR,23.718333333333334
2024-02-05,10115,Berlin,1000.0,Non-Bonus,24,EUR,34.73
2024-02-05,81539,München,1000.0,Non-Bonus,2,EUR,29.035833333333333
2024-02-05,81539,München,1000.0,Non-Bonus,4,EUR,31.435833333333335
2024-02-05,81539,München,1000.0,Non-Bonus,30,EUR,35.1275
2024-02-05,10115,Berlin,500.0,Non-Bonus,7,EUR,21.456666666666667
2024-02-05,10115,Berlin,500.0,Non-Bonus,14,EUR,21.983333333333334
2024-02-05,10115,Berlin,2000.0,Non-Bonus,42,EUR,61.330000000000005
2024-02-05,10115,Berlin,2000.0,Non-Bonus,48,EUR,62.04416666666666
2024-02-05,81539,München,2000.0,Non-Bonus,2,EUR,46.91583333333333
2024-02-05,81539,München,2000.0,Non-Bonus,21,EUR,57.69
2024-02-05,81539,München,2000.0,Non-Bonus,44,EUR,61.04083333333333
2024-02-05,10115,Berlin,3000.0,Non-Bonus,8,EUR,79.25
2024-02-05,10115,Berlin,3000.0,Non-Bonus,18,EUR,82.0125
2024-02-05,81539,München,3000.0,Non-Bonus,44,EUR,85.87
2024-02-05,10115,Berlin,2500.0,Non-Bonus,38,EUR,72.65416666666667
2024-02-05,81539,München,2500.0,Non-Bonus,5,EUR,63.97083333333333
2024-02-05,10115,Berlin,3500.0,Non-Bonus,47,EUR,99.93083333333334
2024-02-05,81539,München,3500.0,Non-Bonus,17,EUR,91.77666666666666
2024-02-05,81539,München,3500.0,Non-Bonus,29,EUR,94.14666666666666
2024-02-05,81539,München,3500.0,Non-Bonus,30,EUR,95.05166666666666
2024-02-05,81539,München,3500.0,Non-Bonus,33,EUR,96.015
2024-02-05,10115,Berlin,1000.0,Bonus,21,EUR,30.860833333333332
2024-02-05,10115,Berlin,1000.0,Bonus,22,EUR,31.1775
2024-02-05,10115,Berlin,1000.0,Bonus,28,EUR,31.691666666666666
2024-02-05,10115,Berlin,1000.0,Bonus,39,EUR,33.4525
2024-02-05,81539,München,1000.0,Bonus,13,EUR,29.305833333333336
2024-02-05,81539,München,1000.0,Bonus,23,EUR,31.2975
2024-02-05,81539,München,1000.0,Bonus,43,EUR,33.8225
2024-02-05,10115,Berlin,1500.0,Non-Bonus,28,EUR,47.064166666666665
2024-02-05,81539,München,1500.0,Non-Bonus,5,EUR,43.47083333333333
2024-02-05,81539,München,1500.0,Non-Bonus,11,EUR,44.732499999999995
2024-02-05,81539,München,1500.0,Non-Bonus,14,EUR,44.9575
2024-02-05,81539,München,1500.0,Non-Bonus,26,EUR,46.596666666666664
2024-02-05,81539,München,1500.0,Non-Bonus,29,EUR,46.85
2024-02-05,10115,Berlin,4250.0,Non-Bonus,25,EUR,114.27416666666666
2024-02-05,10115,Berlin,4250.0,Non-Bonus,37,EUR,118.21916666666668
2024-02-05,81539,München,4250.0,Non-Bonus,2,EUR,86.70833333333333
2024-02-05,10115,Berlin,4500.0,Non-Bonus,4,EUR,108.83749999999999
2024-02-05,81539,München,4500.0,Non-Bonus,30,EUR,120.55333333333334
2024-02-05,10115,Berlin,4000.0,Non-Bonus,21,EUR,106.76416666666667
2024-02-05,10115,Berlin,4000.0,Non-Bonus,34,EUR,110.9525
2024-02-05,81539,München,4000.0,Non-Bonus,1,EUR,79.80833333333334
2024-02-05,81539,München,4000.0,Non-Bonus,17,EUR,103.5675
2024-02-05,81539,München,4000.0,Non-Bonus,39,EUR,110.11583333333334
2024-02-05,81539,München,4000.0,Non-Bonus,49,EUR,111.65583333333332
2024-02-05,10115,Berlin,5000.0,Non-Bonus,19,EUR,130.8025
2024-02-05,10115,Berlin,5000.0,Non-Bonus,27,EUR,132.785
2024-02-05,10115,Berlin,5000.0,Non-Bonus,42,EUR,138.89583333333334
2024-02-05,10115,Berlin,5000.0,Non-Bonus,46,EUR,140.815
2024-02-05,81539,München,5000.0,Non-Bonus,38,EUR,134.61583333333334
2024-02-05,81539,München,5000.0,Non-Bonus,42,EUR,137.1175
2024-02-05,81539,München,5000.0,Non-Bonus,43,EUR,137.19916666666668
2024-02-05,10115,Berlin,500.0,Bonus,15,EUR,20.6875
2024-02-05,10115,Berlin,1000.0,Non-Bonus,27,EUR,34.818333333333335
2024-02-05,10115,Berlin,1000.0,Non-Bonus,48,EUR,37.026666666666664
2024-02-05,81539,München,1000.0,Non-Bonus,1,EUR,28.319166666666664
2024-02-05,81539,München,1000.0,Non-Bonus,8,EUR,32.88333333333333
2024-02-05,10115,Berlin,500.0,Non-Bonus,13,EUR,21.9525
2024-02-05,10115,Berlin,500.0,Non-Bonus,23,EUR,22.8025
2024-02-05,81539,München,500.0,Non-Bonus,1,EUR,20.095833333333335
2024-02-05,81539,München,500.0,Non-Bonus,18,EUR,22.587500000000002
2024-02-05,81539,München,500.0,Non-Bonus,20,EUR,22.645
2024-02-05,81539,München,2000.0,Non-Bonus,36,EUR,59.365833333333335
2024-02-05,10115,Berlin,3000.0,Non-Bonus,45,EUR,87.14666666666666
2024-02-05,10115,Berlin,3000.0,Non-Bonus,49,EUR,87.45666666666666
2024-02-05,81539,München,3000.0,Non-Bonus,21,EUR,81.2175
2024-02-05,81539,München,3000.0,Non-Bonus,31,EUR,83.0025
2024-02-05,10115,Berlin,3500.0,Non-Bonus,12,EUR,91.18416666666667
2024-02-05,10115,Berlin,3500.0,Non-Bonus,35,EUR,98.05416666666667
2024-02-05,10115,Berlin,3500.0,Non-Bonus,50,EUR,100.7325
2024-02-05,81539,München,3500.0,Non-Bonus,13,EUR,90.79166666666667
2024-02-05,81539,München,3500.0,Non-Bonus,18,EUR,92.05583333333334
2024-02-05,81539,München,3500.0,Non-Bonus,44,EUR,98.16000000000001
2024-02-05,10115,Berlin,1000.0,Bonus,5,EUR,28.713333333333335
2024-02-05,10115,Berlin,1000.0,Bonus,32,EUR,32.625
2024-02-05,10115,Berlin,1000.0,Bonus,42,EUR,33.833333333333336
2024-02-05,81539,München,1000.0,Bonus,47,EUR,34.361666666666665
2024-02-05,10115,Berlin,1500.0,Non-Bonus,18,EUR,46.30916666666667
2024-02-05,10115,Berlin,4250.0,Non-Bonus,9,EUR,107.21166666666666
2024-02-05,10115,Berlin,4250.0,Non-Bonus,43,EUR,118.9875
2024-02-05,81539,München,4250.0,Non-Bonus,5,EUR,102.41000000000001
2024-02-05,81539,München,4250.0,Non-Bonus,47,EUR,118.06333333333333
2024-02-05,81539,München,4500.0,Non-Bonus,22,EUR,117.07916666666667
2024-02-05,81539,München,4500.0,Non-Bonus,34,EUR,122.02499999999999
2024-02-05,81539,München,4500.0,Non-Bonus,40,EUR,122.82416666666667
2024-02-05,10115,Berlin,4000.0,Non-Bonus,9,EUR,100.77333333333333
2024-02-05,10115,Berlin,4000.0,Non-Bonus,25,EUR,108.1125
2024-02-05,10115,Berlin,4000.0,Non-Bonus,31,EUR,110.47166666666668
2024-02-05,81539,München,5000.0,Non-Bonus,5,EUR,118.45833333333333
2024-02-05,10115,Berlin,500.0,Bonus,43,EUR,23.495833333333334
2024-02-05,81539,München,500.0,Bonus,37,EUR,23.365
2024-02-05,81539,München,1000.0,Non-Bonus,5,EUR,32.638333333333335
2024-02-05,81539,München,1000.0,Non-Bonus,45,EUR,36.833333333333336
2024-02-05,10115,Berlin,500.0,Non-Bonus,8,EUR,21.489166666666666
2024-02-05,10115,Berlin,2000.0,Non-Bonus,44,EUR,61.69
2024-02-05,81539,München,2000.0,Non-Bonus,3,EUR,49.208333333333336
2024-02-05,81539,München,2000.0,Non-Bonus,28,EUR,59.10333333333333
2024-02-05,10115,Berlin,3000.0,Non-Bonus,24,EUR,83.065
2024-02-05,10115,Berlin,3000.0,Non-Bonus,41,EUR,86.37916666666666
2024-02-05,10115,Berlin,3000.0,Non-Bonus,42,EUR,86.6125
2024-02-05,81539,München,3000.0,Non-Bonus,15,EUR,79.8
2024-02-05,81539,München,3000.0,Non-Bonus,29,EUR,82.18666666666667
2024-02-05,81539,München,3000.0,Non-Bonus,47,EUR,86.005
2024-02-05,10115,Berlin,2500.0,Non-Bonus,48,EUR,74.7
2024-02-05,81539,München,2500.0,Non-Bonus,23,EUR,69.8125
2024-02-05,81539,München,2500.0,Non-Bonus,25,EUR,70.0025
2024-02-05,81539,München,2500.0,Non-Bonus,50,EUR,74.265
2024-02-05,10115,Berlin,3500.0,Non-Bonus,21,EUR,94.485
2024-02-05,81539,München,3500.0,Non-Bonus,46,EUR,98.30666666666667
2024-02-05,10115,Berlin,1000.0,Bonus,11,EUR,29.078333333333333
2024-02-05,10115,Berlin,1500.0,Non-Bonus,1,EUR,38.083333333333336
2024-02-05,10115,Berlin,1500.0,Non-Bonus,49,EUR,49.60833333333333
2024-02-05,81539,München,1500.0,Non-Bonus,18,EUR,45.5375
2024-02-05,10115,Berlin,4250.0,Non-Bonus,10,EUR,107.21916666666668
2024-02-05,10115,Berlin,4250.0,Non-Bonus,26,EUR,114.41666666666667
2024-02-05,81539,München,4250.0,Non-Bonus,35,EUR,115.9775
2024-02-05,10115,Berlin,4500.0,Non-Bonus,34,EUR,123.35833333333333
2024-02-05,81539,München,4500.0,Non-Bonus,17,EUR,115.5075
2024-02-05,81539,München,4500.0,Non-Bonus,39,EUR,122.6425
2024-02-05,10115,Berlin,4000.0,Non-Bonus,13,EUR,102.99166666666667
2024-02-05,10115,Berlin,4000.0,Non-Bonus,49,EUR,113.46833333333332
2024-02-05,81539,München,4000.0,Non-Bonus,2,EUR,82.54166666666667
2024-02-05,81539,München,4000.0,Non-Bonus,21,EUR,104.92
2024-02-05,81539,München,4000.0,Non-Bonus,24,EUR,105.86416666666666
2024-02-05,81539,München,5000.0,Non-Bonus,12,EUR,124.20666666666666
2024-02-05,81539,München,5000.0,Non-Bonus,26,EUR,129.80916666666667
2024-02-05,10115,Berlin,500.0,Bonus,7,EUR,19.374166666666667
2024-02-05,10115,Berlin,500.0,Bonus,47,EUR,24.1125
2024-02-05,81539,München,500.0,Bonus,49,EUR,25.168333333333333
2024-02-05,10115,Berlin,1000.0,Non-Bonus,5,EUR,32.745
2024-02-05,10115,Berlin,1000.0,Non-Bonus,22,EUR,34.67333333333333
2024-02-05,81539,München,500.0,Non-Bonus,37,EUR,24.363333333333333
2024-02-05,10115,Berlin,2000.0,Non-Bonus,6,EUR,54.919999999999995
2024-02-05,10115,Berlin,2000.0,Non-Bonus,25,EUR,59.245000000000005
2024-02-05,81539,München,2000.0,Non-Bonus,32,EUR,59.208333333333336
2024-02-05,81539,München,2000.0,Non-Bonus,40,EUR,60.509166666666665
2024-02-05,81539,München,2000.0,Non-Bonus,48,EUR,61.524166666666666
2024-02-05,10115,Berlin,3000.0,Non-Bonus,22,EUR,82.705
2024-02-05,10115,Berlin,3000.0,Non-Bonus,33,EUR,85.11749999999999
2024-02-05,81539,München,3000.0,Non-Bonus,19,EUR,80.6725
2024-02-05,81539,München,3000.0,Non-Bonus,25,EUR,81.64916666666666
2024-02-05,10115,Berlin,2500.0,Non-Bonus,17,EUR,69.91250000000001
2024-02-05,81539,München,2500.0,Non-Bonus,16,EUR,68.63833333333334
2024-02-05,81539,München,2500.0,Non-Bonus,21,EUR,68.91666666666667
2024-02-05,81539,München,2500.0,Non-Bonus,27,EUR,70.16666666666667
2024-02-05,10115,Berlin,3500.0,Non-Bonus,9,EUR,89.41833333333334
2024-02-05,10115,Berlin,3500.0,Non-Bonus,18,EUR,93.6675
2024-02-05,10115,Berlin,3500.0,Non-Bonus,25,EUR,95.4975
2024-02-05,10115,Berlin,3500.0,Non-Bonus,29,EUR,95.78916666666667
2024-02-05,10115,Berlin,3500.0,Non-Bonus,37,EUR,98.8625
2024-02-05,10115,Berlin,3500.0,Non-Bonus,38,EUR,98.87083333333334
2024-02-05,81539,München,3500.0,Non-Bonus,38,EUR,97.53583333333334
2024-02-05,81539,München,3500.0,Non-Bonus,43,EUR,97.99416666666667
2024-02-05,10115,Berlin,1000.0,Bonus,3,EUR,27.875833333333333
2024-02-05,10115,Berlin,1000.0,Bonus,6,EUR,28.718333333333334
2024-02-05,10115,Berlin,1000.0,Bonus,25,EUR,31.465833333333332
2024-02-05,10115,Berlin,1000.0,Bonus,33,EUR,32.84166666666667
2024-02-05,81539,München,1000.0,Bonus,15,EUR,29.425833333333333
2024-02-05,81539,München,1000.0,Bonus,26,EUR,31.435833333333335
2024-02-05,81539,München,1000.0,Bonus,49,EUR,34.574999999999996
2024-02-05,10115,Berlin,1500.0,Non-Bonus,3,EUR,40.4575
2024-02-05,10115,Berlin,1500.0,Non-Bonus,11,EUR,45.185
2024-02-05,81539,München,1500.0,Non-Bonus,4,EUR,43.3675
2024-02-05,81539,München,1500.0,Non-Bonus,17,EUR,45.5075
2024-02-05,81539,München,1500.0,Non-Bonus,20,EUR,46.1
2024-02-05,10115,Berlin,4250.0,Non-Bonus,32,EUR,116.84500000000001
2024-02-05,10115,Berlin,4500.0,Non-Bonus,24,EUR,120.1275
2024-02-05,10115,Berlin,4500.0,Non-Bonus,39,EUR,124.98333333333333
2024-02-05,10115,Berlin,4500.0,Non-Bonus,45,EUR,126.70666666666666
2024-02-05,81539,München,4500.0,Non-Bonus,3,EUR,91.61500000000001
2024-02-05,81539,München,4500.0,Non-Bonus,4,EUR,106.175
2024-02-05,10115,Berlin,4000.0,Non-Bonus,11,EUR,101.5
2024-02-05,81539,München,5000.0,Non-Bonus,16,EUR,127.14916666666666
2024-02-05,10115,Berlin,500.0,Bonus,12,EUR,19.95
2024-02-05,10115,Berlin,1000.0,Non-Bonus,2,EUR,31.465833333333332
2024-02-05,10115,Berlin,1000.0,Non-Bonus,15,EUR,33.91166666666667
2024-02-05,10115,Berlin,500.0,Non-Bonus,35,EUR,23.72083333333333
2024-02-05,10115,Berlin,500.0,Non-Bonus,47,EUR,24.555000000000003
2024-02-05,81539,München,500.0,Non-Bonus,34,EUR,23.745
2024-02-05,10115,Berlin,2000.0,Non-Bonus,29,EUR,59.38333333333333
2024-02-05,10115,Berlin,2000.0,Non-Bonus,40,EUR,60.93833333333333
2024-02-05,81539,München,2000.0,Non-Bonus,4,EUR,53.291666666666664
2024-02-05,81539,München,2000.0,Non-Bonus,10,EUR,56.0925
2024-02-05,10115,Berlin,3000.0,Non-Bonus,5,EUR,76.86416666666666
2024-02-05,10115,Berlin,3000.0,Non-Bonus,12,EUR,80.83583333333333
2024-02-05,10115,Berlin,3000.0,Non-Bonus,15,EUR,81.375
2024-02-05,81539,München,3000.0,Non-Bonus,12,EUR,79.30166666666666
2024-02-05,10115,Berlin,2500.0,Non-Bonus,1,EUR,56.80583333333333
2024-02-05,10115,Berlin,2500.0,Non-Bonus,35,EUR,72.18166666666666
2024-02-05,81539,München,2500.0,Non-Bonus,10,EUR,67.5575
2024-02-05,81539,München,2500.0,Non-Bonus,26,EUR,70.00333333333333
2024-02-05,10115,Berlin,3500.0,Non-Bonus,36,EUR,98.54666666666667
2024-02-05,10115,Berlin,3500.0,Non-Bonus,39,EUR,99.06666666666666
2024-02-05,10115,Berlin,1000.0,Bonus,41,EUR,33.64833333333333
2024-02-05,81539,München,1000.0,Bonus,33,EUR,32.88333333333333
2024-02-05,81539,München,1500.0,Non-Bonus,38,EUR,48.0375
2024-02-05,10115,Berlin,4250.0,Non-Bonus,38,EUR,118.43916666666667
2024-02-05,81539,München,4250.0,Non-Bonus,38,EUR,116.26333333333334
2024-02-05,81539,München,4250.0,Non-Bonus,39,EUR,116.46583333333332
2024-02-05,81539,München,4250.0,Non-Bonus,40,EUR,116.63583333333334
2024-02-05,10115,Berlin,4500.0,Non-Bonus,13,EUR,115.88583333333334
2024-02-05,10115,Berlin,4500.0,Non-Bonus,49,EUR,127.8575
2024-02-05,10115,Berlin,4000.0,Non-Bonus,44,EUR,112.81666666666666
2024-02-05,81539,München,4000.0,Non-Bonus,15,EUR,102.925
2024-02-05,81539,München,4000.0,Non-Bonus,20,EUR,104.51583333333333
2024-02-05,10115,Berlin,5000.0,Non-Bonus,3,EUR,103.6125
2024-02-05,10115,Berlin,5000.0,Non-Bonus,18,EUR,130.48083333333332
2024-02-05,10115,Berlin,5000.0,Non-Bonus,26,EUR,132.75916666666666
2024-02-05,81539,München,5000.0,Non-Bonus,22,EUR,128.89583333333334
2024-02-05,10115,Berlin,500.0,Bonus,41,EUR,23.371666666666666
2024-02-05,81539,München,500.0,Bonus,2,EUR,19.186666666666667
2024-02-05,81539,München,500.0,Bonus,4,EUR,19.245833333333334
2024-02-05,81539,München,500.0,Bonus,13,EUR,20.199166666666667
2024-02-05,81539,München,500.0,Bonus,44,EUR,24.363333333333333
2024-02-05,10115,Berlin,1000.0,Non-Bonus,13,EUR,33.64833333333333
2024-02-05,10115,Berlin,1000.0,Non-Bonus,41,EUR,36.18333333333333
2024-02-05,81539,München,1000.0,Non-Bonus,20,EUR,34.2325
2024-02-05,10115,Berlin,500.0,Non-Bonus,45,EUR,24.395
2024-02-05,10115,Berlin,500.0,Non-Bonus,49,EUR,25.001666666666665
2024-02-05,81539,München,500.0,Non-Bonus,15,EUR,22.401666666666667
2024-02-05,81539,München,500.0,Non-Bonus,40,EUR,24.578333333333333
2024-02-05,10117,Berlin,2000.0,Non-Bonus,3,EUR,49.32666666666666
2024-02-05,10117,Berlin,2000.0,Non-Bonus,37,EUR,60.20666666666667
2024-02-05,10117,Berlin,2000.0,Non-Bonus,35,EUR,60.04416666666666
2024-02-05,10117,Berlin,2000.0,Non-Bonus,11,EUR,57.120000000000005
2024-02-05,10117,Berlin,2000.0,Non-Bonus,1,EUR,47.44416666666667
2024-02-05,10117,Berlin,2000.0,Non-Bonus,7,EUR,55.64166666666667
2024-02-05,10117,Berlin,2000.0,Non-Bonus,16,EUR,57.6175
2024-02-05,10117,Berlin,2000.0,Non-Bonus,47,EUR,61.94166666666666
2024-02-05,10117,Berlin,2000.0,Non-Bonus,20,EUR,58.38333333333333
2024-02-05,10117,Berlin,2000.0,Non-Bonus,22,EUR,58.7575
2024-02-05,10117,Berlin,2000.0,Non-Bonus,33,EUR,60.028333333333336
2024-02-05,10117,Berlin,2000.0,Non-Bonus,34,EUR,60.028333333333336
2024-02-05,10117,Berlin,2000.0,Non-Bonus,15,EUR,57.57666666666666
2024-02-05,10117,Berlin,2000.0,Non-Bonus,31,EUR,59.94166666666666
2024-02-05,10117,Berlin,2000.0,Non-Bonus,49,EUR,62.15
2024-02-05,10117,Berlin,2000.0,Non-Bonus,50,EUR,62.333333333333336
2024-02-05,10117,Berlin,2000.0,Non-Bonus,12,EUR,57.22416666666667
2024-02-05,10117,Berlin,2000.0,Non-Bonus,9,EUR,56.38666666666666
2024-02-05,10117,Berlin,2000.0,Non-Bonus,26,EUR,59.24583333333334
2024-02-05,10117,Berlin,2000.0,Non-Bonus,30,EUR,59.89666666666667
2024-02-05,10117,Berlin,2000.0,Non-Bonus,17,EUR,57.64833333333333
2024-02-05,10117,Berlin,2000.0,Non-Bonus,27,EUR,59.262499999999996
2024-02-05,10117,Berlin,2000.0,Non-Bonus,36,EUR,60.15
2024-02-05,10117,Berlin,2000.0,Non-Bonus,13,EUR,57.333333333333336
2024-02-05,10117,Berlin,2000.0,Non-Bonus,14,EUR,57.34916666666667
2024-02-05,10117,Berlin,2000.0,Non-Bonus,24,EUR,58.80083333333334
2024-02-05,10117,Berlin,2000.0,Non-Bonus,2,EUR,48.6
2024-02-05,10117,Berlin,2000.0,Non-Bonus,10,EUR,56.9125
2024-02-05,10117,Berlin,2000.0,Non-Bonus,19,EUR,58.35666666666666
2024-02-05,10117,Berlin,2000.0,Non-Bonus,23,EUR,58.800000000000004
2024-02-05,10117,Berlin,2000.0,Non-Bonus,32,EUR,60.028333333333336
2024-02-05,10117,Berlin,2000.0,Non-Bonus,46,EUR,61.86083333333334
2024-02-05,10117,Berlin,2000.0,Non-Bonus,8,EUR,55.762499999999996
2024-02-05,10117,Berlin,2000.0,Non-Bonus,18,EUR,57.99
2024-02-05,10117,Berlin,2000.0,Non-Bonus,41,EUR,61.218333333333334
2024-02-05,10117,Berlin,2000.0,Non-Bonus,39,EUR,60.225
2024-02-05,10117,Berlin,2000.0,Non-Bonus,4,EUR,54.031666666666666
2024-02-05,10117,Berlin,2000.0,Non-Bonus,5,EUR,54.05166666666667
2024-02-05,10117,Berlin,2000.0,Non-Bonus,28,EUR,59.31
2024-02-05,10117,Berlin,2000.0,Non-Bonus,38,EUR,60.225
2024-02-05,10117,Berlin,2000.0,Non-Bonus,43,EUR,61.405
2024-02-05,10117,Berlin,2000.0,Non-Bonus,45,EUR,61.715
2024-02-05,10117,Berlin,2000.0,Non-Bonus,21,EUR,58.39166666666667
2024-02-05,10117,Berlin,2000.0,Non-Bonus,42,EUR,61.330000000000005
2024-02-05,10117,Berlin,2000.0,Non-Bonus,48,EUR,62.04416666666666
2024-02-05,10117,Berlin,2000.0,Non-Bonus,44,EUR,61.69
2024-02-05,10117,Berlin,2000.0,Non-Bonus,6,EUR,54.919999999999995
2024-02-05,10117,Berlin,2000.0,Non-Bonus,25,EUR,59.245000000000005
2024-02-05,10117,Berlin,2000.0,Non-Bonus,29,EUR,59.38333333333333
2024-02-05,10117,Berlin,2000.0,Non-Bonus,40,EUR,60.93833333333333
