report_date,postcode,location_name,annual_consumption_in_kWh,market,ranking,currency,gross_price_per_month
2024-01-15,10115,Berlin,2000.0,Bonus,29,EUR,54.405833333333334
2024-01-15,81539,München,2000.0,Bonus,29,EUR,56.09916666666667
2024-01-15,10115,Berlin,2500.0,Bonus,10,EUR,60.373333333333335
2024-01-15,10115,Berlin,2500.0,Bonus,33,EUR,67.49249999999999
2024-01-15,81539,München,2500.0,Bonus,5,EUR,59.19833333333333
2024-01-15,81539,München,2500.0,Bonus,27,EUR,63.72333333333333
2024-01-15,81539,München,2500.0,Bonus,39,EUR,69.495
2024-01-15,81539,München,2500.0,Bonus,46,EUR,71.45083333333334
2024-01-15,10115,Berlin,4500.0,Bonus,19,EUR,113.1875
2024-01-15,10115,Berlin,4500.0,Bonus,42,EUR,119.49083333333334
2024-01-15,81539,München,4500.0,Bonus,14,EUR,108.7625
2024-01-15,81539,München,4500.0,Bonus,42,EUR,117.30416666666667
2024-01-15,81539,München,4250.0,Bonus,36,EUR,108.62666666666667
2024-01-15,10115,Berlin,3000.0,Bonus,28,EUR,77.13916666666667
2024-01-15,10115,Berlin,3000.0,Bonus,47,EUR,84.22500000000001
2024-01-15,81539,München,3000.0,Bonus,9,EUR,70.95833333333333
2024-01-15,81539,München,3000.0,Bonus,15,EUR,73.2325
2024-01-15,10115,Berlin,3500.0,Bonus,25,EUR,88.92
2024-01-15,10115,Berlin,3500.0,Bonus,34,EUR,92.325
2024-01-15,81539,München,3500.0,Bonus,1,EUR,72.39166666666667
2024-01-15,10115,Berlin,5000.0,Bonus,40,EUR,131.91166666666666
2024-01-15,81539,München,5000.0,Bonus,5,EUR,118.42666666666666
2024-01-15,81539,München,5000.0,Bonus,18,EUR,122.51583333333333
2024-01-15,81539,München,5000.0,Bonus,21,EUR,124.21083333333333
2024-01-15,10115,Berlin,4000.0,Bonus,9,EUR,95.63333333333333
2024-01-15,81539,München,4000.0,Bonus,45,EUR,106.80083333333333
2024-01-15,10115,Berlin,3000.0,Non-Bonus,40,EUR,89.8
2024-01-15,10115,Berlin,3500.0,Non-Bonus,20,EUR,98.66583333333334
2024-01-15,10115,Berlin,3500.0,Non-Bonus,25,EUR,99.3175
2024-01-15,81539,München,3500.0,Non-Bonus,22,EUR,96.83833333333332
2024-01-15,81539,München,3500.0,Non-Bonus,44,EUR,102.48666666666666
2024-01-15,10115,Berlin,2500.0,Non-Bonus,32,EUR,75.52833333333334
2024-01-15,10115,Berlin,1500.0,Bonus,26,EUR,44.218333333333334
2024-01-15,10115,Berlin,1500.0,Bonus,38,EUR,46.395833333333336
2024-01-15,10115,Berlin,1000.0,Bonus,1,EUR,29.1675
2024-01-15,10115,Berlin,1000.0,Bonus,19,EUR,32.28333333333333
2024-01-15,81539,München,1000.0,Bonus,4,EUR,29.660833333333333
2024-01-15,81539,München,1000.0,Bonus,44,EUR,35.1275
2024-01-15,10115,Berlin,2000.0,Non-Bonus,14,EUR,59.92333333333334
2024-01-15,10115,Berlin,2000.0,Non-Bonus,15,EUR,59.958333333333336
2024-01-15,10115,Berlin,2000.0,Non-Bonus,45,EUR,63.645833333333336
2024-01-15,81539,München,2000.0,Non-Bonus,23,EUR,60.31666666666666
2024-01-15,81539,München,2000.0,Non-Bonus,29,EUR,60.780833333333334
2024-01-15,10115,Berlin,4500.0,Non-Bonus,21,EUR,124.5
2024-01-15,10115,Berlin,1000.0,Non-Bonus,43,EUR,37.11666666666667
2024-01-15,10115,Berlin,1000.0,Non-Bonus,50,EUR,38.291666666666664
2024-01-15,81539,München,1000.0,Non-Bonus,38,EUR,36.833333333333336
2024-01-15,10115,Berlin,1500.0,Non-Bonus,4,EUR,44.495000000000005
2024-01-15,81539,München,1500.0,Non-Bonus,42,EUR,49.98
2024-01-15,10115,Berlin,4000.0,Non-Bonus,17,EUR,109.05666666666667
2024-01-15,10115,Berlin,4000.0,Non-Bonus,18,EUR,109.89166666666667
2024-01-15,81539,München,4000.0,Non-Bonus,24,EUR,109.87166666666667
2024-01-15,10115,Berlin,5000.0,Non-Bonus,15,EUR,133.63166666666666
2024-01-15,10115,Berlin,5000.0,Non-Bonus,35,EUR,142.66083333333333
2024-01-15,81539,München,5000.0,Non-Bonus,13,EUR,129.085
2024-01-15,81539,München,5000.0,Non-Bonus,25,EUR,136.46666666666667
2024-01-15,10115,Berlin,4250.0,Non-Bonus,16,EUR,115.25083333333333
2024-01-15,10115,Berlin,4250.0,Non-Bonus,28,EUR,120.1875
2024-01-15,10115,Berlin,4250.0,Non-Bonus,42,EUR,123.53333333333335
2024-01-15,10115,Berlin,2000.0,Bonus,47,EUR,59.88666666666666
2024-01-15,81539,München,2000.0,Bonus,30,EUR,56.153333333333336
2024-01-15,10115,Berlin,2500.0,Bonus,2,EUR,57.270833333333336
2024-01-15,10115,Berlin,2500.0,Bonus,13,EUR,60.449999999999996
2024-01-15,10115,Berlin,2500.0,Bonus,42,EUR,70.6375
2024-01-15,10115,Berlin,4500.0,Bonus,28,EUR,115.60416666666667
2024-01-15,10115,Berlin,4250.0,Bonus,21,EUR,106.90166666666666
2024-01-15,10115,Berlin,4250.0,Bonus,27,EUR,108.95
2024-01-15,10115,Berlin,4250.0,Bonus,46,EUR,114.62916666666666
2024-01-15,81539,München,4250.0,Bonus,35,EUR,108.49666666666667
2024-01-15,10115,Berlin,3000.0,Bonus,2,EUR,66.735
2024-01-15,10115,Berlin,3000.0,Bonus,43,EUR,82.9575
2024-01-15,81539,München,3000.0,Bonus,12,EUR,72.70916666666666
2024-01-15,81539,München,3000.0,Bonus,32,EUR,79.79916666666666
2024-01-15,10115,Berlin,3500.0,Bonus,11,EUR,84.22916666666667
2024-01-15,10115,Berlin,3500.0,Bonus,27,EUR,89.05166666666666
2024-01-15,81539,München,3500.0,Bonus,18,EUR,84.9475
2024-01-15,81539,München,3500.0,Bonus,44,EUR,93.90333333333332
2024-01-15,81539,München,3500.0,Bonus,45,EUR,94.8175
2024-01-15,10115,Berlin,5000.0,Bonus,19,EUR,125.13083333333333
2024-01-15,10115,Berlin,5000.0,Bonus,25,EUR,127.58333333333333
2024-01-15,81539,München,5000.0,Bonus,20,EUR,124.0675
2024-01-15,81539,München,5000.0,Bonus,36,EUR,128.6825
2024-01-15,10115,Berlin,4000.0,Bonus,22,EUR,100.99833333333333
2024-01-15,10115,Berlin,3000.0,Non-Bonus,49,EUR,91.575
2024-01-15,81539,München,3000.0,Non-Bonus,16,EUR,82.83416666666666
2024-01-15,81539,München,3000.0,Non-Bonus,47,EUR,90.04416666666667
2024-01-15,81539,München,3000.0,Non-Bonus,49,EUR,90.06666666666666
2024-01-15,10115,Berlin,3500.0,Non-Bonus,14,EUR,95.8
2024-01-15,10115,Berlin,3500.0,Non-Bonus,45,EUR,104.1875
2024-01-15,81539,München,3500.0,Non-Bonus,40,EUR,101.24000000000001
2024-01-15,10115,Berlin,2500.0,Non-Bonus,8,EUR,70.28916666666667
2024-01-15,81539,München,2500.0,Non-Bonus,40,EUR,75.21833333333333
2024-01-15,10115,Berlin,1500.0,Bonus,28,EUR,44.495000000000005
2024-01-15,10115,Berlin,1500.0,Bonus,33,EUR,45.635
2024-01-15,10115,Berlin,1500.0,Bonus,37,EUR,46.375
2024-01-15,10115,Berlin,1500.0,Bonus,46,EUR,47.215
2024-01-15,10115,Berlin,1500.0,Bonus,48,EUR,47.4
2024-01-15,81539,München,1500.0,Bonus,11,EUR,40.30416666666667
2024-01-15,10115,Berlin,1000.0,Bonus,36,EUR,34.73
2024-01-15,10115,Berlin,2000.0,Non-Bonus,7,EUR,58.02333333333333
2024-01-15,10115,Berlin,2000.0,Non-Bonus,22,EUR,60.5
2024-01-15,10115,Berlin,2000.0,Non-Bonus,36,EUR,62.88333333333333
2024-01-15,81539,München,2000.0,Non-Bonus,18,EUR,59.48333333333333
2024-01-15,81539,München,2000.0,Non-Bonus,20,EUR,59.653333333333336
2024-01-15,81539,München,2000.0,Non-Bonus,24,EUR,60.32833333333334
2024-01-15,81539,München,2000.0,Non-Bonus,30,EUR,61.17416666666667
2024-01-15,10115,Berlin,4500.0,Non-Bonus,7,EUR,117.49166666666667
2024-01-15,81539,München,4500.0,Non-Bonus,4,EUR,110.52499999999999
2024-01-15,81539,München,4500.0,Non-Bonus,29,EUR,124.195
2024-01-15,81539,München,4500.0,Non-Bonus,35,EUR,126.2425
2024-01-15,10115,Berlin,1000.0,Non-Bonus,8,EUR,34.623333333333335
2024-01-15,10115,Berlin,1000.0,Non-Bonus,28,EUR,36.125
2024-01-15,10115,Berlin,1000.0,Non-Bonus,31,EUR,36.553333333333335
2024-01-15,10115,Berlin,1000.0,Non-Bonus,39,EUR,36.791666666666664
2024-01-15,10115,Berlin,1000.0,Non-Bonus,49,EUR,37.737500000000004
2024-01-15,81539,München,1000.0,Non-Bonus,11,EUR,34.516666666666666
2024-01-15,81539,München,1000.0,Non-Bonus,13,EUR,34.86666666666667
2024-01-15,81539,München,1500.0,Non-Bonus,25,EUR,48.16583333333333
2024-01-15,81539,München,1500.0,Non-Bonus,35,EUR,48.99666666666667
2024-01-15,10115,Berlin,4000.0,Non-Bonus,1,EUR,86.675
2024-01-15,10115,Berlin,4000.0,Non-Bonus,43,EUR,117.2
2024-01-15,81539,München,4000.0,Non-Bonus,15,EUR,106.04666666666667
2024-01-15,10115,Berlin,5000.0,Non-Bonus,5,EUR,125.5
2024-01-15,10115,Berlin,5000.0,Non-Bonus,28,EUR,140.48666666666665
2024-01-15,10115,Berlin,5000.0,Non-Bonus,32,EUR,141.99583333333334
2024-01-15,81539,München,5000.0,Non-Bonus,19,EUR,133.59916666666666
2024-01-15,81539,München,5000.0,Non-Bonus,32,EUR,138.56166666666667
2024-01-15,81539,München,5000.0,Non-Bonus,35,EUR,139.22333333333333
2024-01-15,10115,Berlin,4250.0,Non-Bonus,34,EUR,122.33333333333333
2024-01-15,10115,Berlin,4250.0,Non-Bonus,43,EUR,123.90666666666668
2024-01-15,81539,München,4250.0,Non-Bonus,28,EUR,117.69333333333333
2024-01-15,81539,München,4250.0,Non-Bonus,50,EUR,123.66666666666667
2024-01-15,10115,Berlin,2000.0,Bonus,20,EUR,50.435833333333335
2024-01-15,10115,Berlin,2000.0,Bonus,34,EUR,57.435
2024-01-15,10115,Berlin,2000.0,Bonus,46,EUR,59.620000000000005
2024-01-15,81539,München,2000.0,Bonus,4,EUR,48.43833333333333
2024-01-15,81539,München,2000.0,Bonus,14,EUR,49.76666666666667
2024-01-15,10115,Berlin,2500.0,Bonus,9,EUR,60.37083333333334
2024-01-15,10115,Berlin,2500.0,Bonus,38,EUR,69.79583333333333
2024-01-15,81539,München,2500.0,Bonus,30,EUR,64.57000000000001
2024-01-15,81539,München,2500.0,Bonus,33,EUR,68.22416666666668
2024-01-15,81539,München,2500.0,Bonus,44,EUR,70.72583333333334
2024-01-15,81539,München,2500.0,Bonus,49,EUR,71.785
2024-01-15,10115,Berlin,4500.0,Bonus,9,EUR,109.28750000000001
2024-01-15,10115,Berlin,4500.0,Bonus,17,EUR,112.17833333333334
2024-01-15,10115,Berlin,4250.0,Bonus,31,EUR,109.37666666666667
2024-01-15,81539,München,4250.0,Bonus,39,EUR,110.75333333333333
2024-01-15,81539,München,3000.0,Bonus,17,EUR,73.43333333333334
2024-01-15,81539,München,3000.0,Bonus,20,EUR,73.74083333333333
2024-01-15,10115,Berlin,3500.0,Bonus,38,EUR,94.27749999999999
2024-01-15,81539,München,3500.0,Bonus,2,EUR,74.45916666666666
2024-01-15,81539,München,3500.0,Bonus,12,EUR,83.855
2024-01-15,81539,München,3500.0,Bonus,27,EUR,87.11333333333333
2024-01-15,81539,München,3500.0,Bonus,42,EUR,93.62083333333334
2024-01-15,81539,München,5000.0,Bonus,23,EUR,124.66666666666667
2024-01-15,81539,München,5000.0,Bonus,35,EUR,128.49583333333334
2024-01-15,10115,Berlin,4000.0,Bonus,21,EUR,100.145
2024-01-15,10115,Berlin,4000.0,Bonus,36,EUR,104.64916666666666
2024-01-15,10115,Berlin,4000.0,Bonus,39,EUR,106.25833333333333
2024-01-15,10115,Berlin,4000.0,Bonus,48,EUR,109.245
2024-01-15,81539,München,4000.0,Bonus,43,EUR,106.04666666666667
2024-01-15,10115,Berlin,3000.0,Non-Bonus,48,EUR,91.41666666666667
2024-01-15,81539,München,3000.0,Non-Bonus,17,EUR,82.89916666666666
2024-01-15,10115,Berlin,2500.0,Non-Bonus,41,EUR,76.47083333333333
2024-01-15,81539,München,2500.0,Non-Bonus,6,EUR,68.28666666666668
2024-01-15,81539,München,2500.0,Non-Bonus,25,EUR,72.18916666666667
2024-01-15,81539,München,2500.0,Non-Bonus,45,EUR,76.27333333333333
2024-01-15,10115,Berlin,1500.0,Bonus,13,EUR,40.105
2024-01-15,81539,München,1000.0,Bonus,30,EUR,34.125
2024-01-15,81539,München,1000.0,Bonus,34,EUR,34.361666666666665
2024-01-15,81539,München,1000.0,Bonus,46,EUR,35.45666666666667
2024-01-15,81539,München,2000.0,Non-Bonus,2,EUR,47.862500000000004
2024-01-15,81539,München,2000.0,Non-Bonus,4,EUR,56.09916666666667
2024-01-15,81539,München,2000.0,Non-Bonus,37,EUR,62.090833333333336
2024-01-15,10115,Berlin,4500.0,Non-Bonus,45,EUR,131.1625
2024-01-15,81539,München,4500.0,Non-Bonus,7,EUR,113.37416666666667
2024-01-15,81539,München,4500.0,Non-Bonus,40,EUR,127.55416666666667
2024-01-15,10115,Berlin,1000.0,Non-Bonus,29,EUR,36.255
2024-01-15,10115,Berlin,1500.0,Non-Bonus,5,EUR,44.95249999999999
2024-01-15,81539,München,1500.0,Non-Bonus,3,EUR,40.105
2024-01-15,81539,München,1500.0,Non-Bonus,8,EUR,45.32083333333333
2024-01-15,81539,München,1500.0,Non-Bonus,24,EUR,48.119166666666665
2024-01-15,10115,Berlin,4000.0,Non-Bonus,48,EUR,118.26166666666667
2024-01-15,81539,München,4000.0,Non-Bonus,3,EUR,91.47166666666668
2024-01-15,81539,München,4000.0,Non-Bonus,43,EUR,115.04083333333334
2024-01-15,10115,Berlin,5000.0,Non-Bonus,4,EUR,123.0
2024-01-15,81539,München,5000.0,Non-Bonus,29,EUR,137.555
2024-01-15,81539,München,5000.0,Non-Bonus,36,EUR,139.54749999999999
2024-01-15,81539,München,5000.0,Non-Bonus,44,EUR,142.49083333333334
2024-01-15,10115,Berlin,4250.0,Non-Bonus,3,EUR,97.34249999999999
2024-01-15,10115,Berlin,4250.0,Non-Bonus,17,EUR,116.35416666666667
2024-01-15,10115,Berlin,4250.0,Non-Bonus,29,EUR,120.98333333333333
2024-01-15,81539,München,4250.0,Non-Bonus,40,EUR,120.99666666666667
2024-01-15,10115,Berlin,2000.0,Bonus,1,EUR,46.76833333333334
2024-01-15,81539,München,2000.0,Bonus,23,EUR,52.369166666666665
2024-01-15,10115,Berlin,2500.0,Bonus,36,EUR,69.42916666666666
2024-01-15,10115,Berlin,4500.0,Bonus,25,EUR,114.29666666666667
2024-01-15,81539,München,4500.0,Bonus,6,EUR,106.84333333333332
2024-01-15,81539,München,4500.0,Bonus,17,EUR,110.52499999999999
2024-01-15,81539,München,4500.0,Bonus,28,EUR,113.20416666666667
2024-01-15,81539,München,4250.0,Bonus,26,EUR,105.91916666666667
2024-01-15,10115,Berlin,3500.0,Bonus,8,EUR,84.08749999999999
2024-01-15,81539,München,3500.0,Bonus,22,EUR,86.2675
2024-01-15,81539,München,3500.0,Bonus,32,EUR,90.27916666666665
2024-01-15,81539,München,3500.0,Bonus,41,EUR,92.85000000000001
2024-01-15,10115,Berlin,5000.0,Bonus,45,EUR,133.63166666666666
2024-01-15,81539,München,5000.0,Bonus,14,EUR,122.20833333333333
2024-01-15,81539,München,5000.0,Bonus,16,EUR,122.22833333333334
2024-01-15,81539,München,4000.0,Bonus,29,EUR,101.03333333333335
2024-01-15,10115,Berlin,3000.0,Non-Bonus,19,EUR,85.215
2024-01-15,81539,München,3000.0,Non-Bonus,23,EUR,84.45
2024-01-15,81539,München,3000.0,Non-Bonus,39,EUR,88.26666666666667
2024-01-15,81539,München,3000.0,Non-Bonus,48,EUR,90.06666666666666
2024-01-15,10115,Berlin,3500.0,Non-Bonus,39,EUR,102.8975
2024-01-15,81539,München,3500.0,Non-Bonus,37,EUR,100.44333333333333
2024-01-15,10115,Berlin,2500.0,Non-Bonus,20,EUR,72.96916666666667
2024-01-15,81539,München,2500.0,Non-Bonus,2,EUR,56.971666666666664
2024-01-15,81539,München,1500.0,Bonus,5,EUR,38.63666666666666
2024-01-15,81539,München,1500.0,Bonus,46,EUR,46.9
2024-01-15,81539,München,1500.0,Bonus,50,EUR,47.625
2024-01-15,10115,Berlin,1000.0,Bonus,23,EUR,32.625
2024-01-15,10115,Berlin,1000.0,Bonus,40,EUR,35.105
2024-01-15,10115,Berlin,1000.0,Bonus,42,EUR,35.306666666666665
2024-01-15,81539,München,1000.0,Bonus,13,EUR,31.1375
2024-01-15,81539,München,1000.0,Bonus,49,EUR,35.899166666666666
2024-01-15,10115,Berlin,2000.0,Non-Bonus,40,EUR,63.55583333333333
2024-01-15,81539,München,2000.0,Non-Bonus,26,EUR,60.41583333333333
2024-01-15,10115,Berlin,4500.0,Non-Bonus,28,EUR,127.36500000000001
2024-01-15,10115,Berlin,4500.0,Non-Bonus,50,EUR,133.00916666666666
2024-01-15,81539,München,4500.0,Non-Bonus,15,EUR,118.27
2024-01-15,10115,Berlin,1000.0,Non-Bonus,22,EUR,35.56333333333333
2024-01-15,81539,München,1000.0,Non-Bonus,6,EUR,34.125
2024-01-15,81539,München,1000.0,Non-Bonus,21,EUR,35.455
2024-01-15,81539,München,1000.0,Non-Bonus,35,EUR,36.527499999999996
2024-01-15,81539,München,1000.0,Non-Bonus,39,EUR,36.91583333333333
2024-01-15,81539,München,1000.0,Non-Bonus,43,EUR,37.19916666666666
2024-01-15,81539,München,1000.0,Non-Bonus,47,EUR,37.858333333333334
2024-01-15,10115,Berlin,1500.0,Non-Bonus,8,EUR,46.692499999999995
2024-01-15,10115,Berlin,1500.0,Non-Bonus,24,EUR,48.77916666666667
2024-01-15,10115,Berlin,1500.0,Non-Bonus,28,EUR,49.29583333333333
2024-01-15,10115,Berlin,4000.0,Non-Bonus,35,EUR,115.82666666666667
2024-01-15,10115,Berlin,4000.0,Non-Bonus,47,EUR,118.18916666666667
2024-01-15,81539,München,4000.0,Non-Bonus,32,EUR,112.78416666666668
2024-01-15,81539,München,4000.0,Non-Bonus,36,EUR,113.20666666666666
2024-01-15,81539,München,4000.0,Non-Bonus,39,EUR,114.39666666666666
2024-01-15,10115,Berlin,5000.0,Non-Bonus,6,EUR,127.58333333333333
2024-01-15,10115,Berlin,5000.0,Non-Bonus,18,EUR,136.70000000000002
2024-01-15,10115,Berlin,5000.0,Non-Bonus,19,EUR,137.25166666666667
2024-01-15,10115,Berlin,5000.0,Non-Bonus,31,EUR,141.86249999999998
2024-01-15,81539,München,5000.0,Non-Bonus,37,EUR,139.5675
2024-01-15,81539,München,5000.0,Non-Bonus,41,EUR,141.1275
2024-01-15,81539,München,5000.0,Non-Bonus,43,EUR,141.51583333333335
2024-01-15,10115,Berlin,4250.0,Non-Bonus,11,EUR,113.61500000000001
2024-01-15,10115,Berlin,4250.0,Non-Bonus,30,EUR,120.99916666666667
2024-01-15,10115,Berlin,4250.0,Non-Bonus,45,EUR,124.41916666666667
2024-01-15,81539,München,4250.0,Non-Bonus,17,EUR,112.7925
2024-01-15,81539,München,4250.0,Non-Bonus,19,EUR,115.09333333333332
2024-01-15,81539,München,4250.0,Non-Bonus,22,EUR,115.63083333333333
2024-01-15,10115,Berlin,2000.0,Bonus,19,EUR,50.38583333333333
2024-01-15,10115,Berlin,2000.0,Bonus,21,EUR,52.5225
2024-01-15,81539,München,2000.0,Bonus,34,EUR,57.35333333333333
2024-01-15,81539,München,4500.0,Bonus,24,EUR,111.97583333333334
2024-01-15,10115,Berlin,4250.0,Bonus,20,EUR,106.80166666666666
2024-01-15,10115,Berlin,4250.0,Bonus,26,EUR,108.32166666666666
2024-01-15,81539,München,4250.0,Bonus,17,EUR,103.6175
2024-01-15,10115,Berlin,3000.0,Bonus,13,EUR,73.50333333333333
2024-01-15,10115,Berlin,3000.0,Bonus,45,EUR,83.30083333333333
2024-01-15,81539,München,3000.0,Bonus,24,EUR,75.0775
2024-01-15,81539,München,3000.0,Bonus,47,EUR,82.89916666666666
2024-01-15,10115,Berlin,3500.0,Bonus,30,EUR,89.63666666666667
2024-01-15,10115,Berlin,3500.0,Bonus,33,EUR,92.085
2024-01-15,81539,München,3500.0,Bonus,36,EUR,92.55333333333334
2024-01-15,10115,Berlin,5000.0,Bonus,14,EUR,123.27499999999999
2024-01-15,81539,München,5000.0,Bonus,22,EUR,124.25333333333333
2024-01-15,10115,Berlin,4000.0,Bonus,24,EUR,101.26666666666667
2024-01-15,81539,München,4000.0,Bonus,25,EUR,99.03333333333335
2024-01-15,10115,Berlin,3000.0,Non-Bonus,17,EUR,84.41666666666667
2024-01-15,10115,Berlin,3000.0,Non-Bonus,50,EUR,91.57916666666667
2024-01-15,81539,München,3000.0,Non-Bonus,4,EUR,79.24416666666666
2024-01-15,81539,München,3000.0,Non-Bonus,21,EUR,84.2975
2024-01-15,81539,München,3000.0,Non-Bonus,28,EUR,86.105
2024-01-15,81539,München,3000.0,Non-Bonus,32,EUR,86.87
2024-01-15,81539,München,3000.0,Non-Bonus,36,EUR,87.73916666666666
2024-01-15,10115,Berlin,3500.0,Non-Bonus,12,EUR,95.50083333333333
2024-01-15,10115,Berlin,3500.0,Non-Bonus,32,EUR,101.83916666666666
2024-01-15,10115,Berlin,3500.0,Non-Bonus,40,EUR,103.13083333333333
2024-01-15,10115,Berlin,3500.0,Non-Bonus,43,EUR,103.64583333333333
2024-01-15,81539,München,3500.0,Non-Bonus,19,EUR,96.25583333333333
2024-01-15,10115,Berlin,2500.0,Non-Bonus,2,EUR,57.92166666666666
2024-01-15,10115,Berlin,2500.0,Non-Bonus,18,EUR,72.94166666666666
2024-01-15,81539,München,2500.0,Non-Bonus,50,EUR,77.08333333333333
2024-01-15,81539,München,1500.0,Bonus,30,EUR,44.48916666666667
2024-01-15,81539,München,1500.0,Bonus,37,EUR,46.083333333333336
2024-01-15,10115,Berlin,1000.0,Bonus,11,EUR,31.2375
2024-01-15,10115,Berlin,1000.0,Bonus,21,EUR,32.41166666666667
2024-01-15,10115,Berlin,1000.0,Bonus,26,EUR,33.545
2024-01-15,81539,München,1000.0,Bonus,21,EUR,32.1775
2024-01-15,81539,München,2000.0,Non-Bonus,31,EUR,61.229166666666664
2024-01-15,10115,Berlin,4500.0,Non-Bonus,8,EUR,119.21916666666668
2024-01-15,10115,Berlin,4500.0,Non-Bonus,22,EUR,124.515
2024-01-15,10115,Berlin,4500.0,Non-Bonus,25,EUR,126.39
2024-01-15,10115,Berlin,1000.0,Non-Bonus,1,EUR,29.1675
2024-01-15,10115,Berlin,1000.0,Non-Bonus,7,EUR,34.50083333333333
2024-01-15,81539,München,1500.0,Non-Bonus,18,EUR,47.09916666666667
2024-01-15,10115,Berlin,4000.0,Non-Bonus,8,EUR,106.25833333333333
2024-01-15,10115,Berlin,4000.0,Non-Bonus,32,EUR,115.03250000000001
2024-01-15,81539,München,4000.0,Non-Bonus,28,EUR,111.19083333333333
2024-01-15,81539,München,4000.0,Non-Bonus,37,EUR,113.58333333333333
2024-01-15,10115,Berlin,5000.0,Non-Bonus,41,EUR,143.7675
2024-01-15,10115,Berlin,4250.0,Non-Bonus,22,EUR,118.09416666666668
2024-01-15,10115,Berlin,4250.0,Non-Bonus,39,EUR,123.40166666666666
2024-01-15,81539,München,4250.0,Non-Bonus,13,EUR,111.38333333333333
2024-01-15,81539,München,4250.0,Non-Bonus,44,EUR,122.53666666666668
2024-01-15,10115,Berlin,2000.0,Bonus,18,EUR,50.215
2024-01-15,81539,München,2000.0,Bonus,2,EUR,47.189166666666665
2024-01-15,10115,Berlin,2500.0,Bonus,19,EUR,61.95166666666666
2024-01-15,10115,Berlin,2500.0,Bonus,41,EUR,70.28916666666667
2024-01-15,10115,Berlin,4250.0,Bonus,28,EUR,109.09583333333335
2024-01-15,81539,München,4250.0,Bonus,30,EUR,107.265
2024-01-15,10115,Berlin,3000.0,Bonus,38,EUR,81.97
2024-01-15,81539,München,3000.0,Bonus,14,EUR,73.00833333333334
2024-01-15,10115,Berlin,3500.0,Bonus,4,EUR,81.23416666666667
2024-01-15,10115,Berlin,3500.0,Bonus,19,EUR,87.44583333333333
2024-01-15,10115,Berlin,5000.0,Bonus,21,EUR,125.5
2024-01-15,10115,Berlin,5000.0,Bonus,50,EUR,137.35666666666665
2024-01-15,81539,München,5000.0,Bonus,26,EUR,125.31583333333333
2024-01-15,81539,München,5000.0,Bonus,45,EUR,133.13166666666666
2024-01-15,81539,München,5000.0,Bonus,50,EUR,134.63833333333335
2024-01-15,10115,Berlin,4000.0,Bonus,6,EUR,95.44583333333333
2024-01-15,10115,Berlin,4000.0,Bonus,17,EUR,99.17
2024-01-15,10115,Berlin,3000.0,Non-Bonus,9,EUR,82.55
2024-01-15,10115,Berlin,3000.0,Non-Bonus,36,EUR,89.45166666666667
2024-01-15,81539,München,3000.0,Non-Bonus,19,EUR,83.37416666666667
2024-01-15,81539,München,3000.0,Non-Bonus,42,EUR,88.9525
2024-01-15,10115,Berlin,3500.0,Non-Bonus,17,EUR,97.13416666666666
2024-01-15,10115,Berlin,3500.0,Non-Bonus,26,EUR,100.06083333333333
2024-01-15,10115,Berlin,3500.0,Non-Bonus,27,EUR,100.29
2024-01-15,81539,München,3500.0,Non-Bonus,36,EUR,100.34666666666668
2024-01-15,10115,Berlin,2500.0,Non-Bonus,31,EUR,75.35916666666667
2024-01-15,81539,München,2500.0,Non-Bonus,5,EUR,68.22416666666668
2024-01-15,81539,München,2500.0,Non-Bonus,35,EUR,74.36749999999999
2024-01-15,81539,München,2500.0,Non-Bonus,48,EUR,76.41333333333334
2024-01-15,10115,Berlin,1500.0,Bonus,15,EUR,41.583333333333336
2024-01-15,10115,Berlin,1500.0,Bonus,30,EUR,44.95249999999999
2024-01-15,10115,Berlin,1500.0,Bonus,34,EUR,45.784166666666664
2024-01-15,81539,München,1500.0,Bonus,29,EUR,44.445
2024-01-15,10115,Berlin,1000.0,Bonus,15,EUR,31.6525
2024-01-15,81539,München,1000.0,Bonus,16,EUR,31.63416666666667
2024-01-15,81539,München,2000.0,Non-Bonus,14,EUR,58.8675
2024-01-15,81539,München,2000.0,Non-Bonus,19,EUR,59.56666666666666
2024-01-15,81539,München,2000.0,Non-Bonus,45,EUR,62.840833333333336
2024-01-15,10115,Berlin,4500.0,Non-Bonus,18,EUR,124.01666666666667
2024-01-15,10115,Berlin,4500.0,Non-Bonus,32,EUR,128.82
2024-01-15,10115,Berlin,4500.0,Non-Bonus,35,EUR,129.01416666666668
2024-01-15,10115,Berlin,4500.0,Non-Bonus,48,EUR,132.6625
2024-01-15,81539,München,4500.0,Non-Bonus,11,EUR,116.82
2024-01-15,81539,München,4500.0,Non-Bonus,23,EUR,121.89999999999999
2024-01-15,81539,München,4500.0,Non-Bonus,26,EUR,123.77499999999999
2024-01-15,10115,Berlin,1000.0,Non-Bonus,33,EUR,36.69166666666667
2024-01-15,81539,München,1000.0,Non-Bonus,31,EUR,36.23583333333333
2024-01-15,81539,München,1000.0,Non-Bonus,36,EUR,36.645
2024-01-15,10115,Berlin,1500.0,Non-Bonus,2,EUR,40.105
2024-01-15,81539,München,1500.0,Non-Bonus,19,EUR,47.625
2024-01-15,81539,München,4000.0,Non-Bonus,18,EUR,107.10000000000001
2024-01-15,81539,München,4000.0,Non-Bonus,45,EUR,116.3325
2024-01-15,81539,München,4000.0,Non-Bonus,47,EUR,116.52333333333333
2024-01-15,10115,Berlin,5000.0,Non-Bonus,22,EUR,137.385
2024-01-15,10115,Berlin,5000.0,Non-Bonus,23,EUR,137.9425
2024-01-15,10115,Berlin,4250.0,Non-Bonus,31,EUR,121.43083333333334
2024-01-15,81539,München,4250.0,Non-Bonus,1,EUR,89.04166666666667
2024-01-15,81539,München,4250.0,Non-Bonus,2,EUR,89.15666666666668
2024-01-15,81539,München,4250.0,Non-Bonus,47,EUR,123.23166666666667
2024-01-15,10115,Berlin,2000.0,Bonus,25,EUR,53.41833333333333
2024-01-15,10115,Berlin,2000.0,Bonus,35,EUR,57.62083333333334
2024-01-15,10115,Berlin,2500.0,Bonus,17,EUR,61.5825
2024-01-15,81539,München,2500.0,Bonus,6,EUR,59.20083333333333
2024-01-15,81539,München,2500.0,Bonus,13,EUR,59.86000000000001
2024-01-15,81539,München,4500.0,Bonus,20,EUR,111.15583333333332
2024-01-15,81539,München,4500.0,Bonus,47,EUR,121.3725
2024-01-15,10115,Berlin,4250.0,Bonus,37,EUR,111.065
2024-01-15,10115,Berlin,4250.0,Bonus,39,EUR,112.49416666666667
2024-01-15,10115,Berlin,3000.0,Bonus,34,EUR,80.115
2024-01-15,10115,Berlin,3000.0,Bonus,49,EUR,84.41666666666667
2024-01-15,81539,München,3000.0,Bonus,33,EUR,79.84916666666668
2024-01-15,10115,Berlin,3500.0,Bonus,6,EUR,84.0625
2024-01-15,10115,Berlin,3500.0,Bonus,31,EUR,90.43583333333333
2024-01-15,10115,Berlin,5000.0,Bonus,1,EUR,104.49166666666667
2024-01-15,10115,Berlin,5000.0,Bonus,15,EUR,124.15083333333332
2024-01-15,10115,Berlin,5000.0,Bonus,39,EUR,131.86666666666667
2024-01-15,81539,München,5000.0,Bonus,48,EUR,134.38333333333333
2024-01-15,10115,Berlin,4000.0,Bonus,27,EUR,102.29583333333333
2024-01-15,81539,München,4000.0,Bonus,47,EUR,108.81416666666667
2024-01-15,10115,Berlin,3000.0,Non-Bonus,2,EUR,67.50583333333334
2024-01-15,10115,Berlin,3000.0,Non-Bonus,6,EUR,81.97
2024-01-15,10115,Berlin,3000.0,Non-Bonus,22,EUR,85.9775
2024-01-15,81539,München,3000.0,Non-Bonus,34,EUR,87.00666666666666
2024-01-15,81539,München,3000.0,Non-Bonus,50,EUR,90.31166666666667
2024-01-15,10115,Berlin,3500.0,Non-Bonus,29,EUR,101.48
2024-01-15,81539,München,3500.0,Non-Bonus,32,EUR,99.89583333333333
2024-01-15,10115,Berlin,2500.0,Non-Bonus,27,EUR,74.19
2024-01-15,10115,Berlin,2500.0,Non-Bonus,46,EUR,77.02499999999999
2024-01-15,81539,München,2500.0,Non-Bonus,14,EUR,70.12
2024-01-15,81539,München,2500.0,Non-Bonus,16,EUR,70.72583333333334
2024-01-15,10115,Berlin,1500.0,Bonus,17,EUR,41.6
2024-01-15,81539,München,1500.0,Bonus,17,EUR,40.998333333333335
2024-01-15,81539,München,1500.0,Bonus,36,EUR,45.91166666666667
2024-01-15,81539,München,1500.0,Bonus,47,EUR,47.0
2024-01-15,10115,Berlin,1000.0,Bonus,8,EUR,29.958333333333332
2024-01-15,10115,Berlin,1000.0,Bonus,16,EUR,31.834999999999997
2024-01-15,10115,Berlin,1000.0,Bonus,31,EUR,34.35666666666666
2024-01-15,81539,München,1000.0,Bonus,23,EUR,32.666666666666664
2024-01-15,10115,Berlin,2000.0,Non-Bonus,17,EUR,60.07416666666666
2024-01-15,10115,Berlin,2000.0,Non-Bonus,49,EUR,64.18333333333334
2024-01-15,81539,München,2000.0,Non-Bonus,25,EUR,60.34833333333333
2024-01-15,81539,München,2000.0,Non-Bonus,46,EUR,62.94916666666666
2024-01-15,10115,Berlin,4500.0,Non-Bonus,44,EUR,130.82083333333333
2024-01-15,81539,München,4500.0,Non-Bonus,18,EUR,121.30583333333334
2024-01-15,10115,Berlin,1000.0,Non-Bonus,32,EUR,36.555
2024-01-15,10115,Berlin,1000.0,Non-Bonus,44,EUR,37.12916666666667
2024-01-15,10115,Berlin,1000.0,Non-Bonus,46,EUR,37.300000000000004
2024-01-15,81539,München,1000.0,Non-Bonus,22,EUR,35.455
2024-01-15,81539,München,1000.0,Non-Bonus,29,EUR,36.0075
2024-01-15,81539,München,1000.0,Non-Bonus,37,EUR,36.81583333333334
2024-01-15,10115,Berlin,1500.0,Non-Bonus,1,EUR,38.7525
2024-01-15,81539,München,4000.0,Non-Bonus,12,EUR,104.73166666666667
2024-01-15,81539,München,4000.0,Non-Bonus,22,EUR,109.36666666666667
2024-01-15,10115,Berlin,5000.0,Non-Bonus,38,EUR,143.49583333333334
2024-01-15,81539,München,5000.0,Non-Bonus,7,EUR,125.31583333333333
2024-01-15,81539,München,5000.0,Non-Bonus,47,EUR,143.35666666666665
2024-01-15,10115,Berlin,4250.0,Non-Bonus,23,EUR,118.57583333333334
2024-01-15,81539,München,4250.0,Non-Bonus,43,EUR,121.66000000000001
2024-01-15,10115,Berlin,2000.0,Bonus,3,EUR,48.26666666666667
2024-01-15,81539,München,2000.0,Bonus,25,EUR,53.55833333333334
2024-01-15,81539,München,2000.0,Bonus,38,EUR,57.92416666666667
2024-01-15,10115,Berlin,2500.0,Bonus,34,EUR,67.7275
2024-01-15,10115,Berlin,2500.0,Bonus,49,EUR,72.72916666666667
2024-01-15,81539,München,2500.0,Bonus,32,EUR,66.3275
2024-01-15,10115,Berlin,4500.0,Bonus,11,EUR,109.45416666666667
2024-01-15,81539,München,4500.0,Bonus,12,EUR,108.36333333333333
2024-01-15,10115,Berlin,4250.0,Bonus,30,EUR,109.36416666666666
2024-01-15,10115,Berlin,4250.0,Bonus,38,EUR,111.08416666666666
2024-01-15,10115,Berlin,4250.0,Bonus,41,EUR,113.19916666666667
2024-01-15,10115,Berlin,3000.0,Bonus,35,EUR,81.825
2024-01-15,81539,München,3000.0,Bonus,1,EUR,64.215
2024-01-15,10115,Berlin,3500.0,Bonus,32,EUR,90.62833333333333
2024-01-15,81539,München,3500.0,Bonus,24,EUR,86.43166666666667
2024-01-15,10115,Berlin,5000.0,Bonus,12,EUR,123.105
2024-01-15,10115,Berlin,5000.0,Bonus,13,EUR,123.10833333333333
2024-01-15,81539,München,5000.0,Bonus,8,EUR,118.9525
2024-01-15,81539,München,5000.0,Bonus,27,EUR,126.5
2024-01-15,81539,München,5000.0,Bonus,47,EUR,134.28916666666666
2024-01-15,10115,Berlin,4000.0,Bonus,34,EUR,103.77499999999999
2024-01-15,10115,Berlin,4000.0,Bonus,35,EUR,103.77999999999999
2024-01-15,10115,Berlin,4000.0,Bonus,42,EUR,106.98
2024-01-15,81539,München,4000.0,Bonus,1,EUR,81.56833333333334
2024-01-15,81539,München,4000.0,Bonus,42,EUR,105.46249999999999
2024-01-15,10115,Berlin,3000.0,Non-Bonus,3,EUR,70.635
2024-01-15,10115,Berlin,3000.0,Non-Bonus,11,EUR,82.9575
2024-01-15,81539,München,3000.0,Non-Bonus,15,EUR,82.52499999999999
2024-01-15,81539,München,3000.0,Non-Bonus,22,EUR,84.31083333333333
2024-01-15,10115,Berlin,3500.0,Non-Bonus,7,EUR,94.27749999999999
2024-01-15,10115,Berlin,3500.0,Non-Bonus,16,EUR,96.66916666666667
2024-01-15,10115,Berlin,3500.0,Non-Bonus,18,EUR,98.01666666666667
2024-01-15,81539,München,3500.0,Non-Bonus,21,EUR,96.77499999999999
2024-01-15,10115,Berlin,2500.0,Non-Bonus,1,EUR,57.14666666666667
2024-01-15,10115,Berlin,2500.0,Non-Bonus,19,EUR,72.95916666666666
2024-01-15,10115,Berlin,1500.0,Bonus,18,EUR,41.66833333333333
2024-01-15,81539,München,1500.0,Bonus,4,EUR,38.6275
2024-01-15,81539,München,1500.0,Bonus,14,EUR,40.92333333333333
2024-01-15,81539,München,1500.0,Bonus,19,EUR,41.015
2024-01-15,81539,München,1500.0,Bonus,33,EUR,45.169999999999995
2024-01-15,81539,München,1500.0,Bonus,39,EUR,46.17583333333334
2024-01-15,81539,München,1500.0,Bonus,43,EUR,46.7225
2024-01-15,10115,Berlin,1000.0,Bonus,5,EUR,29.865
2024-01-15,10115,Berlin,1000.0,Bonus,49,EUR,36.00833333333333
2024-01-15,81539,München,1000.0,Bonus,5,EUR,29.75583333333333
2024-01-15,81539,München,1000.0,Bonus,32,EUR,34.2125
2024-01-15,10115,Berlin,2000.0,Non-Bonus,41,EUR,63.58083333333334
2024-01-15,81539,München,2000.0,Non-Bonus,22,EUR,60.31666666666666
2024-01-15,10115,Berlin,4500.0,Non-Bonus,5,EUR,115.41250000000001
2024-01-15,81539,München,4500.0,Non-Bonus,8,EUR,114.87416666666667
2024-01-15,81539,München,4500.0,Non-Bonus,16,EUR,118.35833333333333
2024-01-15,81539,München,4500.0,Non-Bonus,31,EUR,124.9175
2024-01-15,81539,München,4500.0,Non-Bonus,34,EUR,126.21499999999999
2024-01-15,10115,Berlin,1000.0,Non-Bonus,16,EUR,35.208333333333336
2024-01-15,10115,Berlin,1000.0,Non-Bonus,26,EUR,36.06333333333333
2024-01-15,81539,München,1000.0,Non-Bonus,1,EUR,29.4825
2024-01-15,81539,München,1000.0,Non-Bonus,5,EUR,33.8275
2024-01-15,81539,München,1000.0,Non-Bonus,32,EUR,36.44833333333333
2024-01-15,81539,München,1000.0,Non-Bonus,44,EUR,37.39416666666667
2024-01-15,81539,München,1000.0,Non-Bonus,46,EUR,37.858333333333334
2024-01-15,10115,Berlin,1500.0,Non-Bonus,11,EUR,47.119166666666665
2024-01-15,10115,Berlin,1500.0,Non-Bonus,37,EUR,49.88916666666666
2024-01-15,10115,Berlin,1500.0,Non-Bonus,38,EUR,49.98
2024-01-15,10115,Berlin,1500.0,Non-Bonus,44,EUR,50.39166666666667
2024-01-15,81539,München,1500.0,Non-Bonus,1,EUR,38.645
2024-01-15,81539,München,1500.0,Non-Bonus,23,EUR,48.04666666666666
2024-01-15,10115,Berlin,4000.0,Non-Bonus,4,EUR,101.26666666666667
2024-01-15,10115,Berlin,4000.0,Non-Bonus,38,EUR,116.50083333333333
2024-01-15,81539,München,4000.0,Non-Bonus,6,EUR,101.51583333333333
2024-01-15,81539,München,4000.0,Non-Bonus,16,EUR,106.08666666666666
2024-01-15,81539,München,5000.0,Non-Bonus,3,EUR,117.43916666666667
2024-01-15,81539,München,5000.0,Non-Bonus,6,EUR,124.66666666666667
2024-01-15,81539,München,5000.0,Non-Bonus,39,EUR,140.01416666666668
2024-01-15,10115,Berlin,4250.0,Non-Bonus,21,EUR,118.0575
2024-01-15,10115,Berlin,4250.0,Non-Bonus,33,EUR,122.1375
2024-01-15,81539,München,4250.0,Non-Bonus,3,EUR,96.245
2024-01-15,81539,München,4250.0,Non-Bonus,25,EUR,116.47166666666668
2024-01-15,81539,München,2000.0,Bonus,12,EUR,49.6
2024-01-15,81539,München,2000.0,Bonus,40,EUR,58.56666666666666
2024-01-15,81539,München,2000.0,Bonus,48,EUR,59.5
2024-01-15,10115,Berlin,2500.0,Bonus,6,EUR,60.354166666666664
2024-01-15,10115,Berlin,2500.0,Bonus,12,EUR,60.38916666666666
2024-01-15,10115,Berlin,2500.0,Bonus,27,EUR,64.12
2024-01-15,81539,München,2500.0,Bonus,40,EUR,69.53666666666668
2024-01-15,81539,München,2500.0,Bonus,42,EUR,69.9375
2024-01-15,81539,München,2500.0,Bonus,45,EUR,70.85083333333334
2024-01-15,10115,Berlin,4500.0,Bonus,34,EUR,117.12416666666667
2024-01-15,10115,Berlin,4250.0,Bonus,48,EUR,117.5
2024-01-15,81539,München,4250.0,Bonus,8,EUR,101.16666666666667
2024-01-15,81539,München,4250.0,Bonus,20,EUR,104.91083333333334
2024-01-15,10115,Berlin,3000.0,Bonus,11,EUR,72.64583333333333
2024-01-15,10115,Berlin,3000.0,Bonus,20,EUR,75.11666666666666
2024-01-15,81539,München,3000.0,Bonus,10,EUR,70.99
2024-01-15,81539,München,3000.0,Bonus,19,EUR,73.72416666666668
2024-01-15,10115,Berlin,3500.0,Bonus,35,EUR,92.5025
2024-01-15,10115,Berlin,3500.0,Bonus,36,EUR,94.05833333333334
2024-01-15,81539,München,3500.0,Bonus,3,EUR,75.2975
2024-01-15,81539,München,3500.0,Bonus,7,EUR,83.09833333333333
2024-01-15,81539,München,3500.0,Bonus,14,EUR,84.27083333333333
2024-01-15,81539,München,5000.0,Bonus,9,EUR,118.95833333333333
2024-01-15,81539,München,5000.0,Bonus,32,EUR,127.50666666666666
2024-01-15,10115,Berlin,4000.0,Bonus,45,EUR,108.295
2024-01-15,81539,München,4000.0,Bonus,20,EUR,98.45083333333334
2024-01-15,81539,München,4000.0,Bonus,50,EUR,109.36333333333333
2024-01-15,10115,Berlin,3500.0,Non-Bonus,9,EUR,94.4875
2024-01-15,10115,Berlin,3500.0,Non-Bonus,28,EUR,100.65833333333335
2024-01-15,81539,München,3500.0,Non-Bonus,11,EUR,92.5675
2024-01-15,81539,München,3500.0,Non-Bonus,43,EUR,101.97916666666667
2024-01-15,81539,München,3500.0,Non-Bonus,45,EUR,102.78666666666668
2024-01-15,10115,Berlin,2500.0,Non-Bonus,14,EUR,71.83333333333333
2024-01-15,10115,Berlin,2500.0,Non-Bonus,40,EUR,76.45416666666667
2024-01-15,81539,München,2500.0,Non-Bonus,1,EUR,56.77166666666667
2024-01-15,81539,München,2500.0,Non-Bonus,34,EUR,74.1825
2024-01-15,81539,München,2500.0,Non-Bonus,49,EUR,76.6225
2024-01-15,10115,Berlin,1500.0,Bonus,40,EUR,46.594166666666666
2024-01-15,81539,München,1500.0,Bonus,45,EUR,46.884166666666665
2024-01-15,10115,Berlin,1000.0,Bonus,6,EUR,29.870833333333334
2024-01-15,81539,München,1000.0,Bonus,6,EUR,29.77
2024-01-15,81539,München,1000.0,Bonus,14,EUR,31.28
2024-01-15,81539,München,1000.0,Bonus,39,EUR,34.86666666666667
2024-01-15,10115,Berlin,2000.0,Non-Bonus,9,EUR,58.39166666666667
2024-01-15,10115,Berlin,2000.0,Non-Bonus,29,EUR,62.00833333333333
2024-01-15,10115,Berlin,2000.0,Non-Bonus,44,EUR,63.64333333333334
2024-01-15,81539,München,2000.0,Non-Bonus,28,EUR,60.41833333333333
2024-01-15,81539,München,2000.0,Non-Bonus,38,EUR,62.300000000000004
2024-01-15,10115,Berlin,4500.0,Non-Bonus,16,EUR,121.44416666666666
2024-01-15,81539,München,4500.0,Non-Bonus,12,EUR,117.2375
2024-01-15,81539,München,4500.0,Non-Bonus,24,EUR,122.42583333333333
2024-01-15,81539,München,4500.0,Non-Bonus,47,EUR,130.16916666666665
2024-01-15,81539,München,4500.0,Non-Bonus,50,EUR,130.48166666666665
2024-01-15,10115,Berlin,1000.0,Non-Bonus,41,EUR,37.026666666666664
2024-01-15,81539,München,1000.0,Non-Bonus,14,EUR,34.90083333333333
2024-01-15,10115,Berlin,1500.0,Non-Bonus,46,EUR,50.487500000000004
2024-01-15,10115,Berlin,,Non-Bonus,10,EUR,106.95333333333333
2024-01-15,10115,Berlin,4000.0,Non-Bonus,19,EUR,111.50666666666666
2024-01-15,81539,München,4000.0,Non-Bonus,9,EUR,104.19916666666667
2024-01-15,81539,München,4000.0,Non-Bonus,29,EUR,111.42916666666667
2024-01-15,81539,München,5000.0,Non-Bonus,11,EUR,128.70833333333334
2024-01-15,81539,München,5000.0,Non-Bonus,12,EUR,128.95333333333335
2024-01-15,81539,München,5000.0,Non-Bonus,17,EUR,130.7675
2024-01-15,81539,München,5000.0,Non-Bonus,31,EUR,138.55583333333334
2024-01-15,81539,München,5000.0,Non-Bonus,34,EUR,138.90083333333334
2024-01-15,10115,Berlin,4250.0,Non-Bonus,13,EUR,114.60666666666667
2024-01-15,10115,Berlin,4250.0,Non-Bonus,19,EUR,117.95916666666666
2024-01-15,10115,Berlin,4250.0,Non-Bonus,26,EUR,120.03166666666668
2024-01-15,81539,München,4250.0,Non-Bonus,31,EUR,118.59916666666668
2024-01-15,10115,Berlin,2000.0,Bonus,45,EUR,59.54
2024-01-15,81539,München,2000.0,Bonus,18,EUR,51.288333333333334
2024-01-15,81539,München,2000.0,Bonus,26,EUR,53.590833333333336
2024-01-15,81539,München,2000.0,Bonus,27,EUR,53.62583333333333
2024-01-15,81539,München,2000.0,Bonus,35,EUR,57.6025
2024-01-15,81539,München,2000.0,Bonus,37,EUR,57.91583333333333
2024-01-15,10115,Berlin,2500.0,Bonus,3,EUR,57.92166666666666
2024-01-15,81539,München,2500.0,Bonus,18,EUR,60.774166666666666
2024-01-15,10115,Berlin,4500.0,Bonus,7,EUR,109.27833333333332
2024-01-15,10115,Berlin,4500.0,Bonus,23,EUR,114.19666666666666
2024-01-15,10115,Berlin,4250.0,Bonus,6,EUR,102.16666666666667
2024-01-15,10115,Berlin,4250.0,Bonus,36,EUR,110.64083333333333
2024-01-15,81539,München,4250.0,Bonus,10,EUR,101.84083333333332
2024-01-15,81539,München,4250.0,Bonus,12,EUR,101.93083333333334
2024-01-15,81539,München,4250.0,Bonus,16,EUR,103.46333333333332
2024-01-15,81539,München,4250.0,Bonus,24,EUR,105.71749999999999
2024-01-15,81539,München,4250.0,Bonus,31,EUR,107.35166666666667
2024-01-15,81539,München,4250.0,Bonus,38,EUR,110.67333333333333
2024-01-15,81539,München,4250.0,Bonus,50,EUR,115.6825
2024-01-15,10115,Berlin,3000.0,Bonus,37,EUR,81.93166666666666
2024-01-15,10115,Berlin,3000.0,Bonus,41,EUR,82.50166666666667
2024-01-15,81539,München,3000.0,Bonus,2,EUR,65.33
2024-01-15,10115,Berlin,3500.0,Bonus,10,EUR,84.13333333333334
2024-01-15,10115,Berlin,3500.0,Bonus,22,EUR,87.9825
2024-01-15,10115,Berlin,3500.0,Bonus,43,EUR,94.74083333333334
2024-01-15,10115,Berlin,3500.0,Bonus,48,EUR,97.13416666666666
2024-01-15,81539,München,3500.0,Bonus,31,EUR,89.47916666666667
2024-01-15,81539,München,3500.0,Bonus,40,EUR,92.79583333333333
2024-01-15,10115,Berlin,5000.0,Bonus,16,EUR,124.55333333333334
2024-01-15,10115,Berlin,5000.0,Bonus,37,EUR,131.62
2024-01-15,81539,München,5000.0,Bonus,17,EUR,122.33166666666666
2024-01-15,10115,Berlin,4000.0,Bonus,3,EUR,92.47000000000001
2024-01-15,10115,Berlin,4000.0,Bonus,4,EUR,92.505
2024-01-15,10115,Berlin,4000.0,Bonus,49,EUR,111.39999999999999
2024-01-15,10115,Berlin,4000.0,Bonus,50,EUR,111.50666666666666
2024-01-15,81539,München,4000.0,Bonus,13,EUR,96.18666666666667
2024-01-15,81539,München,4000.0,Bonus,48,EUR,109.2075
2024-01-15,81539,München,3000.0,Non-Bonus,8,EUR,80.89999999999999
2024-01-15,81539,München,3000.0,Non-Bonus,14,EUR,81.77916666666667
2024-01-15,81539,München,3000.0,Non-Bonus,31,EUR,86.75416666666666
2024-01-15,81539,München,3000.0,Non-Bonus,43,EUR,89.30083333333333
2024-01-15,10115,Berlin,2500.0,Non-Bonus,49,EUR,77.58833333333332
2024-01-15,10115,Berlin,1500.0,Bonus,36,EUR,46.17083333333333
2024-01-15,10115,Berlin,1500.0,Bonus,50,EUR,47.51666666666667
2024-01-15,81539,München,1000.0,Bonus,41,EUR,34.93083333333333
2024-01-15,81539,München,1000.0,Bonus,45,EUR,35.415
2024-01-15,10115,Berlin,2000.0,Non-Bonus,3,EUR,51.70666666666667
2024-01-15,81539,München,2000.0,Non-Bonus,5,EUR,56.153333333333336
2024-01-15,81539,München,2000.0,Non-Bonus,11,EUR,58.09583333333333
2024-01-15,81539,München,2000.0,Non-Bonus,35,EUR,62.04833333333334
2024-01-15,81539,München,4500.0,Non-Bonus,6,EUR,113.30666666666667
2024-01-15,10115,Berlin,1000.0,Non-Bonus,4,EUR,33.545
2024-01-15,10115,Berlin,1000.0,Non-Bonus,18,EUR,35.348333333333336
2024-01-15,10115,Berlin,1000.0,Non-Bonus,24,EUR,35.708333333333336
2024-01-15,81539,München,1000.0,Non-Bonus,45,EUR,37.63166666666667
2024-01-15,10115,Berlin,1500.0,Non-Bonus,14,EUR,47.218333333333334
2024-01-15,81539,München,1500.0,Non-Bonus,40,EUR,49.626666666666665
2024-01-15,10115,Berlin,4000.0,Non-Bonus,9,EUR,106.32666666666667
2024-01-15,81539,München,4000.0,Non-Bonus,1,EUR,84.46
2024-01-15,81539,München,4000.0,Non-Bonus,35,EUR,113.16083333333334
2024-01-15,10115,Berlin,5000.0,Non-Bonus,12,EUR,131.93666666666667
2024-01-15,81539,München,5000.0,Non-Bonus,8,EUR,127.1075
2024-01-15,81539,München,5000.0,Non-Bonus,14,EUR,129.14583333333334
2024-01-15,81539,München,5000.0,Non-Bonus,33,EUR,138.635
2024-01-15,10115,Berlin,4250.0,Non-Bonus,24,EUR,118.82666666666667
2024-01-15,10115,Berlin,4250.0,Non-Bonus,36,EUR,122.42083333333333
2024-01-15,10115,Berlin,4250.0,Non-Bonus,40,EUR,123.40249999999999
2024-01-15,81539,München,2000.0,Bonus,19,EUR,51.29583333333333
2024-01-15,81539,München,2000.0,Bonus,44,EUR,58.8675
2024-01-15,81539,München,4500.0,Bonus,16,EUR,109.14
2024-01-15,81539,München,4500.0,Bonus,34,EUR,114.83583333333333
2024-01-15,81539,München,4500.0,Bonus,38,EUR,116.74916666666667
2024-01-15,10115,Berlin,4250.0,Bonus,2,EUR,91.46666666666665
2024-01-15,10115,Berlin,4250.0,Bonus,42,EUR,113.27916666666665
2024-01-15,81539,München,4250.0,Bonus,37,EUR,110.26833333333333
2024-01-15,81539,München,3000.0,Bonus,41,EUR,81.72
2024-01-15,10115,Berlin,3500.0,Bonus,37,EUR,94.22500000000001
2024-01-15,81539,München,3500.0,Bonus,21,EUR,86.09166666666665
2024-01-15,81539,München,3500.0,Bonus,37,EUR,92.5575
2024-01-15,81539,München,3500.0,Bonus,46,EUR,95.57166666666666
2024-01-15,10115,Berlin,5000.0,Bonus,38,EUR,131.645
2024-01-15,81539,München,5000.0,Bonus,2,EUR,102.78666666666668
2024-01-15,81539,München,5000.0,Bonus,11,EUR,120.49416666666667
2024-01-15,81539,München,5000.0,Bonus,24,EUR,125.20416666666667
2024-01-15,10115,Berlin,4000.0,Bonus,16,EUR,99.0425
2024-01-15,81539,München,4000.0,Bonus,18,EUR,97.78583333333334
2024-01-15,81539,München,4000.0,Bonus,34,EUR,102.15750000000001
2024-01-15,10115,Berlin,3000.0,Non-Bonus,31,EUR,88.54083333333334
2024-01-15,10115,Berlin,3000.0,Non-Bonus,42,EUR,90.25999999999999
2024-01-15,81539,München,3000.0,Non-Bonus,10,EUR,80.9675
2024-01-15,81539,München,3000.0,Non-Bonus,20,EUR,84.27
2024-01-15,10115,Berlin,3500.0,Non-Bonus,41,EUR,103.56833333333333
2024-01-15,81539,München,3500.0,Non-Bonus,1,EUR,74.45916666666666
2024-01-15,81539,München,3500.0,Non-Bonus,13,EUR,93.62083333333334
2024-01-15,81539,München,3500.0,Non-Bonus,35,EUR,100.19833333333334
2024-01-15,10115,Berlin,2500.0,Non-Bonus,15,EUR,71.85333333333334
2024-01-15,10115,Berlin,1500.0,Bonus,2,EUR,38.3425
2024-01-15,10115,Berlin,1500.0,Bonus,29,EUR,44.90833333333333
2024-01-15,81539,München,1500.0,Bonus,15,EUR,40.931666666666665
2024-01-15,10115,Berlin,1000.0,Bonus,4,EUR,29.83666666666667
2024-01-15,81539,München,1000.0,Bonus,9,EUR,30.5425
2024-01-15,81539,München,1000.0,Bonus,12,EUR,30.941666666666666
2024-01-15,81539,München,1000.0,Bonus,26,EUR,33.21666666666667
2024-01-15,81539,München,1000.0,Bonus,33,EUR,34.25
2024-01-15,81539,München,2000.0,Non-Bonus,41,EUR,62.6775
2024-01-15,81539,München,2000.0,Non-Bonus,44,EUR,62.800000000000004
2024-01-15,10115,Berlin,4500.0,Non-Bonus,3,EUR,106.83
2024-01-15,10115,Berlin,4500.0,Non-Bonus,12,EUR,119.90083333333332
2024-01-15,81539,München,4500.0,Non-Bonus,14,EUR,117.30416666666667
2024-01-15,81539,München,4500.0,Non-Bonus,20,EUR,121.3725
2024-01-15,10115,Berlin,1000.0,Non-Bonus,11,EUR,34.73166666666666
2024-01-15,10115,Berlin,1000.0,Non-Bonus,17,EUR,35.343333333333334
2024-01-15,10115,Berlin,1000.0,Non-Bonus,34,EUR,36.70166666666667
2024-01-15,81539,München,1500.0,Non-Bonus,6,EUR,45.169999999999995
2024-01-15,81539,München,1500.0,Non-Bonus,46,EUR,50.29
2024-01-15,10115,Berlin,,Non-Bonus,10,EUR,131.91166666666666
2024-01-15,10115,Berlin,5000.0,Non-Bonus,25,EUR,139.71583333333334
2024-01-15,81539,München,5000.0,Non-Bonus,18,EUR,133.13166666666666
2024-01-15,81539,München,4250.0,Non-Bonus,23,EUR,115.65833333333335
2024-01-15,10115,Berlin,2000.0,Bonus,39,EUR,58.42250000000001
2024-01-15,10115,Berlin,2000.0,Bonus,43,EUR,59.41416666666667
2024-01-15,81539,München,2000.0,Bonus,9,EUR,48.7475
2024-01-15,81539,München,2000.0,Bonus,17,EUR,51.28333333333333
2024-01-15,81539,München,2000.0,Bonus,41,EUR,58.594166666666666
2024-01-15,81539,München,2000.0,Bonus,45,EUR,59.20333333333334
2024-01-15,81539,München,2500.0,Bonus,4,EUR,57.525
2024-01-15,10115,Berlin,4250.0,Bonus,16,EUR,105.00333333333333
2024-01-15,81539,München,4250.0,Bonus,34,EUR,108.21416666666666
2024-01-15,81539,München,4250.0,Bonus,48,EUR,115.53250000000001
2024-01-15,10115,Berlin,3000.0,Bonus,21,EUR,75.79083333333334
2024-01-15,10115,Berlin,3000.0,Bonus,24,EUR,75.88333333333334
2024-01-15,81539,München,3000.0,Bonus,6,EUR,70.93666666666667
2024-01-15,81539,München,3000.0,Bonus,13,EUR,72.73833333333333
2024-01-15,81539,München,3500.0,Bonus,17,EUR,84.74
2024-01-15,81539,München,3500.0,Bonus,30,EUR,88.71916666666668
2024-01-15,81539,München,5000.0,Bonus,43,EUR,130.67
2024-01-15,10115,Berlin,4000.0,Bonus,30,EUR,102.71
2024-01-15,81539,München,4000.0,Bonus,40,EUR,104.73166666666667
2024-01-15,10115,Berlin,3000.0,Non-Bonus,27,EUR,87.24000000000001
2024-01-15,81539,München,3000.0,Non-Bonus,9,EUR,80.92
2024-01-15,81539,München,3000.0,Non-Bonus,41,EUR,88.8275
2024-01-15,81539,München,3500.0,Non-Bonus,17,EUR,94.8175
2024-01-15,81539,München,3500.0,Non-Bonus,38,EUR,100.8675
2024-01-15,10115,Berlin,2500.0,Non-Bonus,21,EUR,73.04166666666667
2024-01-15,10115,Berlin,2500.0,Non-Bonus,45,EUR,76.96249999999999
2024-01-15,81539,München,2500.0,Non-Bonus,32,EUR,73.83333333333333
2024-01-15,10115,Berlin,1500.0,Bonus,41,EUR,46.62833333333333
2024-01-15,81539,München,1500.0,Bonus,32,EUR,44.94083333333333
2024-01-15,81539,München,1500.0,Bonus,49,EUR,47.09916666666667
2024-01-15,10115,Berlin,1000.0,Bonus,37,EUR,34.78333333333333
2024-01-15,81539,München,1000.0,Bonus,47,EUR,35.464999999999996
2024-01-15,81539,München,2000.0,Non-Bonus,8,EUR,57.20333333333334
2024-01-15,81539,München,4500.0,Non-Bonus,9,EUR,116.61416666666666
2024-01-15,81539,München,4500.0,Non-Bonus,48,EUR,130.3975
2024-01-15,10115,Berlin,,Non-Bonus,10,EUR,34.73
2024-01-15,10115,Berlin,1000.0,Non-Bonus,38,EUR,36.791666666666664
2024-01-15,10115,Berlin,1500.0,Non-Bonus,41,EUR,50.237500000000004
2024-01-15,10115,Berlin,4000.0,Non-Bonus,23,EUR,112.12
2024-01-15,10115,Berlin,5000.0,Non-Bonus,21,EUR,137.365
2024-01-15,10115,Berlin,5000.0,Non-Bonus,24,EUR,139.44
2024-01-15,10115,Berlin,5000.0,Non-Bonus,48,EUR,146.35833333333332
2024-01-15,81539,München,5000.0,Non-Bonus,20,EUR,134.28916666666666
2024-01-15,10115,Berlin,4250.0,Non-Bonus,4,EUR,107.28333333333335
2024-01-15,10115,Berlin,4250.0,Non-Bonus,6,EUR,109.79
2024-01-15,81539,München,4250.0,Non-Bonus,26,EUR,117.42916666666667
2024-01-15,10115,Berlin,2000.0,Bonus,9,EUR,48.43333333333334
2024-01-15,10115,Berlin,2000.0,Bonus,16,EUR,49.46666666666667
2024-01-15,10115,Berlin,2000.0,Bonus,32,EUR,56.925000000000004
2024-01-15,10115,Berlin,2500.0,Bonus,29,EUR,64.30333333333333
2024-01-15,81539,München,2500.0,Bonus,1,EUR,55.038333333333334
2024-01-15,81539,München,2500.0,Bonus,21,EUR,62.501666666666665
2024-01-15,81539,München,2500.0,Bonus,38,EUR,69.1125
2024-01-15,10115,Berlin,4500.0,Bonus,5,EUR,108.00916666666666
2024-01-15,10115,Berlin,4500.0,Bonus,15,EUR,111.38
2024-01-15,81539,München,4500.0,Bonus,21,EUR,111.40916666666668
2024-01-15,10115,Berlin,4250.0,Bonus,8,EUR,102.30250000000001
2024-01-15,10115,Berlin,4250.0,Bonus,35,EUR,110.53583333333334
2024-01-15,10115,Berlin,3000.0,Bonus,50,EUR,84.78416666666666
2024-01-15,81539,München,3000.0,Bonus,26,EUR,75.62583333333333
2024-01-15,10115,Berlin,3500.0,Bonus,13,EUR,85.06
2024-01-15,10115,Berlin,3500.0,Bonus,20,EUR,87.46333333333332
2024-01-15,10115,Berlin,3500.0,Bonus,46,EUR,95.62666666666667
2024-01-15,81539,München,3500.0,Bonus,5,EUR,81.12833333333333
2024-01-15,81539,München,3500.0,Bonus,48,EUR,96.25583333333333
2024-01-15,81539,München,5000.0,Bonus,12,EUR,120.81833333333333
2024-01-15,10115,Berlin,4000.0,Bonus,14,EUR,98.77583333333332
2024-01-15,81539,München,4000.0,Bonus,22,EUR,98.8
2024-01-15,81539,München,3500.0,Non-Bonus,30,EUR,99.6425
2024-01-15,10115,Berlin,2500.0,Non-Bonus,4,EUR,69.42916666666666
2024-01-15,10115,Berlin,2500.0,Non-Bonus,16,EUR,71.89416666666666
2024-01-15,10115,Berlin,2500.0,Non-Bonus,38,EUR,76.31333333333333
2024-01-15,81539,München,2500.0,Non-Bonus,4,EUR,67.89
2024-01-15,81539,München,2500.0,Non-Bonus,23,EUR,71.81583333333333
2024-01-15,10115,Berlin,1500.0,Bonus,14,EUR,40.836666666666666
2024-01-15,10115,Berlin,1500.0,Bonus,43,EUR,46.70083333333333
2024-01-15,81539,München,1500.0,Bonus,8,EUR,39.700833333333335
2024-01-15,81539,München,1500.0,Bonus,38,EUR,46.130833333333335
2024-01-15,81539,München,1000.0,Bonus,10,EUR,30.775000000000002
2024-01-15,81539,München,2000.0,Non-Bonus,17,EUR,59.26
2024-01-15,10115,Berlin,4500.0,Non-Bonus,36,EUR,129.36333333333332
2024-01-15,81539,München,4500.0,Non-Bonus,25,EUR,122.8675
2024-01-15,81539,München,4500.0,Non-Bonus,27,EUR,124.09166666666665
2024-01-15,10115,Berlin,1000.0,Non-Bonus,47,EUR,37.405
2024-01-15,81539,München,1000.0,Non-Bonus,8,EUR,34.2125
2024-01-15,81539,München,1000.0,Non-Bonus,15,EUR,34.93083333333333
2024-01-15,81539,München,1000.0,Non-Bonus,28,EUR,36.0075
2024-01-15,81539,München,1000.0,Non-Bonus,48,EUR,38.1225
2024-01-15,10115,Berlin,1500.0,Non-Bonus,6,EUR,45.635
2024-01-15,10115,Berlin,1500.0,Non-Bonus,16,EUR,47.465
2024-01-15,10115,Berlin,1500.0,Non-Bonus,31,EUR,49.45916666666667
2024-01-15,81539,München,1500.0,Non-Bonus,12,EUR,46.7225
2024-01-15,81539,München,1500.0,Non-Bonus,28,EUR,48.340833333333336
2024-01-15,10115,Berlin,5000.0,Non-Bonus,49,EUR,146.39666666666668
2024-01-15,81539,München,4250.0,Non-Bonus,6,EUR,107.35166666666667
2024-01-15,81539,München,4250.0,Non-Bonus,32,EUR,119.22833333333334
2024-01-15,81539,München,4250.0,Non-Bonus,38,EUR,120.30916666666667
2024-01-15,10115,Berlin,2000.0,Bonus,4,EUR,48.336666666666666
2024-01-15,10115,Berlin,2000.0,Bonus,36,EUR,58.02333333333333
2024-01-15,10115,Berlin,2000.0,Bonus,49,EUR,60.080000000000005
2024-01-15,81539,München,2500.0,Bonus,26,EUR,63.354166666666664
2024-01-15,81539,München,2500.0,Bonus,34,EUR,68.28666666666668
2024-01-15,81539,München,2500.0,Bonus,47,EUR,71.5
2024-01-15,10115,Berlin,4500.0,Bonus,36,EUR,117.27749999999999
2024-01-15,81539,München,4500.0,Bonus,33,EUR,114.51916666666666
2024-01-15,81539,München,4250.0,Bonus,25,EUR,105.895
2024-01-15,81539,München,4250.0,Bonus,28,EUR,106.72333333333334
2024-01-15,81539,München,4250.0,Bonus,42,EUR,111.38333333333333
2024-01-15,81539,München,3000.0,Bonus,5,EUR,69.39583333333333
2024-01-15,10115,Berlin,3500.0,Bonus,45,EUR,95.53500000000001
2024-01-15,81539,München,3500.0,Bonus,50,EUR,96.77499999999999
2024-01-15,10115,Berlin,5000.0,Bonus,43,EUR,132.10083333333333
2024-01-15,10115,Berlin,5000.0,Bonus,46,EUR,135.61083333333332
2024-01-15,81539,München,5000.0,Bonus,6,EUR,118.61500000000001
2024-01-15,81539,München,5000.0,Bonus,42,EUR,130.45333333333335
2024-01-15,81539,München,5000.0,Bonus,44,EUR,130.7675
2024-01-15,81539,München,4000.0,Bonus,9,EUR,95.31416666666667
2024-01-15,81539,München,4000.0,Bonus,17,EUR,97.37416666666667
2024-01-15,81539,München,4000.0,Bonus,32,EUR,101.51583333333333
2024-01-15,10115,Berlin,3000.0,Non-Bonus,18,EUR,85.19166666666666
2024-01-15,10115,Berlin,3500.0,Non-Bonus,21,EUR,98.73
2024-01-15,81539,München,3500.0,Non-Bonus,47,EUR,103.10666666666667
2024-01-15,10115,Berlin,2500.0,Non-Bonus,17,EUR,72.72916666666667
2024-01-15,10115,Berlin,2500.0,Non-Bonus,39,EUR,76.35833333333333
2024-01-15,10115,Berlin,1500.0,Bonus,49,EUR,47.465
2024-01-15,81539,München,1500.0,Bonus,21,EUR,42.424166666666665
2024-01-15,81539,München,1500.0,Bonus,34,EUR,45.32083333333333
2024-01-15,10115,Berlin,1000.0,Bonus,48,EUR,35.699999999999996
2024-01-15,10115,Berlin,2000.0,Non-Bonus,31,EUR,62.04916666666667
2024-01-15,10115,Berlin,2000.0,Non-Bonus,43,EUR,63.59
2024-01-15,81539,München,4500.0,Non-Bonus,21,EUR,121.78500000000001
2024-01-15,10115,Berlin,1000.0,Non-Bonus,5,EUR,34.3375
2024-01-15,10115,Berlin,1000.0,Non-Bonus,27,EUR,36.125
2024-01-15,10115,Berlin,1000.0,Non-Bonus,48,EUR,37.541666666666664
2024-01-15,81539,München,1000.0,Non-Bonus,17,EUR,34.96083333333333
2024-01-15,10115,Berlin,1500.0,Non-Bonus,19,EUR,48.137499999999996
2024-01-15,10115,Berlin,1500.0,Non-Bonus,26,EUR,48.803333333333335
2024-01-15,10115,Berlin,1500.0,Non-Bonus,45,EUR,50.40083333333333
2024-01-15,10115,Berlin,1500.0,Non-Bonus,48,EUR,50.574999999999996
2024-01-15,81539,München,1500.0,Non-Bonus,26,EUR,48.28666666666667
2024-01-15,81539,München,1500.0,Non-Bonus,44,EUR,50.096666666666664
2024-01-15,10115,Berlin,4000.0,Non-Bonus,5,EUR,103.26666666666667
2024-01-15,10115,Berlin,4000.0,Non-Bonus,28,EUR,113.67750000000001
2024-01-15,10115,Berlin,4000.0,Non-Bonus,33,EUR,115.455
2024-01-15,10115,Berlin,5000.0,Non-Bonus,9,EUR,131.86666666666667
2024-01-15,10115,Berlin,5000.0,Non-Bonus,14,EUR,133.42666666666665
2024-01-15,10115,Berlin,5000.0,Non-Bonus,44,EUR,144.65
2024-01-15,10115,Berlin,4250.0,Non-Bonus,35,EUR,122.33916666666666
2024-01-15,81539,München,4250.0,Non-Bonus,14,EUR,112.1275
2024-01-15,81539,München,2000.0,Bonus,33,EUR,57.20333333333334
2024-01-15,10115,Berlin,2500.0,Bonus,15,EUR,61.11666666666667
2024-01-15,81539,München,2500.0,Bonus,35,EUR,68.34583333333333
2024-01-15,10115,Berlin,4500.0,Bonus,4,EUR,106.97000000000001
2024-01-15,10115,Berlin,4500.0,Bonus,39,EUR,119.21916666666668
2024-01-15,10115,Berlin,4500.0,Bonus,50,EUR,124.39
2024-01-15,81539,München,4500.0,Bonus,1,EUR,89.745
2024-01-15,81539,München,4500.0,Bonus,50,EUR,122.00083333333333
2024-01-15,10115,Berlin,4250.0,Bonus,11,EUR,102.54416666666667
2024-01-15,81539,München,4250.0,Bonus,7,EUR,101.15666666666668
2024-01-15,81539,München,4250.0,Bonus,11,EUR,101.85833333333333
2024-01-15,81539,München,4250.0,Bonus,15,EUR,102.565
2024-01-15,10115,Berlin,3000.0,Bonus,27,EUR,76.58916666666667
2024-01-15,81539,München,3000.0,Bonus,18,EUR,73.58333333333333
2024-01-15,81539,München,3000.0,Bonus,38,EUR,80.9675
2024-01-15,81539,München,3000.0,Bonus,49,EUR,84.08833333333332
2024-01-15,10115,Berlin,3500.0,Bonus,26,EUR,88.9875
2024-01-15,10115,Berlin,5000.0,Bonus,6,EUR,122.16250000000001
2024-01-15,10115,Berlin,5000.0,Bonus,8,EUR,122.2025
2024-01-15,10115,Berlin,5000.0,Bonus,36,EUR,131.45833333333334
2024-01-15,10115,Berlin,4000.0,Bonus,2,EUR,86.675
2024-01-15,10115,Berlin,4000.0,Bonus,23,EUR,101.17750000000001
2024-01-15,10115,Berlin,4000.0,Bonus,26,EUR,102.19166666666666
2024-01-15,81539,München,4000.0,Bonus,27,EUR,99.93
2024-01-15,81539,München,4000.0,Bonus,31,EUR,101.39083333333333
2024-01-15,81539,München,4000.0,Bonus,36,EUR,102.71583333333332
2024-01-15,81539,München,4000.0,Bonus,39,EUR,104.68666666666667
2024-01-15,10115,Berlin,3000.0,Non-Bonus,5,EUR,81.93166666666666
2024-01-15,10115,Berlin,3000.0,Non-Bonus,23,EUR,85.99000000000001
2024-01-15,10115,Berlin,3000.0,Non-Bonus,34,EUR,89.255
2024-01-15,10115,Berlin,3000.0,Non-Bonus,46,EUR,91.31166666666667
2024-01-15,81539,München,3000.0,Non-Bonus,6,EUR,79.84916666666668
2024-01-15,10115,Berlin,3500.0,Non-Bonus,37,EUR,102.81583333333333
2024-01-15,81539,München,3500.0,Non-Bonus,42,EUR,101.90249999999999
2024-01-15,10115,Berlin,2500.0,Non-Bonus,50,EUR,77.59083333333334
2024-01-15,81539,München,2500.0,Non-Bonus,18,EUR,71.5
2024-01-15,10115,Berlin,1500.0,Bonus,1,EUR,37.875
2024-01-15,10115,Berlin,1500.0,Bonus,21,EUR,42.88666666666666
2024-01-15,81539,München,1500.0,Bonus,1,EUR,36.685833333333335
2024-01-15,81539,München,1500.0,Bonus,18,EUR,41.00833333333333
2024-01-15,81539,München,1500.0,Bonus,20,EUR,41.43833333333333
2024-01-15,81539,München,1500.0,Bonus,22,EUR,42.51
2024-01-15,10115,Berlin,1000.0,Bonus,10,EUR,30.8225
2024-01-15,10115,Berlin,1000.0,Bonus,35,EUR,34.65083333333333
2024-01-15,10115,Berlin,1000.0,Bonus,39,EUR,35.04
2024-01-15,10115,Berlin,2000.0,Non-Bonus,2,EUR,48.43833333333333
2024-01-15,10115,Berlin,2000.0,Non-Bonus,6,EUR,57.62083333333334
2024-01-15,10115,Berlin,2000.0,Non-Bonus,13,EUR,59.54
2024-01-15,10115,Berlin,2000.0,Non-Bonus,16,EUR,60.028333333333336
2024-01-15,81539,München,2000.0,Non-Bonus,15,EUR,59.20333333333334
2024-01-15,81539,München,2000.0,Non-Bonus,40,EUR,62.67666666666667
2024-01-15,10115,Berlin,4500.0,Non-Bonus,6,EUR,115.99166666666667
2024-01-15,10115,Berlin,4500.0,Non-Bonus,20,EUR,124.39
2024-01-15,10115,Berlin,4500.0,Non-Bonus,26,EUR,126.69666666666666
2024-01-15,10115,Berlin,4500.0,Non-Bonus,31,EUR,128.27833333333334
2024-01-15,10115,Berlin,4500.0,Non-Bonus,34,EUR,128.88750000000002
2024-01-15,10115,Berlin,4500.0,Non-Bonus,42,EUR,130.61249999999998
2024-01-15,10115,Berlin,1000.0,Non-Bonus,6,EUR,34.35666666666666
2024-01-15,10115,Berlin,1000.0,Non-Bonus,42,EUR,37.02916666666667
2024-01-15,81539,München,1500.0,Non-Bonus,2,EUR,38.685833333333335
2024-01-15,81539,München,1500.0,Non-Bonus,31,EUR,48.85333333333333
2024-01-15,10115,Berlin,4000.0,Non-Bonus,20,EUR,111.52749999999999
2024-01-15,10115,Berlin,4000.0,Non-Bonus,25,EUR,113.33999999999999
2024-01-15,81539,München,4000.0,Non-Bonus,4,EUR,99.03333333333335
2024-01-15,81539,München,4000.0,Non-Bonus,7,EUR,101.9525
2024-01-15,81539,München,4000.0,Non-Bonus,8,EUR,102.71583333333332
2024-01-15,81539,München,4000.0,Non-Bonus,10,EUR,104.24416666666667
2024-01-15,10115,Berlin,5000.0,Non-Bonus,29,EUR,141.49333333333334
2024-01-15,81539,München,5000.0,Non-Bonus,10,EUR,128.6825
2024-01-15,81539,München,5000.0,Non-Bonus,42,EUR,141.43583333333333
2024-01-15,10115,Berlin,4250.0,Non-Bonus,9,EUR,113.09916666666668
2024-01-15,10115,Berlin,4250.0,Non-Bonus,41,EUR,123.53083333333332
2024-01-15,10115,Berlin,4250.0,Non-Bonus,47,EUR,124.88833333333334
2024-01-15,81539,München,4250.0,Non-Bonus,16,EUR,112.2025
2024-01-15,81539,München,4250.0,Non-Bonus,46,EUR,122.935
2024-01-15,10115,Berlin,2000.0,Bonus,15,EUR,49.46083333333333
2024-01-15,10115,Berlin,2000.0,Bonus,38,EUR,58.39166666666667
2024-01-15,10115,Berlin,2000.0,Bonus,41,EUR,58.73583333333334
2024-01-15,81539,München,2000.0,Bonus,15,EUR,50.75833333333333
2024-01-15,81539,München,2000.0,Bonus,16,EUR,51.27916666666667
2024-01-15,10115,Berlin,2500.0,Bonus,14,EUR,60.50416666666666
2024-01-15,81539,München,2500.0,Bonus,10,EUR,59.81
2024-01-15,10115,Berlin,4500.0,Bonus,24,EUR,114.23083333333334
2024-01-15,10115,Berlin,4500.0,Bonus,44,EUR,119.90083333333332
2024-01-15,81539,München,4500.0,Bonus,27,EUR,113.03750000000001
2024-01-15,10115,Berlin,4250.0,Bonus,3,EUR,97.34249999999999
2024-01-15,10115,Berlin,4250.0,Bonus,9,EUR,102.32249999999999
2024-01-15,10115,Berlin,4250.0,Bonus,18,EUR,105.875
2024-01-15,10115,Berlin,3000.0,Bonus,8,EUR,72.63416666666667
2024-01-15,81539,München,3000.0,Bonus,22,EUR,74.40833333333333
2024-01-15,81539,München,3000.0,Bonus,48,EUR,82.89916666666666
2024-01-15,81539,München,3500.0,Bonus,29,EUR,88.54416666666667
2024-01-15,81539,München,3500.0,Bonus,34,EUR,92.13333333333333
2024-01-15,10115,Berlin,5000.0,Bonus,27,EUR,128.19416666666666
2024-01-15,10115,Berlin,5000.0,Bonus,28,EUR,128.41833333333332
2024-01-15,10115,Berlin,5000.0,Bonus,32,EUR,129.44166666666666
2024-01-15,81539,München,5000.0,Bonus,41,EUR,129.14583333333334
2024-01-15,10115,Berlin,4000.0,Bonus,28,EUR,102.585
2024-01-15,10115,Berlin,4000.0,Bonus,37,EUR,104.89
2024-01-15,81539,München,4000.0,Bonus,11,EUR,96.10833333333333
2024-01-15,10115,Berlin,3000.0,Non-Bonus,4,EUR,81.86666666666666
2024-01-15,10115,Berlin,3000.0,Non-Bonus,7,EUR,82.11
2024-01-15,10115,Berlin,3000.0,Non-Bonus,41,EUR,90.05833333333334
2024-01-15,81539,München,3000.0,Non-Bonus,1,EUR,65.33
2024-01-15,81539,München,3000.0,Non-Bonus,30,EUR,86.73416666666667
2024-01-15,81539,München,3000.0,Non-Bonus,38,EUR,88.08333333333333
2024-01-15,81539,München,3000.0,Non-Bonus,45,EUR,89.69
2024-01-15,10115,Berlin,3500.0,Non-Bonus,4,EUR,92.325
2024-01-15,10115,Berlin,3500.0,Non-Bonus,23,EUR,99.1175
2024-01-15,10115,Berlin,3500.0,Non-Bonus,34,EUR,102.63916666666667
2024-01-15,81539,München,3500.0,Non-Bonus,12,EUR,92.85000000000001
2024-01-15,81539,München,3500.0,Non-Bonus,15,EUR,93.735
2024-01-15,81539,München,3500.0,Non-Bonus,39,EUR,100.925
2024-01-15,81539,München,3500.0,Non-Bonus,49,EUR,103.37833333333333
2024-01-15,10115,Berlin,2500.0,Non-Bonus,23,EUR,73.14833333333333
2024-01-15,10115,Berlin,2500.0,Non-Bonus,25,EUR,73.385
2024-01-15,10115,Berlin,2500.0,Non-Bonus,42,EUR,76.785
2024-01-15,81539,München,2500.0,Non-Bonus,33,EUR,74.11833333333333
2024-01-15,81539,München,2500.0,Non-Bonus,46,EUR,76.28666666666668
2024-01-15,10115,Berlin,1500.0,Bonus,6,EUR,39.237500000000004
2024-01-15,10115,Berlin,1500.0,Bonus,25,EUR,44.16833333333333
2024-01-15,81539,München,1500.0,Bonus,12,EUR,40.373333333333335
2024-01-15,81539,München,1500.0,Bonus,26,EUR,43.7425
2024-01-15,81539,München,1500.0,Bonus,48,EUR,47.06166666666667
2024-01-15,10115,Berlin,1000.0,Bonus,2,EUR,29.791666666666668
2024-01-15,10115,Berlin,1000.0,Bonus,14,EUR,31.614166666666666
2024-01-15,81539,München,1000.0,Bonus,20,EUR,32.08166666666667
2024-01-15,81539,München,1000.0,Bonus,29,EUR,34.024166666666666
2024-01-15,81539,München,1000.0,Bonus,40,EUR,34.90083333333333
2024-01-15,10115,Berlin,2000.0,Non-Bonus,39,EUR,63.550000000000004
2024-01-15,81539,München,2000.0,Non-Bonus,1,EUR,47.80833333333334
2024-01-15,81539,München,2000.0,Non-Bonus,42,EUR,62.76083333333333
2024-01-15,10115,Berlin,4500.0,Non-Bonus,9,EUR,119.40416666666665
2024-01-15,81539,München,4500.0,Non-Bonus,43,EUR,128.27833333333334
2024-01-15,10115,Berlin,1000.0,Non-Bonus,36,EUR,36.75
2024-01-15,10115,Berlin,1000.0,Non-Bonus,37,EUR,36.75083333333333
2024-01-15,81539,München,1000.0,Non-Bonus,7,EUR,34.2075
2024-01-15,81539,München,1000.0,Non-Bonus,19,EUR,35.1275
2024-01-15,10115,Berlin,1500.0,Non-Bonus,12,EUR,47.189166666666665
2024-01-15,10115,Berlin,1500.0,Non-Bonus,15,EUR,47.4
2024-01-15,10115,Berlin,1500.0,Non-Bonus,40,EUR,50.237500000000004
2024-01-15,10115,Berlin,1500.0,Non-Bonus,43,EUR,50.3375
2024-01-15,81539,München,1500.0,Non-Bonus,32,EUR,48.86166666666667
2024-01-15,10115,Berlin,4000.0,Non-Bonus,34,EUR,115.77916666666665
2024-01-15,10115,Berlin,4000.0,Non-Bonus,44,EUR,117.23333333333333
2024-01-15,10115,Berlin,4000.0,Non-Bonus,49,EUR,118.64166666666667
2024-01-15,81539,München,4000.0,Non-Bonus,27,EUR,111.14583333333333
2024-01-15,10115,Berlin,5000.0,Non-Bonus,20,EUR,137.35666666666665
2024-01-15,10115,Berlin,5000.0,Non-Bonus,34,EUR,142.20166666666668
2024-01-15,81539,München,5000.0,Non-Bonus,2,EUR,102.92166666666667
2024-01-15,81539,München,5000.0,Non-Bonus,21,EUR,134.38333333333333
2024-01-15,10115,Berlin,4250.0,Non-Bonus,14,EUR,114.61416666666666
2024-01-15,10115,Berlin,4250.0,Non-Bonus,27,EUR,120.1275
2024-01-15,81539,München,4250.0,Non-Bonus,11,EUR,110.75333333333333
2024-01-15,81539,München,4250.0,Non-Bonus,34,EUR,119.71083333333333
2024-01-15,81539,München,2000.0,Bonus,5,EUR,48.689166666666665
2024-01-15,81539,München,2000.0,Bonus,20,EUR,52.0425
2024-01-15,81539,München,2000.0,Bonus,22,EUR,52.36000000000001
2024-01-15,81539,München,2000.0,Bonus,36,EUR,57.69
2024-01-15,10115,Berlin,2500.0,Bonus,28,EUR,64.28666666666668
2024-01-15,10115,Berlin,2500.0,Bonus,31,EUR,65.47166666666666
2024-01-15,10115,Berlin,2500.0,Bonus,45,EUR,71.10083333333334
2024-01-15,81539,München,4500.0,Bonus,7,EUR,106.84333333333332
2024-01-15,81539,München,4500.0,Bonus,10,EUR,107.3925
2024-01-15,81539,München,4500.0,Bonus,29,EUR,113.37416666666667
2024-01-15,81539,München,4500.0,Bonus,49,EUR,121.89999999999999
2024-01-15,10115,Berlin,4250.0,Bonus,1,EUR,90.295
2024-01-15,10115,Berlin,4250.0,Bonus,23,EUR,107.50583333333333
2024-01-15,10115,Berlin,4250.0,Bonus,29,EUR,109.32333333333334
2024-01-15,81539,München,4250.0,Bonus,13,EUR,102.35333333333334
2024-01-15,10115,Berlin,3000.0,Bonus,16,EUR,74.21416666666667
2024-01-15,10115,Berlin,3000.0,Bonus,18,EUR,74.58333333333333
2024-01-15,10115,Berlin,3000.0,Bonus,33,EUR,79.09083333333334
2024-01-15,81539,München,3000.0,Bonus,3,EUR,66.13416666666667
2024-01-15,81539,München,3000.0,Bonus,16,EUR,73.25083333333333
2024-01-15,81539,München,3000.0,Bonus,21,EUR,74.24166666666666
2024-01-15,81539,München,3000.0,Bonus,27,EUR,76.09916666666668
2024-01-15,81539,München,3000.0,Bonus,30,EUR,77.53833333333334
2024-01-15,10115,Berlin,3500.0,Bonus,5,EUR,82.09166666666667
2024-01-15,10115,Berlin,3500.0,Bonus,12,EUR,84.495
2024-01-15,10115,Berlin,3500.0,Bonus,15,EUR,86.17666666666666
2024-01-15,81539,München,3500.0,Bonus,19,EUR,84.96416666666667
2024-01-15,10115,Berlin,5000.0,Bonus,20,EUR,125.30666666666667
2024-01-15,10115,Berlin,5000.0,Bonus,35,EUR,130.46833333333333
2024-01-15,10115,Berlin,5000.0,Bonus,41,EUR,131.91416666666666
2024-01-15,81539,München,5000.0,Bonus,31,EUR,127.44166666666666
2024-01-15,10115,Berlin,4000.0,Bonus,10,EUR,95.63333333333333
2024-01-15,10115,Berlin,4000.0,Bonus,33,EUR,103.63916666666667
2024-01-15,81539,München,4000.0,Bonus,33,EUR,101.53166666666668
2024-01-15,81539,München,3000.0,Non-Bonus,2,EUR,66.13416666666667
2024-01-15,81539,München,3000.0,Non-Bonus,13,EUR,81.72
2024-01-15,10115,Berlin,3500.0,Non-Bonus,46,EUR,104.22833333333334
2024-01-15,10115,Berlin,2500.0,Non-Bonus,36,EUR,76.17
2024-01-15,10115,Berlin,2500.0,Non-Bonus,37,EUR,76.26416666666667
2024-01-15,81539,München,2500.0,Non-Bonus,13,EUR,70.10416666666667
2024-01-15,81539,München,2500.0,Non-Bonus,20,EUR,71.7825
2024-01-15,81539,München,2500.0,Non-Bonus,29,EUR,73.44333333333334
2024-01-15,10115,Berlin,1500.0,Bonus,23,EUR,43.001666666666665
2024-01-15,10115,Berlin,1500.0,Bonus,32,EUR,45.40416666666667
2024-01-15,10115,Berlin,1000.0,Bonus,38,EUR,34.973333333333336
2024-01-15,81539,München,1000.0,Bonus,25,EUR,33.1675
2024-01-15,81539,München,1000.0,Bonus,36,EUR,34.516666666666666
2024-01-15,10115,Berlin,2000.0,Non-Bonus,12,EUR,59.50666666666667
2024-01-15,10115,Berlin,2000.0,Non-Bonus,50,EUR,64.26
2024-01-15,81539,München,4500.0,Non-Bonus,42,EUR,128.0525
2024-01-15,81539,München,1000.0,Non-Bonus,9,EUR,34.25
2024-01-15,81539,München,1000.0,Non-Bonus,10,EUR,34.4125
2024-01-15,10115,Berlin,,Non-Bonus,10,EUR,46.744166666666665
2024-01-15,10115,Berlin,1500.0,Non-Bonus,27,EUR,49.074999999999996
2024-01-15,81539,München,1500.0,Non-Bonus,11,EUR,46.25416666666666
2024-01-15,10115,Berlin,4000.0,Non-Bonus,16,EUR,108.88499999999999
2024-01-15,10115,Berlin,4000.0,Non-Bonus,24,EUR,112.25666666666666
2024-01-15,10115,Berlin,4000.0,Non-Bonus,29,EUR,113.69083333333333
2024-01-15,10115,Berlin,4000.0,Non-Bonus,36,EUR,115.83166666666666
2024-01-15,81539,München,4000.0,Non-Bonus,50,EUR,117.16333333333334
2024-01-15,10115,Berlin,5000.0,Non-Bonus,30,EUR,141.52333333333334
2024-01-15,10115,Berlin,5000.0,Non-Bonus,33,EUR,142.185
2024-01-15,10115,Berlin,5000.0,Non-Bonus,47,EUR,146.32833333333335
2024-01-15,81539,München,5000.0,Non-Bonus,16,EUR,130.67
2024-01-15,81539,München,5000.0,Non-Bonus,48,EUR,143.42666666666665
2024-01-15,10115,Berlin,4250.0,Non-Bonus,1,EUR,91.46666666666665
2024-01-15,10115,Berlin,4250.0,Non-Bonus,12,EUR,113.80083333333333
2024-01-15,10115,Berlin,4250.0,Non-Bonus,20,EUR,117.9925
2024-01-15,10115,Berlin,4250.0,Non-Bonus,48,EUR,125.27833333333332
2024-01-15,81539,München,4250.0,Non-Bonus,12,EUR,111.34666666666668
2024-01-15,81539,München,2000.0,Bonus,7,EUR,48.72416666666667
2024-01-15,10115,Berlin,2500.0,Bonus,23,EUR,63.335
2024-01-15,10115,Berlin,4500.0,Bonus,27,EUR,115.41250000000001
2024-01-15,10115,Berlin,4500.0,Bonus,30,EUR,116.00166666666667
2024-01-15,81539,München,4500.0,Bonus,5,EUR,105.3975
2024-01-15,81539,München,4500.0,Bonus,40,EUR,116.94583333333333
2024-01-15,81539,München,4500.0,Bonus,41,EUR,117.25999999999999
2024-01-15,10115,Berlin,4250.0,Bonus,4,EUR,99.05
2024-01-15,10115,Berlin,3500.0,Bonus,21,EUR,87.83083333333333
2024-01-15,81539,München,3500.0,Bonus,20,EUR,85.92833333333334
2024-01-15,81539,München,3500.0,Bonus,28,EUR,87.745
2024-01-15,81539,München,3500.0,Bonus,39,EUR,92.5675
2024-01-15,10115,Berlin,5000.0,Bonus,7,EUR,122.185
2024-01-15,10115,Berlin,5000.0,Bonus,48,EUR,136.66416666666666
2024-01-15,81539,München,5000.0,Bonus,19,EUR,122.55083333333333
2024-01-15,10115,Berlin,3500.0,Non-Bonus,8,EUR,94.46166666666666
2024-01-15,10115,Berlin,3500.0,Non-Bonus,44,EUR,103.78750000000001
2024-01-15,81539,München,3500.0,Non-Bonus,5,EUR,90.59833333333334
2024-01-15,81539,München,3500.0,Non-Bonus,14,EUR,93.72916666666667
2024-01-15,10115,Berlin,2500.0,Non-Bonus,44,EUR,76.95416666666667
2024-01-15,10115,Berlin,1500.0,Bonus,44,EUR,46.744166666666665
2024-01-15,81539,München,1500.0,Bonus,25,EUR,43.09583333333333
2024-01-15,10115,Berlin,1000.0,Bonus,9,EUR,30.564999999999998
2024-01-15,10115,Berlin,1000.0,Bonus,34,EUR,34.623333333333335
2024-01-15,10115,Berlin,2000.0,Non-Bonus,11,EUR,59.5
2024-01-15,10115,Berlin,2000.0,Non-Bonus,26,EUR,61.51666666666667
2024-01-15,81539,München,2000.0,Non-Bonus,3,EUR,48.43833333333333
2024-01-15,81539,München,2000.0,Non-Bonus,9,EUR,57.35333333333333
2024-01-15,81539,München,4500.0,Non-Bonus,41,EUR,127.855
2024-01-15,10115,Berlin,1000.0,Non-Bonus,13,EUR,35.04
2024-01-15,81539,München,1000.0,Non-Bonus,20,EUR,35.45166666666667
2024-01-15,81539,München,1000.0,Non-Bonus,42,EUR,37.19083333333334
2024-01-15,10115,Berlin,1500.0,Non-Bonus,20,EUR,48.354166666666664
2024-01-15,10115,Berlin,1500.0,Non-Bonus,39,EUR,50.137499999999996
2024-01-15,81539,München,1500.0,Non-Bonus,14,EUR,46.754999999999995
2024-01-15,81539,München,1500.0,Non-Bonus,38,EUR,49.107499999999995
2024-01-15,10115,Berlin,4000.0,Non-Bonus,3,EUR,92.505
2024-01-15,10115,Berlin,2000.0,Bonus,7,EUR,48.42083333333333
2024-01-15,10115,Berlin,2500.0,Bonus,18,EUR,61.60333333333333
2024-01-15,10115,Berlin,2500.0,Bonus,32,EUR,65.74666666666667
2024-01-15,81539,München,2500.0,Bonus,17,EUR,60.5875
2024-01-15,81539,München,2500.0,Bonus,19,EUR,61.620000000000005
2024-01-15,81539,München,2500.0,Bonus,25,EUR,63.035
2024-01-15,81539,München,2500.0,Bonus,41,EUR,69.91250000000001
2024-01-15,10115,Berlin,4500.0,Bonus,1,EUR,95.02749999999999
2024-01-15,10115,Berlin,4500.0,Bonus,3,EUR,106.83
2024-01-15,10115,Berlin,4500.0,Bonus,29,EUR,115.99166666666667
2024-01-15,10115,Berlin,4500.0,Bonus,33,EUR,116.42166666666667
2024-01-15,81539,München,4500.0,Bonus,15,EUR,108.80583333333334
2024-01-15,81539,München,4500.0,Bonus,45,EUR,118.78416666666668
2024-01-15,10115,Berlin,4250.0,Bonus,15,EUR,104.8925
2024-01-15,81539,München,4250.0,Bonus,32,EUR,108.02583333333332
2024-01-15,81539,München,4250.0,Bonus,43,EUR,112.17833333333334
2024-01-15,10115,Berlin,3000.0,Bonus,9,EUR,72.6425
2024-01-15,81539,München,3000.0,Bonus,42,EUR,81.77916666666667
2024-01-15,10115,Berlin,3500.0,Bonus,23,EUR,88.15833333333335
2024-01-15,10115,Berlin,3500.0,Bonus,28,EUR,89.20416666666667
2024-01-15,10115,Berlin,3500.0,Bonus,42,EUR,94.64333333333333
2024-01-15,81539,München,3500.0,Bonus,16,EUR,84.4375
2024-01-15,10115,Berlin,5000.0,Bonus,4,EUR,120.39666666666666
2024-01-15,81539,München,5000.0,Bonus,1,EUR,98.92083333333333
2024-01-15,81539,München,5000.0,Bonus,28,EUR,126.50916666666666
2024-01-15,81539,München,5000.0,Bonus,46,EUR,133.57166666666666
2024-01-15,10115,Berlin,4000.0,Bonus,47,EUR,108.88499999999999
2024-01-15,81539,München,4000.0,Bonus,6,EUR,95.28416666666668
2024-01-15,81539,München,4000.0,Bonus,7,EUR,95.3
2024-01-15,81539,München,4000.0,Bonus,15,EUR,96.55083333333333
2024-01-15,81539,München,4000.0,Bonus,30,EUR,101.325
2024-01-15,10115,Berlin,3000.0,Non-Bonus,16,EUR,84.41666666666667
2024-01-15,10115,Berlin,3000.0,Non-Bonus,33,EUR,89.07666666666667
2024-01-15,81539,München,3000.0,Non-Bonus,33,EUR,87.005
2024-01-15,10115,Berlin,3500.0,Non-Bonus,30,EUR,101.51166666666667
2024-01-15,10115,Berlin,3500.0,Non-Bonus,35,EUR,102.67083333333333
2024-01-15,81539,München,3500.0,Non-Bonus,23,EUR,96.93333333333334
2024-01-15,81539,München,3500.0,Non-Bonus,34,EUR,99.9575
2024-01-15,81539,München,2500.0,Non-Bonus,12,EUR,69.9375
2024-01-15,81539,München,2500.0,Non-Bonus,17,EUR,70.85083333333334
2024-01-15,81539,München,2500.0,Non-Bonus,36,EUR,74.92583333333333
2024-01-15,10115,Berlin,1500.0,Bonus,22,EUR,42.95249999999999
2024-01-15,10115,Berlin,1500.0,Bonus,35,EUR,45.97083333333333
2024-01-15,10115,Berlin,1500.0,Bonus,45,EUR,46.79583333333333
2024-01-15,10115,Berlin,1000.0,Bonus,47,EUR,35.571666666666665
2024-01-15,81539,München,1000.0,Bonus,17,EUR,31.868333333333336
2024-01-15,81539,München,1000.0,Bonus,24,EUR,33.115833333333335
2024-01-15,10115,Berlin,2000.0,Non-Bonus,46,EUR,63.725
2024-01-15,81539,München,2000.0,Non-Bonus,12,EUR,58.56666666666666
2024-01-15,81539,München,1000.0,Non-Bonus,30,EUR,36.149166666666666
2024-01-15,10115,Berlin,1500.0,Non-Bonus,23,EUR,48.62916666666666
2024-01-15,81539,München,1500.0,Non-Bonus,39,EUR,49.6025
2024-01-15,81539,München,1500.0,Non-Bonus,47,EUR,50.490833333333335
2024-01-15,81539,München,1500.0,Non-Bonus,50,EUR,51.13583333333333
2024-01-15,81539,München,4000.0,Non-Bonus,25,EUR,110.075
2024-01-15,81539,München,4000.0,Non-Bonus,46,EUR,116.41583333333334
2024-01-15,10115,Berlin,5000.0,Non-Bonus,7,EUR,130.04166666666666
2024-01-15,81539,München,5000.0,Non-Bonus,4,EUR,122.20833333333333
2024-01-15,81539,München,5000.0,Non-Bonus,50,EUR,143.83333333333334
2024-01-15,81539,München,4250.0,Non-Bonus,10,EUR,110.67333333333333
2024-01-15,10115,Berlin,2000.0,Bonus,13,EUR,49.0625
2024-01-15,10115,Berlin,2000.0,Bonus,30,EUR,55.34
2024-01-15,10115,Berlin,2000.0,Bonus,48,EUR,60.028333333333336
2024-01-15,10115,Berlin,2500.0,Bonus,7,EUR,60.35583333333333
2024-01-15,10115,Berlin,4500.0,Bonus,13,EUR,110.6225
2024-01-15,10115,Berlin,4500.0,Bonus,18,EUR,113.14999999999999
2024-01-15,10115,Berlin,4500.0,Bonus,20,EUR,113.65916666666668
2024-01-15,10115,Berlin,4500.0,Bonus,45,EUR,120.88499999999999
2024-01-15,10115,Berlin,4500.0,Bonus,46,EUR,120.96333333333332
2024-01-15,81539,München,4500.0,Bonus,9,EUR,106.85166666666667
2024-01-15,81539,München,4500.0,Bonus,48,EUR,121.78500000000001
2024-01-15,10115,Berlin,4250.0,Bonus,32,EUR,109.79
2024-01-15,81539,München,4250.0,Bonus,3,EUR,96.245
2024-01-15,81539,München,4250.0,Bonus,41,EUR,111.34666666666668
2024-01-15,81539,München,4250.0,Bonus,45,EUR,112.7925
2024-01-15,10115,Berlin,3000.0,Bonus,3,EUR,67.50583333333334
2024-01-15,10115,Berlin,3000.0,Bonus,14,EUR,73.55333333333333
2024-01-15,10115,Berlin,3000.0,Bonus,26,EUR,76.09333333333333
2024-01-15,10115,Berlin,3000.0,Bonus,29,EUR,77.63333333333334
2024-01-15,81539,München,3000.0,Bonus,7,EUR,70.9425
2024-01-15,81539,München,3000.0,Bonus,29,EUR,76.80083333333333
2024-01-15,81539,München,3000.0,Bonus,45,EUR,82.83416666666666
2024-01-15,81539,München,3500.0,Bonus,35,EUR,92.49916666666667
2024-01-15,10115,Berlin,5000.0,Bonus,9,EUR,122.20833333333333
2024-01-15,10115,Berlin,5000.0,Bonus,22,EUR,127.02916666666665
2024-01-15,10115,Berlin,4000.0,Bonus,32,EUR,103.57083333333333
2024-01-15,81539,München,3000.0,Non-Bonus,44,EUR,89.54916666666666
2024-01-15,10115,Berlin,3500.0,Non-Bonus,3,EUR,80.09916666666668
2024-01-15,10115,Berlin,3500.0,Non-Bonus,15,EUR,95.80166666666666
2024-01-15,10115,Berlin,3500.0,Non-Bonus,33,EUR,102.08999999999999
2024-01-15,81539,München,2500.0,Non-Bonus,27,EUR,72.57833333333333
2024-01-15,10115,Berlin,1500.0,Bonus,20,EUR,42.85583333333333
2024-01-15,10115,Berlin,1500.0,Bonus,39,EUR,46.585
2024-01-15,81539,München,1500.0,Bonus,23,EUR,42.62583333333333
2024-01-15,10115,Berlin,1000.0,Bonus,17,EUR,32.16916666666666
2024-01-15,81539,München,1000.0,Bonus,8,EUR,30.503333333333334
2024-01-15,81539,München,1000.0,Bonus,42,EUR,34.93333333333333
2024-01-15,81539,München,1000.0,Bonus,43,EUR,35.083333333333336
2024-01-15,10115,Berlin,2000.0,Non-Bonus,47,EUR,63.76916666666667
2024-01-15,81539,München,2000.0,Non-Bonus,39,EUR,62.33083333333334
2024-01-15,81539,München,2000.0,Non-Bonus,48,EUR,63.666666666666664
2024-01-15,10115,Berlin,1000.0,Non-Bonus,3,EUR,32.77833333333333
2024-01-15,81539,München,1000.0,Non-Bonus,23,EUR,35.45666666666667
2024-01-15,81539,München,1000.0,Non-Bonus,50,EUR,38.149166666666666
2024-01-15,10115,Berlin,1500.0,Non-Bonus,7,EUR,45.784166666666664
2024-01-15,10115,Berlin,1500.0,Non-Bonus,32,EUR,49.46
2024-01-15,10115,Berlin,4000.0,Non-Bonus,11,EUR,106.98
2024-01-15,10115,Berlin,4000.0,Non-Bonus,27,EUR,113.46833333333332
2024-01-15,81539,München,4000.0,Non-Bonus,40,EUR,114.44166666666666
2024-01-15,10115,Berlin,5000.0,Non-Bonus,2,EUR,108.49166666666667
2024-01-15,10115,Berlin,2000.0,Bonus,27,EUR,54.10583333333333
2024-01-15,10115,Berlin,2000.0,Bonus,50,EUR,60.166666666666664
2024-01-15,81539,München,2000.0,Bonus,3,EUR,47.80833333333334
2024-01-15,81539,München,2000.0,Bonus,10,EUR,49.55833333333334
2024-01-15,81539,München,2000.0,Bonus,13,EUR,49.615833333333335
2024-01-15,81539,München,2000.0,Bonus,28,EUR,55.10666666666666
2024-01-15,10115,Berlin,2500.0,Bonus,11,EUR,60.375
2024-01-15,10115,Berlin,2500.0,Bonus,46,EUR,71.45833333333333
2024-01-15,81539,München,2500.0,Bonus,14,EUR,60.42083333333333
2024-01-15,81539,München,4500.0,Bonus,22,EUR,111.59166666666665
2024-01-15,81539,München,4500.0,Bonus,25,EUR,112.33916666666666
2024-01-15,10115,Berlin,4250.0,Bonus,10,EUR,102.3775
2024-01-15,81539,München,4250.0,Bonus,19,EUR,104.47500000000001
2024-01-15,10115,Berlin,3000.0,Bonus,1,EUR,66.67999999999999
2024-01-15,10115,Berlin,3000.0,Bonus,22,EUR,75.79166666666667
2024-01-15,10115,Berlin,3000.0,Bonus,32,EUR,79.085
2024-01-15,10115,Berlin,3000.0,Bonus,46,EUR,84.05
2024-01-15,81539,München,3000.0,Bonus,28,EUR,76.11666666666666
2024-01-15,81539,München,3500.0,Bonus,4,EUR,79.33916666666667
2024-01-15,81539,München,3500.0,Bonus,11,EUR,83.80499999999999
2024-01-15,10115,Berlin,5000.0,Bonus,5,EUR,121.39666666666666
2024-01-15,10115,Berlin,5000.0,Bonus,10,EUR,122.21083333333333
2024-01-15,10115,Berlin,5000.0,Bonus,17,EUR,124.60333333333334
2024-01-15,10115,Berlin,5000.0,Bonus,30,EUR,129.08916666666667
2024-01-15,81539,München,5000.0,Bonus,10,EUR,118.97250000000001
2024-01-15,81539,München,5000.0,Bonus,13,EUR,122.17833333333334
2024-01-15,81539,München,5000.0,Bonus,39,EUR,129.02083333333334
2024-01-15,10115,Berlin,4000.0,Bonus,12,EUR,96.36166666666666
2024-01-15,10115,Berlin,4000.0,Bonus,25,EUR,101.69916666666667
2024-01-15,10115,Berlin,4000.0,Bonus,41,EUR,106.95333333333333
2024-01-15,81539,München,4000.0,Bonus,44,EUR,106.08666666666666
2024-01-15,10115,Berlin,3000.0,Non-Bonus,29,EUR,88.20916666666666
2024-01-15,10115,Berlin,3000.0,Non-Bonus,39,EUR,89.61666666666667
2024-01-15,81539,München,3000.0,Non-Bonus,5,EUR,79.79916666666666
2024-01-15,81539,München,3000.0,Non-Bonus,35,EUR,87.19083333333333
2024-01-15,10115,Berlin,3500.0,Non-Bonus,24,EUR,99.20833333333333
2024-01-15,81539,München,3500.0,Non-Bonus,29,EUR,98.7675
2024-01-15,81539,München,3500.0,Non-Bonus,31,EUR,99.66250000000001
2024-01-15,10115,Berlin,2500.0,Non-Bonus,12,EUR,71.42916666666666
2024-01-15,10115,Berlin,2500.0,Non-Bonus,24,EUR,73.3725
2024-01-15,81539,München,2500.0,Non-Bonus,19,EUR,71.765
2024-01-15,10115,Berlin,1500.0,Bonus,27,EUR,44.41583333333333
2024-01-15,10115,Berlin,1000.0,Bonus,13,EUR,31.394166666666667
2024-01-15,81539,München,1000.0,Bonus,15,EUR,31.28833333333333
2024-01-15,10115,Berlin,2000.0,Non-Bonus,8,EUR,58.17666666666667
2024-01-15,81539,München,2000.0,Non-Bonus,16,EUR,59.25416666666666
2024-01-15,81539,München,2000.0,Non-Bonus,21,EUR,59.8325
2024-01-15,10115,Berlin,4500.0,Non-Bonus,17,EUR,123.53666666666668
2024-01-15,10115,Berlin,4500.0,Non-Bonus,30,EUR,127.8575
2024-01-15,10115,Berlin,4500.0,Non-Bonus,33,EUR,128.8475
2024-01-15,10115,Berlin,4500.0,Non-Bonus,40,EUR,130.185
2024-01-15,10115,Berlin,4500.0,Non-Bonus,43,EUR,130.74916666666667
2024-01-15,81539,München,4500.0,Non-Bonus,28,EUR,124.1275
2024-01-15,81539,München,4500.0,Non-Bonus,30,EUR,124.76166666666667
2024-01-15,81539,München,4500.0,Non-Bonus,46,EUR,130.15916666666666
2024-01-15,10115,Berlin,1000.0,Non-Bonus,9,EUR,34.65083333333333
2024-01-15,10115,Berlin,1000.0,Non-Bonus,15,EUR,35.105
2024-01-15,10115,Berlin,1000.0,Non-Bonus,21,EUR,35.560833333333335
2024-01-15,81539,München,1000.0,Non-Bonus,3,EUR,32.1775
2024-01-15,81539,München,1000.0,Non-Bonus,26,EUR,35.899166666666666
2024-01-15,81539,München,1000.0,Non-Bonus,49,EUR,38.1325
2024-01-15,10115,Berlin,1500.0,Non-Bonus,29,EUR,49.425000000000004
2024-01-15,81539,München,1500.0,Non-Bonus,9,EUR,45.5075
2024-01-15,10115,Berlin,4000.0,Non-Bonus,15,EUR,108.34333333333332
2024-01-15,81539,München,4000.0,Non-Bonus,33,EUR,113.14083333333333
2024-01-15,10115,Berlin,5000.0,Non-Bonus,13,EUR,132.10083333333333
2024-01-15,10115,Berlin,5000.0,Non-Bonus,36,EUR,143.29583333333332
2024-01-15,81539,München,5000.0,Non-Bonus,23,EUR,134.42333333333332
2024-01-15,81539,München,5000.0,Non-Bonus,27,EUR,137.1175
2024-01-15,81539,München,4250.0,Non-Bonus,41,EUR,121.22416666666668
2024-01-15,10115,Berlin,2000.0,Bonus,8,EUR,48.43333333333334
2024-01-15,10115,Berlin,2000.0,Bonus,22,EUR,52.7075
2024-01-15,81539,München,2000.0,Bonus,11,EUR,49.590833333333336
2024-01-15,10115,Berlin,2500.0,Bonus,22,EUR,62.785
2024-01-15,10115,Berlin,2500.0,Bonus,35,EUR,68.11583333333333
2024-01-15,10115,Berlin,2500.0,Bonus,43,EUR,70.71833333333333
2024-01-15,81539,München,2500.0,Bonus,24,EUR,62.943333333333335
2024-01-15,81539,München,2500.0,Bonus,50,EUR,71.81583333333333
2024-01-15,10115,Berlin,4500.0,Bonus,41,EUR,119.445
2024-01-15,10115,Berlin,4500.0,Bonus,43,EUR,119.71416666666666
2024-01-15,10115,Berlin,4500.0,Bonus,48,EUR,123.53666666666668
2024-01-15,81539,München,4500.0,Bonus,39,EUR,116.82
2024-01-15,10115,Berlin,4250.0,Bonus,43,EUR,113.61500000000001
2024-01-15,10115,Berlin,4250.0,Bonus,50,EUR,117.9925
2024-01-15,81539,München,4250.0,Bonus,22,EUR,105.26083333333334
2024-01-15,81539,München,4250.0,Bonus,23,EUR,105.55833333333334
2024-01-15,10115,Berlin,3000.0,Bonus,5,EUR,70.81083333333333
2024-01-15,81539,München,3000.0,Bonus,23,EUR,74.75666666666667
2024-01-15,81539,München,3000.0,Bonus,36,EUR,80.72083333333333
2024-01-15,10115,Berlin,3500.0,Bonus,24,EUR,88.45333333333333
2024-01-15,10115,Berlin,3500.0,Bonus,29,EUR,89.40166666666666
2024-01-15,81539,München,3500.0,Bonus,9,EUR,83.10666666666667
2024-01-15,81539,München,3500.0,Bonus,10,EUR,83.11
2024-01-15,81539,München,3500.0,Bonus,15,EUR,84.31416666666667
2024-01-15,10115,Berlin,5000.0,Bonus,3,EUR,119.00666666666666
2024-01-15,10115,Berlin,5000.0,Bonus,23,EUR,127.1725
2024-01-15,10115,Berlin,5000.0,Bonus,49,EUR,137.25166666666667
2024-01-15,10115,Berlin,4000.0,Bonus,5,EUR,94.62166666666667
2024-01-15,10115,Berlin,4000.0,Bonus,7,EUR,95.46666666666665
2024-01-15,81539,München,4000.0,Bonus,23,EUR,98.92916666666667
2024-01-15,10115,Berlin,3000.0,Non-Bonus,14,EUR,84.05
2024-01-15,10115,Berlin,3000.0,Non-Bonus,20,EUR,85.80416666666667
2024-01-15,10115,Berlin,3000.0,Non-Bonus,32,EUR,88.72416666666668
2024-01-15,81539,München,3000.0,Non-Bonus,29,EUR,86.2025
2024-01-15,10115,Berlin,3500.0,Non-Bonus,11,EUR,94.74083333333334
2024-01-15,10115,Berlin,3500.0,Non-Bonus,49,EUR,104.79
2024-01-15,10115,Berlin,2500.0,Non-Bonus,29,EUR,74.62
2024-01-15,81539,München,2500.0,Non-Bonus,11,EUR,69.91250000000001
2024-01-15,81539,München,2500.0,Non-Bonus,44,EUR,75.7525
2024-01-15,81539,München,2500.0,Non-Bonus,47,EUR,76.41333333333334
2024-01-15,10115,Berlin,1500.0,Bonus,11,EUR,40.04
2024-01-15,10115,Berlin,1500.0,Bonus,47,EUR,47.218333333333334
2024-01-15,81539,München,1500.0,Bonus,31,EUR,44.928333333333335
2024-01-15,10115,Berlin,1000.0,Bonus,3,EUR,29.8325
2024-01-15,10115,Berlin,1000.0,Bonus,24,EUR,32.77833333333333
2024-01-15,81539,München,1000.0,Bonus,31,EUR,34.2075
2024-01-15,10115,Berlin,2000.0,Non-Bonus,42,EUR,63.58083333333334
2024-01-15,81539,München,2000.0,Non-Bonus,27,EUR,60.41583333333333
2024-01-15,81539,München,4500.0,Non-Bonus,17,EUR,118.78416666666668
2024-01-15,81539,München,4500.0,Non-Bonus,19,EUR,121.36166666666666
2024-01-15,10115,Berlin,1000.0,Non-Bonus,19,EUR,35.55833333333333
2024-01-15,81539,München,1000.0,Non-Bonus,16,EUR,34.93333333333333
2024-01-15,81539,München,1500.0,Non-Bonus,16,EUR,46.9
2024-01-15,81539,München,1500.0,Non-Bonus,27,EUR,48.28666666666667
2024-01-15,10115,Berlin,4000.0,Non-Bonus,6,EUR,103.77499999999999
2024-01-15,10115,Berlin,4000.0,Non-Bonus,12,EUR,107.70083333333334
2024-01-15,10115,Berlin,4000.0,Non-Bonus,30,EUR,114.50333333333333
2024-01-15,10115,Berlin,4000.0,Non-Bonus,39,EUR,116.52083333333333
2024-01-15,81539,München,4000.0,Non-Bonus,21,EUR,109.27999999999999
2024-01-15,10115,Berlin,4250.0,Non-Bonus,8,EUR,112.49416666666667
2024-01-15,10115,Berlin,,Non-Bonus,10,EUR,113.19916666666667
2024-01-15,10115,Berlin,4250.0,Non-Bonus,32,EUR,121.65499999999999
2024-01-15,10115,Berlin,4250.0,Non-Bonus,50,EUR,125.815
2024-01-15,81539,München,4250.0,Non-Bonus,8,EUR,108.62666666666667
2024-01-15,81539,München,4250.0,Non-Bonus,18,EUR,114.19916666666667
2024-01-15,81539,München,4250.0,Non-Bonus,33,EUR,119.5
2024-01-15,81539,München,4250.0,Non-Bonus,35,EUR,119.81333333333333
2024-01-15,10115,Berlin,2000.0,Bonus,28,EUR,54.30083333333334
2024-01-15,81539,München,2000.0,Bonus,24,EUR,53.415
2024-01-15,81539,München,2500.0,Bonus,29,EUR,64.23416666666667
2024-01-15,10115,Berlin,4500.0,Bonus,12,EUR,110.60583333333334
2024-01-15,10115,Berlin,4250.0,Bonus,5,EUR,101.31583333333333
2024-01-15,81539,München,4250.0,Bonus,6,EUR,101.14833333333333
2024-01-15,81539,München,4250.0,Bonus,9,EUR,101.16916666666667
2024-01-15,81539,München,4250.0,Bonus,40,EUR,110.90833333333335
2024-01-15,10115,Berlin,3000.0,Bonus,31,EUR,79.05583333333333
2024-01-15,81539,München,3000.0,Bonus,44,EUR,82.7325
2024-01-15,10115,Berlin,3500.0,Bonus,18,EUR,87.21666666666665
2024-01-15,10115,Berlin,3500.0,Bonus,49,EUR,97.8125
2024-01-15,81539,München,3500.0,Bonus,6,EUR,83.08333333333333
2024-01-15,81539,München,3500.0,Bonus,8,EUR,83.10000000000001
2024-01-15,81539,München,3500.0,Bonus,38,EUR,92.5575
2024-01-15,81539,München,3500.0,Bonus,49,EUR,96.72583333333334
2024-01-15,10115,Berlin,5000.0,Bonus,11,EUR,123.0
2024-01-15,10115,Berlin,5000.0,Bonus,47,EUR,136.635
2024-01-15,81539,München,5000.0,Bonus,34,EUR,128.1425
2024-01-15,81539,München,5000.0,Bonus,49,EUR,134.38916666666668
2024-01-15,10115,Berlin,4000.0,Bonus,13,EUR,98.17666666666666
2024-01-15,10115,Berlin,4000.0,Bonus,15,EUR,99.02583333333332
2024-01-15,10115,Berlin,3000.0,Non-Bonus,30,EUR,88.52
2024-01-15,81539,München,3000.0,Non-Bonus,18,EUR,82.89916666666666
2024-01-15,81539,München,3500.0,Non-Bonus,25,EUR,97.73833333333333
2024-01-15,81539,München,3500.0,Non-Bonus,46,EUR,102.85333333333334
2024-01-15,10115,Berlin,2500.0,Non-Bonus,6,EUR,69.9325
2024-01-15,10115,Berlin,2500.0,Non-Bonus,9,EUR,70.71833333333333
2024-01-15,10115,Berlin,,Non-Bonus,10,EUR,70.90416666666667
2024-01-15,10115,Berlin,2500.0,Non-Bonus,22,EUR,73.04166666666667
2024-01-15,10115,Berlin,2500.0,Non-Bonus,26,EUR,73.93833333333333
2024-01-15,10115,Berlin,2500.0,Non-Bonus,34,EUR,75.65166666666667
2024-01-15,81539,München,2500.0,Non-Bonus,3,EUR,57.03916666666667
2024-01-15,81539,München,2500.0,Non-Bonus,21,EUR,71.785
2024-01-15,81539,München,2500.0,Non-Bonus,38,EUR,75.035
2024-01-15,10115,Berlin,1500.0,Bonus,5,EUR,39.20916666666667
2024-01-15,10115,Berlin,1500.0,Bonus,10,EUR,39.4575
2024-01-15,81539,München,1500.0,Bonus,2,EUR,37.303333333333335
2024-01-15,81539,München,1500.0,Bonus,3,EUR,38.6175
2024-01-15,81539,München,1500.0,Bonus,6,EUR,38.645
2024-01-15,10115,Berlin,1000.0,Bonus,20,EUR,32.30833333333333
2024-01-15,10115,Berlin,1000.0,Bonus,28,EUR,34.07083333333333
2024-01-15,10115,Berlin,1000.0,Bonus,41,EUR,35.208333333333336
2024-01-15,81539,München,1000.0,Bonus,3,EUR,29.50916666666667
2024-01-15,81539,München,1000.0,Bonus,48,EUR,35.583333333333336
2024-01-15,10115,Berlin,2000.0,Non-Bonus,23,EUR,61.13999999999999
2024-01-15,10115,Berlin,2000.0,Non-Bonus,27,EUR,61.60166666666667
2024-01-15,10115,Berlin,2000.0,Non-Bonus,37,EUR,63.07666666666666
2024-01-15,81539,München,2000.0,Non-Bonus,50,EUR,64.16166666666668
2024-01-15,10115,Berlin,4500.0,Non-Bonus,11,EUR,119.71416666666666
2024-01-15,10115,Berlin,4500.0,Non-Bonus,23,EUR,125.03166666666668
2024-01-15,10115,Berlin,1000.0,Non-Bonus,12,EUR,34.973333333333336
2024-01-15,10115,Berlin,1500.0,Non-Bonus,17,EUR,47.5625
2024-01-15,10115,Berlin,1500.0,Non-Bonus,25,EUR,48.77916666666667
2024-01-15,10115,Berlin,1500.0,Non-Bonus,33,EUR,49.475
2024-01-15,10115,Berlin,1500.0,Non-Bonus,47,EUR,50.5625
2024-01-15,81539,München,1500.0,Non-Bonus,4,EUR,44.02
2024-01-15,81539,München,1500.0,Non-Bonus,7,EUR,45.181666666666665
2024-01-15,81539,München,1500.0,Non-Bonus,20,EUR,47.65
2024-01-15,81539,München,1500.0,Non-Bonus,22,EUR,47.9375
2024-01-15,81539,München,1500.0,Non-Bonus,43,EUR,50.01166666666666
2024-01-15,81539,München,1500.0,Non-Bonus,45,EUR,50.25
2024-01-15,81539,München,1500.0,Non-Bonus,48,EUR,50.91583333333333
2024-01-15,10115,Berlin,4250.0,Non-Bonus,38,EUR,123.38333333333333
2024-01-15,10115,Berlin,4250.0,Non-Bonus,44,EUR,124.02749999999999
2024-01-15,81539,München,4250.0,Non-Bonus,4,EUR,104.91083333333334
2024-01-15,81539,München,4250.0,Non-Bonus,20,EUR,115.3925
2024-01-15,81539,München,4250.0,Non-Bonus,42,EUR,121.515
2024-01-15,10115,Berlin,2000.0,Bonus,6,EUR,48.34583333333333
2024-01-15,10115,Berlin,2000.0,Bonus,12,EUR,48.96666666666667
2024-01-15,10115,Berlin,2000.0,Bonus,33,EUR,56.98666666666667
2024-01-15,10115,Berlin,2000.0,Bonus,44,EUR,59.5
2024-01-15,81539,München,2000.0,Bonus,39,EUR,58.09583333333333
2024-01-15,10115,Berlin,2500.0,Bonus,20,EUR,62.37916666666666
2024-01-15,10115,Berlin,2500.0,Bonus,21,EUR,62.62083333333334
2024-01-15,10115,Berlin,2500.0,Bonus,30,EUR,65.33916666666667
2024-01-15,10115,Berlin,2500.0,Bonus,39,EUR,69.9325
2024-01-15,10115,Berlin,2500.0,Bonus,47,EUR,71.85333333333334
2024-01-15,10115,Berlin,4500.0,Bonus,22,EUR,114.01416666666667
2024-01-15,81539,München,4500.0,Bonus,23,EUR,111.6025
2024-01-15,81539,München,4500.0,Bonus,26,EUR,112.78750000000001
2024-01-15,10115,Berlin,4250.0,Bonus,25,EUR,107.96
2024-01-15,81539,München,3000.0,Bonus,11,EUR,71.41833333333334
2024-01-15,81539,München,3000.0,Bonus,40,EUR,81.42416666666666
2024-01-15,81539,München,3000.0,Bonus,43,EUR,82.52499999999999
2024-01-15,10115,Berlin,3500.0,Bonus,3,EUR,77.09916666666668
2024-01-15,81539,München,3500.0,Bonus,33,EUR,90.37083333333334
2024-01-15,10115,Berlin,5000.0,Bonus,29,EUR,128.9125
2024-01-15,81539,München,4000.0,Bonus,2,EUR,84.46
2024-01-15,10115,Berlin,3000.0,Non-Bonus,38,EUR,89.5625
2024-01-15,81539,München,3000.0,Non-Bonus,24,EUR,84.58416666666666
2024-01-15,81539,München,3000.0,Non-Bonus,26,EUR,85.1825
2024-01-15,10115,Berlin,3500.0,Non-Bonus,2,EUR,77.09
2024-01-15,10115,Berlin,3500.0,Non-Bonus,31,EUR,101.78666666666668
2024-01-15,10115,Berlin,3500.0,Non-Bonus,38,EUR,102.8775
2024-01-15,10115,Berlin,3500.0,Non-Bonus,47,EUR,104.47833333333334
2024-01-15,10115,Berlin,3500.0,Non-Bonus,50,EUR,105.15916666666668
2024-01-15,10115,Berlin,2500.0,Non-Bonus,13,EUR,71.45833333333333
2024-01-15,81539,München,2500.0,Non-Bonus,15,EUR,70.25
2024-01-15,81539,München,2500.0,Non-Bonus,37,EUR,75.005
2024-01-15,10115,Berlin,1000.0,Bonus,32,EUR,34.4675
2024-01-15,10115,Berlin,1000.0,Bonus,45,EUR,35.52166666666667
2024-01-15,81539,München,1000.0,Bonus,27,EUR,33.439166666666665
2024-01-15,81539,München,2000.0,Non-Bonus,10,EUR,57.69
2024-01-15,81539,München,2000.0,Non-Bonus,47,EUR,63.47833333333333
2024-01-15,10115,Berlin,4500.0,Non-Bonus,13,EUR,120.875
2024-01-15,10115,Berlin,4500.0,Non-Bonus,27,EUR,126.70666666666666
2024-01-15,10115,Berlin,4500.0,Non-Bonus,29,EUR,127.495
2024-01-15,10115,Berlin,4500.0,Non-Bonus,46,EUR,132.03333333333333
2024-01-15,81539,München,4500.0,Non-Bonus,13,EUR,117.25999999999999
2024-01-15,81539,München,4500.0,Non-Bonus,49,EUR,130.45416666666668
2024-01-15,81539,München,1000.0,Non-Bonus,12,EUR,34.545
2024-01-15,10115,Berlin,1500.0,Non-Bonus,30,EUR,49.45416666666667
2024-01-15,81539,München,1500.0,Non-Bonus,21,EUR,47.899166666666666
2024-01-15,10115,Berlin,4000.0,Non-Bonus,22,EUR,111.67333333333333
2024-01-15,10115,Berlin,4000.0,Non-Bonus,45,EUR,117.675
2024-01-15,10115,Berlin,4000.0,Non-Bonus,50,EUR,118.96333333333332
2024-01-15,81539,München,4000.0,Non-Bonus,30,EUR,111.61666666666667
2024-01-15,81539,München,4000.0,Non-Bonus,42,EUR,114.9775
2024-01-15,81539,München,4000.0,Non-Bonus,49,EUR,117.15333333333332
2024-01-15,10115,Berlin,4250.0,Non-Bonus,37,EUR,122.71166666666666
2024-01-15,10115,Berlin,2000.0,Bonus,24,EUR,52.79916666666667
2024-01-15,81539,München,2000.0,Bonus,31,EUR,56.61416666666667
2024-01-15,10115,Berlin,2500.0,Bonus,25,EUR,63.630833333333335
2024-01-15,81539,München,2500.0,Bonus,28,EUR,64.1225
2024-01-15,81539,München,2500.0,Bonus,36,EUR,68.64583333333333
2024-01-15,81539,München,2500.0,Bonus,37,EUR,69.085
2024-01-15,10115,Berlin,4500.0,Bonus,31,EUR,116.01833333333333
2024-01-15,10115,Berlin,4500.0,Bonus,32,EUR,116.02916666666665
2024-01-15,10115,Berlin,4500.0,Bonus,40,EUR,119.40416666666665
2024-01-15,81539,München,4500.0,Bonus,31,EUR,114.03750000000001
2024-01-15,81539,München,4500.0,Bonus,37,EUR,116.61416666666666
2024-01-15,10115,Berlin,4250.0,Bonus,24,EUR,107.6875
2024-01-15,10115,Berlin,4250.0,Bonus,34,EUR,110.4525
2024-01-15,10115,Berlin,4250.0,Bonus,44,EUR,113.80083333333333
2024-01-15,81539,München,4250.0,Bonus,29,EUR,107.23833333333333
2024-01-15,81539,München,4250.0,Bonus,33,EUR,108.07166666666666
2024-01-15,81539,München,4250.0,Bonus,44,EUR,112.2025
2024-01-15,81539,München,4250.0,Bonus,49,EUR,115.65833333333335
2024-01-15,10115,Berlin,3000.0,Bonus,36,EUR,81.86666666666666
2024-01-15,10115,Berlin,3000.0,Bonus,42,EUR,82.55
2024-01-15,10115,Berlin,3000.0,Bonus,44,EUR,83.26
2024-01-15,10115,Berlin,3000.0,Bonus,48,EUR,84.41666666666667
2024-01-15,10115,Berlin,3500.0,Bonus,14,EUR,85.71666666666665
2024-01-15,10115,Berlin,3500.0,Bonus,39,EUR,94.46166666666666
2024-01-15,10115,Berlin,3500.0,Bonus,47,EUR,95.80166666666666
2024-01-15,10115,Berlin,5000.0,Bonus,2,EUR,105.84333333333332
2024-01-15,10115,Berlin,5000.0,Bonus,24,EUR,127.21583333333332
2024-01-15,81539,München,5000.0,Bonus,29,EUR,127.1075
2024-01-15,10115,Berlin,4000.0,Bonus,40,EUR,106.32666666666667
2024-01-15,81539,München,4000.0,Bonus,21,EUR,98.75
2024-01-15,81539,München,4000.0,Bonus,28,EUR,100.40916666666668
2024-01-15,81539,München,3000.0,Non-Bonus,3,EUR,66.215
2024-01-15,81539,München,3000.0,Non-Bonus,12,EUR,81.42416666666666
2024-01-15,10115,Berlin,3500.0,Non-Bonus,6,EUR,94.22500000000001
2024-01-15,10115,Berlin,3500.0,Non-Bonus,13,EUR,95.62666666666667
2024-01-15,10115,Berlin,3500.0,Non-Bonus,19,EUR,98.21499999999999
2024-01-15,10115,Berlin,3500.0,Non-Bonus,36,EUR,102.77666666666666
2024-01-15,10115,Berlin,3500.0,Non-Bonus,42,EUR,103.57083333333333
2024-01-15,81539,München,3500.0,Non-Bonus,2,EUR,75.2975
2024-01-15,10115,Berlin,2500.0,Non-Bonus,43,EUR,76.95166666666667
2024-01-15,10115,Berlin,2500.0,Non-Bonus,48,EUR,77.55083333333333
2024-01-15,81539,München,2500.0,Non-Bonus,24,EUR,71.96666666666667
2024-01-15,10115,Berlin,1500.0,Bonus,16,EUR,41.583333333333336
2024-01-15,81539,München,1500.0,Bonus,13,EUR,40.47083333333333
2024-01-15,10115,Berlin,1000.0,Bonus,12,EUR,31.243333333333336
2024-01-15,10115,Berlin,1000.0,Bonus,18,EUR,32.1875
2024-01-15,81539,München,1000.0,Bonus,37,EUR,34.545
2024-01-15,10115,Berlin,2000.0,Non-Bonus,24,EUR,61.34166666666667
2024-01-15,10115,Berlin,2000.0,Non-Bonus,30,EUR,62.028333333333336
2024-01-15,10115,Berlin,2000.0,Non-Bonus,32,EUR,62.53666666666667
2024-01-15,10115,Berlin,2000.0,Non-Bonus,34,EUR,62.87166666666667
2024-01-15,81539,München,4500.0,Non-Bonus,1,EUR,93.62333333333333
2024-01-15,81539,München,4500.0,Non-Bonus,36,EUR,126.34416666666668
2024-01-15,10115,Berlin,1000.0,Non-Bonus,35,EUR,36.725
2024-01-15,10115,Berlin,1000.0,Non-Bonus,40,EUR,37.024166666666666
2024-01-15,81539,München,1000.0,Non-Bonus,2,EUR,29.50916666666667
2024-01-15,81539,München,1500.0,Non-Bonus,5,EUR,44.48916666666667
2024-01-15,81539,München,1500.0,Non-Bonus,29,EUR,48.61166666666667
2024-01-15,10115,Berlin,4000.0,Non-Bonus,21,EUR,111.61500000000001
2024-01-15,10115,Berlin,4000.0,Non-Bonus,26,EUR,113.37083333333334
2024-01-15,10115,Berlin,4000.0,Non-Bonus,41,EUR,116.87666666666667
2024-01-15,10115,Berlin,4000.0,Non-Bonus,42,EUR,116.87916666666666
2024-01-15,10115,Berlin,4000.0,Non-Bonus,46,EUR,117.83166666666666
2024-01-15,81539,München,4000.0,Non-Bonus,13,EUR,105.46249999999999
2024-01-15,10115,Berlin,5000.0,Non-Bonus,26,EUR,140.05083333333332
2024-01-15,10115,Berlin,5000.0,Non-Bonus,39,EUR,143.67249999999999
2024-01-15,81539,München,5000.0,Non-Bonus,1,EUR,102.78666666666668
2024-01-15,81539,München,4250.0,Non-Bonus,15,EUR,112.17833333333334
2024-01-15,10115,Berlin,2000.0,Bonus,40,EUR,58.71666666666667
2024-01-15,81539,München,2000.0,Bonus,21,EUR,52.229166666666664
2024-01-15,10115,Berlin,2500.0,Bonus,37,EUR,69.47833333333334
2024-01-15,10115,Berlin,2500.0,Bonus,40,EUR,70.2625
2024-01-15,10115,Berlin,2500.0,Bonus,48,EUR,72.61166666666666
2024-01-15,10115,Berlin,2500.0,Bonus,50,EUR,72.94166666666666
2024-01-15,81539,München,2500.0,Bonus,48,EUR,71.765
2024-01-15,10115,Berlin,4500.0,Bonus,14,EUR,110.66833333333334
2024-01-15,10115,Berlin,4500.0,Bonus,21,EUR,113.74416666666667
2024-01-15,81539,München,4500.0,Bonus,4,EUR,104.50999999999999
2024-01-15,10115,Berlin,4250.0,Bonus,40,EUR,113.09916666666668
2024-01-15,81539,München,4250.0,Bonus,2,EUR,89.04166666666667
2024-01-15,81539,München,4250.0,Bonus,46,EUR,115.09333333333332
2024-01-15,10115,Berlin,3000.0,Bonus,4,EUR,70.56333333333333
2024-01-15,10115,Berlin,3000.0,Bonus,40,EUR,82.21916666666667
2024-01-15,81539,München,3000.0,Bonus,25,EUR,75.605
2024-01-15,81539,München,3000.0,Bonus,34,EUR,79.89999999999999
2024-01-15,10115,Berlin,3500.0,Bonus,50,EUR,98.21499999999999
2024-01-15,81539,München,3500.0,Bonus,23,EUR,86.335
2024-01-15,10115,Berlin,5000.0,Bonus,18,EUR,125.11666666666667
2024-01-15,10115,Berlin,5000.0,Bonus,31,EUR,129.32666666666668
2024-01-15,81539,München,5000.0,Bonus,4,EUR,117.43916666666667
2024-01-15,81539,München,5000.0,Bonus,15,EUR,122.22333333333334
2024-01-15,10115,Berlin,4000.0,Bonus,1,EUR,86.56333333333333
2024-01-15,10115,Berlin,4000.0,Bonus,11,EUR,96.20583333333333
2024-01-15,10115,Berlin,4000.0,Bonus,44,EUR,107.70083333333334
2024-01-15,81539,München,4000.0,Bonus,4,EUR,92.36833333333334
2024-01-15,81539,München,4000.0,Bonus,37,EUR,104.19916666666667
2024-01-15,10115,Berlin,3000.0,Non-Bonus,26,EUR,86.7
2024-01-15,10115,Berlin,3000.0,Non-Bonus,44,EUR,90.375
2024-01-15,10115,Berlin,3000.0,Non-Bonus,47,EUR,91.355
2024-01-15,81539,München,3000.0,Non-Bonus,7,EUR,80.42
2024-01-15,81539,München,3000.0,Non-Bonus,37,EUR,87.95083333333334
2024-01-15,81539,München,3500.0,Non-Bonus,16,EUR,93.90333333333332
2024-01-15,81539,München,3500.0,Non-Bonus,20,EUR,96.26166666666667
2024-01-15,81539,München,3500.0,Non-Bonus,41,EUR,101.80333333333334
2024-01-15,10115,Berlin,2500.0,Non-Bonus,30,EUR,75.295
2024-01-15,81539,München,2500.0,Non-Bonus,28,EUR,73.00833333333334
2024-01-15,81539,München,2500.0,Non-Bonus,30,EUR,73.53166666666667
2024-01-15,81539,München,1500.0,Bonus,24,EUR,43.04583333333333
2024-01-15,81539,München,1500.0,Bonus,42,EUR,46.35333333333333
2024-01-15,81539,München,1000.0,Bonus,7,EUR,29.786666666666665
2024-01-15,81539,München,1000.0,Bonus,22,EUR,32.42666666666667
2024-01-15,81539,München,1000.0,Bonus,35,EUR,34.4125
2024-01-15,10115,Berlin,,Non-Bonus,10,EUR,58.90083333333333
2024-01-15,10115,Berlin,2000.0,Non-Bonus,25,EUR,61.34166666666667
2024-01-15,10115,Berlin,2000.0,Non-Bonus,33,EUR,62.58916666666667
2024-01-15,10115,Berlin,4500.0,Non-Bonus,49,EUR,132.7675
2024-01-15,81539,München,4500.0,Non-Bonus,10,EUR,116.74916666666667
2024-01-15,81539,München,4500.0,Non-Bonus,44,EUR,129.45333333333335
2024-01-15,81539,München,1000.0,Non-Bonus,34,EUR,36.49333333333333
2024-01-15,10115,Berlin,1500.0,Non-Bonus,49,EUR,50.64166666666667
2024-01-15,10115,Berlin,1500.0,Non-Bonus,50,EUR,50.75333333333333
2024-01-15,81539,München,1500.0,Non-Bonus,10,EUR,46.225833333333334
2024-01-15,10115,Berlin,5000.0,Non-Bonus,17,EUR,135.61083333333332
2024-01-15,10115,Berlin,5000.0,Non-Bonus,27,EUR,140.1275
2024-01-15,10115,Berlin,5000.0,Non-Bonus,37,EUR,143.49333333333334
2024-01-15,10115,Berlin,4250.0,Non-Bonus,15,EUR,114.62916666666666
2024-01-15,10115,Berlin,4250.0,Non-Bonus,49,EUR,125.33749999999999
2024-01-15,81539,München,4250.0,Non-Bonus,24,EUR,116.14916666666666
2024-01-15,81539,München,4250.0,Non-Bonus,39,EUR,120.97500000000001
2024-01-15,81539,München,4250.0,Non-Bonus,45,EUR,122.91583333333334
2024-01-15,10115,Berlin,2000.0,Bonus,5,EUR,48.3425
2024-01-15,10115,Berlin,2000.0,Bonus,10,EUR,48.43833333333333
2024-01-15,10115,Berlin,2000.0,Bonus,11,EUR,48.47
2024-01-15,81539,München,2000.0,Bonus,1,EUR,45.862500000000004
2024-01-15,81539,München,2000.0,Bonus,46,EUR,59.26
2024-01-15,81539,München,2000.0,Bonus,50,EUR,59.56666666666666
2024-01-15,10115,Berlin,2500.0,Bonus,26,EUR,64.045
2024-01-15,81539,München,2500.0,Bonus,8,EUR,59.43416666666667
2024-01-15,81539,München,2500.0,Bonus,20,EUR,62.45333333333334
2024-01-15,10115,Berlin,4500.0,Bonus,37,EUR,117.49166666666667
2024-01-15,10115,Berlin,4250.0,Bonus,7,EUR,102.24583333333334
2024-01-15,10115,Berlin,4250.0,Bonus,22,EUR,107.28333333333335
2024-01-15,10115,Berlin,4250.0,Bonus,45,EUR,114.61416666666666
2024-01-15,81539,München,4250.0,Bonus,14,EUR,102.50833333333333
2024-01-15,81539,München,4250.0,Bonus,21,EUR,105.07916666666667
2024-01-15,81539,München,4250.0,Bonus,47,EUR,115.3925
2024-01-15,10115,Berlin,3000.0,Bonus,6,EUR,72.575
2024-01-15,81539,München,3000.0,Bonus,46,EUR,82.88
2024-01-15,10115,Berlin,3500.0,Bonus,2,EUR,77.09
2024-01-15,10115,Berlin,3500.0,Bonus,9,EUR,84.11666666666666
2024-01-15,10115,Berlin,3500.0,Bonus,16,EUR,86.62833333333333
2024-01-15,10115,Berlin,3500.0,Bonus,44,EUR,95.50083333333333
2024-01-15,81539,München,3500.0,Bonus,25,EUR,86.5625
2024-01-15,81539,München,3500.0,Bonus,47,EUR,95.97000000000001
2024-01-15,10115,Berlin,5000.0,Bonus,33,EUR,129.665
2024-01-15,10115,Berlin,4000.0,Bonus,18,EUR,99.34583333333335
2024-01-15,10115,Berlin,4000.0,Bonus,38,EUR,104.97500000000001
2024-01-15,81539,München,4000.0,Bonus,14,EUR,96.21
2024-01-15,10115,Berlin,3000.0,Non-Bonus,8,EUR,82.50166666666667
2024-01-15,81539,München,3500.0,Non-Bonus,6,EUR,92.13333333333333
2024-01-15,81539,München,2500.0,Non-Bonus,26,EUR,72.20833333333333
2024-01-15,81539,München,2500.0,Non-Bonus,31,EUR,73.55166666666666
2024-01-15,81539,München,2500.0,Non-Bonus,39,EUR,75.11916666666666
2024-01-15,10115,Berlin,1500.0,Bonus,31,EUR,45.39166666666667
2024-01-15,81539,München,1500.0,Bonus,41,EUR,46.25416666666666
2024-01-15,10115,Berlin,1000.0,Bonus,7,EUR,29.879166666666666
2024-01-15,10115,Berlin,2000.0,Non-Bonus,5,EUR,56.98666666666667
2024-01-15,10115,Berlin,2000.0,Non-Bonus,20,EUR,60.306666666666665
2024-01-15,10115,Berlin,2000.0,Non-Bonus,35,EUR,62.88166666666667
2024-01-15,81539,München,2000.0,Non-Bonus,49,EUR,63.943333333333335
2024-01-15,10115,Berlin,4500.0,Non-Bonus,4,EUR,113.1875
2024-01-15,10115,Berlin,4500.0,Non-Bonus,38,EUR,130.14416666666668
2024-01-15,10115,Berlin,4500.0,Non-Bonus,39,EUR,130.15916666666666
2024-01-15,81539,München,4500.0,Non-Bonus,22,EUR,121.895
2024-01-15,81539,München,4500.0,Non-Bonus,33,EUR,125.85166666666667
2024-01-15,10115,Berlin,1000.0,Non-Bonus,45,EUR,37.28333333333333
2024-01-15,81539,München,1000.0,Non-Bonus,33,EUR,36.455
2024-01-15,81539,München,1000.0,Non-Bonus,40,EUR,36.9225
2024-01-15,10115,Berlin,1500.0,Non-Bonus,35,EUR,49.57083333333333
2024-01-15,10115,Berlin,4000.0,Non-Bonus,31,EUR,114.60166666666667
2024-01-15,81539,München,4000.0,Non-Bonus,34,EUR,113.1475
2024-01-15,81539,München,4000.0,Non-Bonus,38,EUR,113.81333333333333
2024-01-15,10115,Berlin,5000.0,Non-Bonus,43,EUR,144.40833333333333
2024-01-15,81539,München,4250.0,Non-Bonus,27,EUR,117.63
2024-01-15,81539,München,4250.0,Non-Bonus,30,EUR,118.1225
2024-01-15,81539,München,4250.0,Non-Bonus,48,EUR,123.53666666666668
2024-01-15,81539,München,4250.0,Non-Bonus,49,EUR,123.65666666666668
2024-01-15,10115,Berlin,2000.0,Bonus,26,EUR,54.06666666666666
2024-01-15,10115,Berlin,2000.0,Bonus,37,EUR,58.17666666666667
2024-01-15,81539,München,2000.0,Bonus,32,EUR,56.80083333333334
2024-01-15,81539,München,2000.0,Bonus,49,EUR,59.557500000000005
2024-01-15,10115,Berlin,2500.0,Bonus,1,EUR,57.14666666666667
2024-01-15,10115,Berlin,2500.0,Bonus,8,EUR,60.37083333333334
2024-01-15,10115,Berlin,4500.0,Bonus,2,EUR,96.25916666666666
2024-01-15,10115,Berlin,4500.0,Bonus,6,EUR,109.26583333333333
2024-01-15,10115,Berlin,4500.0,Bonus,8,EUR,109.28333333333335
2024-01-15,10115,Berlin,4500.0,Bonus,49,EUR,124.02749999999999
2024-01-15,81539,München,4500.0,Bonus,2,EUR,93.62333333333333
2024-01-15,81539,München,4500.0,Bonus,11,EUR,107.40916666666668
2024-01-15,81539,München,4500.0,Bonus,13,EUR,108.41333333333334
2024-01-15,81539,München,4500.0,Bonus,18,EUR,110.65333333333332
2024-01-15,81539,München,4500.0,Bonus,19,EUR,111.05416666666667
2024-01-15,81539,München,4500.0,Bonus,44,EUR,118.35833333333333
2024-01-15,10115,Berlin,4250.0,Bonus,13,EUR,104.15166666666666
2024-01-15,10115,Berlin,4250.0,Bonus,19,EUR,106.12666666666667
2024-01-15,81539,München,4250.0,Bonus,1,EUR,85.15666666666667
2024-01-15,81539,München,4250.0,Bonus,27,EUR,106.08583333333333
2024-01-15,10115,Berlin,3000.0,Bonus,10,EUR,72.6425
2024-01-15,81539,München,3000.0,Bonus,4,EUR,69.10583333333334
2024-01-15,10115,Berlin,3500.0,Bonus,7,EUR,84.08416666666666
2024-01-15,10115,Berlin,3500.0,Bonus,17,EUR,86.63083333333333
2024-01-15,10115,Berlin,5000.0,Bonus,26,EUR,128.19
2024-01-15,81539,München,5000.0,Bonus,7,EUR,118.6325
2024-01-15,81539,München,4000.0,Bonus,5,EUR,93.10833333333333
2024-01-15,81539,München,4000.0,Bonus,10,EUR,95.42416666666666
2024-01-15,81539,München,4000.0,Bonus,19,EUR,97.89666666666666
2024-01-15,81539,München,4000.0,Bonus,35,EUR,102.36083333333333
2024-01-15,81539,München,4000.0,Bonus,49,EUR,109.27999999999999
2024-01-15,10115,Berlin,,Non-Bonus,10,EUR,82.95
2024-01-15,10115,Berlin,3000.0,Non-Bonus,15,EUR,84.28166666666667
2024-01-15,10115,Berlin,3000.0,Non-Bonus,28,EUR,87.63916666666667
2024-01-15,81539,München,3000.0,Non-Bonus,40,EUR,88.56583333333333
2024-01-15,81539,München,3000.0,Non-Bonus,46,EUR,90.03666666666668
2024-01-15,81539,München,3500.0,Non-Bonus,4,EUR,90.37083333333334
2024-01-15,81539,München,3500.0,Non-Bonus,8,EUR,92.55333333333334
2024-01-15,81539,München,3500.0,Non-Bonus,27,EUR,98.18666666666667
2024-01-15,81539,München,3500.0,Non-Bonus,28,EUR,98.39166666666667
2024-01-15,10115,Berlin,2500.0,Non-Bonus,47,EUR,77.21249999999999
2024-01-15,81539,München,2500.0,Non-Bonus,7,EUR,68.34583333333333
2024-01-15,81539,München,2500.0,Non-Bonus,10,EUR,69.53666666666668
2024-01-15,81539,München,1500.0,Bonus,28,EUR,44.02
2024-01-15,10115,Berlin,1000.0,Bonus,22,EUR,32.611666666666665
2024-01-15,81539,München,2000.0,Non-Bonus,33,EUR,61.73
2024-01-15,81539,München,2000.0,Non-Bonus,34,EUR,61.76916666666667
2024-01-15,81539,München,4500.0,Non-Bonus,5,EUR,112.78750000000001
2024-01-15,81539,München,4500.0,Non-Bonus,37,EUR,126.36416666666666
2024-01-15,10115,Berlin,1000.0,Non-Bonus,25,EUR,36.00833333333333
2024-01-15,10115,Berlin,1500.0,Non-Bonus,42,EUR,50.335
2024-01-15,81539,München,1500.0,Non-Bonus,15,EUR,46.884166666666665
2024-01-15,81539,München,1500.0,Non-Bonus,33,EUR,48.862500000000004
2024-01-15,81539,München,1500.0,Non-Bonus,36,EUR,49.0925
2024-01-15,10115,Berlin,4000.0,Non-Bonus,13,EUR,108.295
2024-01-15,81539,München,4000.0,Non-Bonus,19,EUR,107.89916666666666
2024-01-15,81539,München,5000.0,Non-Bonus,5,EUR,124.66083333333334
2024-01-15,81539,München,5000.0,Non-Bonus,15,EUR,130.45333333333335
2024-01-15,10115,Berlin,4250.0,Non-Bonus,2,EUR,94.295
2024-01-15,10115,Berlin,4250.0,Non-Bonus,18,EUR,117.5
2024-01-15,10115,Berlin,4250.0,Non-Bonus,46,EUR,124.50916666666666
2024-01-15,10115,Berlin,2000.0,Bonus,42,EUR,58.90083333333333
2024-01-15,10115,Berlin,2500.0,Bonus,5,EUR,60.3375
2024-01-15,10115,Berlin,2500.0,Bonus,24,EUR,63.36000000000001
2024-01-15,10115,Berlin,2500.0,Bonus,44,EUR,70.90416666666667
2024-01-15,10115,Berlin,4500.0,Bonus,16,EUR,112.12833333333333
2024-01-15,81539,München,4500.0,Bonus,3,EUR,104.3925
2024-01-15,81539,München,4500.0,Bonus,36,EUR,115.03666666666668
2024-01-15,81539,München,4500.0,Bonus,43,EUR,118.27
2024-01-15,81539,München,4500.0,Bonus,46,EUR,121.30583333333334
2024-01-15,10115,Berlin,4250.0,Bonus,47,EUR,116.10000000000001
2024-01-15,81539,München,4250.0,Bonus,4,EUR,98.87333333333333
2024-01-15,10115,Berlin,3000.0,Bonus,7,EUR,72.63333333333334
2024-01-15,10115,Berlin,3000.0,Bonus,15,EUR,73.77916666666667
2024-01-15,10115,Berlin,3000.0,Bonus,30,EUR,77.70416666666667
2024-01-15,81539,München,3000.0,Bonus,8,EUR,70.94500000000001
2024-01-15,81539,München,3000.0,Bonus,35,EUR,80.42
2024-01-15,81539,München,3000.0,Bonus,37,EUR,80.92
2024-01-15,81539,München,3000.0,Bonus,50,EUR,84.27
2024-01-15,10115,Berlin,3500.0,Bonus,41,EUR,94.4875
2024-01-15,81539,München,3500.0,Bonus,13,EUR,84.08083333333333
2024-01-15,81539,München,5000.0,Bonus,3,EUR,116.05333333333334
2024-01-15,10115,Berlin,4000.0,Bonus,8,EUR,95.62
2024-01-15,10115,Berlin,3000.0,Non-Bonus,13,EUR,83.30083333333333
2024-01-15,10115,Berlin,3000.0,Non-Bonus,35,EUR,89.27416666666666
2024-01-15,10115,Berlin,3000.0,Non-Bonus,43,EUR,90.2625
2024-01-15,10115,Berlin,3500.0,Non-Bonus,5,EUR,94.05833333333334
2024-01-15,10115,Berlin,3500.0,Non-Bonus,22,EUR,98.83166666666666
2024-01-15,81539,München,3500.0,Non-Bonus,7,EUR,92.49916666666667
2024-01-15,81539,München,3500.0,Non-Bonus,50,EUR,103.71916666666668
2024-01-15,10115,Berlin,2500.0,Non-Bonus,5,EUR,69.47833333333334
2024-01-15,10115,Berlin,2500.0,Non-Bonus,7,EUR,70.2625
2024-01-15,10115,Berlin,2500.0,Non-Bonus,33,EUR,75.63166666666667
2024-01-15,81539,München,2500.0,Non-Bonus,8,EUR,69.085
2024-01-15,81539,München,2500.0,Non-Bonus,42,EUR,75.57000000000001
2024-01-15,10115,Berlin,1500.0,Bonus,8,EUR,39.32
2024-01-15,10115,Berlin,1500.0,Bonus,9,EUR,39.362500000000004
2024-01-15,10115,Berlin,1500.0,Bonus,24,EUR,43.04583333333333
2024-01-15,81539,München,1500.0,Bonus,7,EUR,39.689166666666665
2024-01-15,81539,München,1500.0,Bonus,16,EUR,40.97833333333333
2024-01-15,81539,München,1500.0,Bonus,27,EUR,43.95249999999999
2024-01-15,81539,München,1500.0,Bonus,35,EUR,45.5075
2024-01-15,81539,München,1500.0,Bonus,40,EUR,46.225833333333334
2024-01-15,10115,Berlin,1000.0,Bonus,46,EUR,35.56333333333333
2024-01-15,81539,München,1000.0,Bonus,1,EUR,29.4825
2024-01-15,81539,München,1000.0,Bonus,2,EUR,29.503333333333334
2024-01-15,81539,München,1000.0,Bonus,18,EUR,31.926666666666666
2024-01-15,81539,München,1000.0,Bonus,50,EUR,35.95666666666667
2024-01-15,10115,Berlin,2000.0,Non-Bonus,1,EUR,48.336666666666666
2024-01-15,10115,Berlin,2000.0,Non-Bonus,18,EUR,60.080000000000005
2024-01-15,10115,Berlin,2000.0,Non-Bonus,21,EUR,60.47416666666667
2024-01-15,10115,Berlin,2000.0,Non-Bonus,38,EUR,63.34583333333333
2024-01-15,81539,München,2000.0,Non-Bonus,32,EUR,61.285
2024-01-15,81539,München,2000.0,Non-Bonus,36,EUR,62.07833333333334
2024-01-15,10115,Berlin,4500.0,Non-Bonus,2,EUR,99.02749999999999
2024-01-15,81539,München,4500.0,Non-Bonus,45,EUR,129.94
2024-01-15,10115,Berlin,1000.0,Non-Bonus,14,EUR,35.07
2024-01-15,81539,München,1000.0,Non-Bonus,18,EUR,35.083333333333336
2024-01-15,81539,München,1000.0,Non-Bonus,24,EUR,35.583333333333336
2024-01-15,81539,München,1000.0,Non-Bonus,25,EUR,35.615833333333335
2024-01-15,10115,Berlin,1500.0,Non-Bonus,18,EUR,48.09
2024-01-15,10115,Berlin,1500.0,Non-Bonus,34,EUR,49.544999999999995
2024-01-15,81539,München,1500.0,Non-Bonus,34,EUR,48.94833333333333
2024-01-15,10115,Berlin,4000.0,Non-Bonus,2,EUR,89.56333333333333
2024-01-15,10115,Berlin,4000.0,Non-Bonus,7,EUR,104.97500000000001
2024-01-15,81539,München,4000.0,Non-Bonus,5,EUR,101.03333333333335
2024-01-15,81539,München,4000.0,Non-Bonus,11,EUR,104.68666666666667
2024-01-15,81539,München,4000.0,Non-Bonus,31,EUR,112.27999999999999
2024-01-15,10115,Berlin,5000.0,Non-Bonus,8,EUR,131.45833333333334
2024-01-15,10115,Berlin,5000.0,Non-Bonus,11,EUR,131.91666666666666
2024-01-15,81539,München,5000.0,Non-Bonus,22,EUR,134.38916666666668
2024-01-15,81539,München,5000.0,Non-Bonus,26,EUR,136.75333333333333
2024-01-15,81539,München,5000.0,Non-Bonus,40,EUR,140.71083333333334
2024-01-15,81539,München,5000.0,Non-Bonus,45,EUR,143.165
2024-01-15,10115,Berlin,4250.0,Non-Bonus,7,EUR,111.065
2024-01-15,10115,Berlin,2000.0,Bonus,31,EUR,55.94
2024-01-15,81539,München,2000.0,Bonus,43,EUR,58.81333333333333
2024-01-15,10115,Berlin,2500.0,Bonus,16,EUR,61.42083333333333
2024-01-15,81539,München,2500.0,Bonus,11,EUR,59.84166666666667
2024-01-15,81539,München,2500.0,Bonus,31,EUR,64.62583333333333
2024-01-15,81539,München,2500.0,Bonus,43,EUR,70.25
2024-01-15,81539,München,4500.0,Bonus,32,EUR,114.15083333333332
2024-01-15,81539,München,4500.0,Bonus,35,EUR,114.87416666666667
2024-01-15,10115,Berlin,4250.0,Bonus,33,EUR,110.43666666666667
2024-01-15,81539,München,4250.0,Bonus,18,EUR,103.72250000000001
2024-01-15,10115,Berlin,3000.0,Bonus,12,EUR,72.74166666666666
2024-01-15,10115,Berlin,3000.0,Bonus,17,EUR,74.52
2024-01-15,10115,Berlin,3000.0,Bonus,25,EUR,75.92916666666666
2024-01-15,10115,Berlin,5000.0,Bonus,44,EUR,133.42666666666665
2024-01-15,81539,München,5000.0,Bonus,30,EUR,127.27499999999999
2024-01-15,81539,München,5000.0,Bonus,33,EUR,127.51416666666667
2024-01-15,81539,München,5000.0,Bonus,38,EUR,128.95333333333335
2024-01-15,81539,München,5000.0,Bonus,40,EUR,129.085
2024-01-15,10115,Berlin,4000.0,Bonus,29,EUR,102.61666666666667
2024-01-15,10115,Berlin,4000.0,Bonus,31,EUR,103.26666666666667
2024-01-15,10115,Berlin,4000.0,Bonus,46,EUR,108.34333333333332
2024-01-15,81539,München,4000.0,Bonus,8,EUR,95.30833333333334
2024-01-15,81539,München,4000.0,Bonus,26,EUR,99.45083333333334
2024-01-15,81539,München,4000.0,Bonus,46,EUR,107.10000000000001
2024-01-15,10115,Berlin,3000.0,Non-Bonus,24,EUR,86.02916666666665
2024-01-15,10115,Berlin,3000.0,Non-Bonus,25,EUR,86.29666666666667
2024-01-15,10115,Berlin,3000.0,Non-Bonus,37,EUR,89.46833333333332
2024-01-15,10115,Berlin,3500.0,Non-Bonus,1,EUR,76.23833333333333
2024-01-15,10115,Berlin,3500.0,Non-Bonus,48,EUR,104.76666666666667
2024-01-15,81539,München,3500.0,Non-Bonus,24,EUR,97.3175
2024-01-15,10115,Berlin,2500.0,Non-Bonus,35,EUR,76.10333333333334
2024-01-15,10115,Berlin,1500.0,Bonus,3,EUR,38.7525
2024-01-15,10115,Berlin,1500.0,Bonus,4,EUR,39.19583333333333
2024-01-15,10115,Berlin,1500.0,Bonus,12,EUR,40.100833333333334
2024-01-15,10115,Berlin,1500.0,Bonus,19,EUR,42.362500000000004
2024-01-15,10115,Berlin,1000.0,Bonus,29,EUR,34.125
2024-01-15,10115,Berlin,1000.0,Bonus,33,EUR,34.50083333333333
2024-01-15,10115,Berlin,1000.0,Bonus,50,EUR,36.06333333333333
2024-01-15,81539,München,1000.0,Bonus,11,EUR,30.8425
2024-01-15,10115,Berlin,2000.0,Non-Bonus,4,EUR,56.925000000000004
2024-01-15,10115,Berlin,2000.0,Non-Bonus,28,EUR,61.994166666666665
2024-01-15,10115,Berlin,2000.0,Non-Bonus,48,EUR,63.88333333333333
2024-01-15,81539,München,2000.0,Non-Bonus,13,EUR,58.73083333333333
2024-01-15,10115,Berlin,4500.0,Non-Bonus,19,EUR,124.02749999999999
2024-01-15,10115,Berlin,4500.0,Non-Bonus,47,EUR,132.295
2024-01-15,81539,München,4500.0,Non-Bonus,2,EUR,93.745
2024-01-15,81539,München,4500.0,Non-Bonus,38,EUR,126.77499999999999
2024-01-15,10115,Berlin,1000.0,Non-Bonus,23,EUR,35.699999999999996
2024-01-15,10115,Berlin,1000.0,Non-Bonus,30,EUR,36.335
2024-01-15,81539,München,1000.0,Non-Bonus,27,EUR,35.95666666666667
2024-01-15,81539,München,1000.0,Non-Bonus,41,EUR,37.189166666666665
2024-01-15,10115,Berlin,1500.0,Non-Bonus,3,EUR,42.2425
2024-01-15,10115,Berlin,1500.0,Non-Bonus,9,EUR,46.70083333333333
2024-01-15,10115,Berlin,1500.0,Non-Bonus,13,EUR,47.215
2024-01-15,81539,München,1500.0,Non-Bonus,17,EUR,47.0
2024-01-15,81539,München,1500.0,Non-Bonus,49,EUR,51.12583333333333
2024-01-15,10115,Berlin,4000.0,Non-Bonus,37,EUR,116.075
2024-01-15,81539,München,4000.0,Non-Bonus,20,EUR,108.81416666666667
2024-01-15,81539,München,4000.0,Non-Bonus,23,EUR,109.41666666666667
2024-01-15,81539,München,4000.0,Non-Bonus,44,EUR,115.97583333333334
2024-01-15,10115,Berlin,5000.0,Non-Bonus,42,EUR,144.025
2024-01-15,10115,Berlin,5000.0,Non-Bonus,45,EUR,144.91
2024-01-15,10115,Berlin,5000.0,Non-Bonus,46,EUR,145.42499999999998
2024-01-15,81539,München,5000.0,Non-Bonus,24,EUR,134.98083333333332
2024-01-15,81539,München,5000.0,Non-Bonus,38,EUR,139.68583333333333
2024-01-15,81539,München,5000.0,Non-Bonus,46,EUR,143.17499999999998
2024-01-15,81539,München,5000.0,Non-Bonus,49,EUR,143.4825
2024-01-15,10115,Berlin,4250.0,Non-Bonus,5,EUR,109.09583333333335
2024-01-15,10115,Berlin,4250.0,Non-Bonus,25,EUR,119.86500000000001
2024-01-15,81539,München,4250.0,Non-Bonus,36,EUR,119.8325
2024-01-15,10115,Berlin,2000.0,Bonus,2,EUR,47.806666666666665
2024-01-15,10115,Berlin,2000.0,Bonus,14,EUR,49.33416666666667
2024-01-15,10115,Berlin,2000.0,Bonus,17,EUR,49.47666666666667
2024-01-15,10115,Berlin,2000.0,Bonus,23,EUR,52.72416666666667
2024-01-15,81539,München,2000.0,Bonus,6,EUR,48.692499999999995
2024-01-15,81539,München,2000.0,Bonus,8,EUR,48.7475
2024-01-15,81539,München,2000.0,Bonus,42,EUR,58.73083333333333
2024-01-15,81539,München,2000.0,Bonus,47,EUR,59.48333333333333
2024-01-15,81539,München,2500.0,Bonus,2,EUR,56.77166666666667
2024-01-15,81539,München,2500.0,Bonus,7,EUR,59.42666666666667
2024-01-15,81539,München,2500.0,Bonus,9,EUR,59.49333333333333
2024-01-15,81539,München,2500.0,Bonus,12,EUR,59.854166666666664
2024-01-15,81539,München,2500.0,Bonus,22,EUR,62.51833333333334
2024-01-15,81539,München,2500.0,Bonus,23,EUR,62.64666666666667
2024-01-15,10115,Berlin,4500.0,Bonus,10,EUR,109.30416666666667
2024-01-15,10115,Berlin,4500.0,Bonus,26,EUR,114.945
2024-01-15,10115,Berlin,4500.0,Bonus,38,EUR,117.6425
2024-01-15,81539,München,4500.0,Bonus,8,EUR,106.84583333333335
2024-01-15,10115,Berlin,4250.0,Bonus,12,EUR,103.4375
2024-01-15,10115,Berlin,4250.0,Bonus,17,EUR,105.67416666666666
2024-01-15,10115,Berlin,3000.0,Bonus,23,EUR,75.86666666666666
2024-01-15,81539,München,3000.0,Bonus,31,EUR,77.5575
2024-01-15,10115,Berlin,3500.0,Bonus,1,EUR,76.23833333333333
2024-01-15,10115,Berlin,3500.0,Bonus,40,EUR,94.4875
2024-01-15,81539,München,3500.0,Bonus,43,EUR,93.735
2024-01-15,81539,München,5000.0,Bonus,37,EUR,128.6825
2024-01-15,10115,Berlin,4000.0,Bonus,20,EUR,99.3725
2024-01-15,81539,München,4000.0,Bonus,3,EUR,91.47166666666668
2024-01-15,10115,Berlin,3000.0,Non-Bonus,12,EUR,83.26
2024-01-15,10115,Berlin,3000.0,Non-Bonus,21,EUR,85.84416666666668
2024-01-15,81539,München,3000.0,Non-Bonus,11,EUR,81.05
2024-01-15,81539,München,3000.0,Non-Bonus,25,EUR,84.7625
2024-01-15,10115,Berlin,,Non-Bonus,10,EUR,94.4875
2024-01-15,81539,München,3500.0,Non-Bonus,9,EUR,92.5575
2024-01-15,81539,München,3500.0,Non-Bonus,10,EUR,92.5575
2024-01-15,81539,München,3500.0,Non-Bonus,33,EUR,99.9375
2024-01-15,81539,München,3500.0,Non-Bonus,48,EUR,103.16583333333334
2024-01-15,10115,Berlin,2500.0,Non-Bonus,11,EUR,71.10083333333334
2024-01-15,10115,Berlin,2500.0,Non-Bonus,28,EUR,74.45833333333333
2024-01-15,81539,München,2500.0,Non-Bonus,22,EUR,71.81583333333333
2024-01-15,81539,München,2500.0,Non-Bonus,41,EUR,75.32833333333333
2024-01-15,10115,Berlin,1500.0,Bonus,7,EUR,39.3125
2024-01-15,81539,München,1500.0,Bonus,9,EUR,39.71
2024-01-15,81539,München,1500.0,Bonus,10,EUR,40.105
2024-01-15,81539,München,1500.0,Bonus,44,EUR,46.754999999999995
2024-01-15,10115,Berlin,1000.0,Bonus,27,EUR,33.63666666666666
2024-01-15,10115,Berlin,1000.0,Bonus,43,EUR,35.343333333333334
2024-01-15,10115,Berlin,1000.0,Bonus,44,EUR,35.348333333333336
2024-01-15,81539,München,1000.0,Bonus,28,EUR,33.538333333333334
2024-01-15,81539,München,2000.0,Non-Bonus,6,EUR,56.53583333333333
2024-01-15,81539,München,2000.0,Non-Bonus,43,EUR,62.76083333333333
2024-01-15,10115,Berlin,,Non-Bonus,10,EUR,119.445
2024-01-15,10115,Berlin,4500.0,Non-Bonus,14,EUR,120.88499999999999
2024-01-15,10115,Berlin,4500.0,Non-Bonus,15,EUR,120.96333333333332
2024-01-15,10115,Berlin,4500.0,Non-Bonus,37,EUR,130.12416666666667
2024-01-15,81539,München,4500.0,Non-Bonus,3,EUR,104.3925
2024-01-15,81539,München,4500.0,Non-Bonus,32,EUR,125.6725
2024-01-15,81539,München,4500.0,Non-Bonus,39,EUR,127.33583333333333
2024-01-15,10115,Berlin,1000.0,Non-Bonus,2,EUR,32.28333333333333
2024-01-15,10115,Berlin,1000.0,Non-Bonus,20,EUR,35.560833333333335
2024-01-15,10115,Berlin,1500.0,Non-Bonus,21,EUR,48.5825
2024-01-15,10115,Berlin,1500.0,Non-Bonus,36,EUR,49.57083333333333
2024-01-15,81539,München,1500.0,Non-Bonus,37,EUR,49.107499999999995
2024-01-15,81539,München,1500.0,Non-Bonus,41,EUR,49.70416666666667
2024-01-15,10115,Berlin,4000.0,Non-Bonus,14,EUR,108.33333333333333
2024-01-15,81539,München,4000.0,Non-Bonus,14,EUR,105.83333333333333
2024-01-15,81539,München,4000.0,Non-Bonus,17,EUR,106.80083333333333
2024-01-15,81539,München,4000.0,Non-Bonus,48,EUR,116.62
2024-01-15,10115,Berlin,5000.0,Non-Bonus,1,EUR,105.84333333333332
2024-01-15,10115,Berlin,5000.0,Non-Bonus,16,EUR,133.83166666666668
2024-01-15,10115,Berlin,5000.0,Non-Bonus,50,EUR,146.57166666666666
2024-01-15,81539,München,5000.0,Non-Bonus,9,EUR,128.49583333333334
2024-01-15,81539,München,5000.0,Non-Bonus,28,EUR,137.19916666666668
2024-01-15,81539,München,5000.0,Non-Bonus,30,EUR,138.23333333333332
2024-01-15,81539,München,4250.0,Non-Bonus,5,EUR,106.72333333333334
2024-01-15,81539,München,4250.0,Non-Bonus,9,EUR,110.26833333333333
2024-01-15,10115,Berlin,2500.0,Bonus,4,EUR,58.68083333333333
2024-01-15,81539,München,2500.0,Bonus,3,EUR,56.971666666666664
2024-01-15,81539,München,2500.0,Bonus,15,EUR,60.42583333333334
2024-01-15,81539,München,2500.0,Bonus,16,EUR,60.48166666666666
2024-01-15,10115,Berlin,4500.0,Bonus,35,EUR,117.13666666666667
2024-01-15,10115,Berlin,4500.0,Bonus,47,EUR,122.955
2024-01-15,81539,München,4500.0,Bonus,30,EUR,113.78250000000001
2024-01-15,10115,Berlin,4250.0,Bonus,14,EUR,104.87583333333333
2024-01-15,10115,Berlin,4250.0,Bonus,49,EUR,117.95916666666666
2024-01-15,81539,München,4250.0,Bonus,5,EUR,98.88333333333333
2024-01-15,10115,Berlin,3000.0,Bonus,19,EUR,74.96666666666667
2024-01-15,10115,Berlin,3000.0,Bonus,39,EUR,82.11
2024-01-15,81539,München,3000.0,Bonus,39,EUR,81.05
2024-01-15,81539,München,3500.0,Bonus,26,EUR,86.62583333333333
2024-01-15,10115,Berlin,5000.0,Bonus,34,EUR,130.04166666666666
2024-01-15,10115,Berlin,5000.0,Bonus,42,EUR,131.93666666666667
2024-01-15,81539,München,5000.0,Bonus,25,EUR,125.22833333333334
2024-01-15,10115,Berlin,4000.0,Bonus,19,EUR,99.35000000000001
2024-01-15,10115,Berlin,4000.0,Bonus,43,EUR,107.06666666666666
2024-01-15,81539,München,4000.0,Bonus,12,EUR,96.17
2024-01-15,81539,München,4000.0,Bonus,16,EUR,97.02083333333333
2024-01-15,81539,München,4000.0,Bonus,24,EUR,98.96666666666665
2024-01-15,81539,München,4000.0,Bonus,38,EUR,104.24416666666667
2024-01-15,81539,München,4000.0,Bonus,41,EUR,104.87083333333334
2024-01-15,10115,Berlin,3000.0,Non-Bonus,1,EUR,66.67999999999999
2024-01-15,10115,Berlin,3000.0,Non-Bonus,45,EUR,90.7
2024-01-15,81539,München,3000.0,Non-Bonus,27,EUR,85.7
2024-01-15,81539,München,3500.0,Non-Bonus,3,EUR,75.39166666666667
2024-01-15,81539,München,3500.0,Non-Bonus,18,EUR,95.57166666666666
2024-01-15,81539,München,3500.0,Non-Bonus,26,EUR,98.16000000000001
2024-01-15,10115,Berlin,2500.0,Non-Bonus,3,EUR,61.17083333333333
2024-01-15,81539,München,2500.0,Non-Bonus,9,EUR,69.1125
2024-01-15,81539,München,2500.0,Non-Bonus,43,EUR,75.6075
2024-01-15,10115,Berlin,1500.0,Bonus,42,EUR,46.692499999999995
2024-01-15,10115,Berlin,1000.0,Bonus,25,EUR,33.208333333333336
2024-01-15,10115,Berlin,1000.0,Bonus,30,EUR,34.3375
2024-01-15,81539,München,1000.0,Bonus,19,EUR,32.07
2024-01-15,81539,München,1000.0,Bonus,38,EUR,34.69083333333334
2024-01-15,10115,Berlin,2000.0,Non-Bonus,19,EUR,60.15
2024-01-15,81539,München,2000.0,Non-Bonus,7,EUR,56.80083333333334
2024-01-15,10115,Berlin,4500.0,Non-Bonus,1,EUR,96.25916666666666
2024-01-15,10115,Berlin,4500.0,Non-Bonus,24,EUR,125.39666666666666
2024-01-15,10115,Berlin,4500.0,Non-Bonus,41,EUR,130.1875
2024-01-15,81539,München,1000.0,Non-Bonus,4,EUR,33.439166666666665
2024-01-15,10115,Berlin,1500.0,Non-Bonus,22,EUR,48.612500000000004
2024-01-15,81539,München,1500.0,Non-Bonus,13,EUR,46.725833333333334
2024-01-15,81539,München,1500.0,Non-Bonus,30,EUR,48.788333333333334
2024-01-15,10115,Berlin,4000.0,Non-Bonus,40,EUR,116.645
2024-01-15,81539,München,4000.0,Non-Bonus,2,EUR,84.56833333333334
2024-01-15,81539,München,4000.0,Non-Bonus,26,EUR,111.08333333333333
2024-01-15,81539,München,4000.0,Non-Bonus,41,EUR,114.65750000000001
2024-01-15,10115,Berlin,5000.0,Non-Bonus,3,EUR,120.39666666666666
2024-01-15,10115,Berlin,5000.0,Non-Bonus,40,EUR,143.7475
2024-01-15,81539,München,4250.0,Non-Bonus,7,EUR,107.63
2024-01-15,81539,München,4250.0,Non-Bonus,21,EUR,115.53250000000001
2024-01-15,81539,München,4250.0,Non-Bonus,29,EUR,117.76083333333334
2024-01-15,81539,München,4250.0,Non-Bonus,37,EUR,119.91250000000001
