report_date,postcode,location_name,annual_consumption_in_kWh,market,ranking,currency,gross_price_per_month
2024-02-12,10115,Berlin,1500.0,Bonus,11,EUR,38.083333333333336
2024-02-12,81539,München,1500.0,Bonus,23,EUR,39.8675
2024-02-12,81539,München,1500.0,Bonus,28,EUR,40.763333333333335
2024-02-12,10115,Berlin,4000.0,Bonus,16,EUR,93.38333333333333
2024-02-12,81539,München,4000.0,Bonus,7,EUR,85.63333333333333
2024-02-12,81539,München,4000.0,Bonus,36,EUR,98.4925
2024-02-12,10115,Berlin,2500.0,Bonus,24,EUR,59.74583333333334
2024-02-12,81539,München,2500.0,Bonus,9,EUR,55.85583333333333
2024-02-12,81539,München,2500.0,Bonus,46,EUR,67.5575
2024-02-12,10115,Berlin,3500.0,Bonus,10,EUR,77.63333333333334
2024-02-12,10115,Berlin,3500.0,Bonus,15,EUR,79.9725
2024-02-12,10115,Berlin,3500.0,Bonus,50,EUR,92.7975
2024-02-12,10115,Berlin,2000.0,Bonus,4,EUR,47.22333333333333
2024-02-12,10115,Berlin,2000.0,Bonus,36,EUR,52.33916666666667
2024-02-12,81539,München,2000.0,Bonus,43,EUR,55.57
2024-02-12,81539,München,3000.0,Bonus,8,EUR,67.015
2024-02-12,10115,Berlin,4500.0,Bonus,17,EUR,106.2975
2024-02-12,10115,Berlin,4500.0,Bonus,44,EUR,116.01833333333333
2024-02-12,81539,München,4500.0,Bonus,6,EUR,97.02499999999999
2024-02-12,81539,München,4500.0,Bonus,34,EUR,110.22583333333334
2024-02-12,10115,Berlin,5000.0,Bonus,41,EUR,127.91416666666667
2024-02-12,10115,Berlin,5000.0,Bonus,44,EUR,128.9125
2024-02-12,81539,München,5000.0,Bonus,20,EUR,116.09916666666668
2024-02-12,81539,München,5000.0,Bonus,32,EUR,120.81833333333333
2024-02-12,81539,München,5000.0,Bonus,33,EUR,121.89583333333333
2024-02-12,10115,Berlin,4250.0,Bonus,1,EUR,87.765
2024-02-12,10115,Berlin,4250.0,Bonus,36,EUR,107.33083333333333
2024-02-12,81539,München,4250.0,Bonus,8,EUR,92.35666666666667
2024-02-12,81539,München,4250.0,Bonus,40,EUR,106.32083333333333
2024-02-12,10115,Berlin,1500.0,Bonus,40,EUR,43.998333333333335
2024-02-12,81539,München,1500.0,Bonus,20,EUR,39.038333333333334
2024-02-12,81539,München,1500.0,Bonus,37,EUR,43.083333333333336
2024-02-12,10115,Berlin,4000.0,Bonus,27,EUR,97.02166666666666
2024-02-12,10115,Berlin,4000.0,Bonus,43,EUR,102.35916666666667
2024-02-12,81539,München,4000.0,Bonus,24,EUR,94.245
2024-02-12,81539,München,4000.0,Bonus,25,EUR,94.38666666666667
2024-02-12,81539,München,4000.0,Bonus,29,EUR,95.68583333333333
2024-02-12,81539,München,2500.0,Bonus,14,EUR,56.20249999999999
2024-02-12,10115,Berlin,3500.0,Bonus,9,EUR,77.62916666666666
2024-02-12,81539,München,3500.0,Bonus,29,EUR,83.36749999999999
2024-02-12,81539,München,3500.0,Bonus,32,EUR,86.04583333333333
2024-02-12,10115,Berlin,2000.0,Bonus,11,EUR,47.42916666666667
2024-02-12,81539,München,2000.0,Bonus,4,EUR,46.07
2024-02-12,10115,Berlin,3000.0,Bonus,13,EUR,67.815
2024-02-12,10115,Berlin,3000.0,Bonus,20,EUR,70.74083333333333
2024-02-12,81539,München,3000.0,Bonus,43,EUR,78.69333333333334
2024-02-12,10115,Berlin,4500.0,Bonus,40,EUR,115.13666666666667
2024-02-12,81539,München,4500.0,Bonus,5,EUR,95.61583333333334
2024-02-12,81539,München,4500.0,Bonus,14,EUR,103.69
2024-02-12,10115,Berlin,5000.0,Bonus,24,EUR,119.95166666666667
2024-02-12,10115,Berlin,5000.0,Bonus,49,EUR,130.0075
2024-02-12,81539,München,5000.0,Bonus,11,EUR,114.76666666666667
2024-02-12,81539,München,5000.0,Bonus,13,EUR,115.2475
2024-02-12,81539,München,5000.0,Bonus,23,EUR,116.38666666666667
2024-02-12,10115,Berlin,4250.0,Bonus,15,EUR,99.69166666666666
2024-02-12,10115,Berlin,1500.0,Bonus,10,EUR,38.045833333333334
2024-02-12,10115,Berlin,1500.0,Bonus,25,EUR,40.266666666666666
2024-02-12,10115,Berlin,1500.0,Bonus,28,EUR,40.91583333333333
2024-02-12,81539,München,1500.0,Bonus,8,EUR,37.887499999999996
2024-02-12,81539,München,1500.0,Bonus,34,EUR,42.475833333333334
2024-02-12,10115,Berlin,4000.0,Bonus,2,EUR,84.80333333333333
2024-02-12,10115,Berlin,4000.0,Bonus,22,EUR,94.75666666666666
2024-02-12,81539,München,4000.0,Bonus,45,EUR,102.09583333333335
2024-02-12,10115,Berlin,3500.0,Bonus,48,EUR,92.52583333333332
2024-02-12,81539,München,3500.0,Bonus,4,EUR,73.735
2024-02-12,81539,München,3500.0,Bonus,15,EUR,78.38833333333334
2024-02-12,81539,München,3500.0,Bonus,23,EUR,80.52
2024-02-12,81539,München,3500.0,Bonus,40,EUR,89.27499999999999
2024-02-12,81539,München,3500.0,Bonus,44,EUR,90.63416666666666
2024-02-12,10115,Berlin,2000.0,Bonus,24,EUR,49.0625
2024-02-12,81539,München,3000.0,Bonus,30,EUR,72.215
2024-02-12,81539,München,3000.0,Bonus,45,EUR,78.985
2024-02-12,81539,München,3000.0,Bonus,50,EUR,79.83333333333333
2024-02-12,10115,Berlin,4500.0,Bonus,9,EUR,105.34583333333335
2024-02-12,81539,München,4500.0,Bonus,38,EUR,111.92416666666666
2024-02-12,10115,Berlin,5000.0,Bonus,21,EUR,119.10833333333333
2024-02-12,81539,München,5000.0,Bonus,1,EUR,96.97166666666668
2024-02-12,81539,München,5000.0,Bonus,27,EUR,118.61333333333333
2024-02-12,10115,Berlin,4250.0,Bonus,12,EUR,99.1875
2024-02-12,10115,Berlin,4250.0,Bonus,19,EUR,100.00166666666667
2024-02-12,10115,Berlin,4250.0,Bonus,23,EUR,101.6875
2024-02-12,10115,Berlin,4250.0,Bonus,37,EUR,107.46
2024-02-12,81539,München,4250.0,Bonus,1,EUR,84.09916666666668
2024-02-12,81539,München,4250.0,Bonus,26,EUR,100.735
2024-02-12,81539,München,4250.0,Bonus,31,EUR,102.50833333333333
2024-02-12,81539,München,4250.0,Bonus,37,EUR,105.23583333333333
2024-02-12,81539,München,4250.0,Bonus,43,EUR,107.82249999999999
2024-02-12,10115,Berlin,1500.0,Bonus,15,EUR,38.612500000000004
2024-02-12,10115,Berlin,1500.0,Bonus,23,EUR,39.68416666666666
2024-02-12,81539,München,1500.0,Bonus,4,EUR,37.62166666666666
2024-02-12,81539,München,1500.0,Bonus,16,EUR,38.56
2024-02-12,10115,Berlin,4000.0,Bonus,50,EUR,104.75833333333333
2024-02-12,81539,München,4000.0,Bonus,44,EUR,101.84083333333332
2024-02-12,10115,Berlin,2500.0,Bonus,30,EUR,61.5825
2024-02-12,81539,München,2500.0,Bonus,24,EUR,58.544999999999995
2024-02-12,81539,München,2500.0,Bonus,25,EUR,59.5025
2024-02-12,81539,München,2500.0,Bonus,39,EUR,65.15083333333332
2024-02-12,81539,München,3500.0,Bonus,13,EUR,78.05916666666667
2024-02-12,81539,München,3500.0,Bonus,27,EUR,82.84916666666668
2024-02-12,81539,München,3500.0,Bonus,39,EUR,88.60166666666667
2024-02-12,81539,München,3500.0,Bonus,42,EUR,89.52416666666666
2024-02-12,10115,Berlin,2000.0,Bonus,23,EUR,49.0225
2024-02-12,10115,Berlin,3000.0,Bonus,29,EUR,73.63666666666667
2024-02-12,10115,Berlin,3000.0,Bonus,31,EUR,74.17833333333333
2024-02-12,81539,München,3000.0,Bonus,34,EUR,76.09916666666668
2024-02-12,10115,Berlin,4500.0,Bonus,46,EUR,116.06166666666667
2024-02-12,81539,München,4500.0,Bonus,16,EUR,103.79416666666667
2024-02-12,81539,München,4500.0,Bonus,35,EUR,110.265
2024-02-12,10115,Berlin,5000.0,Bonus,7,EUR,116.37333333333333
2024-02-12,10115,Berlin,5000.0,Bonus,14,EUR,118.335
2024-02-12,10115,Berlin,5000.0,Bonus,40,EUR,127.8925
2024-02-12,81539,München,5000.0,Bonus,6,EUR,109.12083333333334
2024-02-12,81539,München,5000.0,Bonus,12,EUR,114.77916666666665
2024-02-12,10115,Berlin,4250.0,Bonus,46,EUR,110.125
2024-02-12,81539,München,4250.0,Bonus,21,EUR,98.6425
2024-02-12,10115,Berlin,1500.0,Bonus,2,EUR,37.55833333333333
2024-02-12,10115,Berlin,1500.0,Bonus,45,EUR,44.95083333333333
2024-02-12,81539,München,1500.0,Bonus,45,EUR,44.48833333333334
2024-02-12,10115,Berlin,4000.0,Bonus,28,EUR,97.16250000000001
2024-02-12,10115,Berlin,4000.0,Bonus,32,EUR,99.17
2024-02-12,81539,München,4000.0,Bonus,2,EUR,82.54166666666667
2024-02-12,81539,München,4000.0,Bonus,8,EUR,85.8
2024-02-12,10115,Berlin,2500.0,Bonus,6,EUR,56.76333333333333
2024-02-12,10115,Berlin,2500.0,Bonus,12,EUR,56.85833333333333
2024-02-12,10115,Berlin,2500.0,Bonus,17,EUR,58.090833333333336
2024-02-12,81539,München,2500.0,Bonus,31,EUR,61.909166666666664
2024-02-12,10115,Berlin,3500.0,Bonus,6,EUR,75.93416666666667
2024-02-12,10115,Berlin,3500.0,Bonus,47,EUR,91.425
2024-02-12,81539,München,2000.0,Bonus,23,EUR,48.560833333333335
2024-02-12,81539,München,2000.0,Bonus,37,EUR,54.23500000000001
2024-02-12,81539,München,2000.0,Bonus,40,EUR,54.645
2024-02-12,10115,Berlin,3000.0,Bonus,17,EUR,69.24249999999999
2024-02-12,10115,Berlin,3000.0,Bonus,24,EUR,71.69083333333333
2024-02-12,10115,Berlin,3000.0,Bonus,47,EUR,80.14666666666666
2024-02-12,81539,München,3000.0,Bonus,14,EUR,67.91666666666667
2024-02-12,10115,Berlin,4500.0,Bonus,43,EUR,115.7275
2024-02-12,10115,Berlin,4500.0,Bonus,45,EUR,116.02916666666665
2024-02-12,81539,München,4500.0,Bonus,1,EUR,88.39
2024-02-12,81539,München,4500.0,Bonus,7,EUR,98.74583333333334
2024-02-12,10115,Berlin,5000.0,Bonus,18,EUR,118.80333333333334
2024-02-12,10115,Berlin,5000.0,Bonus,35,EUR,126.42750000000001
2024-02-12,10115,Berlin,5000.0,Bonus,39,EUR,127.835
2024-02-12,10115,Berlin,4250.0,Bonus,7,EUR,96.855
2024-02-12,10115,Berlin,4250.0,Bonus,42,EUR,108.95
2024-02-12,10115,Berlin,4250.0,Bonus,50,EUR,110.73916666666666
2024-02-12,81539,München,1500.0,Bonus,7,EUR,37.87916666666667
2024-02-12,81539,München,1500.0,Bonus,47,EUR,44.69916666666666
2024-02-12,81539,München,1500.0,Bonus,48,EUR,44.732499999999995
2024-02-12,10115,Berlin,4000.0,Bonus,8,EUR,92.62083333333334
2024-02-12,10115,Berlin,4000.0,Bonus,21,EUR,94.45583333333333
2024-02-12,81539,München,4000.0,Bonus,19,EUR,92.12
2024-02-12,81539,München,4000.0,Bonus,23,EUR,94.09666666666668
2024-02-12,81539,München,4000.0,Bonus,26,EUR,94.77333333333333
2024-02-12,81539,München,2500.0,Bonus,22,EUR,58.471666666666664
2024-02-12,81539,München,2500.0,Bonus,27,EUR,59.88583333333333
2024-02-12,10115,Berlin,3500.0,Bonus,7,EUR,76.55416666666666
2024-02-12,10115,Berlin,3500.0,Bonus,45,EUR,91.06
2024-02-12,10115,Berlin,2000.0,Bonus,3,EUR,46.725833333333334
2024-02-12,10115,Berlin,2000.0,Bonus,15,EUR,48.23333333333333
2024-02-12,81539,München,3000.0,Bonus,27,EUR,71.41833333333334
2024-02-12,81539,München,3000.0,Bonus,41,EUR,78.51
2024-02-12,10115,Berlin,4500.0,Bonus,11,EUR,105.37083333333334
2024-02-12,10115,Berlin,4500.0,Bonus,18,EUR,106.355
2024-02-12,10115,Berlin,4500.0,Bonus,30,EUR,109.30250000000001
2024-02-12,81539,München,4500.0,Bonus,13,EUR,103.68166666666667
2024-02-12,81539,München,4500.0,Bonus,17,EUR,104.06166666666667
2024-02-12,81539,München,4500.0,Bonus,21,EUR,104.77083333333333
2024-02-12,10115,Berlin,5000.0,Bonus,26,EUR,120.67166666666667
2024-02-12,81539,München,5000.0,Bonus,2,EUR,99.20833333333333
2024-02-12,81539,München,4250.0,Bonus,24,EUR,99.59500000000001
2024-02-12,10115,Berlin,1500.0,Bonus,21,EUR,39.4175
2024-02-12,81539,München,1500.0,Bonus,11,EUR,37.964999999999996
2024-02-12,10115,Berlin,4000.0,Bonus,13,EUR,92.8525
2024-02-12,10115,Berlin,4000.0,Bonus,23,EUR,95.39833333333333
2024-02-12,10115,Berlin,2500.0,Bonus,23,EUR,59.721666666666664
2024-02-12,10115,Berlin,2500.0,Bonus,33,EUR,62.785
2024-02-12,10115,Berlin,2500.0,Bonus,45,EUR,67.99166666666666
2024-02-12,10115,Berlin,3500.0,Bonus,35,EUR,89.20416666666667
2024-02-12,81539,München,3500.0,Bonus,1,EUR,71.22666666666667
2024-02-12,81539,München,3500.0,Bonus,46,EUR,90.90583333333332
2024-02-12,10115,Berlin,2000.0,Bonus,9,EUR,47.415
2024-02-12,10115,Berlin,2000.0,Bonus,39,EUR,53.87833333333333
2024-02-12,81539,München,3000.0,Bonus,19,EUR,69.41416666666667
2024-02-12,81539,München,3000.0,Bonus,44,EUR,78.98333333333333
2024-02-12,81539,München,3000.0,Bonus,48,EUR,79.30166666666666
2024-02-12,81539,München,4500.0,Bonus,29,EUR,106.69666666666666
2024-02-12,10115,Berlin,5000.0,Bonus,36,EUR,126.65916666666668
2024-02-12,10115,Berlin,5000.0,Bonus,43,EUR,128.68166666666667
2024-02-12,81539,München,5000.0,Bonus,50,EUR,127.755
2024-02-12,10115,Berlin,4250.0,Bonus,20,EUR,100.40166666666666
2024-02-12,10115,Berlin,4250.0,Bonus,31,EUR,105.05166666666666
2024-02-12,81539,München,4250.0,Bonus,6,EUR,90.9775
2024-02-12,81539,München,4250.0,Bonus,23,EUR,99.50833333333333
2024-02-12,81539,München,4250.0,Bonus,29,EUR,101.05250000000001
2024-02-12,81539,München,4250.0,Bonus,38,EUR,106.03750000000001
2024-02-12,10115,Berlin,1500.0,Bonus,1,EUR,37.11333333333334
2024-02-12,10115,Berlin,4000.0,Bonus,25,EUR,96.49666666666667
2024-02-12,10115,Berlin,4000.0,Bonus,30,EUR,97.86666666666667
2024-02-12,10115,Berlin,4000.0,Bonus,46,EUR,102.71
2024-02-12,81539,München,4000.0,Bonus,20,EUR,92.175
2024-02-12,81539,München,4000.0,Bonus,43,EUR,101.40833333333335
2024-02-12,81539,München,4000.0,Bonus,48,EUR,103.32416666666667
2024-02-12,10115,Berlin,2500.0,Bonus,41,EUR,66.00833333333334
2024-02-12,10115,Berlin,3500.0,Bonus,19,EUR,81.23916666666666
2024-02-12,81539,München,3500.0,Bonus,31,EUR,85.00583333333334
2024-02-12,10115,Berlin,2000.0,Bonus,20,EUR,48.405
2024-02-12,10115,Berlin,2000.0,Bonus,33,EUR,52.00333333333333
2024-02-12,10115,Berlin,2000.0,Bonus,49,EUR,56.9125
2024-02-12,81539,München,2000.0,Bonus,3,EUR,45.482499999999995
2024-02-12,81539,München,2000.0,Bonus,46,EUR,56.0925
2024-02-12,81539,München,3000.0,Bonus,9,EUR,67.575
2024-02-12,81539,München,3000.0,Bonus,12,EUR,67.85416666666667
2024-02-12,81539,München,3000.0,Bonus,13,EUR,67.8575
2024-02-12,81539,München,3000.0,Bonus,16,EUR,68.29916666666666
2024-02-12,81539,München,3000.0,Bonus,36,EUR,76.605
2024-02-12,10115,Berlin,4500.0,Bonus,32,EUR,110.98666666666666
2024-02-12,81539,München,4500.0,Bonus,19,EUR,104.75
2024-02-12,10115,Berlin,5000.0,Bonus,22,EUR,119.16000000000001
2024-02-12,10115,Berlin,5000.0,Bonus,45,EUR,129.26833333333335
2024-02-12,10115,Berlin,5000.0,Bonus,47,EUR,129.44166666666666
2024-02-12,81539,München,5000.0,Bonus,18,EUR,115.555
2024-02-12,81539,München,5000.0,Bonus,25,EUR,117.02666666666666
2024-02-12,81539,München,5000.0,Bonus,29,EUR,118.70416666666667
2024-02-12,10115,Berlin,4250.0,Bonus,9,EUR,98.54833333333333
2024-02-12,81539,München,4250.0,Bonus,39,EUR,106.265
2024-02-12,81539,München,4250.0,Bonus,41,EUR,107.80666666666667
2024-02-12,10115,Berlin,1500.0,Bonus,31,EUR,41.748333333333335
2024-02-12,81539,München,1500.0,Bonus,19,EUR,38.68
2024-02-12,81539,München,1500.0,Bonus,32,EUR,41.737500000000004
2024-02-12,10115,Berlin,2500.0,Bonus,5,EUR,56.75416666666666
2024-02-12,10115,Berlin,2500.0,Bonus,35,EUR,63.090833333333336
2024-02-12,81539,München,2500.0,Bonus,5,EUR,55.685833333333335
2024-02-12,81539,München,2500.0,Bonus,20,EUR,58.04750000000001
2024-02-12,10115,Berlin,3500.0,Bonus,8,EUR,77.53
2024-02-12,10115,Berlin,3500.0,Bonus,27,EUR,84.74083333333333
2024-02-12,10115,Berlin,3500.0,Bonus,39,EUR,89.58083333333333
2024-02-12,81539,München,3500.0,Bonus,3,EUR,73.00583333333334
2024-02-12,10115,Berlin,2000.0,Bonus,31,EUR,50.60583333333333
2024-02-12,81539,München,2000.0,Bonus,8,EUR,46.75333333333333
2024-02-12,81539,München,2000.0,Bonus,22,EUR,48.4375
2024-02-12,10115,Berlin,3000.0,Bonus,11,EUR,67.63333333333334
2024-02-12,10115,Berlin,3000.0,Bonus,28,EUR,73.62666666666667
2024-02-12,81539,München,3000.0,Bonus,22,EUR,70.14416666666666
2024-02-12,81539,München,3000.0,Bonus,37,EUR,77.11833333333333
2024-02-12,10115,Berlin,4500.0,Bonus,21,EUR,106.75583333333333
2024-02-12,81539,München,4500.0,Bonus,25,EUR,105.90750000000001
2024-02-12,81539,München,4500.0,Bonus,31,EUR,106.97500000000001
2024-02-12,81539,München,4500.0,Bonus,44,EUR,114.13666666666667
2024-02-12,10115,Berlin,5000.0,Bonus,33,EUR,124.72166666666668
2024-02-12,81539,München,5000.0,Bonus,39,EUR,124.9375
2024-02-12,81539,München,4250.0,Bonus,44,EUR,107.99916666666667
2024-02-12,81539,München,4250.0,Bonus,46,EUR,108.3125
2024-02-12,10115,Berlin,1500.0,Bonus,27,EUR,40.65333333333333
2024-02-12,10115,Berlin,1500.0,Bonus,42,EUR,44.05833333333334
2024-02-12,81539,München,1500.0,Bonus,25,EUR,40.262499999999996
2024-02-12,81539,München,1500.0,Bonus,33,EUR,42.18083333333333
2024-02-12,10115,Berlin,4000.0,Bonus,19,EUR,93.93666666666667
2024-02-12,81539,München,4000.0,Bonus,1,EUR,79.80833333333334
2024-02-12,81539,München,4000.0,Bonus,32,EUR,96.21
2024-02-12,81539,München,4000.0,Bonus,34,EUR,97.57333333333334
2024-02-12,81539,München,4000.0,Bonus,47,EUR,103.13333333333333
2024-02-12,10115,Berlin,2500.0,Bonus,44,EUR,66.635
2024-02-12,81539,München,2500.0,Bonus,2,EUR,53.88166666666667
2024-02-12,81539,München,2500.0,Bonus,6,EUR,55.83583333333333
2024-02-12,81539,München,2500.0,Bonus,48,EUR,67.69666666666667
2024-02-12,10115,Berlin,3500.0,Bonus,38,EUR,89.40166666666666
2024-02-12,10115,Berlin,2000.0,Bonus,44,EUR,55.465
2024-02-12,81539,München,2000.0,Bonus,24,EUR,48.57583333333333
2024-02-12,10115,Berlin,4500.0,Bonus,27,EUR,108.925
2024-02-12,81539,München,5000.0,Bonus,44,EUR,127.13166666666666
2024-02-12,81539,München,5000.0,Bonus,46,EUR,127.31833333333333
2024-02-12,10115,Berlin,4250.0,Bonus,17,EUR,99.8775
2024-02-12,81539,München,4250.0,Bonus,17,EUR,97.87416666666667
2024-02-12,81539,München,4250.0,Bonus,19,EUR,97.97500000000001
2024-02-12,81539,München,4250.0,Bonus,25,EUR,100.44333333333333
2024-02-12,10115,Berlin,1500.0,Bonus,3,EUR,37.766666666666666
2024-02-12,10115,Berlin,1500.0,Bonus,6,EUR,38.030833333333334
2024-02-12,81539,München,1500.0,Bonus,10,EUR,37.945
2024-02-12,81539,München,1500.0,Bonus,26,EUR,40.450833333333335
2024-02-12,10115,Berlin,4000.0,Bonus,12,EUR,92.8
2024-02-12,10115,Berlin,4000.0,Bonus,29,EUR,97.6225
2024-02-12,81539,München,4000.0,Bonus,27,EUR,94.91416666666667
2024-02-12,81539,München,4000.0,Bonus,39,EUR,100.11083333333333
2024-02-12,10115,Berlin,2500.0,Bonus,2,EUR,54.7775
2024-02-12,81539,München,2500.0,Bonus,8,EUR,55.844166666666666
2024-02-12,81539,München,3500.0,Bonus,11,EUR,77.82916666666667
2024-02-12,81539,München,3500.0,Bonus,22,EUR,80.41083333333333
2024-02-12,81539,München,3500.0,Bonus,36,EUR,87.69
2024-02-12,10115,Berlin,2000.0,Bonus,43,EUR,55.163333333333334
2024-02-12,81539,München,2000.0,Bonus,17,EUR,46.958333333333336
2024-02-12,81539,München,2000.0,Bonus,18,EUR,46.97666666666667
2024-02-12,81539,München,2000.0,Bonus,30,EUR,51.51916666666667
2024-02-12,10115,Berlin,3000.0,Bonus,26,EUR,71.75083333333333
2024-02-12,10115,Berlin,3000.0,Bonus,50,EUR,80.6225
2024-02-12,81539,München,3000.0,Bonus,23,EUR,70.16083333333333
2024-02-12,81539,München,3000.0,Bonus,33,EUR,75.95833333333333
2024-02-12,81539,München,4500.0,Bonus,49,EUR,115.49416666666667
2024-02-12,10115,Berlin,5000.0,Bonus,10,EUR,118.12583333333333
2024-02-12,10115,Berlin,5000.0,Bonus,42,EUR,128.11249999999998
2024-02-12,81539,München,5000.0,Bonus,40,EUR,124.95166666666667
2024-02-12,10115,Berlin,4250.0,Bonus,3,EUR,89.57
2024-02-12,10115,Berlin,4250.0,Bonus,22,EUR,100.73166666666667
2024-02-12,10115,Berlin,4250.0,Bonus,26,EUR,102.87
2024-02-12,81539,München,4250.0,Bonus,22,EUR,99.46166666666666
2024-02-12,81539,München,1500.0,Bonus,12,EUR,37.975833333333334
2024-02-12,81539,München,1500.0,Bonus,36,EUR,43.02583333333333
2024-02-12,81539,München,4000.0,Bonus,9,EUR,89.6875
2024-02-12,10115,Berlin,2500.0,Bonus,31,EUR,62.37916666666666
2024-02-12,10115,Berlin,2500.0,Bonus,32,EUR,62.45416666666667
2024-02-12,81539,München,2500.0,Bonus,44,EUR,67.465
2024-02-12,10115,Berlin,3500.0,Bonus,4,EUR,75.52833333333334
2024-02-12,10115,Berlin,3500.0,Bonus,22,EUR,82.30499999999999
2024-02-12,10115,Berlin,3500.0,Bonus,36,EUR,89.245
2024-02-12,10115,Berlin,2000.0,Bonus,10,EUR,47.42083333333333
2024-02-12,10115,Berlin,2000.0,Bonus,19,EUR,48.333333333333336
2024-02-12,10115,Berlin,2000.0,Bonus,40,EUR,54.48166666666666
2024-02-12,81539,München,2000.0,Bonus,12,EUR,46.821666666666665
2024-02-12,81539,München,2000.0,Bonus,33,EUR,53.004999999999995
2024-02-12,81539,München,2000.0,Bonus,36,EUR,53.66166666666667
2024-02-12,81539,München,3000.0,Bonus,25,EUR,70.74249999999999
2024-02-12,81539,München,3000.0,Bonus,38,EUR,77.2075
2024-02-12,81539,München,3000.0,Bonus,47,EUR,79.25416666666666
2024-02-12,10115,Berlin,4500.0,Bonus,4,EUR,98.23583333333333
2024-02-12,10115,Berlin,4500.0,Bonus,50,EUR,117.59166666666665
2024-02-12,81539,München,4500.0,Bonus,28,EUR,106.66333333333334
2024-02-12,10115,Berlin,5000.0,Bonus,5,EUR,110.67666666666666
2024-02-12,10115,Berlin,5000.0,Bonus,29,EUR,121.66666666666667
2024-02-12,10115,Berlin,1500.0,Bonus,7,EUR,38.0325
2024-02-12,10115,Berlin,1500.0,Bonus,46,EUR,45.07583333333333
2024-02-12,10115,Berlin,1500.0,Bonus,48,EUR,45.185
2024-02-12,10115,Berlin,4000.0,Bonus,14,EUR,92.96666666666665
2024-02-12,81539,München,4000.0,Bonus,6,EUR,84.92916666666666
2024-02-12,81539,München,4000.0,Bonus,22,EUR,93.5
2024-02-12,10115,Berlin,2500.0,Bonus,29,EUR,61.4975
2024-02-12,81539,München,2500.0,Bonus,3,EUR,54.064166666666665
2024-02-12,81539,München,2500.0,Bonus,18,EUR,57.541666666666664
2024-02-12,81539,München,2500.0,Bonus,29,EUR,60.32
2024-02-12,81539,München,2500.0,Bonus,38,EUR,64.89083333333333
2024-02-12,81539,München,2500.0,Bonus,47,EUR,67.58333333333333
2024-02-12,10115,Berlin,3500.0,Bonus,1,EUR,74.27083333333333
2024-02-12,10115,Berlin,3500.0,Bonus,2,EUR,74.4425
2024-02-12,10115,Berlin,3500.0,Bonus,31,EUR,86.88
2024-02-12,81539,München,2000.0,Bonus,41,EUR,55.13666666666666
2024-02-12,10115,Berlin,3000.0,Bonus,3,EUR,65.26666666666667
2024-02-12,10115,Berlin,3000.0,Bonus,12,EUR,67.79333333333334
2024-02-12,10115,Berlin,3000.0,Bonus,14,EUR,67.825
2024-02-12,10115,Berlin,3000.0,Bonus,16,EUR,67.99166666666666
2024-02-12,10115,Berlin,3000.0,Bonus,32,EUR,75.79166666666667
2024-02-12,10115,Berlin,4500.0,Bonus,26,EUR,108.91833333333334
2024-02-12,81539,München,4500.0,Bonus,48,EUR,115.35833333333333
2024-02-12,10115,Berlin,5000.0,Bonus,20,EUR,118.94166666666666
2024-02-12,10115,Berlin,5000.0,Bonus,32,EUR,124.60333333333334
2024-02-12,81539,München,5000.0,Bonus,8,EUR,112.02499999999999
2024-02-12,81539,München,5000.0,Bonus,22,EUR,116.22000000000001
2024-02-12,81539,München,5000.0,Bonus,24,EUR,116.79166666666667
2024-02-12,81539,München,5000.0,Bonus,37,EUR,124.20666666666666
2024-02-12,81539,München,4250.0,Bonus,33,EUR,102.9775
2024-02-12,10115,Berlin,4000.0,Bonus,33,EUR,99.41083333333334
2024-02-12,81539,München,4000.0,Bonus,15,EUR,91.5475
2024-02-12,81539,München,4000.0,Bonus,46,EUR,102.51083333333334
2024-02-12,10115,Berlin,2500.0,Bonus,4,EUR,56.593333333333334
2024-02-12,10115,Berlin,2500.0,Bonus,26,EUR,61.11416666666667
2024-02-12,10115,Berlin,2500.0,Bonus,34,EUR,62.835
2024-02-12,81539,München,2500.0,Bonus,15,EUR,56.45333333333334
2024-02-12,81539,München,2500.0,Bonus,19,EUR,57.66916666666666
2024-02-12,10115,Berlin,3500.0,Bonus,18,EUR,81.21083333333333
2024-02-12,10115,Berlin,3500.0,Bonus,20,EUR,81.69166666666666
2024-02-12,10115,Berlin,3500.0,Bonus,25,EUR,82.8075
2024-02-12,10115,Berlin,2000.0,Bonus,25,EUR,49.245000000000005
2024-02-12,81539,München,2000.0,Bonus,14,EUR,46.85
2024-02-12,81539,München,2000.0,Bonus,21,EUR,48.425000000000004
2024-02-12,10115,Berlin,3000.0,Bonus,8,EUR,67.065
2024-02-12,81539,München,3000.0,Bonus,20,EUR,69.69833333333334
2024-02-12,10115,Berlin,5000.0,Bonus,12,EUR,118.26416666666667
2024-02-12,10115,Berlin,5000.0,Bonus,23,EUR,119.18583333333333
2024-02-12,81539,München,5000.0,Bonus,49,EUR,127.66333333333334
2024-02-12,10115,Berlin,1500.0,Bonus,14,EUR,38.550000000000004
2024-02-12,10115,Berlin,1500.0,Bonus,20,EUR,39.358333333333334
2024-02-12,10115,Berlin,1500.0,Bonus,33,EUR,42.200833333333335
2024-02-12,81539,München,1500.0,Bonus,38,EUR,43.09583333333333
2024-02-12,81539,München,1500.0,Bonus,44,EUR,44.46666666666667
2024-02-12,10115,Berlin,4000.0,Bonus,6,EUR,87.21
2024-02-12,10115,Berlin,4000.0,Bonus,7,EUR,91.21083333333333
2024-02-12,10115,Berlin,4000.0,Bonus,42,EUR,102.29583333333333
2024-02-12,81539,München,4000.0,Bonus,13,EUR,91.515
2024-02-12,81539,München,4000.0,Bonus,21,EUR,92.52583333333332
2024-02-12,10115,Berlin,2500.0,Bonus,10,EUR,56.80583333333333
2024-02-12,81539,München,2500.0,Bonus,17,EUR,57.53333333333333
2024-02-12,10115,Berlin,3500.0,Bonus,29,EUR,85.26583333333333
2024-02-12,81539,München,3500.0,Bonus,9,EUR,77.1875
2024-02-12,81539,München,3500.0,Bonus,35,EUR,87.54166666666667
2024-02-12,10115,Berlin,2000.0,Bonus,7,EUR,47.40166666666667
2024-02-12,10115,Berlin,2000.0,Bonus,30,EUR,50.495000000000005
2024-02-12,81539,München,2000.0,Bonus,31,EUR,51.971666666666664
2024-02-12,10115,Berlin,3000.0,Bonus,10,EUR,67.6275
2024-02-12,10115,Berlin,3000.0,Bonus,37,EUR,77.49249999999999
2024-02-12,10115,Berlin,3000.0,Bonus,38,EUR,77.63333333333334
2024-02-12,10115,Berlin,3000.0,Bonus,39,EUR,77.89416666666666
2024-02-12,81539,München,3000.0,Bonus,29,EUR,72.16583333333334
2024-02-12,10115,Berlin,4500.0,Bonus,28,EUR,109.105
2024-02-12,10115,Berlin,4500.0,Bonus,29,EUR,109.3
2024-02-12,81539,München,4500.0,Bonus,26,EUR,106.33666666666666
2024-02-12,10115,Berlin,5000.0,Bonus,19,EUR,118.86666666666667
2024-02-12,10115,Berlin,5000.0,Bonus,28,EUR,121.5825
2024-02-12,81539,München,5000.0,Bonus,42,EUR,126.0
2024-02-12,10115,Berlin,4250.0,Bonus,44,EUR,109.32333333333334
2024-02-12,81539,München,4250.0,Bonus,27,EUR,100.86166666666666
2024-02-12,81539,München,4250.0,Bonus,36,EUR,105.16000000000001
2024-02-12,81539,München,4250.0,Bonus,47,EUR,109.13333333333333
2024-02-12,81539,München,1500.0,Bonus,21,EUR,39.22083333333333
2024-02-12,81539,München,1500.0,Bonus,24,EUR,40.19
2024-02-12,81539,München,1500.0,Bonus,30,EUR,41.02833333333333
2024-02-12,10115,Berlin,4000.0,Bonus,20,EUR,94.42333333333333
2024-02-12,10115,Berlin,4000.0,Bonus,34,EUR,99.82166666666666
2024-02-12,81539,München,4000.0,Bonus,5,EUR,83.55333333333333
2024-02-12,81539,München,4000.0,Bonus,18,EUR,91.82416666666667
2024-02-12,10115,Berlin,2500.0,Bonus,1,EUR,54.76083333333333
2024-02-12,81539,München,2500.0,Bonus,16,EUR,57.42666666666667
2024-02-12,81539,München,2500.0,Bonus,26,EUR,59.86000000000001
2024-02-12,10115,Berlin,2000.0,Bonus,29,EUR,50.0075
2024-02-12,81539,München,2000.0,Bonus,32,EUR,52.362500000000004
2024-02-12,81539,München,3000.0,Bonus,15,EUR,67.97666666666667
2024-02-12,10115,Berlin,4500.0,Bonus,37,EUR,113.835
2024-02-12,81539,München,4500.0,Bonus,39,EUR,112.53166666666668
2024-02-12,10115,Berlin,5000.0,Bonus,8,EUR,118.07083333333333
2024-02-12,81539,München,5000.0,Bonus,10,EUR,114.125
2024-02-12,10115,Berlin,4250.0,Bonus,39,EUR,108.46416666666666
2024-02-12,10115,Berlin,4250.0,Bonus,41,EUR,108.7475
2024-02-12,81539,München,4250.0,Bonus,2,EUR,86.70833333333333
2024-02-12,81539,München,1500.0,Bonus,14,EUR,38.53916666666667
2024-02-12,10115,Berlin,4000.0,Bonus,9,EUR,92.63333333333333
2024-02-12,10115,Berlin,4000.0,Bonus,48,EUR,104.10000000000001
2024-02-12,81539,München,4000.0,Bonus,30,EUR,95.6925
2024-02-12,81539,München,4000.0,Bonus,49,EUR,103.52
2024-02-12,10115,Berlin,2500.0,Bonus,7,EUR,56.7775
2024-02-12,10115,Berlin,2500.0,Bonus,14,EUR,56.875
2024-02-12,10115,Berlin,2500.0,Bonus,47,EUR,68.44500000000001
2024-02-12,81539,München,2500.0,Bonus,7,EUR,55.8375
2024-02-12,81539,München,2500.0,Bonus,35,EUR,63.94
2024-02-12,10115,Berlin,3500.0,Bonus,12,EUR,77.8125
2024-02-12,10115,Berlin,3500.0,Bonus,14,EUR,78.66333333333334
2024-02-12,10115,Berlin,3500.0,Bonus,49,EUR,92.555
2024-02-12,81539,München,3500.0,Bonus,17,EUR,79.69500000000001
2024-02-12,81539,München,3500.0,Bonus,19,EUR,80.04333333333334
2024-02-12,81539,München,3500.0,Bonus,33,EUR,86.76583333333333
2024-02-12,81539,München,3500.0,Bonus,34,EUR,87.53416666666668
2024-02-12,81539,München,3500.0,Bonus,50,EUR,91.53250000000001
2024-02-12,10115,Berlin,2000.0,Bonus,16,EUR,48.237500000000004
2024-02-12,81539,München,2000.0,Bonus,7,EUR,46.745000000000005
2024-02-12,81539,München,2000.0,Bonus,42,EUR,55.333333333333336
2024-02-12,10115,Berlin,3000.0,Bonus,6,EUR,66.76666666666667
2024-02-12,10115,Berlin,3000.0,Bonus,46,EUR,80.10916666666667
2024-02-12,81539,München,4500.0,Bonus,36,EUR,110.78916666666667
2024-02-12,81539,München,4500.0,Bonus,50,EUR,115.5075
2024-02-12,10115,Berlin,5000.0,Bonus,30,EUR,122.15083333333332
2024-02-12,81539,München,5000.0,Bonus,5,EUR,107.67916666666667
2024-02-12,81539,München,5000.0,Bonus,30,EUR,119.18916666666667
2024-02-12,10115,Berlin,4250.0,Bonus,32,EUR,105.40416666666665
2024-02-12,81539,München,4250.0,Bonus,11,EUR,96.67833333333334
2024-02-12,81539,München,4250.0,Bonus,45,EUR,108.21416666666666
2024-02-12,10115,Berlin,1500.0,Bonus,12,EUR,38.085
2024-02-12,10115,Berlin,1500.0,Bonus,32,EUR,41.751666666666665
2024-02-12,10115,Berlin,1500.0,Bonus,41,EUR,44.044999999999995
2024-02-12,81539,München,1500.0,Bonus,5,EUR,37.70916666666667
2024-02-12,10115,Berlin,2500.0,Bonus,40,EUR,65.59166666666667
2024-02-12,81539,München,2500.0,Bonus,50,EUR,68.0
2024-02-12,10115,Berlin,3500.0,Bonus,42,EUR,90.16833333333334
2024-02-12,81539,München,3500.0,Bonus,18,EUR,79.80166666666666
2024-02-12,81539,München,3500.0,Bonus,28,EUR,83.01916666666666
2024-02-12,10115,Berlin,2000.0,Bonus,26,EUR,49.32666666666666
2024-02-12,10115,Berlin,2000.0,Bonus,32,EUR,51.958333333333336
2024-02-12,10115,Berlin,2000.0,Bonus,46,EUR,56.38666666666666
2024-02-12,81539,München,2000.0,Bonus,45,EUR,55.97666666666667
2024-02-12,10115,Berlin,3000.0,Bonus,5,EUR,66.34333333333333
2024-02-12,10115,Berlin,3000.0,Bonus,42,EUR,78.75
2024-02-12,10115,Berlin,3000.0,Bonus,49,EUR,80.51916666666666
2024-02-12,10115,Berlin,4500.0,Bonus,5,EUR,98.2525
2024-02-12,10115,Berlin,4500.0,Bonus,23,EUR,107.38083333333333
2024-02-12,10115,Berlin,4500.0,Bonus,31,EUR,109.41416666666667
2024-02-12,81539,München,4500.0,Bonus,11,EUR,103.3
2024-02-12,81539,München,4500.0,Bonus,12,EUR,103.54166666666667
2024-02-12,81539,München,4500.0,Bonus,22,EUR,104.82583333333334
2024-02-12,81539,München,4500.0,Bonus,27,EUR,106.5
2024-02-12,81539,München,4500.0,Bonus,37,EUR,111.485
2024-02-12,10115,Berlin,5000.0,Bonus,9,EUR,118.08333333333333
2024-02-12,81539,München,5000.0,Bonus,41,EUR,125.71916666666668
2024-02-12,10115,Berlin,4250.0,Bonus,5,EUR,90.84333333333332
2024-02-12,10115,Berlin,4250.0,Bonus,6,EUR,93.43916666666667
2024-02-12,10115,Berlin,1500.0,Bonus,8,EUR,38.03416666666667
2024-02-12,10115,Berlin,1500.0,Bonus,38,EUR,43.47833333333333
2024-02-12,81539,München,1500.0,Bonus,1,EUR,36.90083333333333
2024-02-12,81539,München,1500.0,Bonus,46,EUR,44.61333333333334
2024-02-12,81539,München,4000.0,Bonus,16,EUR,91.71583333333332
2024-02-12,10115,Berlin,2500.0,Bonus,18,EUR,58.17250000000001
2024-02-12,81539,München,2500.0,Bonus,4,EUR,55.1775
2024-02-12,81539,München,2500.0,Bonus,34,EUR,63.675000000000004
2024-02-12,81539,München,3500.0,Bonus,5,EUR,74.20833333333333
2024-02-12,81539,München,3500.0,Bonus,14,EUR,78.3575
2024-02-12,81539,München,2000.0,Bonus,48,EUR,56.4625
2024-02-12,81539,München,3000.0,Bonus,4,EUR,64.79583333333333
2024-02-12,81539,München,3000.0,Bonus,49,EUR,79.545
2024-02-12,10115,Berlin,4500.0,Bonus,16,EUR,106.22916666666667
2024-02-12,10115,Berlin,4500.0,Bonus,41,EUR,115.17583333333333
2024-02-12,81539,München,4500.0,Bonus,40,EUR,113.20416666666667
2024-02-12,10115,Berlin,5000.0,Bonus,27,EUR,121.575
2024-02-12,10115,Berlin,5000.0,Bonus,38,EUR,127.33916666666666
2024-02-12,81539,München,5000.0,Bonus,34,EUR,122.88499999999999
2024-02-12,10115,Berlin,4250.0,Bonus,10,EUR,98.55416666666667
2024-02-12,81539,München,4250.0,Bonus,3,EUR,87.145
2024-02-12,81539,München,4250.0,Bonus,14,EUR,97.25416666666666
2024-02-12,81539,München,4250.0,Bonus,18,EUR,97.95583333333333
2024-02-12,10115,Berlin,1500.0,Bonus,13,EUR,38.19583333333333
2024-02-12,10115,Berlin,1500.0,Bonus,18,EUR,38.876666666666665
2024-02-12,10115,Berlin,1500.0,Bonus,47,EUR,45.166666666666664
2024-02-12,81539,München,1500.0,Bonus,42,EUR,43.590833333333336
2024-02-12,81539,München,1500.0,Bonus,43,EUR,44.46333333333333
2024-02-12,10115,Berlin,4000.0,Bonus,40,EUR,102.00333333333333
2024-02-12,81539,München,4000.0,Bonus,14,EUR,91.53583333333334
2024-02-12,81539,München,2500.0,Bonus,13,EUR,56.182500000000005
2024-02-12,81539,München,2500.0,Bonus,32,EUR,62.45333333333334
2024-02-12,10115,Berlin,3500.0,Bonus,3,EUR,74.45916666666666
2024-02-12,10115,Berlin,3500.0,Bonus,13,EUR,78.6525
2024-02-12,10115,Berlin,3500.0,Bonus,28,EUR,84.91083333333333
2024-02-12,81539,München,3500.0,Bonus,2,EUR,72.98916666666666
2024-02-12,81539,München,3500.0,Bonus,7,EUR,76.7075
2024-02-12,81539,München,3500.0,Bonus,30,EUR,84.08083333333333
2024-02-12,10115,Berlin,2000.0,Bonus,27,EUR,49.38166666666667
2024-02-12,10115,Berlin,2000.0,Bonus,37,EUR,53.182500000000005
2024-02-12,10115,Berlin,2000.0,Bonus,48,EUR,56.785
2024-02-12,81539,München,2000.0,Bonus,6,EUR,46.68333333333334
2024-02-12,81539,München,3000.0,Bonus,3,EUR,63.13583333333333
2024-02-12,81539,München,3000.0,Bonus,6,EUR,65.71083333333333
2024-02-12,81539,München,3000.0,Bonus,10,EUR,67.74166666666666
2024-02-12,81539,München,3000.0,Bonus,24,EUR,70.21416666666667
2024-02-12,10115,Berlin,5000.0,Bonus,6,EUR,112.12666666666667
2024-02-12,10115,Berlin,5000.0,Bonus,16,EUR,118.6125
2024-02-12,81539,München,5000.0,Bonus,7,EUR,111.85833333333333
2024-02-12,10115,Berlin,4250.0,Bonus,27,EUR,103.16166666666668
2024-02-12,81539,München,4250.0,Bonus,16,EUR,97.82249999999999
2024-02-12,10115,Berlin,1500.0,Bonus,36,EUR,42.93833333333333
2024-02-12,10115,Berlin,1500.0,Bonus,39,EUR,43.58416666666667
2024-02-12,81539,München,1500.0,Bonus,41,EUR,43.5825
2024-02-12,81539,München,4000.0,Bonus,10,EUR,90.38499999999999
2024-02-12,81539,München,4000.0,Bonus,33,EUR,97.11916666666667
2024-02-12,81539,München,4000.0,Bonus,37,EUR,100.00166666666667
2024-02-12,10115,Berlin,2500.0,Bonus,21,EUR,59.22416666666667
2024-02-12,10115,Berlin,2500.0,Bonus,38,EUR,64.84
2024-02-12,81539,München,2500.0,Bonus,40,EUR,65.71833333333333
2024-02-12,10115,Berlin,3500.0,Bonus,26,EUR,84.165
2024-02-12,10115,Berlin,3500.0,Bonus,40,EUR,89.6125
2024-02-12,10115,Berlin,3500.0,Bonus,43,EUR,90.235
2024-02-12,81539,München,2000.0,Bonus,28,EUR,50.159166666666664
2024-02-12,81539,München,2000.0,Bonus,44,EUR,55.965
2024-02-12,10115,Berlin,4500.0,Bonus,14,EUR,105.53750000000001
2024-02-12,10115,Berlin,4500.0,Bonus,34,EUR,112.48083333333334
2024-02-12,10115,Berlin,4500.0,Bonus,35,EUR,112.91916666666667
2024-02-12,81539,München,4500.0,Bonus,30,EUR,106.80916666666667
2024-02-12,10115,Berlin,5000.0,Bonus,11,EUR,118.18833333333333
2024-02-12,10115,Berlin,5000.0,Bonus,31,EUR,123.38083333333333
2024-02-12,81539,München,5000.0,Bonus,26,EUR,117.73333333333333
2024-02-12,10115,Berlin,4250.0,Bonus,43,EUR,108.99000000000001
2024-02-12,81539,München,4250.0,Bonus,5,EUR,88.39416666666666
2024-02-12,81539,München,4250.0,Bonus,30,EUR,101.2625
2024-02-12,81539,München,4250.0,Bonus,42,EUR,107.80666666666667
2024-02-12,10115,Berlin,1500.0,Bonus,5,EUR,38.02916666666667
2024-02-12,10115,Berlin,1500.0,Bonus,26,EUR,40.4575
2024-02-12,81539,München,1500.0,Bonus,3,EUR,37.5825
2024-02-12,81539,München,1500.0,Bonus,18,EUR,38.595
2024-02-12,81539,München,1500.0,Bonus,29,EUR,40.875
2024-02-12,81539,München,1500.0,Bonus,49,EUR,44.906666666666666
2024-02-12,81539,München,1500.0,Bonus,50,EUR,44.9575
2024-02-12,10115,Berlin,4000.0,Bonus,1,EUR,83.5
2024-02-12,10115,Berlin,4000.0,Bonus,3,EUR,84.89
2024-02-12,10115,Berlin,4000.0,Bonus,4,EUR,85.81083333333333
2024-02-12,10115,Berlin,4000.0,Bonus,26,EUR,96.63499999999999
2024-02-12,81539,München,4000.0,Bonus,38,EUR,100.09083333333332
2024-02-12,10115,Berlin,2500.0,Bonus,3,EUR,56.07583333333333
2024-02-12,10115,Berlin,2500.0,Bonus,19,EUR,58.19583333333333
2024-02-12,10115,Berlin,2500.0,Bonus,28,EUR,61.40833333333333
2024-02-12,10115,Berlin,2500.0,Bonus,49,EUR,68.58083333333333
2024-02-12,81539,München,2500.0,Bonus,11,EUR,55.9675
2024-02-12,81539,München,2500.0,Bonus,30,EUR,60.45083333333333
2024-02-12,81539,München,2500.0,Bonus,49,EUR,67.83333333333333
2024-02-12,81539,München,3500.0,Bonus,21,EUR,80.34333333333333
2024-02-12,81539,München,3500.0,Bonus,43,EUR,89.8625
2024-02-12,10115,Berlin,2000.0,Bonus,22,EUR,48.96666666666667
2024-02-12,81539,München,2000.0,Bonus,10,EUR,46.775
2024-02-12,81539,München,2000.0,Bonus,16,EUR,46.92083333333333
2024-02-12,81539,München,2000.0,Bonus,49,EUR,56.77
2024-02-12,10115,Berlin,3000.0,Bonus,1,EUR,64.28833333333334
2024-02-12,10115,Berlin,3000.0,Bonus,4,EUR,66.16666666666667
2024-02-12,10115,Berlin,3000.0,Bonus,21,EUR,71.1025
2024-02-12,10115,Berlin,3000.0,Bonus,33,EUR,75.8725
2024-02-12,10115,Berlin,3000.0,Bonus,43,EUR,79.05833333333334
2024-02-12,81539,München,3000.0,Bonus,1,EUR,62.645
2024-02-12,81539,München,3000.0,Bonus,42,EUR,78.68916666666667
2024-02-12,10115,Berlin,4500.0,Bonus,7,EUR,103.69916666666667
2024-02-12,10115,Berlin,4500.0,Bonus,25,EUR,108.46666666666665
2024-02-12,81539,München,4500.0,Bonus,3,EUR,91.61500000000001
2024-02-12,10115,Berlin,5000.0,Bonus,48,EUR,129.45000000000002
2024-02-12,81539,München,5000.0,Bonus,14,EUR,115.27083333333333
2024-02-12,81539,München,5000.0,Bonus,36,EUR,123.69666666666666
2024-02-12,81539,München,5000.0,Bonus,48,EUR,127.51583333333333
2024-02-12,81539,München,4250.0,Bonus,15,EUR,97.56083333333333
2024-02-12,81539,München,4250.0,Bonus,20,EUR,97.97583333333334
2024-02-12,81539,München,4250.0,Bonus,35,EUR,103.6925
2024-02-12,81539,München,4250.0,Bonus,49,EUR,109.46333333333332
2024-02-12,10115,Berlin,1500.0,Bonus,30,EUR,41.67583333333334
2024-02-12,81539,München,1500.0,Bonus,17,EUR,38.57416666666666
2024-02-12,10115,Berlin,4000.0,Bonus,17,EUR,93.41333333333334
2024-02-12,10115,Berlin,4000.0,Bonus,44,EUR,102.39916666666666
2024-02-12,10115,Berlin,2500.0,Bonus,20,EUR,59.135
2024-02-12,10115,Berlin,3500.0,Bonus,34,EUR,88.9875
2024-02-12,81539,München,3500.0,Bonus,16,EUR,79.645
2024-02-12,10115,Berlin,2000.0,Bonus,38,EUR,53.817499999999995
2024-02-12,10115,Berlin,2000.0,Bonus,50,EUR,57.22416666666667
2024-02-12,81539,München,2000.0,Bonus,35,EUR,53.05833333333334
2024-02-12,81539,München,3000.0,Bonus,11,EUR,67.74833333333333
2024-02-12,10115,Berlin,4500.0,Bonus,24,EUR,107.44083333333333
2024-02-12,10115,Berlin,4500.0,Bonus,48,EUR,116.72000000000001
2024-02-12,10115,Berlin,4500.0,Bonus,49,EUR,116.77499999999999
2024-02-12,81539,München,4500.0,Bonus,20,EUR,104.75333333333333
2024-02-12,10115,Berlin,5000.0,Bonus,13,EUR,118.32249999999999
2024-02-12,10115,Berlin,5000.0,Bonus,34,EUR,125.59333333333332
2024-02-12,10115,Berlin,5000.0,Bonus,50,EUR,130.11166666666665
2024-02-12,81539,München,5000.0,Bonus,47,EUR,127.495
2024-02-12,10115,Berlin,4250.0,Bonus,4,EUR,90.82666666666667
2024-02-12,10115,Berlin,4250.0,Bonus,8,EUR,98.40416666666665
2024-02-12,10115,Berlin,4250.0,Bonus,40,EUR,108.70833333333333
2024-02-12,81539,München,4250.0,Bonus,13,EUR,97.2325
2024-02-12,10115,Berlin,4000.0,Bonus,47,EUR,103.63916666666667
2024-02-12,81539,München,4000.0,Bonus,11,EUR,91.07583333333334
2024-02-12,81539,München,4000.0,Bonus,50,EUR,103.5675
2024-02-12,10115,Berlin,2500.0,Bonus,15,EUR,56.92083333333333
2024-02-12,10115,Berlin,2500.0,Bonus,22,EUR,59.62083333333334
2024-02-12,10115,Berlin,2500.0,Bonus,39,EUR,65.11666666666666
2024-02-12,10115,Berlin,2500.0,Bonus,42,EUR,66.075
2024-02-12,10115,Berlin,2500.0,Bonus,50,EUR,68.72833333333334
2024-02-12,81539,München,2500.0,Bonus,10,EUR,55.85666666666666
2024-02-12,10115,Berlin,3500.0,Bonus,33,EUR,88.65750000000001
2024-02-12,10115,Berlin,3500.0,Bonus,46,EUR,91.34583333333335
2024-02-12,81539,München,3500.0,Bonus,10,EUR,77.35416666666667
2024-02-12,81539,München,3500.0,Bonus,25,EUR,81.15916666666666
2024-02-12,81539,München,3500.0,Bonus,41,EUR,89.49833333333333
2024-02-12,81539,München,3500.0,Bonus,48,EUR,91.15416666666665
2024-02-12,10115,Berlin,2000.0,Bonus,12,EUR,47.435833333333335
2024-02-12,10115,Berlin,2000.0,Bonus,17,EUR,48.27333333333333
2024-02-12,10115,Berlin,2000.0,Bonus,18,EUR,48.28666666666667
2024-02-12,81539,München,2000.0,Bonus,20,EUR,47.79333333333333
2024-02-12,81539,München,2000.0,Bonus,47,EUR,56.40416666666667
2024-02-12,10115,Berlin,3000.0,Bonus,7,EUR,66.89999999999999
2024-02-12,10115,Berlin,3000.0,Bonus,22,EUR,71.63916666666667
2024-02-12,81539,München,4500.0,Bonus,42,EUR,113.51666666666667
2024-02-12,10115,Berlin,5000.0,Bonus,3,EUR,103.6125
2024-02-12,81539,München,5000.0,Bonus,19,EUR,115.565
2024-02-12,81539,München,5000.0,Bonus,43,EUR,126.47416666666668
2024-02-12,10115,Berlin,4250.0,Bonus,18,EUR,99.95
2024-02-12,10115,Berlin,4250.0,Bonus,35,EUR,106.165
2024-02-12,10115,Berlin,4250.0,Bonus,47,EUR,110.22416666666668
2024-02-12,10115,Berlin,1500.0,Bonus,9,EUR,38.03916666666667
2024-02-12,10115,Berlin,1500.0,Bonus,16,EUR,38.61666666666667
2024-02-12,10115,Berlin,1500.0,Bonus,43,EUR,44.92916666666667
2024-02-12,10115,Berlin,4000.0,Bonus,15,EUR,93.19749999999999
2024-02-12,10115,Berlin,4000.0,Bonus,49,EUR,104.33416666666666
2024-02-12,81539,München,4000.0,Bonus,4,EUR,83.53666666666668
2024-02-12,81539,München,4000.0,Bonus,28,EUR,95.60000000000001
2024-02-12,81539,München,4000.0,Bonus,40,EUR,100.15083333333332
2024-02-12,10115,Berlin,2500.0,Bonus,27,EUR,61.34583333333333
2024-02-12,10115,Berlin,2500.0,Bonus,37,EUR,63.630833333333335
2024-02-12,81539,München,2500.0,Bonus,1,EUR,53.865
2024-02-12,81539,München,2500.0,Bonus,43,EUR,67.23
2024-02-12,10115,Berlin,3500.0,Bonus,16,EUR,79.99333333333333
2024-02-12,81539,München,3500.0,Bonus,24,EUR,80.57583333333334
2024-02-12,81539,München,2000.0,Bonus,15,EUR,46.91583333333333
2024-02-12,81539,München,2000.0,Bonus,38,EUR,54.240833333333335
2024-02-12,81539,München,3000.0,Bonus,28,EUR,72.0925
2024-02-12,81539,München,3000.0,Bonus,39,EUR,77.52416666666666
2024-02-12,81539,München,3000.0,Bonus,40,EUR,78.5
2024-02-12,10115,Berlin,4500.0,Bonus,15,EUR,106.16666666666667
2024-02-12,10115,Berlin,4500.0,Bonus,19,EUR,106.37916666666666
2024-02-12,81539,München,4500.0,Bonus,4,EUR,95.59916666666668
2024-02-12,81539,München,4500.0,Bonus,9,EUR,101.94833333333334
2024-02-12,81539,München,4500.0,Bonus,32,EUR,108.38083333333333
2024-02-12,10115,Berlin,5000.0,Bonus,46,EUR,129.32666666666668
2024-02-12,10115,Berlin,4250.0,Bonus,49,EUR,110.64083333333333
2024-02-12,81539,München,4250.0,Bonus,32,EUR,102.95916666666666
2024-02-12,10115,Berlin,1500.0,Bonus,4,EUR,37.9375
2024-02-12,10115,Berlin,1500.0,Bonus,19,EUR,38.89333333333334
2024-02-12,10115,Berlin,1500.0,Bonus,35,EUR,42.641666666666666
2024-02-12,81539,München,1500.0,Bonus,2,EUR,37.130833333333335
2024-02-12,81539,München,1500.0,Bonus,15,EUR,38.5475
2024-02-12,81539,München,1500.0,Bonus,27,EUR,40.7475
2024-02-12,81539,München,1500.0,Bonus,40,EUR,43.53583333333333
2024-02-12,81539,München,4000.0,Bonus,35,EUR,97.60000000000001
2024-02-12,10115,Berlin,2500.0,Bonus,46,EUR,68.27666666666667
2024-02-12,81539,München,2500.0,Bonus,12,EUR,56.00416666666666
2024-02-12,81539,München,2500.0,Bonus,23,EUR,58.53583333333333
2024-02-12,81539,München,2500.0,Bonus,28,EUR,60.16833333333333
2024-02-12,81539,München,2500.0,Bonus,42,EUR,67.13583333333334
2024-02-12,10115,Berlin,3500.0,Bonus,11,EUR,77.64583333333333
2024-02-12,81539,München,3500.0,Bonus,26,EUR,82.27333333333333
2024-02-12,81539,München,3500.0,Bonus,37,EUR,87.745
2024-02-12,81539,München,3500.0,Bonus,38,EUR,88.3775
2024-02-12,81539,München,3500.0,Bonus,47,EUR,91.13416666666666
2024-02-12,10115,Berlin,2000.0,Bonus,1,EUR,45.435833333333335
2024-02-12,10115,Berlin,2000.0,Bonus,8,EUR,47.405833333333334
2024-02-12,10115,Berlin,2000.0,Bonus,42,EUR,55.06666666666666
2024-02-12,81539,München,2000.0,Bonus,13,EUR,46.82333333333333
2024-02-12,81539,München,2000.0,Bonus,27,EUR,50.07416666666666
2024-02-12,10115,Berlin,3000.0,Bonus,45,EUR,79.87916666666666
2024-02-12,81539,München,3000.0,Bonus,17,EUR,68.36749999999999
2024-02-12,81539,München,3000.0,Bonus,26,EUR,71.0325
2024-02-12,81539,München,3000.0,Bonus,35,EUR,76.36
2024-02-12,10115,Berlin,4500.0,Bonus,13,EUR,105.52499999999999
2024-02-12,10115,Berlin,4500.0,Bonus,22,EUR,107.075
2024-02-12,81539,München,4500.0,Bonus,15,EUR,103.77416666666666
2024-02-12,81539,München,5000.0,Bonus,35,EUR,123.41083333333334
2024-02-12,10115,Berlin,4250.0,Bonus,2,EUR,89.2375
2024-02-12,10115,Berlin,4250.0,Bonus,30,EUR,103.67083333333333
2024-02-12,10115,Berlin,4250.0,Bonus,45,EUR,109.36416666666666
2024-02-12,10115,Berlin,4250.0,Bonus,48,EUR,110.4375
2024-02-12,81539,München,4250.0,Bonus,4,EUR,88.3775
2024-02-12,81539,München,4250.0,Bonus,7,EUR,92.19
2024-02-12,10115,Berlin,1500.0,Bonus,34,EUR,42.324999999999996
2024-02-12,81539,München,1500.0,Bonus,39,EUR,43.137499999999996
2024-02-12,10115,Berlin,4000.0,Bonus,31,EUR,97.90750000000001
2024-02-12,81539,München,4000.0,Bonus,42,EUR,101.39083333333333
2024-02-12,10115,Berlin,2500.0,Bonus,8,EUR,56.791666666666664
2024-02-12,10115,Berlin,2500.0,Bonus,25,EUR,60.51333333333333
2024-02-12,10115,Berlin,2500.0,Bonus,43,EUR,66.3275
2024-02-12,81539,München,2500.0,Bonus,21,EUR,58.44166666666666
2024-02-12,10115,Berlin,2000.0,Bonus,13,EUR,47.44416666666667
2024-02-12,81539,München,2000.0,Bonus,5,EUR,46.58916666666667
2024-02-12,10115,Berlin,3000.0,Bonus,27,EUR,73.55333333333333
2024-02-12,10115,Berlin,3000.0,Bonus,41,EUR,78.39333333333333
2024-02-12,10115,Berlin,4500.0,Bonus,2,EUR,93.6725
2024-02-12,81539,München,4500.0,Bonus,41,EUR,113.27333333333333
2024-02-12,81539,München,4500.0,Bonus,45,EUR,114.15750000000001
2024-02-12,81539,München,4500.0,Bonus,47,EUR,115.1325
2024-02-12,10115,Berlin,5000.0,Bonus,17,EUR,118.65583333333332
2024-02-12,81539,München,5000.0,Bonus,17,EUR,115.37333333333333
2024-02-12,81539,München,5000.0,Bonus,21,EUR,116.21749999999999
2024-02-12,10115,Berlin,4250.0,Bonus,13,EUR,99.305
2024-02-12,10115,Berlin,4250.0,Bonus,14,EUR,99.30666666666667
2024-02-12,10115,Berlin,4250.0,Bonus,28,EUR,103.28833333333334
2024-02-12,10115,Berlin,4250.0,Bonus,33,EUR,105.44833333333334
2024-02-12,81539,München,1500.0,Bonus,9,EUR,37.91166666666667
2024-02-12,10115,Berlin,4000.0,Bonus,10,EUR,92.71
2024-02-12,10115,Berlin,2500.0,Bonus,11,EUR,56.84583333333333
2024-02-12,81539,München,2500.0,Bonus,45,EUR,67.47833333333334
2024-02-12,10115,Berlin,3500.0,Bonus,5,EUR,75.81083333333333
2024-02-12,10115,Berlin,3500.0,Bonus,21,EUR,81.69666666666667
2024-02-12,81539,München,3500.0,Bonus,12,EUR,77.92416666666666
2024-02-12,10115,Berlin,2000.0,Bonus,21,EUR,48.6
2024-02-12,10115,Berlin,2000.0,Bonus,34,EUR,52.125
2024-02-12,10115,Berlin,3000.0,Bonus,18,EUR,69.24333333333333
2024-02-12,10115,Berlin,3000.0,Bonus,40,EUR,78.13916666666667
2024-02-12,10115,Berlin,4500.0,Bonus,1,EUR,92.36666666666667
2024-02-12,10115,Berlin,4500.0,Bonus,12,EUR,105.45333333333333
2024-02-12,10115,Berlin,4500.0,Bonus,39,EUR,114.52916666666665
2024-02-12,81539,München,4500.0,Bonus,8,EUR,98.91250000000001
2024-02-12,81539,München,4500.0,Bonus,43,EUR,114.11500000000001
2024-02-12,10115,Berlin,4250.0,Bonus,21,EUR,100.69333333333333
2024-02-12,10115,Berlin,4250.0,Bonus,38,EUR,107.50416666666666
2024-02-12,81539,München,4250.0,Bonus,10,EUR,96.165
2024-02-12,10115,Berlin,1500.0,Bonus,44,EUR,44.94166666666666
2024-02-12,81539,München,1500.0,Bonus,6,EUR,37.72083333333333
2024-02-12,10115,Berlin,4000.0,Bonus,11,EUR,92.78916666666667
2024-02-12,10115,Berlin,4000.0,Bonus,24,EUR,96.35333333333334
2024-02-12,10115,Berlin,4000.0,Bonus,37,EUR,101.94333333333333
2024-02-12,10115,Berlin,4000.0,Bonus,39,EUR,102.00166666666667
2024-02-12,10115,Berlin,4000.0,Bonus,41,EUR,102.24000000000001
2024-02-12,81539,München,4000.0,Bonus,3,EUR,82.675
2024-02-12,81539,München,4000.0,Bonus,41,EUR,100.15833333333335
2024-02-12,10115,Berlin,2500.0,Bonus,9,EUR,56.79333333333333
2024-02-12,81539,München,2500.0,Bonus,33,EUR,63.1875
2024-02-12,81539,München,2500.0,Bonus,36,EUR,64.415
2024-02-12,10115,Berlin,3500.0,Bonus,37,EUR,89.30333333333334
2024-02-12,10115,Berlin,3500.0,Bonus,41,EUR,89.63666666666667
2024-02-12,10115,Berlin,3500.0,Bonus,44,EUR,90.26916666666666
2024-02-12,10115,Berlin,2000.0,Bonus,2,EUR,45.45249999999999
2024-02-12,10115,Berlin,2000.0,Bonus,35,EUR,52.335
2024-02-12,81539,München,2000.0,Bonus,1,EUR,44.7825
2024-02-12,81539,München,2000.0,Bonus,11,EUR,46.8025
2024-02-12,81539,München,2000.0,Bonus,26,EUR,49.27
2024-02-12,10115,Berlin,3000.0,Bonus,25,EUR,71.69416666666667
2024-02-12,81539,München,3000.0,Bonus,2,EUR,63.119166666666665
2024-02-12,81539,München,3000.0,Bonus,5,EUR,65.16083333333333
2024-02-12,81539,München,3000.0,Bonus,7,EUR,65.875
2024-02-12,81539,München,3000.0,Bonus,18,EUR,68.4875
2024-02-12,81539,München,3000.0,Bonus,46,EUR,79.135
2024-02-12,10115,Berlin,4500.0,Bonus,6,EUR,99.66833333333334
2024-02-12,81539,München,5000.0,Bonus,15,EUR,115.29166666666667
2024-02-12,81539,München,5000.0,Bonus,16,EUR,115.29666666666667
2024-02-12,81539,München,5000.0,Bonus,45,EUR,127.14916666666666
2024-02-12,81539,München,4250.0,Bonus,9,EUR,94.56916666666666
2024-02-12,81539,München,4250.0,Bonus,12,EUR,97.18083333333334
2024-02-12,81539,München,4250.0,Bonus,34,EUR,103.075
2024-02-12,10115,Berlin,1500.0,Bonus,22,EUR,39.4575
2024-02-12,10115,Berlin,1500.0,Bonus,24,EUR,40.08083333333334
2024-02-12,10115,Berlin,1500.0,Bonus,50,EUR,45.419999999999995
2024-02-12,81539,München,1500.0,Bonus,13,EUR,37.987500000000004
2024-02-12,81539,München,1500.0,Bonus,22,EUR,39.28416666666667
2024-02-12,81539,München,1500.0,Bonus,35,EUR,42.835
2024-02-12,10115,Berlin,4000.0,Bonus,18,EUR,93.43416666666667
2024-02-12,10115,Berlin,4000.0,Bonus,45,EUR,102.61666666666667
2024-02-12,81539,München,4000.0,Bonus,31,EUR,96.17583333333333
2024-02-12,10115,Berlin,2500.0,Bonus,48,EUR,68.5675
2024-02-12,81539,München,2500.0,Bonus,41,EUR,66.815
2024-02-12,10115,Berlin,3500.0,Bonus,24,EUR,82.76416666666667
2024-02-12,10115,Berlin,3500.0,Bonus,30,EUR,86.62833333333333
2024-02-12,10115,Berlin,3500.0,Bonus,32,EUR,88.19416666666666
2024-02-12,81539,München,3500.0,Bonus,8,EUR,76.81916666666667
2024-02-12,81539,München,3500.0,Bonus,45,EUR,90.675
2024-02-12,81539,München,3500.0,Bonus,49,EUR,91.17916666666667
2024-02-12,10115,Berlin,2000.0,Bonus,5,EUR,47.35
2024-02-12,10115,Berlin,2000.0,Bonus,41,EUR,54.79333333333333
2024-02-12,81539,München,2000.0,Bonus,19,EUR,47.774166666666666
2024-02-12,81539,München,2000.0,Bonus,25,EUR,49.208333333333336
2024-02-12,81539,München,2000.0,Bonus,29,EUR,51.18
2024-02-12,81539,München,2000.0,Bonus,34,EUR,53.05833333333334
2024-02-12,81539,München,2000.0,Bonus,50,EUR,56.79750000000001
2024-02-12,10115,Berlin,3000.0,Bonus,2,EUR,64.30499999999999
2024-02-12,10115,Berlin,3000.0,Bonus,9,EUR,67.47833333333334
2024-02-12,10115,Berlin,3000.0,Bonus,30,EUR,73.74916666666667
2024-02-12,10115,Berlin,3000.0,Bonus,34,EUR,75.92916666666666
2024-02-12,10115,Berlin,3000.0,Bonus,35,EUR,76.09333333333333
2024-02-12,10115,Berlin,3000.0,Bonus,48,EUR,80.25
2024-02-12,10115,Berlin,4500.0,Bonus,33,EUR,112.17833333333334
2024-02-12,10115,Berlin,4500.0,Bonus,47,EUR,116.11333333333333
2024-02-12,81539,München,4500.0,Bonus,2,EUR,90.875
2024-02-12,81539,München,4500.0,Bonus,23,EUR,104.83833333333332
2024-02-12,10115,Berlin,5000.0,Bonus,2,EUR,102.54166666666667
2024-02-12,10115,Berlin,5000.0,Bonus,4,EUR,110.66000000000001
2024-02-12,81539,München,5000.0,Bonus,9,EUR,113.52583333333332
2024-02-12,81539,München,4250.0,Bonus,50,EUR,109.51333333333334
2024-02-12,10115,Berlin,1500.0,Bonus,29,EUR,41.22666666666667
2024-02-12,10115,Berlin,1500.0,Bonus,49,EUR,45.370000000000005
2024-02-12,81539,München,1500.0,Bonus,31,EUR,41.285833333333336
2024-02-12,10115,Berlin,4000.0,Bonus,35,EUR,99.83333333333333
2024-02-12,10115,Berlin,4000.0,Bonus,36,EUR,100.575
2024-02-12,81539,München,4000.0,Bonus,12,EUR,91.11583333333334
2024-02-12,81539,München,4000.0,Bonus,17,EUR,91.82166666666666
2024-02-12,10115,Berlin,2500.0,Bonus,13,EUR,56.86666666666667
2024-02-12,10115,Berlin,2500.0,Bonus,36,EUR,63.43083333333333
2024-02-12,81539,München,2500.0,Bonus,37,EUR,64.83166666666666
2024-02-12,10115,Berlin,3500.0,Bonus,17,EUR,81.18333333333334
2024-02-12,81539,München,3500.0,Bonus,6,EUR,74.35333333333334
2024-02-12,10115,Berlin,2000.0,Bonus,6,EUR,47.3975
2024-02-12,10115,Berlin,2000.0,Bonus,14,EUR,47.51666666666667
2024-02-12,10115,Berlin,2000.0,Bonus,28,EUR,49.47666666666667
2024-02-12,81539,München,2000.0,Bonus,2,EUR,44.79916666666667
2024-02-12,10115,Berlin,3000.0,Bonus,15,EUR,67.98333333333333
2024-02-12,10115,Berlin,3000.0,Bonus,23,EUR,71.6775
2024-02-12,10115,Berlin,3000.0,Bonus,36,EUR,76.36749999999999
2024-02-12,81539,München,3000.0,Bonus,31,EUR,72.63833333333334
2024-02-12,10115,Berlin,4500.0,Bonus,3,EUR,94.25083333333333
2024-02-12,10115,Berlin,4500.0,Bonus,8,EUR,105.2725
2024-02-12,10115,Berlin,4500.0,Bonus,10,EUR,105.35833333333333
2024-02-12,10115,Berlin,4500.0,Bonus,20,EUR,106.70666666666666
2024-02-12,81539,München,4500.0,Bonus,33,EUR,108.80583333333334
2024-02-12,81539,München,4500.0,Bonus,46,EUR,115.03666666666668
2024-02-12,10115,Berlin,5000.0,Bonus,1,EUR,101.18333333333334
2024-02-12,81539,München,5000.0,Bonus,3,EUR,100.555
2024-02-12,81539,München,5000.0,Bonus,28,EUR,118.62083333333334
2024-02-12,81539,München,5000.0,Bonus,31,EUR,120.80083333333333
2024-02-12,81539,München,5000.0,Bonus,38,EUR,124.75916666666666
2024-02-12,10115,Berlin,4250.0,Bonus,16,EUR,99.71083333333333
2024-02-12,10115,Berlin,4250.0,Bonus,25,EUR,101.93833333333333
2024-02-12,81539,München,4250.0,Bonus,48,EUR,109.40916666666668
2024-02-12,10115,Berlin,1500.0,Bonus,17,EUR,38.62083333333333
2024-02-12,10115,Berlin,1500.0,Bonus,37,EUR,43.035
2024-02-12,10115,Berlin,4000.0,Bonus,5,EUR,85.82833333333333
2024-02-12,10115,Berlin,4000.0,Bonus,38,EUR,101.99333333333334
2024-02-12,10115,Berlin,2500.0,Bonus,16,EUR,56.93333333333334
2024-02-12,10115,Berlin,3500.0,Bonus,23,EUR,82.4675
2024-02-12,81539,München,3500.0,Bonus,20,EUR,80.05083333333333
2024-02-12,10115,Berlin,2000.0,Bonus,45,EUR,55.93
2024-02-12,10115,Berlin,2000.0,Bonus,47,EUR,56.77666666666667
2024-02-12,81539,München,2000.0,Bonus,9,EUR,46.767500000000005
2024-02-12,81539,München,2000.0,Bonus,39,EUR,54.343333333333334
2024-02-12,10115,Berlin,3000.0,Bonus,19,EUR,69.26416666666667
2024-02-12,10115,Berlin,3000.0,Bonus,44,EUR,79.085
2024-02-12,81539,München,3000.0,Bonus,21,EUR,69.81833333333334
2024-02-12,81539,München,3000.0,Bonus,32,EUR,74.32583333333334
2024-02-12,10115,Berlin,4500.0,Bonus,36,EUR,113.24333333333334
2024-02-12,10115,Berlin,4500.0,Bonus,38,EUR,114.50166666666667
2024-02-12,10115,Berlin,4500.0,Bonus,42,EUR,115.60416666666667
2024-02-12,81539,München,4500.0,Bonus,10,EUR,103.28750000000001
2024-02-12,81539,München,4500.0,Bonus,18,EUR,104.0625
2024-02-12,81539,München,4500.0,Bonus,24,EUR,104.9875
2024-02-12,10115,Berlin,5000.0,Bonus,15,EUR,118.52833333333332
2024-02-12,10115,Berlin,5000.0,Bonus,25,EUR,120.58333333333333
2024-02-12,10115,Berlin,5000.0,Bonus,37,EUR,126.93333333333334
2024-02-12,81539,München,5000.0,Bonus,4,EUR,107.66250000000001
2024-02-12,10115,Berlin,4250.0,Bonus,11,EUR,99.07583333333334
2024-02-12,10115,Berlin,4250.0,Bonus,24,EUR,101.8975
2024-02-12,10115,Berlin,4250.0,Bonus,29,EUR,103.45083333333334
2024-02-12,10115,Berlin,4250.0,Bonus,34,EUR,105.67416666666666
2024-02-12,81539,München,4250.0,Bonus,28,EUR,101.00666666666666
2024-02-12,10115,Berlin,4000.0,Non-Bonus,10,EUR,100.575
2024-02-12,10115,Berlin,3500.0,Non-Bonus,5,EUR,87.58
2024-02-12,10115,Berlin,3500.0,Non-Bonus,12,EUR,91.15416666666665
2024-02-12,10115,Berlin,3500.0,Non-Bonus,19,EUR,93.21749999999999
2024-02-12,10115,Berlin,3500.0,Non-Bonus,30,EUR,94.43583333333333
2024-02-12,81539,München,3500.0,Non-Bonus,18,EUR,91.17916666666667
2024-02-12,10115,Berlin,4500.0,Non-Bonus,18,EUR,117.59166666666665
2024-02-12,10115,Berlin,5000.0,Non-Bonus,45,EUR,137.49916666666667
2024-02-12,81539,München,5000.0,Non-Bonus,40,EUR,133.44666666666666
2024-02-12,10115,Berlin,1000.0,Non-Bonus,9,EUR,33.21583333333333
2024-02-12,81539,München,1000.0,Non-Bonus,3,EUR,31.069999999999997
2024-02-12,81539,München,1000.0,Non-Bonus,22,EUR,33.81916666666667
2024-02-12,81539,München,500.0,Bonus,6,EUR,19.229166666666668
2024-02-12,10115,Berlin,500.0,Non-Bonus,9,EUR,21.489166666666666
2024-02-12,10115,Berlin,500.0,Non-Bonus,25,EUR,22.8025
2024-02-12,10115,Berlin,500.0,Non-Bonus,31,EUR,23.308333333333334
2024-02-12,81539,München,500.0,Non-Bonus,2,EUR,20.25
2024-02-12,81539,München,500.0,Non-Bonus,5,EUR,21.031666666666666
2024-02-12,81539,München,500.0,Non-Bonus,19,EUR,22.236666666666665
2024-02-12,81539,München,500.0,Non-Bonus,39,EUR,24.36583333333333
2024-02-12,81539,München,500.0,Non-Bonus,47,EUR,25.258333333333336
2024-02-12,10115,Berlin,4000.0,Non-Bonus,14,EUR,102.99166666666667
2024-02-12,10115,Berlin,3500.0,Non-Bonus,42,EUR,98.05416666666667
2024-02-12,81539,München,3500.0,Non-Bonus,35,EUR,94.14666666666666
2024-02-12,81539,München,3500.0,Non-Bonus,48,EUR,97.86583333333334
2024-02-12,10115,Berlin,4500.0,Non-Bonus,31,EUR,120.00416666666666
2024-02-12,10115,Berlin,4500.0,Non-Bonus,47,EUR,124.98333333333333
2024-02-12,81539,München,4500.0,Non-Bonus,4,EUR,104.75
2024-02-12,10115,Berlin,5000.0,Non-Bonus,49,EUR,139.13416666666666
2024-02-12,81539,München,5000.0,Non-Bonus,23,EUR,127.86333333333333
2024-02-12,81539,München,5000.0,Non-Bonus,34,EUR,130.33083333333335
2024-02-12,81539,München,1000.0,Non-Bonus,2,EUR,29.035833333333333
2024-02-12,81539,München,1000.0,Non-Bonus,28,EUR,34.5675
2024-02-12,81539,München,1000.0,Non-Bonus,44,EUR,36.615833333333335
2024-02-12,10115,Berlin,500.0,Bonus,5,EUR,19.36
2024-02-12,10115,Berlin,500.0,Bonus,33,EUR,22.227500000000003
2024-02-12,81539,München,500.0,Bonus,23,EUR,21.905833333333334
2024-02-12,10115,Berlin,4250.0,Non-Bonus,7,EUR,104.81416666666667
2024-02-12,81539,München,4250.0,Non-Bonus,36,EUR,112.68416666666667
2024-02-12,81539,München,4250.0,Non-Bonus,40,EUR,115.60333333333334
2024-02-12,10115,Berlin,500.0,Non-Bonus,47,EUR,24.5325
2024-02-12,81539,München,500.0,Non-Bonus,40,EUR,24.4275
2024-02-12,10115,Berlin,4000.0,Non-Bonus,31,EUR,107.175
2024-02-12,10115,Berlin,4000.0,Non-Bonus,41,EUR,111.46833333333332
2024-02-12,10115,Berlin,3500.0,Non-Bonus,9,EUR,89.245
2024-02-12,10115,Berlin,3500.0,Non-Bonus,22,EUR,93.6675
2024-02-12,10115,Berlin,3500.0,Non-Bonus,27,EUR,94.34166666666665
2024-02-12,81539,München,3500.0,Non-Bonus,6,EUR,86.09583333333335
2024-02-12,81539,München,3500.0,Non-Bonus,46,EUR,97.51583333333333
2024-02-12,81539,München,4500.0,Non-Bonus,17,EUR,114.52416666666666
2024-02-12,81539,München,4500.0,Non-Bonus,34,EUR,118.25
2024-02-12,81539,München,4500.0,Non-Bonus,44,EUR,122.12416666666667
2024-02-12,81539,München,4500.0,Non-Bonus,49,EUR,124.195
2024-02-12,10115,Berlin,5000.0,Non-Bonus,43,EUR,137.12666666666667
2024-02-12,10115,Berlin,5000.0,Non-Bonus,48,EUR,137.81666666666666
2024-02-12,81539,München,5000.0,Non-Bonus,10,EUR,121.89583333333333
2024-02-12,81539,München,5000.0,Non-Bonus,16,EUR,126.12333333333333
2024-02-12,10115,Berlin,500.0,Bonus,7,EUR,19.42833333333333
2024-02-12,10115,Berlin,500.0,Bonus,15,EUR,20.601666666666667
2024-02-12,81539,München,500.0,Bonus,35,EUR,22.560000000000002
2024-02-12,81539,München,500.0,Bonus,40,EUR,23.316666666666666
2024-02-12,10115,Berlin,4250.0,Non-Bonus,30,EUR,113.40249999999999
2024-02-12,81539,München,4250.0,Non-Bonus,43,EUR,115.82083333333333
2024-02-12,10115,Berlin,500.0,Non-Bonus,3,EUR,20.6875
2024-02-12,81539,München,500.0,Non-Bonus,18,EUR,22.151666666666667
2024-02-12,81539,München,500.0,Non-Bonus,22,EUR,22.587500000000002
2024-02-12,10115,Berlin,4000.0,Non-Bonus,5,EUR,97.86666666666667
2024-02-12,81539,München,4000.0,Non-Bonus,3,EUR,82.675
2024-02-12,81539,München,4000.0,Non-Bonus,39,EUR,109.22000000000001
2024-02-12,10115,Berlin,3500.0,Non-Bonus,11,EUR,91.06
2024-02-12,10115,Berlin,4500.0,Non-Bonus,24,EUR,118.69583333333333
2024-02-12,81539,München,4500.0,Non-Bonus,3,EUR,91.61500000000001
2024-02-12,81539,München,4500.0,Non-Bonus,25,EUR,116.09083333333332
2024-02-12,81539,München,4500.0,Non-Bonus,39,EUR,121.33333333333333
2024-02-12,81539,München,4500.0,Non-Bonus,40,EUR,121.6325
2024-02-12,10115,Berlin,5000.0,Non-Bonus,7,EUR,120.79166666666667
2024-02-12,10115,Berlin,5000.0,Non-Bonus,10,EUR,124.72166666666668
2024-02-12,81539,München,5000.0,Non-Bonus,13,EUR,124.7075
2024-02-12,10115,Berlin,1000.0,Non-Bonus,1,EUR,28.721666666666668
2024-02-12,10115,Berlin,1000.0,Non-Bonus,25,EUR,34.24916666666667
2024-02-12,10115,Berlin,1000.0,Non-Bonus,41,EUR,36.295
2024-02-12,81539,München,1000.0,Non-Bonus,25,EUR,34.14083333333333
2024-02-12,81539,München,1000.0,Non-Bonus,35,EUR,35.19416666666667
2024-02-12,81539,München,1000.0,Non-Bonus,38,EUR,35.54083333333333
2024-02-12,10115,Berlin,4250.0,Non-Bonus,43,EUR,118.20166666666667
2024-02-12,81539,München,4250.0,Non-Bonus,6,EUR,101.87083333333334
2024-02-12,81539,München,4250.0,Non-Bonus,34,EUR,112.125
2024-02-12,81539,München,4250.0,Non-Bonus,35,EUR,112.2325
2024-02-12,81539,München,4250.0,Non-Bonus,49,EUR,116.695
2024-02-12,10115,Berlin,500.0,Non-Bonus,7,EUR,21.208333333333332
2024-02-12,10115,Berlin,500.0,Non-Bonus,42,EUR,24.176666666666666
2024-02-12,81539,München,500.0,Non-Bonus,7,EUR,21.279166666666665
2024-02-12,10115,Berlin,4000.0,Non-Bonus,30,EUR,107.175
2024-02-12,10115,Berlin,3500.0,Non-Bonus,16,EUR,92.7975
2024-02-12,10115,Berlin,3500.0,Non-Bonus,46,EUR,99.02749999999999
2024-02-12,81539,München,3500.0,Non-Bonus,2,EUR,73.735
2024-02-12,10115,Berlin,4500.0,Non-Bonus,33,EUR,120.23833333333333
2024-02-12,81539,München,4500.0,Non-Bonus,16,EUR,114.11500000000001
2024-02-12,81539,München,4500.0,Non-Bonus,24,EUR,116.09083333333332
2024-02-12,10115,Berlin,5000.0,Non-Bonus,1,EUR,101.18333333333334
2024-02-12,10115,Berlin,5000.0,Non-Bonus,16,EUR,129.085
2024-02-12,10115,Berlin,1000.0,Non-Bonus,27,EUR,34.38
2024-02-12,10115,Berlin,1000.0,Non-Bonus,49,EUR,37.093333333333334
2024-02-12,81539,München,1000.0,Non-Bonus,18,EUR,33.7275
2024-02-12,81539,München,1000.0,Non-Bonus,31,EUR,34.70916666666667
2024-02-12,10115,Berlin,500.0,Bonus,30,EUR,21.9025
2024-02-12,81539,München,500.0,Bonus,8,EUR,19.329166666666666
2024-02-12,81539,München,500.0,Bonus,26,EUR,21.925833333333333
2024-02-12,10115,Berlin,4250.0,Non-Bonus,17,EUR,111.15166666666666
2024-02-12,10115,Berlin,4250.0,Non-Bonus,27,EUR,112.63083333333333
2024-02-12,81539,München,4250.0,Non-Bonus,8,EUR,103.075
2024-02-12,81539,München,4250.0,Non-Bonus,16,EUR,108.3125
2024-02-12,10115,Berlin,500.0,Non-Bonus,33,EUR,23.371666666666666
2024-02-12,81539,München,4000.0,Non-Bonus,12,EUR,100.15833333333335
2024-02-12,81539,München,4000.0,Non-Bonus,46,EUR,110.11583333333334
2024-02-12,10115,Berlin,3500.0,Non-Bonus,8,EUR,89.1125
2024-02-12,81539,München,3500.0,Non-Bonus,19,EUR,91.32583333333334
2024-02-12,81539,München,3500.0,Non-Bonus,39,EUR,95.05166666666666
2024-02-12,10115,Berlin,4500.0,Non-Bonus,43,EUR,124.54333333333334
2024-02-12,81539,München,4500.0,Non-Bonus,6,EUR,104.9875
2024-02-12,81539,München,4500.0,Non-Bonus,20,EUR,115.5075
2024-02-12,81539,München,4500.0,Non-Bonus,35,EUR,118.265
2024-02-12,81539,München,4500.0,Non-Bonus,45,EUR,122.13666666666667
2024-02-12,81539,München,4500.0,Non-Bonus,47,EUR,122.6425
2024-02-12,81539,München,5000.0,Non-Bonus,28,EUR,128.995
2024-02-12,10115,Berlin,1000.0,Non-Bonus,7,EUR,32.928333333333335
2024-02-12,10115,Berlin,1000.0,Non-Bonus,30,EUR,34.800000000000004
2024-02-12,10115,Berlin,1000.0,Non-Bonus,46,EUR,36.791666666666664
2024-02-12,81539,München,1000.0,Non-Bonus,39,EUR,35.665
2024-02-12,81539,München,500.0,Bonus,5,EUR,19.19666666666667
2024-02-12,81539,München,500.0,Bonus,28,EUR,21.930000000000003
2024-02-12,81539,München,500.0,Bonus,38,EUR,22.858333333333334
2024-02-12,81539,München,4250.0,Non-Bonus,2,EUR,86.70833333333333
2024-02-12,81539,München,4250.0,Non-Bonus,32,EUR,111.51416666666667
2024-02-12,81539,München,500.0,Non-Bonus,24,EUR,22.82166666666667
2024-02-12,10115,Berlin,4000.0,Non-Bonus,18,EUR,105.315
2024-02-12,10115,Berlin,4000.0,Non-Bonus,20,EUR,105.81583333333333
2024-02-12,81539,München,4000.0,Non-Bonus,10,EUR,98.36583333333334
2024-02-12,10115,Berlin,3500.0,Non-Bonus,1,EUR,74.27083333333333
2024-02-12,10115,Berlin,3500.0,Non-Bonus,7,EUR,88.1825
2024-02-12,10115,Berlin,4500.0,Non-Bonus,8,EUR,110.3575
2024-02-12,10115,Berlin,4500.0,Non-Bonus,10,EUR,113.24333333333334
2024-02-12,10115,Berlin,4500.0,Non-Bonus,15,EUR,116.11333333333333
2024-02-12,81539,München,4500.0,Non-Bonus,11,EUR,112.19416666666666
2024-02-12,81539,München,4500.0,Non-Bonus,18,EUR,115.1325
2024-02-12,81539,München,4500.0,Non-Bonus,48,EUR,123.25999999999999
2024-02-12,81539,München,5000.0,Non-Bonus,9,EUR,121.79083333333334
2024-02-12,81539,München,1000.0,Non-Bonus,11,EUR,33.11666666666667
2024-02-12,81539,München,1000.0,Non-Bonus,50,EUR,37.358333333333334
2024-02-12,81539,München,500.0,Bonus,22,EUR,21.7075
2024-02-12,81539,München,500.0,Bonus,32,EUR,22.234166666666667
2024-02-12,81539,München,500.0,Bonus,49,EUR,24.690833333333334
2024-02-12,10115,Berlin,4250.0,Non-Bonus,5,EUR,103.67083333333333
2024-02-12,10115,Berlin,4250.0,Non-Bonus,6,EUR,104.81083333333333
2024-02-12,10115,Berlin,500.0,Non-Bonus,46,EUR,24.395
2024-02-12,81539,München,500.0,Non-Bonus,3,EUR,20.391666666666666
2024-02-12,81539,München,500.0,Non-Bonus,23,EUR,22.809166666666666
2024-02-12,81539,München,500.0,Non-Bonus,42,EUR,24.478333333333335
2024-02-12,10115,Berlin,4000.0,Non-Bonus,24,EUR,106.17
2024-02-12,10115,Berlin,4000.0,Non-Bonus,29,EUR,107.14333333333333
2024-02-12,10115,Berlin,4000.0,Non-Bonus,35,EUR,108.44749999999999
2024-02-12,81539,München,4000.0,Non-Bonus,2,EUR,82.54166666666667
2024-02-12,81539,München,4000.0,Non-Bonus,18,EUR,103.13333333333333
2024-02-12,81539,München,4000.0,Non-Bonus,19,EUR,103.52
2024-02-12,81539,München,3500.0,Non-Bonus,10,EUR,87.54166666666667
2024-02-12,10115,Berlin,4500.0,Non-Bonus,32,EUR,120.1275
2024-02-12,10115,Berlin,4500.0,Non-Bonus,37,EUR,122.0025
2024-02-12,81539,München,4500.0,Non-Bonus,1,EUR,88.39
2024-02-12,81539,München,4500.0,Non-Bonus,5,EUR,104.78166666666668
2024-02-12,81539,München,4500.0,Non-Bonus,14,EUR,113.29916666666666
2024-02-12,81539,München,4500.0,Non-Bonus,22,EUR,115.60000000000001
2024-02-12,81539,München,4500.0,Non-Bonus,27,EUR,116.9575
2024-02-12,81539,München,4500.0,Non-Bonus,42,EUR,122.02499999999999
2024-02-12,10115,Berlin,5000.0,Non-Bonus,13,EUR,127.51666666666667
2024-02-12,10115,Berlin,5000.0,Non-Bonus,24,EUR,130.82583333333335
2024-02-12,10115,Berlin,5000.0,Non-Bonus,29,EUR,131.92666666666665
2024-02-12,10115,Berlin,5000.0,Non-Bonus,31,EUR,132.48166666666665
2024-02-12,81539,München,5000.0,Non-Bonus,3,EUR,100.555
2024-02-12,81539,München,5000.0,Non-Bonus,7,EUR,116.79166666666667
2024-02-12,81539,München,5000.0,Non-Bonus,31,EUR,129.80916666666667
2024-02-12,10115,Berlin,1000.0,Non-Bonus,3,EUR,31.2375
2024-02-12,10115,Berlin,1000.0,Non-Bonus,23,EUR,34.04833333333333
2024-02-12,81539,München,1000.0,Non-Bonus,14,EUR,33.45583333333334
2024-02-12,81539,München,1000.0,Non-Bonus,49,EUR,37.358333333333334
2024-02-12,10115,Berlin,500.0,Bonus,49,EUR,24.176666666666666
2024-02-12,10115,Berlin,4250.0,Non-Bonus,9,EUR,106.08749999999999
2024-02-12,10115,Berlin,4250.0,Non-Bonus,13,EUR,108.895
2024-02-12,10115,Berlin,4250.0,Non-Bonus,45,EUR,118.2475
2024-02-12,81539,München,4250.0,Non-Bonus,26,EUR,110.20416666666667
2024-02-12,81539,München,4250.0,Non-Bonus,29,EUR,110.99916666666667
2024-02-12,10115,Berlin,500.0,Non-Bonus,6,EUR,21.028333333333332
2024-02-12,10115,Berlin,500.0,Non-Bonus,8,EUR,21.456666666666667
2024-02-12,10115,Berlin,500.0,Non-Bonus,13,EUR,21.679166666666664
2024-02-12,10115,Berlin,500.0,Non-Bonus,37,EUR,23.72083333333333
2024-02-12,10115,Berlin,4000.0,Non-Bonus,21,EUR,105.915
2024-02-12,81539,München,4000.0,Non-Bonus,13,EUR,100.69916666666667
2024-02-12,10115,Berlin,3500.0,Non-Bonus,23,EUR,93.74166666666667
2024-02-12,81539,München,3500.0,Non-Bonus,11,EUR,89.27499999999999
2024-02-12,81539,München,3500.0,Non-Bonus,33,EUR,93.75
2024-02-12,81539,München,3500.0,Non-Bonus,40,EUR,95.27749999999999
2024-02-12,10115,Berlin,4500.0,Non-Bonus,7,EUR,109.97500000000001
2024-02-12,10115,Berlin,4500.0,Non-Bonus,28,EUR,119.5125
2024-02-12,10115,Berlin,4500.0,Non-Bonus,44,EUR,124.66833333333334
2024-02-12,81539,München,4500.0,Non-Bonus,38,EUR,119.99083333333334
2024-02-12,10115,Berlin,5000.0,Non-Bonus,17,EUR,129.26833333333335
2024-02-12,10115,Berlin,5000.0,Non-Bonus,38,EUR,134.565
2024-02-12,81539,München,5000.0,Non-Bonus,5,EUR,115.29166666666667
2024-02-12,81539,München,5000.0,Non-Bonus,33,EUR,129.8575
2024-02-12,81539,München,5000.0,Non-Bonus,45,EUR,134.61583333333334
2024-02-12,81539,München,5000.0,Non-Bonus,50,EUR,137.19916666666668
2024-02-12,10115,Berlin,1000.0,Non-Bonus,34,EUR,35.079166666666666
2024-02-12,81539,München,1000.0,Non-Bonus,1,EUR,28.319166666666664
2024-02-12,81539,München,1000.0,Non-Bonus,32,EUR,34.73833333333334
2024-02-12,10115,Berlin,500.0,Bonus,28,EUR,21.689166666666665
2024-02-12,81539,München,500.0,Bonus,3,EUR,19.016666666666666
2024-02-12,81539,München,500.0,Bonus,17,EUR,21.017500000000002
2024-02-12,81539,München,500.0,Bonus,20,EUR,21.05333333333333
2024-02-12,81539,München,500.0,Bonus,34,EUR,22.497500000000002
2024-02-12,10115,Berlin,4250.0,Non-Bonus,16,EUR,110.73916666666666
2024-02-12,10115,Berlin,4250.0,Non-Bonus,19,EUR,111.75333333333333
2024-02-12,10115,Berlin,4250.0,Non-Bonus,28,EUR,112.90333333333332
2024-02-12,10115,Berlin,4250.0,Non-Bonus,35,EUR,114.65916666666668
2024-02-12,10115,Berlin,4250.0,Non-Bonus,42,EUR,118.00666666666666
2024-02-12,81539,München,4250.0,Non-Bonus,38,EUR,113.8325
2024-02-12,81539,München,4250.0,Non-Bonus,42,EUR,115.77749999999999
2024-02-12,10115,Berlin,500.0,Non-Bonus,28,EUR,22.9875
2024-02-12,81539,München,500.0,Non-Bonus,34,EUR,23.528333333333332
2024-02-12,81539,München,4000.0,Non-Bonus,16,EUR,102.51083333333334
2024-02-12,10115,Berlin,3500.0,Non-Bonus,15,EUR,92.555
2024-02-12,10115,Berlin,3500.0,Non-Bonus,26,EUR,94.23833333333333
2024-02-12,10115,Berlin,3500.0,Non-Bonus,50,EUR,99.76666666666667
2024-02-12,81539,München,3500.0,Non-Bonus,1,EUR,71.22666666666667
2024-02-12,81539,München,3500.0,Non-Bonus,16,EUR,90.90583333333332
2024-02-12,81539,München,3500.0,Non-Bonus,25,EUR,92.31916666666666
2024-02-12,81539,München,4500.0,Non-Bonus,9,EUR,110.67416666666666
2024-02-12,81539,München,4500.0,Non-Bonus,13,EUR,113.27333333333333
2024-02-12,10115,Berlin,5000.0,Non-Bonus,4,EUR,118.08333333333333
2024-02-12,10115,Berlin,5000.0,Non-Bonus,6,EUR,120.58333333333333
2024-02-12,10115,Berlin,5000.0,Non-Bonus,47,EUR,137.60833333333332
2024-02-12,81539,München,1000.0,Non-Bonus,37,EUR,35.34916666666667
2024-02-12,81539,München,1000.0,Non-Bonus,41,EUR,36.19583333333333
2024-02-12,10115,Berlin,500.0,Bonus,16,EUR,20.6875
2024-02-12,81539,München,500.0,Bonus,13,EUR,20.199166666666667
2024-02-12,81539,München,500.0,Bonus,42,EUR,23.365
2024-02-12,81539,München,500.0,Bonus,48,EUR,24.578333333333333
2024-02-12,10115,Berlin,4250.0,Non-Bonus,39,EUR,116.67
2024-02-12,81539,München,4250.0,Non-Bonus,37,EUR,113.28500000000001
2024-02-12,81539,München,4250.0,Non-Bonus,39,EUR,115.27666666666666
2024-02-12,81539,München,500.0,Non-Bonus,17,EUR,22.006666666666664
2024-02-12,81539,München,500.0,Non-Bonus,35,EUR,23.627499999999998
2024-02-12,10115,Berlin,4000.0,Non-Bonus,33,EUR,107.77333333333333
2024-02-12,81539,München,4000.0,Non-Bonus,25,EUR,104.3175
2024-02-12,81539,München,4000.0,Non-Bonus,33,EUR,106.0
2024-02-12,10115,Berlin,4500.0,Non-Bonus,22,EUR,118.205
2024-02-12,81539,München,4500.0,Non-Bonus,7,EUR,106.97500000000001
2024-02-12,10115,Berlin,5000.0,Non-Bonus,22,EUR,130.43666666666667
2024-02-12,10115,Berlin,5000.0,Non-Bonus,39,EUR,135.28333333333333
2024-02-12,10115,Berlin,5000.0,Non-Bonus,50,EUR,139.99333333333334
2024-02-12,81539,München,5000.0,Non-Bonus,35,EUR,130.5
2024-02-12,81539,München,5000.0,Non-Bonus,41,EUR,133.69083333333333
2024-02-12,10115,Berlin,500.0,Bonus,48,EUR,24.08
2024-02-12,81539,München,500.0,Bonus,31,EUR,22.151666666666667
2024-02-12,10115,Berlin,4250.0,Non-Bonus,8,EUR,105.44833333333334
2024-02-12,10115,Berlin,4250.0,Non-Bonus,32,EUR,113.69083333333333
2024-02-12,10115,Berlin,500.0,Non-Bonus,11,EUR,21.655
2024-02-12,10115,Berlin,500.0,Non-Bonus,29,EUR,23.09583333333333
2024-02-12,81539,München,500.0,Non-Bonus,1,EUR,20.095833333333335
2024-02-12,81539,München,500.0,Non-Bonus,41,EUR,24.474999999999998
2024-02-12,81539,München,500.0,Non-Bonus,50,EUR,25.375833333333333
2024-02-12,10115,Berlin,3500.0,Non-Bonus,3,EUR,75.93416666666667
2024-02-12,10115,Berlin,3500.0,Non-Bonus,34,EUR,95.41916666666667
2024-02-12,10115,Berlin,3500.0,Non-Bonus,36,EUR,96.0475
2024-02-12,81539,München,3500.0,Non-Bonus,50,EUR,98.18666666666667
2024-02-12,10115,Berlin,4500.0,Non-Bonus,50,EUR,126.90083333333332
2024-02-12,81539,München,4500.0,Non-Bonus,23,EUR,116.0
2024-02-12,10115,Berlin,5000.0,Non-Bonus,15,EUR,128.68166666666667
2024-02-12,10115,Berlin,5000.0,Non-Bonus,23,EUR,130.8025
2024-02-12,81539,München,5000.0,Non-Bonus,19,EUR,127.14916666666666
2024-02-12,10115,Berlin,1000.0,Non-Bonus,11,EUR,33.25416666666667
2024-02-12,10115,Berlin,1000.0,Non-Bonus,16,EUR,33.785000000000004
2024-02-12,10115,Berlin,1000.0,Non-Bonus,19,EUR,33.88333333333333
2024-02-12,10115,Berlin,1000.0,Non-Bonus,39,EUR,35.763333333333335
2024-02-12,81539,München,1000.0,Non-Bonus,5,EUR,32.5
2024-02-12,81539,München,1000.0,Non-Bonus,16,EUR,33.67916666666667
2024-02-12,10115,Berlin,500.0,Bonus,2,EUR,19.00166666666667
2024-02-12,10115,Berlin,4250.0,Non-Bonus,24,EUR,112.3725
2024-02-12,10115,Berlin,4250.0,Non-Bonus,46,EUR,118.43916666666667
2024-02-12,81539,München,4250.0,Non-Bonus,22,EUR,109.74083333333334
2024-02-12,81539,München,4250.0,Non-Bonus,44,EUR,115.9775
2024-02-12,10115,Berlin,500.0,Non-Bonus,18,EUR,21.983333333333334
2024-02-12,10115,Berlin,500.0,Non-Bonus,30,EUR,23.308333333333334
2024-02-12,81539,München,500.0,Non-Bonus,4,EUR,20.938333333333333
2024-02-12,10115,Berlin,4000.0,Non-Bonus,1,EUR,83.5
2024-02-12,10115,Berlin,4000.0,Non-Bonus,9,EUR,100.45833333333333
2024-02-12,10115,Berlin,4000.0,Non-Bonus,22,EUR,106.10666666666667
2024-02-12,81539,München,4000.0,Non-Bonus,23,EUR,103.92166666666667
2024-02-12,10115,Berlin,3500.0,Non-Bonus,45,EUR,98.99833333333333
2024-02-12,81539,München,3500.0,Non-Bonus,13,EUR,89.4575
2024-02-12,10115,Berlin,4500.0,Non-Bonus,23,EUR,118.605
2024-02-12,10115,Berlin,5000.0,Non-Bonus,40,EUR,136.40833333333333
2024-02-12,10115,Berlin,5000.0,Non-Bonus,44,EUR,137.30583333333334
2024-02-12,10115,Berlin,5000.0,Non-Bonus,46,EUR,137.59166666666667
2024-02-12,81539,München,5000.0,Non-Bonus,2,EUR,99.20833333333333
2024-02-12,10115,Berlin,1000.0,Non-Bonus,14,EUR,33.39333333333334
2024-02-12,81539,München,1000.0,Non-Bonus,8,EUR,32.8225
2024-02-12,81539,München,1000.0,Non-Bonus,21,EUR,33.80583333333333
2024-02-12,10115,Berlin,500.0,Bonus,21,EUR,21.456666666666667
2024-02-12,10115,Berlin,500.0,Bonus,50,EUR,24.3275
2024-02-12,81539,München,500.0,Bonus,19,EUR,21.035
2024-02-12,81539,München,500.0,Bonus,43,EUR,23.528333333333332
2024-02-12,10115,Berlin,4250.0,Non-Bonus,34,EUR,114.41666666666667
2024-02-12,10115,Berlin,4250.0,Non-Bonus,50,EUR,118.9875
2024-02-12,81539,München,4250.0,Non-Bonus,5,EUR,101.2625
2024-02-12,81539,München,4250.0,Non-Bonus,46,EUR,116.15916666666668
2024-02-12,10115,Berlin,500.0,Non-Bonus,34,EUR,23.581666666666667
2024-02-12,10115,Berlin,500.0,Non-Bonus,36,EUR,23.718333333333334
2024-02-12,10115,Berlin,500.0,Non-Bonus,49,EUR,24.878333333333334
2024-02-12,81539,München,500.0,Non-Bonus,14,EUR,21.9275
2024-02-12,81539,München,500.0,Non-Bonus,25,EUR,22.858333333333334
2024-02-12,81539,München,500.0,Non-Bonus,49,EUR,25.354166666666668
2024-02-12,10115,Berlin,4000.0,Non-Bonus,12,EUR,101.94333333333333
2024-02-12,10115,Berlin,4000.0,Non-Bonus,43,EUR,111.79083333333334
2024-02-12,81539,München,4000.0,Non-Bonus,1,EUR,79.80833333333334
2024-02-12,10115,Berlin,3500.0,Non-Bonus,10,EUR,89.6125
2024-02-12,10115,Berlin,3500.0,Non-Bonus,20,EUR,93.41166666666668
2024-02-12,81539,München,3500.0,Non-Bonus,21,EUR,91.77666666666666
2024-02-12,81539,München,3500.0,Non-Bonus,41,EUR,95.3575
2024-02-12,10115,Berlin,4500.0,Non-Bonus,1,EUR,92.36666666666667
2024-02-12,10115,Berlin,4500.0,Non-Bonus,6,EUR,109.3
2024-02-12,10115,Berlin,4500.0,Non-Bonus,11,EUR,114.79916666666666
2024-02-12,10115,Berlin,4500.0,Non-Bonus,49,EUR,126.33
2024-02-12,10115,Berlin,5000.0,Non-Bonus,11,EUR,126.60583333333334
2024-02-12,10115,Berlin,5000.0,Non-Bonus,28,EUR,131.495
2024-02-12,10115,Berlin,5000.0,Non-Bonus,34,EUR,132.83333333333334
2024-02-12,81539,München,5000.0,Non-Bonus,4,EUR,114.125
2024-02-12,81539,München,5000.0,Non-Bonus,44,EUR,134.5375
2024-02-12,10115,Berlin,1000.0,Non-Bonus,47,EUR,37.026666666666664
2024-02-12,81539,München,1000.0,Non-Bonus,7,EUR,32.73583333333333
2024-02-12,81539,München,1000.0,Non-Bonus,34,EUR,34.955
2024-02-12,10115,Berlin,500.0,Bonus,35,EUR,22.331666666666667
2024-02-12,81539,München,500.0,Bonus,46,EUR,24.330833333333334
2024-02-12,81539,München,4250.0,Non-Bonus,3,EUR,87.145
2024-02-12,81539,München,500.0,Non-Bonus,16,EUR,21.939999999999998
2024-02-12,81539,München,500.0,Non-Bonus,31,EUR,23.319999999999997
2024-02-12,10115,Berlin,4000.0,Non-Bonus,4,EUR,97.0125
2024-02-12,10115,Berlin,4000.0,Non-Bonus,8,EUR,99.83333333333333
2024-02-12,10115,Berlin,4000.0,Non-Bonus,49,EUR,112.375
2024-02-12,81539,München,4000.0,Non-Bonus,9,EUR,98.27833333333332
2024-02-12,81539,München,4000.0,Non-Bonus,29,EUR,104.94916666666667
2024-02-12,10115,Berlin,3500.0,Non-Bonus,4,EUR,86.07833333333333
2024-02-12,10115,Berlin,3500.0,Non-Bonus,44,EUR,98.88583333333334
2024-02-12,81539,München,3500.0,Non-Bonus,32,EUR,93.52083333333333
2024-02-12,10115,Berlin,4500.0,Non-Bonus,17,EUR,117.12916666666666
2024-02-12,10115,Berlin,4500.0,Non-Bonus,27,EUR,119.2275
2024-02-12,10115,Berlin,1000.0,Non-Bonus,17,EUR,33.785000000000004
2024-02-12,10115,Berlin,1000.0,Non-Bonus,35,EUR,35.303333333333335
2024-02-12,81539,München,1000.0,Non-Bonus,4,EUR,31.138333333333335
2024-02-12,10115,Berlin,500.0,Bonus,14,EUR,20.390833333333333
2024-02-12,10115,Berlin,500.0,Bonus,25,EUR,21.676666666666666
2024-02-12,10115,Berlin,500.0,Bonus,26,EUR,21.679166666666664
2024-02-12,81539,München,500.0,Bonus,47,EUR,24.4275
2024-02-12,10115,Berlin,4250.0,Non-Bonus,1,EUR,87.765
2024-02-12,81539,München,4250.0,Non-Bonus,18,EUR,109.13333333333333
2024-02-12,10115,Berlin,500.0,Non-Bonus,10,EUR,21.655
2024-02-12,10115,Berlin,4000.0,Non-Bonus,23,EUR,106.12916666666666
2024-02-12,10115,Berlin,4000.0,Non-Bonus,27,EUR,106.56583333333333
2024-02-12,10115,Berlin,4000.0,Non-Bonus,37,EUR,109.44
2024-02-12,81539,München,4000.0,Non-Bonus,26,EUR,104.3175
2024-02-12,10115,Berlin,3500.0,Non-Bonus,37,EUR,96.52666666666666
2024-02-12,81539,München,3500.0,Non-Bonus,5,EUR,85.86916666666667
2024-02-12,81539,München,3500.0,Non-Bonus,29,EUR,92.54416666666667
2024-02-12,10115,Berlin,4500.0,Non-Bonus,20,EUR,117.96333333333332
2024-02-12,81539,München,4500.0,Non-Bonus,2,EUR,90.875
2024-02-12,81539,München,4500.0,Non-Bonus,31,EUR,117.5125
2024-02-12,81539,München,4500.0,Non-Bonus,37,EUR,119.3875
2024-02-12,10115,Berlin,5000.0,Non-Bonus,5,EUR,118.88083333333333
2024-02-12,10115,Berlin,5000.0,Non-Bonus,27,EUR,131.32166666666666
2024-02-12,10115,Berlin,1000.0,Non-Bonus,22,EUR,33.91166666666667
2024-02-12,81539,München,1000.0,Non-Bonus,12,EUR,33.145
2024-02-12,81539,München,1000.0,Non-Bonus,27,EUR,34.274166666666666
2024-02-12,81539,München,1000.0,Non-Bonus,40,EUR,36.12416666666667
2024-02-12,10115,Berlin,500.0,Bonus,29,EUR,21.756666666666664
2024-02-12,81539,München,500.0,Bonus,44,EUR,23.528333333333332
2024-02-12,10115,Berlin,4250.0,Non-Bonus,15,EUR,110.22416666666668
2024-02-12,10115,Berlin,4250.0,Non-Bonus,36,EUR,115.08666666666666
2024-02-12,81539,München,4250.0,Non-Bonus,9,EUR,103.82666666666667
2024-02-12,10115,Berlin,500.0,Non-Bonus,39,EUR,23.72083333333333
2024-02-12,81539,München,500.0,Non-Bonus,10,EUR,21.74
2024-02-12,81539,München,500.0,Non-Bonus,28,EUR,23.079166666666666
2024-02-12,81539,München,500.0,Non-Bonus,44,EUR,24.643333333333334
2024-02-12,10115,Berlin,4000.0,Non-Bonus,17,EUR,105.17333333333333
2024-02-12,10115,Berlin,4000.0,Non-Bonus,32,EUR,107.41166666666668
2024-02-12,81539,München,4000.0,Non-Bonus,15,EUR,102.09583333333335
2024-02-12,10115,Berlin,3500.0,Non-Bonus,39,EUR,96.8775
2024-02-12,10115,Berlin,3500.0,Non-Bonus,43,EUR,98.59166666666665
2024-02-12,10115,Berlin,3500.0,Non-Bonus,48,EUR,99.61916666666667
2024-02-12,81539,München,3500.0,Non-Bonus,9,EUR,87.53416666666668
2024-02-12,81539,München,4500.0,Non-Bonus,36,EUR,118.855
2024-02-12,81539,München,5000.0,Non-Bonus,6,EUR,115.91416666666667
2024-02-12,81539,München,5000.0,Non-Bonus,46,EUR,134.64666666666668
2024-02-12,10115,Berlin,1000.0,Non-Bonus,26,EUR,34.300000000000004
2024-02-12,81539,München,1000.0,Non-Bonus,19,EUR,33.774166666666666
2024-02-12,81539,München,1000.0,Non-Bonus,33,EUR,34.910833333333336
2024-02-12,10115,Berlin,500.0,Bonus,18,EUR,20.786666666666665
2024-02-12,10115,Berlin,500.0,Bonus,38,EUR,22.8025
2024-02-12,10115,Berlin,500.0,Bonus,45,EUR,23.371666666666666
2024-02-12,81539,München,500.0,Bonus,4,EUR,19.162499999999998
2024-02-12,81539,München,500.0,Bonus,16,EUR,20.938333333333333
2024-02-12,81539,München,500.0,Bonus,45,EUR,23.627499999999998
2024-02-12,10115,Berlin,4250.0,Non-Bonus,11,EUR,107.50416666666666
2024-02-12,10115,Berlin,4250.0,Non-Bonus,38,EUR,116.27083333333333
2024-02-12,81539,München,4250.0,Non-Bonus,24,EUR,110.08
2024-02-12,81539,München,4250.0,Non-Bonus,27,EUR,110.47666666666667
2024-02-12,81539,München,4250.0,Non-Bonus,50,EUR,117.01583333333333
2024-02-12,81539,München,500.0,Non-Bonus,30,EUR,23.316666666666666
2024-02-12,81539,München,500.0,Non-Bonus,32,EUR,23.365
2024-02-12,81539,München,500.0,Non-Bonus,45,EUR,24.690833333333334
2024-02-12,81539,München,500.0,Non-Bonus,46,EUR,25.129166666666666
2024-02-12,81539,München,4000.0,Non-Bonus,38,EUR,107.67416666666666
2024-02-12,10115,Berlin,3500.0,Non-Bonus,25,EUR,94.21
2024-02-12,10115,Berlin,3500.0,Non-Bonus,32,EUR,94.75166666666667
2024-02-12,10115,Berlin,4500.0,Non-Bonus,2,EUR,93.6725
2024-02-12,10115,Berlin,4500.0,Non-Bonus,21,EUR,118.09500000000001
2024-02-12,81539,München,4500.0,Non-Bonus,46,EUR,122.36583333333334
2024-02-12,10115,Berlin,5000.0,Non-Bonus,30,EUR,132.17166666666665
2024-02-12,10115,Berlin,5000.0,Non-Bonus,33,EUR,132.83333333333334
2024-02-12,81539,München,5000.0,Non-Bonus,14,EUR,124.9375
2024-02-12,10115,Berlin,1000.0,Non-Bonus,5,EUR,32.745
2024-02-12,10115,Berlin,1000.0,Non-Bonus,12,EUR,33.3725
2024-02-12,81539,München,1000.0,Non-Bonus,23,EUR,33.8225
2024-02-12,10115,Berlin,500.0,Bonus,8,EUR,19.470833333333335
2024-02-12,10115,Berlin,500.0,Bonus,13,EUR,20.140833333333333
2024-02-12,81539,München,500.0,Bonus,24,EUR,21.905833333333334
2024-02-12,81539,München,500.0,Bonus,37,EUR,22.82166666666667
2024-02-12,10115,Berlin,4250.0,Non-Bonus,37,EUR,115.72083333333335
2024-02-12,10115,Berlin,4250.0,Non-Bonus,48,EUR,118.67916666666667
2024-02-12,81539,München,4250.0,Non-Bonus,48,EUR,116.63583333333334
2024-02-12,10115,Berlin,500.0,Non-Bonus,26,EUR,22.846666666666668
2024-02-12,10115,Berlin,500.0,Non-Bonus,40,EUR,24.08
2024-02-12,10115,Berlin,4000.0,Non-Bonus,2,EUR,84.80333333333333
2024-02-12,81539,München,4000.0,Non-Bonus,5,EUR,95.60000000000001
2024-02-12,81539,München,4000.0,Non-Bonus,22,EUR,103.88083333333333
2024-02-12,81539,München,4000.0,Non-Bonus,42,EUR,109.56916666666666
2024-02-12,10115,Berlin,3500.0,Non-Bonus,38,EUR,96.82916666666667
2024-02-12,81539,München,3500.0,Non-Bonus,20,EUR,91.53250000000001
2024-02-12,81539,München,3500.0,Non-Bonus,24,EUR,92.16250000000001
2024-02-12,81539,München,3500.0,Non-Bonus,27,EUR,92.47000000000001
2024-02-12,10115,Berlin,5000.0,Non-Bonus,35,EUR,133.2925
2024-02-12,81539,München,5000.0,Non-Bonus,1,EUR,96.97166666666668
2024-02-12,81539,München,5000.0,Non-Bonus,48,EUR,135.64333333333335
2024-02-12,10115,Berlin,1000.0,Non-Bonus,32,EUR,34.844166666666666
2024-02-12,10115,Berlin,1000.0,Non-Bonus,50,EUR,37.25833333333333
2024-02-12,81539,München,1000.0,Non-Bonus,24,EUR,33.958333333333336
2024-02-12,81539,München,1000.0,Non-Bonus,46,EUR,36.986666666666665
2024-02-12,10115,Berlin,500.0,Bonus,6,EUR,19.3975
2024-02-12,81539,München,500.0,Bonus,7,EUR,19.271666666666665
2024-02-12,81539,München,500.0,Bonus,12,EUR,20.095833333333335
2024-02-12,81539,München,500.0,Bonus,21,EUR,21.275833333333335
2024-02-12,81539,München,500.0,Bonus,30,EUR,22.006666666666664
2024-02-12,81539,München,4250.0,Non-Bonus,31,EUR,111.05416666666667
2024-02-12,10115,Berlin,500.0,Non-Bonus,22,EUR,22.5725
2024-02-12,10115,Berlin,500.0,Non-Bonus,44,EUR,24.230833333333333
2024-02-12,81539,München,500.0,Non-Bonus,6,EUR,21.275833333333335
2024-02-12,10115,Berlin,4000.0,Non-Bonus,34,EUR,108.29333333333334
2024-02-12,10115,Berlin,4000.0,Non-Bonus,39,EUR,110.47166666666668
2024-02-12,10115,Berlin,4000.0,Non-Bonus,48,EUR,112.27833333333332
2024-02-12,10115,Berlin,3500.0,Non-Bonus,17,EUR,92.96916666666668
2024-02-12,10115,Berlin,3500.0,Non-Bonus,29,EUR,94.43583333333333
2024-02-12,10115,Berlin,3500.0,Non-Bonus,31,EUR,94.485
2024-02-12,10115,Berlin,3500.0,Non-Bonus,35,EUR,96.02499999999999
2024-02-12,10115,Berlin,3500.0,Non-Bonus,41,EUR,97.25833333333333
2024-02-12,81539,München,3500.0,Non-Bonus,28,EUR,92.54416666666667
2024-02-12,81539,München,3500.0,Non-Bonus,38,EUR,94.97916666666667
2024-02-12,10115,Berlin,4500.0,Non-Bonus,4,EUR,107.075
2024-02-12,10115,Berlin,4500.0,Non-Bonus,12,EUR,115.57166666666666
2024-02-12,10115,Berlin,4500.0,Non-Bonus,14,EUR,115.72916666666667
2024-02-12,10115,Berlin,4500.0,Non-Bonus,29,EUR,119.53500000000001
2024-02-12,10115,Berlin,4500.0,Non-Bonus,39,EUR,122.8675
2024-02-12,10115,Berlin,4500.0,Non-Bonus,41,EUR,123.93833333333333
2024-02-12,10115,Berlin,5000.0,Non-Bonus,14,EUR,127.8925
2024-02-12,81539,München,5000.0,Non-Bonus,15,EUR,125.71916666666668
2024-02-12,81539,München,5000.0,Non-Bonus,18,EUR,127.13166666666666
2024-02-12,10115,Berlin,1000.0,Non-Bonus,21,EUR,33.9075
2024-02-12,10115,Berlin,1000.0,Non-Bonus,37,EUR,35.458333333333336
2024-02-12,81539,München,1000.0,Non-Bonus,36,EUR,35.3325
2024-02-12,10115,Berlin,500.0,Bonus,37,EUR,22.61
2024-02-12,10115,Berlin,500.0,Bonus,46,EUR,23.718333333333334
2024-02-12,10115,Berlin,4250.0,Non-Bonus,10,EUR,106.85416666666667
2024-02-12,81539,München,4250.0,Non-Bonus,13,EUR,106.46833333333332
2024-02-12,81539,München,4250.0,Non-Bonus,28,EUR,110.93916666666667
2024-02-12,10115,Berlin,500.0,Non-Bonus,19,EUR,21.995833333333334
2024-02-12,10115,Berlin,500.0,Non-Bonus,45,EUR,24.3275
2024-02-12,81539,München,500.0,Non-Bonus,15,EUR,21.930000000000003
2024-02-12,81539,München,500.0,Non-Bonus,37,EUR,23.936666666666667
2024-02-12,10115,Berlin,4000.0,Non-Bonus,7,EUR,99.27
2024-02-12,81539,München,4000.0,Non-Bonus,41,EUR,109.54583333333333
2024-02-12,81539,München,4000.0,Non-Bonus,48,EUR,110.4225
2024-02-12,10115,Berlin,3500.0,Non-Bonus,21,EUR,93.665
2024-02-12,81539,München,3500.0,Non-Bonus,26,EUR,92.47000000000001
2024-02-12,10115,Berlin,4500.0,Non-Bonus,13,EUR,115.7275
2024-02-12,10115,Berlin,4500.0,Non-Bonus,25,EUR,118.69583333333333
2024-02-12,10115,Berlin,4500.0,Non-Bonus,26,EUR,119.0425
2024-02-12,10115,Berlin,4500.0,Non-Bonus,36,EUR,121.43416666666667
2024-02-12,10115,Berlin,4500.0,Non-Bonus,46,EUR,124.74166666666667
2024-02-12,81539,München,4500.0,Non-Bonus,33,EUR,117.92166666666667
2024-02-12,10115,Berlin,5000.0,Non-Bonus,41,EUR,136.625
2024-02-12,81539,München,5000.0,Non-Bonus,12,EUR,124.20666666666666
2024-02-12,81539,München,5000.0,Non-Bonus,42,EUR,134.12083333333334
2024-02-12,81539,München,1000.0,Non-Bonus,43,EUR,36.5525
2024-02-12,10115,Berlin,500.0,Bonus,43,EUR,23.308333333333334
2024-02-12,81539,München,500.0,Bonus,1,EUR,18.583333333333332
2024-02-12,81539,München,500.0,Bonus,14,EUR,20.391666666666666
2024-02-12,10115,Berlin,4250.0,Non-Bonus,40,EUR,117.45833333333333
2024-02-12,10115,Berlin,500.0,Non-Bonus,21,EUR,22.331666666666667
2024-02-12,81539,München,500.0,Non-Bonus,29,EUR,23.284166666666668
2024-02-12,10115,Berlin,4000.0,Non-Bonus,19,EUR,105.75333333333333
2024-02-12,81539,München,4000.0,Non-Bonus,4,EUR,94.76083333333334
2024-02-12,81539,München,4000.0,Non-Bonus,14,EUR,100.74333333333334
2024-02-12,81539,München,4000.0,Non-Bonus,37,EUR,107.18333333333334
2024-02-12,10115,Berlin,4500.0,Non-Bonus,40,EUR,123.92666666666666
2024-02-12,10115,Berlin,4500.0,Non-Bonus,45,EUR,124.70083333333334
2024-02-12,10115,Berlin,5000.0,Non-Bonus,2,EUR,102.54166666666667
2024-02-12,10115,Berlin,5000.0,Non-Bonus,19,EUR,130.11166666666665
2024-02-12,81539,München,5000.0,Non-Bonus,21,EUR,127.495
2024-02-12,81539,München,5000.0,Non-Bonus,25,EUR,128.35916666666665
2024-02-12,10115,Berlin,1000.0,Non-Bonus,6,EUR,32.84166666666667
2024-02-12,10115,Berlin,1000.0,Non-Bonus,31,EUR,34.818333333333335
2024-02-12,10115,Berlin,1000.0,Non-Bonus,42,EUR,36.64666666666667
2024-02-12,10115,Berlin,500.0,Bonus,9,EUR,19.495833333333334
2024-02-12,10115,Berlin,500.0,Bonus,12,EUR,19.95
2024-02-12,81539,München,500.0,Bonus,15,EUR,20.474999999999998
2024-02-12,10115,Berlin,4250.0,Non-Bonus,22,EUR,112.16666666666667
2024-02-12,10115,Berlin,4250.0,Non-Bonus,44,EUR,118.20416666666667
2024-02-12,10115,Berlin,4250.0,Non-Bonus,47,EUR,118.60833333333333
2024-02-12,81539,München,4250.0,Non-Bonus,47,EUR,116.24083333333334
2024-02-12,10115,Berlin,500.0,Non-Bonus,2,EUR,20.140833333333333
2024-02-12,10115,Berlin,500.0,Non-Bonus,12,EUR,21.676666666666666
2024-02-12,10115,Berlin,500.0,Non-Bonus,20,EUR,22.227500000000003
2024-02-12,10115,Berlin,500.0,Non-Bonus,32,EUR,23.3125
2024-02-12,10115,Berlin,500.0,Non-Bonus,41,EUR,24.116666666666664
2024-02-12,10115,Berlin,500.0,Non-Bonus,50,EUR,25.001666666666665
2024-02-12,10115,Berlin,4000.0,Non-Bonus,13,EUR,102.79166666666667
2024-02-12,81539,München,4000.0,Non-Bonus,24,EUR,104.16000000000001
2024-02-12,81539,München,4000.0,Non-Bonus,40,EUR,109.41833333333334
2024-02-12,10115,Berlin,3500.0,Non-Bonus,47,EUR,99.3875
2024-02-12,81539,München,3500.0,Non-Bonus,8,EUR,87.41583333333334
2024-02-12,81539,München,3500.0,Non-Bonus,36,EUR,94.60083333333334
2024-02-12,10115,Berlin,5000.0,Non-Bonus,18,EUR,130.0075
2024-02-12,10115,Berlin,5000.0,Non-Bonus,20,EUR,130.18833333333333
2024-02-12,81539,München,5000.0,Non-Bonus,17,EUR,126.66166666666668
2024-02-12,81539,München,5000.0,Non-Bonus,27,EUR,128.61916666666667
2024-02-12,81539,München,5000.0,Non-Bonus,37,EUR,131.05916666666667
2024-02-12,81539,München,5000.0,Non-Bonus,47,EUR,134.855
2024-02-12,10115,Berlin,1000.0,Non-Bonus,43,EUR,36.65916666666667
2024-02-12,10115,Berlin,1000.0,Non-Bonus,44,EUR,36.725
2024-02-12,81539,München,1000.0,Non-Bonus,13,EUR,33.454166666666666
2024-02-12,10115,Berlin,500.0,Bonus,17,EUR,20.78
2024-02-12,10115,Berlin,500.0,Bonus,40,EUR,22.849999999999998
2024-02-12,81539,München,4250.0,Non-Bonus,14,EUR,107.80666666666667
2024-02-12,10115,Berlin,500.0,Non-Bonus,1,EUR,19.36
2024-02-12,10115,Berlin,500.0,Non-Bonus,43,EUR,24.224166666666665
2024-02-12,10115,Berlin,500.0,Non-Bonus,48,EUR,24.555000000000003
2024-02-12,81539,München,4000.0,Non-Bonus,7,EUR,97.01333333333334
2024-02-12,81539,München,3500.0,Non-Bonus,3,EUR,74.20833333333333
2024-02-12,81539,München,3500.0,Non-Bonus,14,EUR,89.49833333333333
2024-02-12,81539,München,3500.0,Non-Bonus,15,EUR,90.675
2024-02-12,81539,München,3500.0,Non-Bonus,23,EUR,92.05583333333334
2024-02-12,81539,München,3500.0,Non-Bonus,30,EUR,92.59416666666668
2024-02-12,10115,Berlin,4500.0,Non-Bonus,35,EUR,120.87
2024-02-12,10115,Berlin,4500.0,Non-Bonus,42,EUR,124.21249999999999
2024-02-12,81539,München,4500.0,Non-Bonus,29,EUR,117.38666666666667
2024-02-12,81539,München,4500.0,Non-Bonus,43,EUR,122.09583333333335
2024-02-12,10115,Berlin,1000.0,Non-Bonus,18,EUR,33.833333333333336
2024-02-12,10115,Berlin,1000.0,Non-Bonus,33,EUR,35.027499999999996
2024-02-12,10115,Berlin,1000.0,Non-Bonus,38,EUR,35.641666666666666
2024-02-12,81539,München,1000.0,Non-Bonus,42,EUR,36.54083333333333
2024-02-12,10115,Berlin,500.0,Bonus,20,EUR,21.025000000000002
2024-02-12,81539,München,500.0,Bonus,18,EUR,21.031666666666666
2024-02-12,81539,München,500.0,Bonus,50,EUR,24.780833333333334
2024-02-12,10115,Berlin,4250.0,Non-Bonus,4,EUR,102.66666666666667
2024-02-12,10115,Berlin,4250.0,Non-Bonus,12,EUR,108.56666666666666
2024-02-12,10115,Berlin,4250.0,Non-Bonus,14,EUR,110.125
2024-02-12,10115,Berlin,4250.0,Non-Bonus,25,EUR,112.50666666666666
2024-02-12,10115,Berlin,4250.0,Non-Bonus,41,EUR,117.70333333333333
2024-02-12,81539,München,4250.0,Non-Bonus,4,EUR,100.23666666666666
2024-02-12,10115,Berlin,500.0,Non-Bonus,14,EUR,21.680000000000003
2024-02-12,81539,München,500.0,Non-Bonus,12,EUR,21.905833333333334
2024-02-12,81539,München,500.0,Non-Bonus,36,EUR,23.8325
2024-02-12,10115,Berlin,4000.0,Non-Bonus,38,EUR,109.93333333333334
2024-02-12,10115,Berlin,4000.0,Non-Bonus,40,EUR,110.99000000000001
2024-02-12,10115,Berlin,4000.0,Non-Bonus,46,EUR,112.20916666666666
2024-02-12,81539,München,3500.0,Non-Bonus,12,EUR,89.29333333333334
2024-02-12,81539,München,3500.0,Non-Bonus,34,EUR,94.13416666666666
2024-02-12,81539,München,3500.0,Non-Bonus,45,EUR,97.15333333333332
2024-02-12,10115,Berlin,4500.0,Non-Bonus,3,EUR,94.25083333333333
2024-02-12,10115,Berlin,4500.0,Non-Bonus,9,EUR,113.10416666666667
2024-02-12,81539,München,4500.0,Non-Bonus,15,EUR,113.51666666666667
2024-02-12,81539,München,4500.0,Non-Bonus,30,EUR,117.38666666666667
2024-02-12,81539,München,4500.0,Non-Bonus,32,EUR,117.58916666666666
2024-02-12,81539,München,5000.0,Non-Bonus,11,EUR,123.64416666666666
2024-02-12,81539,München,5000.0,Non-Bonus,38,EUR,131.59083333333334
2024-02-12,10115,Berlin,1000.0,Non-Bonus,45,EUR,36.725
2024-02-12,10115,Berlin,500.0,Bonus,11,EUR,19.5725
2024-02-12,10115,Berlin,500.0,Bonus,19,EUR,20.8025
2024-02-12,10115,Berlin,500.0,Bonus,36,EUR,22.5725
2024-02-12,10115,Berlin,500.0,Bonus,44,EUR,23.3125
2024-02-12,81539,München,500.0,Bonus,11,EUR,19.906666666666666
2024-02-12,10115,Berlin,500.0,Non-Bonus,35,EUR,23.67833333333333
2024-02-12,10115,Berlin,4000.0,Non-Bonus,16,EUR,104.75833333333333
2024-02-12,10115,Berlin,4000.0,Non-Bonus,25,EUR,106.40750000000001
2024-02-12,10115,Berlin,4000.0,Non-Bonus,26,EUR,106.56583333333333
2024-02-12,81539,München,4000.0,Non-Bonus,6,EUR,96.2
2024-02-12,81539,München,4000.0,Non-Bonus,28,EUR,104.92
2024-02-12,81539,München,4000.0,Non-Bonus,47,EUR,110.4175
2024-02-12,81539,München,3500.0,Non-Bonus,7,EUR,86.28416666666668
2024-02-12,81539,München,3500.0,Non-Bonus,22,EUR,91.85000000000001
2024-02-12,81539,München,3500.0,Non-Bonus,42,EUR,96.7
2024-02-12,81539,München,3500.0,Non-Bonus,44,EUR,97.10666666666667
2024-02-12,81539,München,4500.0,Non-Bonus,12,EUR,112.47000000000001
2024-02-12,81539,München,4500.0,Non-Bonus,50,EUR,124.545
2024-02-12,10115,Berlin,5000.0,Non-Bonus,26,EUR,131.15666666666667
2024-02-12,81539,München,5000.0,Non-Bonus,36,EUR,130.51
2024-02-12,81539,München,1000.0,Non-Bonus,17,EUR,33.67916666666667
2024-02-12,81539,München,1000.0,Non-Bonus,20,EUR,33.7975
2024-02-12,10115,Berlin,500.0,Bonus,10,EUR,19.539166666666667
2024-02-12,10115,Berlin,500.0,Bonus,27,EUR,21.680000000000003
2024-02-12,10115,Berlin,500.0,Bonus,32,EUR,21.985
2024-02-12,10115,Berlin,500.0,Bonus,39,EUR,22.846666666666668
2024-02-12,10115,Berlin,500.0,Bonus,41,EUR,23.09583333333333
2024-02-12,81539,München,500.0,Bonus,27,EUR,21.9275
2024-02-12,10115,Berlin,4250.0,Non-Bonus,33,EUR,113.95
2024-02-12,10115,Berlin,4250.0,Non-Bonus,49,EUR,118.84916666666668
2024-02-12,81539,München,4250.0,Non-Bonus,7,EUR,102.37833333333333
2024-02-12,81539,München,4250.0,Non-Bonus,20,EUR,109.51333333333334
2024-02-12,81539,München,4250.0,Non-Bonus,30,EUR,110.99916666666667
2024-02-12,81539,München,4250.0,Non-Bonus,33,EUR,111.97833333333334
2024-02-12,10115,Berlin,500.0,Non-Bonus,16,EUR,21.756666666666664
2024-02-12,10115,Berlin,500.0,Non-Bonus,17,EUR,21.9025
2024-02-12,10115,Berlin,500.0,Non-Bonus,23,EUR,22.61
2024-02-12,10115,Berlin,500.0,Non-Bonus,38,EUR,23.72083333333333
2024-02-12,81539,München,500.0,Non-Bonus,11,EUR,21.905833333333334
2024-02-12,81539,München,500.0,Non-Bonus,33,EUR,23.528333333333332
2024-02-12,81539,München,500.0,Non-Bonus,48,EUR,25.324166666666667
2024-02-12,10115,Berlin,4000.0,Non-Bonus,15,EUR,104.33416666666666
2024-02-12,10115,Berlin,4000.0,Non-Bonus,44,EUR,111.79333333333334
2024-02-12,10115,Berlin,4000.0,Non-Bonus,45,EUR,111.8
2024-02-12,81539,München,4000.0,Non-Bonus,30,EUR,104.94916666666667
2024-02-12,81539,München,4000.0,Non-Bonus,31,EUR,104.96499999999999
2024-02-12,81539,München,4000.0,Non-Bonus,34,EUR,106.03416666666668
2024-02-12,81539,München,4000.0,Non-Bonus,49,EUR,110.7475
2024-02-12,10115,Berlin,3500.0,Non-Bonus,24,EUR,94.05416666666667
2024-02-12,81539,München,3500.0,Non-Bonus,4,EUR,84.18416666666667
2024-02-12,81539,München,3500.0,Non-Bonus,17,EUR,91.13416666666666
2024-02-12,81539,München,3500.0,Non-Bonus,37,EUR,94.62666666666667
2024-02-12,81539,München,4500.0,Non-Bonus,19,EUR,115.35833333333333
2024-02-12,81539,München,4500.0,Non-Bonus,28,EUR,117.22000000000001
2024-02-12,81539,München,5000.0,Non-Bonus,20,EUR,127.31833333333333
2024-02-12,81539,München,5000.0,Non-Bonus,22,EUR,127.84083333333332
2024-02-12,81539,München,5000.0,Non-Bonus,29,EUR,129.20916666666668
2024-02-12,10115,Berlin,1000.0,Non-Bonus,4,EUR,31.588333333333335
2024-02-12,10115,Berlin,1000.0,Non-Bonus,48,EUR,37.02916666666667
2024-02-12,81539,München,1000.0,Non-Bonus,9,EUR,32.88333333333333
2024-02-12,81539,München,500.0,Bonus,9,EUR,19.745
2024-02-12,81539,München,500.0,Bonus,25,EUR,21.92
2024-02-12,81539,München,4250.0,Non-Bonus,41,EUR,115.7575
2024-02-12,81539,München,500.0,Non-Bonus,38,EUR,24.330833333333334
2024-02-12,10115,Berlin,4000.0,Non-Bonus,28,EUR,106.76416666666667
2024-02-12,10115,Berlin,4000.0,Non-Bonus,47,EUR,112.21
2024-02-12,10115,Berlin,4000.0,Non-Bonus,50,EUR,112.63583333333334
2024-02-12,81539,München,4000.0,Non-Bonus,8,EUR,97.60000000000001
2024-02-12,81539,München,4000.0,Non-Bonus,50,EUR,110.77916666666665
2024-02-12,10115,Berlin,3500.0,Non-Bonus,18,EUR,93.07
2024-02-12,10115,Berlin,3500.0,Non-Bonus,33,EUR,94.96583333333332
2024-02-12,81539,München,3500.0,Non-Bonus,43,EUR,96.995
2024-02-12,81539,München,3500.0,Non-Bonus,49,EUR,97.99416666666667
2024-02-12,10115,Berlin,4500.0,Non-Bonus,16,EUR,116.72000000000001
2024-02-12,81539,München,4500.0,Non-Bonus,8,EUR,107.7425
2024-02-12,10115,Berlin,5000.0,Non-Bonus,12,EUR,126.93333333333334
2024-02-12,81539,München,5000.0,Non-Bonus,24,EUR,127.86333333333333
2024-02-12,81539,München,5000.0,Non-Bonus,26,EUR,128.43083333333334
2024-02-12,10115,Berlin,1000.0,Non-Bonus,29,EUR,34.68416666666666
2024-02-12,81539,München,1000.0,Non-Bonus,15,EUR,33.541666666666664
2024-02-12,81539,München,1000.0,Non-Bonus,47,EUR,37.22416666666667
2024-02-12,10115,Berlin,500.0,Bonus,3,EUR,19.13416666666667
2024-02-12,10115,Berlin,500.0,Bonus,34,EUR,22.311666666666667
2024-02-12,10115,Berlin,4250.0,Non-Bonus,2,EUR,89.2375
2024-02-12,10115,Berlin,4250.0,Non-Bonus,20,EUR,111.89
2024-02-12,10115,Berlin,4250.0,Non-Bonus,31,EUR,113.40249999999999
2024-02-12,81539,München,4250.0,Non-Bonus,15,EUR,107.80666666666667
2024-02-12,81539,München,4250.0,Non-Bonus,23,EUR,109.94583333333333
2024-02-12,10115,Berlin,4000.0,Non-Bonus,3,EUR,84.89
2024-02-12,81539,München,4000.0,Non-Bonus,17,EUR,102.925
2024-02-12,81539,München,4000.0,Non-Bonus,21,EUR,103.71416666666666
2024-02-12,81539,München,4000.0,Non-Bonus,36,EUR,106.71666666666665
2024-02-12,81539,München,3500.0,Non-Bonus,47,EUR,97.83333333333333
2024-02-12,10115,Berlin,5000.0,Non-Bonus,9,EUR,124.60000000000001
2024-02-12,10115,Berlin,5000.0,Non-Bonus,37,EUR,133.99333333333334
2024-02-12,81539,München,5000.0,Non-Bonus,8,EUR,118.47166666666668
2024-02-12,81539,München,5000.0,Non-Bonus,30,EUR,129.50833333333333
2024-02-12,81539,München,5000.0,Non-Bonus,49,EUR,137.05333333333334
2024-02-12,10115,Berlin,1000.0,Non-Bonus,2,EUR,31.169166666666666
2024-02-12,10115,Berlin,1000.0,Non-Bonus,8,EUR,32.99
2024-02-12,10115,Berlin,1000.0,Non-Bonus,28,EUR,34.67333333333333
2024-02-12,81539,München,1000.0,Non-Bonus,30,EUR,34.675000000000004
2024-02-12,81539,München,1000.0,Non-Bonus,45,EUR,36.833333333333336
2024-02-12,81539,München,1000.0,Non-Bonus,48,EUR,37.354166666666664
2024-02-12,10115,Berlin,500.0,Bonus,31,EUR,21.983333333333334
2024-02-12,10115,Berlin,500.0,Bonus,42,EUR,23.308333333333334
2024-02-12,10115,Berlin,500.0,Bonus,47,EUR,23.72083333333333
2024-02-12,81539,München,500.0,Bonus,29,EUR,21.939999999999998
2024-02-12,81539,München,500.0,Bonus,36,EUR,22.587500000000002
2024-02-12,81539,München,500.0,Bonus,39,EUR,23.075
2024-02-12,10115,Berlin,4250.0,Non-Bonus,18,EUR,111.48833333333333
2024-02-12,81539,München,4250.0,Non-Bonus,1,EUR,84.09916666666668
2024-02-12,81539,München,4250.0,Non-Bonus,10,EUR,103.97333333333334
2024-02-12,81539,München,4250.0,Non-Bonus,11,EUR,105.23583333333333
2024-02-12,10115,Berlin,500.0,Non-Bonus,4,EUR,20.78
2024-02-12,10115,Berlin,500.0,Non-Bonus,5,EUR,21.025000000000002
2024-02-12,81539,München,500.0,Non-Bonus,21,EUR,22.497500000000002
2024-02-12,10115,Berlin,4000.0,Non-Bonus,36,EUR,108.97500000000001
2024-02-12,10115,Berlin,4000.0,Non-Bonus,42,EUR,111.66666666666667
2024-02-12,81539,München,4000.0,Non-Bonus,11,EUR,98.4925
2024-02-12,81539,München,4000.0,Non-Bonus,20,EUR,103.5675
2024-02-12,81539,München,4000.0,Non-Bonus,32,EUR,105.51666666666667
2024-02-12,81539,München,3500.0,Non-Bonus,31,EUR,92.8825
2024-02-12,10115,Berlin,4500.0,Non-Bonus,30,EUR,120.00416666666666
2024-02-12,81539,München,4500.0,Non-Bonus,26,EUR,116.4375
2024-02-12,10115,Berlin,5000.0,Non-Bonus,21,EUR,130.28
2024-02-12,10115,Berlin,5000.0,Non-Bonus,42,EUR,136.86249999999998
2024-02-12,81539,München,5000.0,Non-Bonus,43,EUR,134.38083333333333
2024-02-12,10115,Berlin,1000.0,Non-Bonus,10,EUR,33.222500000000004
2024-02-12,10115,Berlin,1000.0,Non-Bonus,24,EUR,34.065
2024-02-12,10115,Berlin,1000.0,Non-Bonus,40,EUR,36.225
2024-02-12,81539,München,1000.0,Non-Bonus,26,EUR,34.175000000000004
2024-02-12,10115,Berlin,500.0,Bonus,4,EUR,19.304166666666667
2024-02-12,10115,Berlin,500.0,Bonus,24,EUR,21.669166666666666
2024-02-12,10115,Berlin,4250.0,Non-Bonus,21,EUR,111.92416666666666
2024-02-12,81539,München,4250.0,Non-Bonus,19,EUR,109.46333333333332
2024-02-12,81539,München,4250.0,Non-Bonus,21,EUR,109.675
2024-02-12,10115,Berlin,500.0,Non-Bonus,27,EUR,22.849999999999998
2024-02-12,81539,München,500.0,Non-Bonus,8,EUR,21.4575
2024-02-12,81539,München,500.0,Non-Bonus,9,EUR,21.7075
2024-02-12,81539,München,500.0,Non-Bonus,20,EUR,22.245
2024-02-12,10115,Berlin,4000.0,Non-Bonus,11,EUR,100.95416666666667
2024-02-12,81539,München,4000.0,Non-Bonus,27,EUR,104.51583333333333
2024-02-12,81539,München,4000.0,Non-Bonus,35,EUR,106.19916666666667
2024-02-12,81539,München,4000.0,Non-Bonus,43,EUR,109.57416666666667
2024-02-12,81539,München,4000.0,Non-Bonus,44,EUR,109.92916666666667
2024-02-12,10115,Berlin,4500.0,Non-Bonus,38,EUR,122.60833333333333
2024-02-12,10115,Berlin,4500.0,Non-Bonus,48,EUR,125.2475
2024-02-12,81539,München,4500.0,Non-Bonus,21,EUR,115.59750000000001
2024-02-12,81539,München,4500.0,Non-Bonus,41,EUR,121.955
2024-02-12,10115,Berlin,5000.0,Non-Bonus,32,EUR,132.785
2024-02-12,10115,Berlin,5000.0,Non-Bonus,36,EUR,133.42249999999999
2024-02-12,81539,München,5000.0,Non-Bonus,32,EUR,129.8575
2024-02-12,10115,Berlin,1000.0,Non-Bonus,13,EUR,33.391666666666666
2024-02-12,10115,Berlin,1000.0,Non-Bonus,15,EUR,33.64833333333333
2024-02-12,10115,Berlin,1000.0,Non-Bonus,20,EUR,33.906666666666666
2024-02-12,81539,München,1000.0,Non-Bonus,6,EUR,32.638333333333335
2024-02-12,81539,München,1000.0,Non-Bonus,10,EUR,33.11
2024-02-12,81539,München,1000.0,Non-Bonus,29,EUR,34.574999999999996
2024-02-12,10115,Berlin,500.0,Bonus,1,EUR,18.708333333333332
2024-02-12,81539,München,500.0,Bonus,10,EUR,19.791666666666668
2024-02-12,81539,München,500.0,Bonus,41,EUR,23.319999999999997
2024-02-12,10115,Berlin,4250.0,Non-Bonus,3,EUR,89.57
2024-02-12,10115,Berlin,4250.0,Non-Bonus,26,EUR,112.63083333333333
2024-02-12,81539,München,4250.0,Non-Bonus,17,EUR,108.72500000000001
2024-02-12,81539,München,4250.0,Non-Bonus,25,EUR,110.20416666666667
2024-02-12,10115,Berlin,500.0,Non-Bonus,15,EUR,21.689166666666665
2024-02-12,81539,München,500.0,Non-Bonus,13,EUR,21.925833333333333
2024-02-12,81539,München,500.0,Non-Bonus,27,EUR,23.079166666666666
2024-02-12,10115,Berlin,4000.0,Non-Bonus,6,EUR,99.26666666666667
2024-02-12,81539,München,4000.0,Non-Bonus,45,EUR,110.075
2024-02-12,10115,Berlin,3500.0,Non-Bonus,2,EUR,75.52833333333334
2024-02-12,10115,Berlin,3500.0,Non-Bonus,6,EUR,88.16666666666667
2024-02-12,10115,Berlin,3500.0,Non-Bonus,13,EUR,91.18416666666667
2024-02-12,10115,Berlin,3500.0,Non-Bonus,14,EUR,91.34583333333335
2024-02-12,10115,Berlin,3500.0,Non-Bonus,28,EUR,94.34166666666665
2024-02-12,10115,Berlin,3500.0,Non-Bonus,40,EUR,96.88583333333334
2024-02-12,10115,Berlin,3500.0,Non-Bonus,49,EUR,99.75166666666667
2024-02-12,10115,Berlin,4500.0,Non-Bonus,5,EUR,107.47583333333334
2024-02-12,10115,Berlin,4500.0,Non-Bonus,19,EUR,117.66166666666668
2024-02-12,10115,Berlin,4500.0,Non-Bonus,34,EUR,120.53916666666667
2024-02-12,81539,München,4500.0,Non-Bonus,10,EUR,110.78916666666667
2024-02-12,10115,Berlin,5000.0,Non-Bonus,3,EUR,103.6125
2024-02-12,10115,Berlin,5000.0,Non-Bonus,8,EUR,121.445
2024-02-12,10115,Berlin,5000.0,Non-Bonus,25,EUR,130.82583333333335
2024-02-12,81539,München,5000.0,Non-Bonus,39,EUR,132.3075
2024-02-12,10115,Berlin,1000.0,Non-Bonus,36,EUR,35.43333333333333
2024-02-12,10115,Berlin,500.0,Bonus,22,EUR,21.655
2024-02-12,10115,Berlin,500.0,Bonus,23,EUR,21.655
2024-02-12,81539,München,500.0,Bonus,2,EUR,18.9575
2024-02-12,81539,München,500.0,Bonus,33,EUR,22.236666666666665
2024-02-12,10115,Berlin,4250.0,Non-Bonus,23,EUR,112.255
2024-02-12,10115,Berlin,4250.0,Non-Bonus,29,EUR,113.33916666666666
2024-02-12,81539,München,4250.0,Non-Bonus,12,EUR,106.30583333333334
2024-02-12,81539,München,4250.0,Non-Bonus,45,EUR,116.09916666666668
2024-02-12,10115,Berlin,500.0,Non-Bonus,24,EUR,22.633333333333336
2024-02-12,81539,München,500.0,Non-Bonus,26,EUR,23.075
2024-02-12,81539,München,500.0,Non-Bonus,43,EUR,24.578333333333333
2024-02-12,10115,Berlin,2500.0,Non-Bonus,6,EUR,66.00750000000001
2024-02-12,81539,München,2500.0,Non-Bonus,27,EUR,68.8075
2024-02-12,10115,Berlin,3000.0,Non-Bonus,17,EUR,81.07000000000001
2024-02-12,10115,Berlin,3000.0,Non-Bonus,43,EUR,85.51666666666667
2024-02-12,81539,München,3000.0,Non-Bonus,41,EUR,83.74333333333333
2024-02-12,81539,München,3000.0,Non-Bonus,44,EUR,84.73833333333333
2024-02-12,10115,Berlin,2000.0,Non-Bonus,8,EUR,55.762499999999996
2024-02-12,10115,Berlin,2000.0,Non-Bonus,39,EUR,59.458333333333336
2024-02-12,81539,München,2000.0,Non-Bonus,29,EUR,57.800000000000004
2024-02-12,81539,München,2000.0,Non-Bonus,36,EUR,58.54583333333333
2024-02-12,81539,München,2000.0,Non-Bonus,38,EUR,58.649166666666666
2024-02-12,10115,Berlin,1000.0,Bonus,7,EUR,28.668333333333333
2024-02-12,10115,Berlin,1000.0,Bonus,50,EUR,34.07083333333333
2024-02-12,81539,München,1000.0,Bonus,32,EUR,32.44916666666666
2024-02-12,81539,München,1000.0,Bonus,39,EUR,33.11
2024-02-12,10115,Berlin,1500.0,Non-Bonus,15,EUR,45.24166666666667
2024-02-12,10115,Berlin,1500.0,Non-Bonus,16,EUR,45.370000000000005
2024-02-12,81539,München,1500.0,Non-Bonus,47,EUR,48.45333333333334
2024-02-12,10115,Berlin,2500.0,Non-Bonus,7,EUR,66.79166666666667
2024-02-12,10115,Berlin,2500.0,Non-Bonus,26,EUR,69.96916666666667
2024-02-12,81539,München,2500.0,Non-Bonus,15,EUR,67.56083333333333
2024-02-12,81539,München,2500.0,Non-Bonus,42,EUR,71.49916666666667
2024-02-12,10115,Berlin,3000.0,Non-Bonus,18,EUR,81.26083333333334
2024-02-12,10115,Berlin,3000.0,Non-Bonus,44,EUR,85.97833333333334
2024-02-12,10115,Berlin,3000.0,Non-Bonus,46,EUR,86.52749999999999
2024-02-12,81539,München,3000.0,Non-Bonus,24,EUR,80.37416666666667
2024-02-12,10115,Berlin,2000.0,Non-Bonus,42,EUR,59.87416666666667
2024-02-12,10115,Berlin,2000.0,Non-Bonus,47,EUR,61.00833333333333
2024-02-12,81539,München,2000.0,Non-Bonus,41,EUR,59.1025
2024-02-12,81539,München,2000.0,Non-Bonus,49,EUR,61.115833333333335
2024-02-12,10115,Berlin,1000.0,Bonus,35,EUR,32.84166666666667
2024-02-12,81539,München,1000.0,Bonus,33,EUR,32.666666666666664
2024-02-12,10115,Berlin,1500.0,Non-Bonus,3,EUR,40.4575
2024-02-12,10115,Berlin,1500.0,Non-Bonus,47,EUR,48.565
2024-02-12,10115,Berlin,1500.0,Non-Bonus,50,EUR,49.1175
2024-02-12,81539,München,1500.0,Non-Bonus,46,EUR,48.428333333333335
2024-02-12,81539,München,2500.0,Non-Bonus,20,EUR,68.12833333333333
2024-02-12,81539,München,2500.0,Non-Bonus,21,EUR,68.19500000000001
2024-02-12,81539,München,2500.0,Non-Bonus,40,EUR,70.72416666666668
2024-02-12,10115,Berlin,3000.0,Non-Bonus,13,EUR,80.25
2024-02-12,81539,München,3000.0,Non-Bonus,3,EUR,65.875
2024-02-12,81539,München,3000.0,Non-Bonus,39,EUR,83.0025
2024-02-12,10115,Berlin,2000.0,Non-Bonus,3,EUR,49.32666666666666
2024-02-12,81539,München,2000.0,Non-Bonus,24,EUR,57.0
2024-02-12,10115,Berlin,1000.0,Bonus,1,EUR,24.622500000000002
2024-02-12,10115,Berlin,1000.0,Bonus,11,EUR,28.736666666666665
2024-02-12,10115,Berlin,1000.0,Bonus,12,EUR,28.772499999999997
2024-02-12,10115,Berlin,1000.0,Bonus,13,EUR,28.791666666666668
2024-02-12,10115,Berlin,1000.0,Bonus,25,EUR,31.19333333333333
2024-02-12,10115,Berlin,1000.0,Bonus,42,EUR,33.25416666666667
2024-02-12,81539,München,1000.0,Bonus,2,EUR,27.77
2024-02-12,81539,München,1000.0,Bonus,21,EUR,30.305833333333336
2024-02-12,81539,München,1000.0,Bonus,30,EUR,31.926666666666666
2024-02-12,81539,München,1000.0,Bonus,38,EUR,32.88333333333333
2024-02-12,10115,Berlin,1500.0,Non-Bonus,26,EUR,46.284166666666664
2024-02-12,10115,Berlin,2500.0,Non-Bonus,49,EUR,74.5625
2024-02-12,81539,München,2500.0,Non-Bonus,23,EUR,68.7225
2024-02-12,10115,Berlin,3000.0,Non-Bonus,40,EUR,84.49
2024-02-12,10115,Berlin,2000.0,Non-Bonus,50,EUR,61.94166666666666
2024-02-12,81539,München,2000.0,Non-Bonus,19,EUR,56.77
2024-02-12,81539,München,2000.0,Non-Bonus,48,EUR,60.88916666666666
2024-02-12,10115,Berlin,1000.0,Bonus,31,EUR,32.41166666666667
2024-02-12,81539,München,1000.0,Bonus,1,EUR,25.72666666666667
2024-02-12,81539,München,1000.0,Bonus,45,EUR,33.45583333333334
2024-02-12,81539,München,1500.0,Non-Bonus,1,EUR,36.90083333333333
2024-02-12,81539,München,1500.0,Non-Bonus,11,EUR,44.46666666666667
2024-02-12,81539,München,1500.0,Non-Bonus,38,EUR,46.7925
2024-02-12,81539,München,1500.0,Non-Bonus,39,EUR,46.82083333333333
2024-02-12,10115,Berlin,2500.0,Non-Bonus,14,EUR,68.58083333333333
2024-02-12,10115,Berlin,2500.0,Non-Bonus,39,EUR,71.7525
2024-02-12,10115,Berlin,2500.0,Non-Bonus,41,EUR,72.18166666666666
2024-02-12,81539,München,2500.0,Non-Bonus,5,EUR,63.38999999999999
2024-02-12,81539,München,2500.0,Non-Bonus,17,EUR,67.83333333333333
2024-02-12,81539,München,2500.0,Non-Bonus,35,EUR,69.81666666666666
2024-02-12,10115,Berlin,3000.0,Non-Bonus,4,EUR,75.14416666666666
2024-02-12,10115,Berlin,3000.0,Non-Bonus,41,EUR,84.58333333333333
2024-02-12,81539,München,3000.0,Non-Bonus,20,EUR,79.98583333333333
2024-02-12,81539,München,3000.0,Non-Bonus,29,EUR,80.77166666666666
2024-02-12,10115,Berlin,2000.0,Non-Bonus,10,EUR,55.93
2024-02-12,81539,München,2000.0,Non-Bonus,12,EUR,55.965
2024-02-12,10115,Berlin,1000.0,Bonus,15,EUR,29.564166666666665
2024-02-12,81539,München,1000.0,Bonus,41,EUR,33.13333333333333
2024-02-12,81539,München,1000.0,Bonus,42,EUR,33.145
2024-02-12,10115,Berlin,1500.0,Non-Bonus,5,EUR,43.58416666666667
2024-02-12,10115,Berlin,1500.0,Non-Bonus,13,EUR,45.07583333333333
2024-02-12,10115,Berlin,1500.0,Non-Bonus,21,EUR,45.915
2024-02-12,81539,München,1500.0,Non-Bonus,12,EUR,44.48833333333334
2024-02-12,81539,München,1500.0,Non-Bonus,22,EUR,45.45249999999999
2024-02-12,81539,München,1500.0,Non-Bonus,44,EUR,47.51416666666666
2024-02-12,10115,Berlin,2500.0,Non-Bonus,20,EUR,69.30499999999999
2024-02-12,10115,Berlin,2500.0,Non-Bonus,35,EUR,70.88416666666667
2024-02-12,10115,Berlin,3000.0,Non-Bonus,12,EUR,80.14666666666666
2024-02-12,81539,München,3000.0,Non-Bonus,9,EUR,78.37416666666667
2024-02-12,81539,München,3000.0,Non-Bonus,45,EUR,84.99416666666666
2024-02-12,10115,Berlin,2000.0,Non-Bonus,5,EUR,53.47416666666667
2024-02-12,10115,Berlin,2000.0,Non-Bonus,6,EUR,54.919999999999995
2024-02-12,10115,Berlin,2000.0,Non-Bonus,11,EUR,56.38666666666666
2024-02-12,10115,Berlin,2000.0,Non-Bonus,14,EUR,56.9125
2024-02-12,10115,Berlin,2000.0,Non-Bonus,15,EUR,56.9475
2024-02-12,10115,Berlin,1000.0,Bonus,19,EUR,30.011666666666667
2024-02-12,81539,München,1000.0,Bonus,26,EUR,31.138333333333335
2024-02-12,10115,Berlin,1500.0,Non-Bonus,30,EUR,46.495000000000005
2024-02-12,81539,München,1500.0,Non-Bonus,24,EUR,45.5375
2024-02-12,10115,Berlin,2500.0,Non-Bonus,17,EUR,68.99666666666667
2024-02-12,10115,Berlin,3000.0,Non-Bonus,39,EUR,84.41250000000001
2024-02-12,81539,München,3000.0,Non-Bonus,13,EUR,78.69333333333334
2024-02-12,10115,Berlin,2000.0,Non-Bonus,21,EUR,57.6175
2024-02-12,10115,Berlin,2000.0,Non-Bonus,29,EUR,58.7575
2024-02-12,10115,Berlin,2000.0,Non-Bonus,32,EUR,59.19
2024-02-12,81539,München,2000.0,Non-Bonus,6,EUR,53.9
2024-02-12,81539,München,2000.0,Non-Bonus,23,EUR,56.9975
2024-02-12,10115,Berlin,1500.0,Non-Bonus,24,EUR,46.012499999999996
2024-02-12,81539,München,1500.0,Non-Bonus,45,EUR,48.056666666666665
2024-02-12,81539,München,2500.0,Non-Bonus,43,EUR,71.89416666666666
2024-02-12,10115,Berlin,3000.0,Non-Bonus,29,EUR,82.30583333333333
2024-02-12,10115,Berlin,3000.0,Non-Bonus,42,EUR,85.11749999999999
2024-02-12,81539,München,3000.0,Non-Bonus,4,EUR,73.6075
2024-02-12,81539,München,3000.0,Non-Bonus,19,EUR,79.8975
2024-02-12,81539,München,3000.0,Non-Bonus,43,EUR,84.44416666666667
2024-02-12,10115,Berlin,2000.0,Non-Bonus,46,EUR,60.759166666666665
2024-02-12,81539,München,2000.0,Non-Bonus,11,EUR,55.57
2024-02-12,81539,München,2000.0,Non-Bonus,13,EUR,55.97666666666667
2024-02-12,81539,München,2000.0,Non-Bonus,39,EUR,58.80583333333333
2024-02-12,10115,Berlin,1000.0,Bonus,8,EUR,28.676666666666666
2024-02-12,10115,Berlin,1000.0,Bonus,47,EUR,33.9075
2024-02-12,10115,Berlin,2500.0,Non-Bonus,18,EUR,69.045
2024-02-12,10115,Berlin,2500.0,Non-Bonus,46,EUR,73.5175
2024-02-12,81539,München,2500.0,Non-Bonus,9,EUR,67.02
2024-02-12,81539,München,2500.0,Non-Bonus,11,EUR,67.23
2024-02-12,10115,Berlin,3000.0,Non-Bonus,7,EUR,77.095
2024-02-12,10115,Berlin,3000.0,Non-Bonus,23,EUR,81.72500000000001
2024-02-12,10115,Berlin,3000.0,Non-Bonus,24,EUR,81.97833333333334
2024-02-12,81539,München,3000.0,Non-Bonus,25,EUR,80.37416666666667
2024-02-12,81539,München,3000.0,Non-Bonus,37,EUR,82.605
2024-02-12,81539,München,3000.0,Non-Bonus,42,EUR,83.9825
2024-02-12,10115,Berlin,2000.0,Non-Bonus,7,EUR,55.63333333333333
2024-02-12,10115,Berlin,2000.0,Non-Bonus,23,EUR,57.99
2024-02-12,10115,Berlin,1000.0,Bonus,28,EUR,31.501666666666665
2024-02-12,10115,Berlin,1500.0,Non-Bonus,1,EUR,38.083333333333336
2024-02-12,10115,Berlin,1500.0,Non-Bonus,14,EUR,45.185
2024-02-12,10115,Berlin,1500.0,Non-Bonus,22,EUR,45.915
2024-02-12,81539,München,1500.0,Non-Bonus,6,EUR,43.137499999999996
2024-02-12,81539,München,1500.0,Non-Bonus,32,EUR,46.0975
2024-02-12,81539,München,1500.0,Non-Bonus,40,EUR,46.91166666666667
2024-02-12,10115,Berlin,2500.0,Non-Bonus,40,EUR,71.90833333333333
2024-02-12,10115,Berlin,2500.0,Non-Bonus,42,EUR,72.44166666666666
2024-02-12,81539,München,3000.0,Non-Bonus,50,EUR,85.87916666666666
2024-02-12,10115,Berlin,2000.0,Non-Bonus,13,EUR,56.785
2024-02-12,81539,München,2000.0,Non-Bonus,14,EUR,56.0925
2024-02-12,81539,München,2000.0,Non-Bonus,16,EUR,56.40416666666667
2024-02-12,10115,Berlin,1500.0,Non-Bonus,42,EUR,47.39166666666667
2024-02-12,81539,München,1500.0,Non-Bonus,5,EUR,43.02583333333333
2024-02-12,81539,München,1500.0,Non-Bonus,7,EUR,43.3675
2024-02-12,81539,München,1500.0,Non-Bonus,14,EUR,44.732499999999995
2024-02-12,10115,Berlin,2500.0,Non-Bonus,1,EUR,56.80583333333333
2024-02-12,10115,Berlin,2500.0,Non-Bonus,29,EUR,70.175
2024-02-12,10115,Berlin,2500.0,Non-Bonus,30,EUR,70.45833333333333
2024-02-12,10115,Berlin,3000.0,Non-Bonus,11,EUR,80.10916666666667
2024-02-12,10115,Berlin,2000.0,Non-Bonus,24,EUR,58.044999999999995
2024-02-12,10115,Berlin,2000.0,Non-Bonus,30,EUR,58.81916666666667
2024-02-12,10115,Berlin,2000.0,Non-Bonus,33,EUR,59.23333333333333
2024-02-12,81539,München,2000.0,Non-Bonus,25,EUR,57.129999999999995
2024-02-12,81539,München,2000.0,Non-Bonus,30,EUR,57.93666666666667
2024-02-12,10115,Berlin,1000.0,Bonus,2,EUR,25.833333333333332
2024-02-12,10115,Berlin,1000.0,Bonus,44,EUR,33.39333333333334
2024-02-12,10115,Berlin,1000.0,Bonus,46,EUR,33.833333333333336
2024-02-12,10115,Berlin,1000.0,Bonus,49,EUR,34.065
2024-02-12,81539,München,1000.0,Bonus,20,EUR,30.264166666666668
2024-02-12,10115,Berlin,1500.0,Non-Bonus,35,EUR,46.75
2024-02-12,10115,Berlin,1500.0,Non-Bonus,45,EUR,47.98166666666666
2024-02-12,81539,München,1500.0,Non-Bonus,30,EUR,46.0325
2024-02-12,81539,München,1500.0,Non-Bonus,50,EUR,48.865833333333335
2024-02-12,81539,München,2500.0,Non-Bonus,12,EUR,67.465
2024-02-12,81539,München,2500.0,Non-Bonus,30,EUR,69.25
2024-02-12,81539,München,2500.0,Non-Bonus,46,EUR,72.88083333333334
2024-02-12,10115,Berlin,3000.0,Non-Bonus,19,EUR,81.465
2024-02-12,10115,Berlin,3000.0,Non-Bonus,21,EUR,81.52
2024-02-12,10115,Berlin,2000.0,Non-Bonus,16,EUR,57.22416666666667
2024-02-12,10115,Berlin,2000.0,Non-Bonus,22,EUR,57.64833333333333
2024-02-12,10115,Berlin,2000.0,Non-Bonus,37,EUR,59.365833333333335
2024-02-12,81539,München,2000.0,Non-Bonus,27,EUR,57.225
2024-02-12,10115,Berlin,1000.0,Bonus,9,EUR,28.721666666666668
2024-02-12,10115,Berlin,1000.0,Bonus,14,EUR,28.828333333333333
2024-02-12,81539,München,1000.0,Bonus,49,EUR,33.8225
2024-02-12,81539,München,1500.0,Non-Bonus,21,EUR,45.285
2024-02-12,10115,Berlin,2500.0,Non-Bonus,23,EUR,69.9025
2024-02-12,10115,Berlin,2500.0,Non-Bonus,34,EUR,70.87333333333333
2024-02-12,81539,München,2500.0,Non-Bonus,28,EUR,68.99833333333333
2024-02-12,81539,München,2500.0,Non-Bonus,33,EUR,69.56583333333333
2024-02-12,10115,Berlin,3000.0,Non-Bonus,5,EUR,75.63333333333334
2024-02-12,10115,Berlin,3000.0,Non-Bonus,49,EUR,87.14666666666666
2024-02-12,81539,München,3000.0,Non-Bonus,17,EUR,79.545
2024-02-12,10115,Berlin,2000.0,Non-Bonus,44,EUR,60.163333333333334
2024-02-12,10115,Berlin,1000.0,Bonus,6,EUR,28.625
2024-02-12,10115,Berlin,1000.0,Bonus,30,EUR,31.691666666666666
2024-02-12,10115,Berlin,1000.0,Bonus,39,EUR,33.05916666666666
2024-02-12,81539,München,1000.0,Bonus,11,EUR,29.035833333333333
2024-02-12,81539,München,1000.0,Bonus,36,EUR,32.8225
2024-02-12,10115,Berlin,1500.0,Non-Bonus,10,EUR,44.92916666666667
2024-02-12,81539,München,1500.0,Non-Bonus,35,EUR,46.275
2024-02-12,10115,Berlin,2500.0,Non-Bonus,4,EUR,64.42416666666666
2024-02-12,10115,Berlin,3000.0,Non-Bonus,38,EUR,84.315
2024-02-12,10115,Berlin,2000.0,Non-Bonus,45,EUR,60.67166666666666
2024-02-12,81539,München,2000.0,Non-Bonus,9,EUR,55.01583333333334
2024-02-12,81539,München,2000.0,Non-Bonus,10,EUR,55.13666666666666
2024-02-12,81539,München,2000.0,Non-Bonus,28,EUR,57.53333333333333
2024-02-12,81539,München,2000.0,Non-Bonus,31,EUR,57.998333333333335
2024-02-12,81539,München,2000.0,Non-Bonus,46,EUR,60.16
2024-02-12,10115,Berlin,1000.0,Bonus,40,EUR,33.21583333333333
2024-02-12,81539,München,1000.0,Bonus,44,EUR,33.454166666666666
2024-02-12,81539,München,1000.0,Bonus,46,EUR,33.541666666666664
2024-02-12,10115,Berlin,1500.0,Non-Bonus,19,EUR,45.5875
2024-02-12,81539,München,2500.0,Non-Bonus,2,EUR,55.85583333333333
2024-02-12,81539,München,2500.0,Non-Bonus,3,EUR,57.541666666666664
2024-02-12,81539,München,2500.0,Non-Bonus,36,EUR,70.0025
2024-02-12,81539,München,2500.0,Non-Bonus,41,EUR,71.26416666666667
2024-02-12,81539,München,2500.0,Non-Bonus,45,EUR,72.35166666666667
2024-02-12,10115,Berlin,3000.0,Non-Bonus,16,EUR,80.83583333333333
2024-02-12,10115,Berlin,3000.0,Non-Bonus,45,EUR,86.28500000000001
2024-02-12,81539,München,3000.0,Non-Bonus,14,EUR,79.135
2024-02-12,81539,München,3000.0,Non-Bonus,16,EUR,79.30166666666666
2024-02-12,81539,München,3000.0,Non-Bonus,38,EUR,82.77499999999999
2024-02-12,10115,Berlin,2000.0,Non-Bonus,9,EUR,55.80833333333334
2024-02-12,10115,Berlin,2000.0,Non-Bonus,28,EUR,58.61666666666667
2024-02-12,81539,München,2000.0,Non-Bonus,40,EUR,58.961666666666666
2024-02-12,10115,Berlin,1000.0,Bonus,29,EUR,31.588333333333335
2024-02-12,10115,Berlin,1000.0,Bonus,43,EUR,33.391666666666666
2024-02-12,81539,München,1000.0,Bonus,23,EUR,30.833333333333332
2024-02-12,10115,Berlin,1500.0,Non-Bonus,23,EUR,46.0025
2024-02-12,10115,Berlin,1500.0,Non-Bonus,33,EUR,46.6275
2024-02-12,10115,Berlin,2500.0,Non-Bonus,24,EUR,69.9275
2024-02-12,10115,Berlin,2500.0,Non-Bonus,31,EUR,70.71083333333333
2024-02-12,10115,Berlin,2500.0,Non-Bonus,47,EUR,74.0575
2024-02-12,81539,München,2500.0,Non-Bonus,4,EUR,63.37083333333334
2024-02-12,81539,München,2500.0,Non-Bonus,25,EUR,68.75
2024-02-12,81539,München,2500.0,Non-Bonus,50,EUR,73.83749999999999
2024-02-12,10115,Berlin,3000.0,Non-Bonus,33,EUR,83.065
2024-02-12,10115,Berlin,3000.0,Non-Bonus,37,EUR,84.05166666666666
2024-02-12,81539,München,3000.0,Non-Bonus,23,EUR,80.13333333333334
2024-02-12,81539,München,3000.0,Non-Bonus,33,EUR,81.52499999999999
2024-02-12,81539,München,3000.0,Non-Bonus,47,EUR,85.4575
2024-02-12,10115,Berlin,2000.0,Non-Bonus,12,EUR,56.77666666666667
2024-02-12,81539,München,2000.0,Non-Bonus,18,EUR,56.52916666666667
2024-02-12,81539,München,2000.0,Non-Bonus,21,EUR,56.800000000000004
2024-02-12,81539,München,1000.0,Bonus,15,EUR,29.5125
2024-02-12,10115,Berlin,1500.0,Non-Bonus,6,EUR,43.8325
2024-02-12,10115,Berlin,1500.0,Non-Bonus,36,EUR,46.906666666666666
2024-02-12,81539,München,1500.0,Non-Bonus,37,EUR,46.596666666666664
2024-02-12,10115,Berlin,2500.0,Non-Bonus,48,EUR,74.55
2024-02-12,81539,München,2500.0,Non-Bonus,8,EUR,66.3925
2024-02-12,81539,München,2500.0,Non-Bonus,13,EUR,67.47833333333334
2024-02-12,10115,Berlin,3000.0,Non-Bonus,26,EUR,82.09166666666667
2024-02-12,10115,Berlin,3000.0,Non-Bonus,31,EUR,82.36
2024-02-12,10115,Berlin,3000.0,Non-Bonus,48,EUR,86.97500000000001
2024-02-12,10115,Berlin,2000.0,Non-Bonus,4,EUR,53.45416666666667
2024-02-12,10115,Berlin,2000.0,Non-Bonus,38,EUR,59.40083333333333
2024-02-12,81539,München,2000.0,Non-Bonus,35,EUR,58.48416666666666
2024-02-12,81539,München,2000.0,Non-Bonus,44,EUR,59.343333333333334
2024-02-12,81539,München,1000.0,Bonus,19,EUR,29.903333333333332
2024-02-12,81539,München,1000.0,Bonus,27,EUR,31.27416666666667
2024-02-12,81539,München,1000.0,Bonus,34,EUR,32.7275
2024-02-12,10115,Berlin,1500.0,Non-Bonus,38,EUR,47.064166666666665
2024-02-12,10115,Berlin,1500.0,Non-Bonus,46,EUR,48.53583333333333
2024-02-12,10115,Berlin,2500.0,Non-Bonus,13,EUR,68.5675
2024-02-12,10115,Berlin,2500.0,Non-Bonus,36,EUR,71.17999999999999
2024-02-12,10115,Berlin,2500.0,Non-Bonus,45,EUR,73.33583333333333
2024-02-12,81539,München,2500.0,Non-Bonus,1,EUR,54.064166666666665
2024-02-12,81539,München,2500.0,Non-Bonus,10,EUR,67.13583333333334
2024-02-12,10115,Berlin,3000.0,Non-Bonus,8,EUR,79.37666666666667
2024-02-12,10115,Berlin,3000.0,Non-Bonus,30,EUR,82.30583333333333
2024-02-12,81539,München,3000.0,Non-Bonus,35,EUR,82.25916666666667
2024-02-12,81539,München,2000.0,Non-Bonus,4,EUR,52.685
2024-02-12,81539,München,2000.0,Non-Bonus,33,EUR,58.36666666666667
2024-02-12,81539,München,1000.0,Bonus,4,EUR,28.389166666666668
2024-02-12,81539,München,1000.0,Bonus,25,EUR,31.069999999999997
2024-02-12,10115,Berlin,1500.0,Non-Bonus,12,EUR,44.95083333333333
2024-02-12,81539,München,1500.0,Non-Bonus,41,EUR,46.91166666666667
2024-02-12,10115,Berlin,2500.0,Non-Bonus,2,EUR,56.93333333333334
2024-02-12,10115,Berlin,2500.0,Non-Bonus,11,EUR,68.34166666666667
2024-02-12,10115,Berlin,2500.0,Non-Bonus,22,EUR,69.815
2024-02-12,10115,Berlin,2500.0,Non-Bonus,27,EUR,70.14166666666667
2024-02-12,10115,Berlin,2500.0,Non-Bonus,38,EUR,71.57083333333334
2024-02-12,81539,München,3000.0,Non-Bonus,36,EUR,82.51
2024-02-12,81539,München,3000.0,Non-Bonus,40,EUR,83.04083333333334
2024-02-12,10115,Berlin,2000.0,Non-Bonus,34,EUR,59.245000000000005
2024-02-12,81539,München,2000.0,Non-Bonus,5,EUR,52.705000000000005
2024-02-12,81539,München,2000.0,Non-Bonus,45,EUR,59.946666666666665
2024-02-12,10115,Berlin,1000.0,Bonus,36,EUR,32.928333333333335
2024-02-12,10115,Berlin,1000.0,Bonus,48,EUR,34.04833333333333
2024-02-12,81539,München,1000.0,Bonus,5,EUR,28.772499999999997
2024-02-12,81539,München,1000.0,Bonus,6,EUR,28.858333333333334
2024-02-12,81539,München,1000.0,Bonus,9,EUR,28.992500000000003
2024-02-12,81539,München,1000.0,Bonus,47,EUR,33.7275
2024-02-12,81539,München,1500.0,Non-Bonus,4,EUR,43.012499999999996
2024-02-12,10115,Berlin,2500.0,Non-Bonus,12,EUR,68.44500000000001
2024-02-12,81539,München,2500.0,Non-Bonus,24,EUR,68.72583333333334
2024-02-12,81539,München,2500.0,Non-Bonus,38,EUR,70.40833333333333
2024-02-12,81539,München,2500.0,Non-Bonus,49,EUR,73.64166666666667
2024-02-12,10115,Berlin,3000.0,Non-Bonus,1,EUR,65.26666666666667
2024-02-12,10115,Berlin,3000.0,Non-Bonus,3,EUR,67.065
2024-02-12,10115,Berlin,3000.0,Non-Bonus,50,EUR,87.15833333333335
2024-02-12,81539,München,3000.0,Non-Bonus,2,EUR,64.79583333333333
2024-02-12,81539,München,3000.0,Non-Bonus,21,EUR,80.0
2024-02-12,81539,München,2000.0,Non-Bonus,26,EUR,57.225
2024-02-12,10115,Berlin,1000.0,Bonus,32,EUR,32.55833333333333
2024-02-12,81539,München,1000.0,Bonus,50,EUR,33.958333333333336
2024-02-12,10115,Berlin,1500.0,Non-Bonus,27,EUR,46.29083333333333
2024-02-12,81539,München,1500.0,Non-Bonus,8,EUR,43.49166666666667
2024-02-12,81539,München,1500.0,Non-Bonus,36,EUR,46.48333333333333
2024-02-12,81539,München,1500.0,Non-Bonus,48,EUR,48.58583333333333
2024-02-12,10115,Berlin,2500.0,Non-Bonus,10,EUR,68.27666666666667
2024-02-12,10115,Berlin,2500.0,Non-Bonus,44,EUR,73.07083333333334
2024-02-12,81539,München,2500.0,Non-Bonus,22,EUR,68.63833333333334
2024-02-12,81539,München,2500.0,Non-Bonus,47,EUR,73.36583333333333
2024-02-12,10115,Berlin,3000.0,Non-Bonus,2,EUR,66.16666666666667
2024-02-12,81539,München,3000.0,Non-Bonus,7,EUR,75.55499999999999
2024-02-12,81539,München,3000.0,Non-Bonus,10,EUR,78.5
2024-02-12,81539,München,3000.0,Non-Bonus,15,EUR,79.25416666666666
2024-02-12,81539,München,2000.0,Non-Bonus,20,EUR,56.79750000000001
2024-02-12,10115,Berlin,1000.0,Bonus,16,EUR,29.618333333333336
2024-02-12,10115,Berlin,1000.0,Bonus,37,EUR,32.958333333333336
2024-02-12,81539,München,1000.0,Bonus,10,EUR,29.025000000000002
2024-02-12,81539,München,1000.0,Bonus,14,EUR,29.069999999999997
2024-02-12,81539,München,1000.0,Bonus,24,EUR,31.028333333333332
2024-02-12,81539,München,1000.0,Bonus,28,EUR,31.334999999999997
2024-02-12,81539,München,1000.0,Bonus,31,EUR,32.1175
2024-02-12,81539,München,1000.0,Bonus,43,EUR,33.1675
2024-02-12,10115,Berlin,1500.0,Non-Bonus,37,EUR,46.961666666666666
2024-02-12,81539,München,1500.0,Non-Bonus,26,EUR,45.66166666666667
2024-02-12,81539,München,1500.0,Non-Bonus,34,EUR,46.1625
2024-02-12,81539,München,2500.0,Non-Bonus,48,EUR,73.39916666666666
2024-02-12,10115,Berlin,3000.0,Non-Bonus,27,EUR,82.09166666666667
2024-02-12,81539,München,3000.0,Non-Bonus,12,EUR,78.68916666666667
2024-02-12,81539,München,3000.0,Non-Bonus,31,EUR,80.845
2024-02-12,81539,München,3000.0,Non-Bonus,46,EUR,85.27499999999999
2024-02-12,10115,Berlin,2000.0,Non-Bonus,25,EUR,58.044999999999995
2024-02-12,10115,Berlin,2000.0,Non-Bonus,26,EUR,58.09583333333333
2024-02-12,10115,Berlin,2000.0,Non-Bonus,31,EUR,59.1225
2024-02-12,81539,München,2000.0,Non-Bonus,43,EUR,59.1225
2024-02-12,81539,München,2000.0,Non-Bonus,50,EUR,61.20249999999999
2024-02-12,10115,Berlin,1000.0,Bonus,27,EUR,31.383333333333336
2024-02-12,10115,Berlin,1000.0,Bonus,45,EUR,33.64833333333333
2024-02-12,81539,München,1000.0,Bonus,22,EUR,30.758333333333336
2024-02-12,81539,München,1000.0,Bonus,37,EUR,32.84916666666667
2024-02-12,10115,Berlin,1500.0,Non-Bonus,32,EUR,46.57583333333333
2024-02-12,10115,Berlin,1500.0,Non-Bonus,43,EUR,47.39166666666667
2024-02-12,10115,Berlin,1500.0,Non-Bonus,48,EUR,48.88333333333333
2024-02-12,10115,Berlin,2500.0,Non-Bonus,16,EUR,68.87416666666667
2024-02-12,10115,Berlin,2500.0,Non-Bonus,19,EUR,69.20833333333333
2024-02-12,10115,Berlin,2500.0,Non-Bonus,21,EUR,69.37166666666667
2024-02-12,10115,Berlin,2500.0,Non-Bonus,43,EUR,72.64
2024-02-12,81539,München,2500.0,Non-Bonus,7,EUR,64.82583333333334
2024-02-12,81539,München,2500.0,Non-Bonus,18,EUR,68.0
2024-02-12,10115,Berlin,3000.0,Non-Bonus,10,EUR,79.87916666666666
2024-02-12,81539,München,3000.0,Non-Bonus,5,EUR,74.25750000000001
2024-02-12,81539,München,3000.0,Non-Bonus,30,EUR,80.77166666666666
2024-02-12,10115,Berlin,2000.0,Non-Bonus,1,EUR,47.44416666666667
2024-02-12,10115,Berlin,2000.0,Non-Bonus,2,EUR,48.6
2024-02-12,10115,Berlin,2000.0,Non-Bonus,20,EUR,57.61666666666667
2024-02-12,10115,Berlin,2000.0,Non-Bonus,43,EUR,59.89666666666667
2024-02-12,10115,Berlin,2000.0,Non-Bonus,49,EUR,61.715
2024-02-12,81539,München,2000.0,Non-Bonus,3,EUR,49.208333333333336
2024-02-12,81539,München,2000.0,Non-Bonus,47,EUR,60.767500000000005
2024-02-12,81539,München,1000.0,Bonus,7,EUR,28.889166666666668
2024-02-12,81539,München,1000.0,Bonus,17,EUR,29.721666666666668
2024-02-12,81539,München,1000.0,Bonus,35,EUR,32.73583333333333
2024-02-12,10115,Berlin,1500.0,Non-Bonus,7,EUR,43.955000000000005
2024-02-12,10115,Berlin,1500.0,Non-Bonus,11,EUR,44.94166666666666
2024-02-12,10115,Berlin,1500.0,Non-Bonus,17,EUR,45.39333333333334
2024-02-12,10115,Berlin,1500.0,Non-Bonus,41,EUR,47.255833333333335
2024-02-12,81539,München,1500.0,Non-Bonus,9,EUR,43.5825
2024-02-12,81539,München,1500.0,Non-Bonus,23,EUR,45.45249999999999
2024-02-12,81539,München,2500.0,Non-Bonus,6,EUR,64.5625
2024-02-12,81539,München,2500.0,Non-Bonus,14,EUR,67.5575
2024-02-12,81539,München,2500.0,Non-Bonus,19,EUR,68.05333333333333
2024-02-12,10115,Berlin,3000.0,Non-Bonus,9,EUR,79.76666666666667
2024-02-12,10115,Berlin,3000.0,Non-Bonus,15,EUR,80.77583333333332
2024-02-12,10115,Berlin,3000.0,Non-Bonus,32,EUR,82.56083333333333
2024-02-12,10115,Berlin,3000.0,Non-Bonus,47,EUR,86.86166666666666
2024-02-12,81539,München,3000.0,Non-Bonus,34,EUR,82.06833333333334
2024-02-12,10115,Berlin,2000.0,Non-Bonus,18,EUR,57.34916666666667
2024-02-12,10115,Berlin,2000.0,Non-Bonus,19,EUR,57.57666666666666
2024-02-12,10115,Berlin,2000.0,Non-Bonus,27,EUR,58.35666666666666
2024-02-12,10115,Berlin,1000.0,Bonus,21,EUR,30.411666666666665
2024-02-12,81539,München,1000.0,Bonus,13,EUR,29.065833333333334
2024-02-12,10115,Berlin,1500.0,Non-Bonus,18,EUR,45.419999999999995
2024-02-12,81539,München,1500.0,Non-Bonus,15,EUR,44.75
2024-02-12,81539,München,1500.0,Non-Bonus,31,EUR,46.090833333333336
2024-02-12,81539,München,1500.0,Non-Bonus,49,EUR,48.65416666666667
2024-02-12,10115,Berlin,2500.0,Non-Bonus,3,EUR,58.19583333333333
2024-02-12,10115,Berlin,2500.0,Non-Bonus,37,EUR,71.55583333333333
2024-02-12,10115,Berlin,3000.0,Non-Bonus,14,EUR,80.6225
2024-02-12,10115,Berlin,3000.0,Non-Bonus,28,EUR,82.20666666666666
2024-02-12,81539,München,3000.0,Non-Bonus,18,EUR,79.7275
2024-02-12,81539,München,3000.0,Non-Bonus,49,EUR,85.7375
2024-02-12,81539,München,2000.0,Non-Bonus,2,EUR,46.91583333333333
2024-02-12,10115,Berlin,1000.0,Bonus,3,EUR,27.875833333333333
2024-02-12,10115,Berlin,1000.0,Bonus,24,EUR,31.169166666666666
2024-02-12,10115,Berlin,1000.0,Bonus,26,EUR,31.2375
2024-02-12,81539,München,1000.0,Bonus,18,EUR,29.784166666666668
2024-02-12,10115,Berlin,1500.0,Non-Bonus,4,EUR,43.47833333333333
2024-02-12,81539,München,1500.0,Non-Bonus,3,EUR,40.875
2024-02-12,81539,München,1500.0,Non-Bonus,25,EUR,45.5375
2024-02-12,81539,München,1500.0,Non-Bonus,27,EUR,45.80583333333333
2024-02-12,10115,Berlin,3000.0,Non-Bonus,36,EUR,83.80166666666666
2024-02-12,81539,München,3000.0,Non-Bonus,1,EUR,62.645
2024-02-12,81539,München,3000.0,Non-Bonus,26,EUR,80.44416666666667
2024-02-12,10115,Berlin,2000.0,Non-Bonus,36,EUR,59.31
2024-02-12,81539,München,2000.0,Non-Bonus,17,EUR,56.4625
2024-02-12,81539,München,2000.0,Non-Bonus,34,EUR,58.4075
2024-02-12,10115,Berlin,1000.0,Bonus,4,EUR,28.455833333333334
2024-02-12,10115,Berlin,1000.0,Bonus,34,EUR,32.83416666666667
2024-02-12,81539,München,1000.0,Bonus,12,EUR,29.040833333333335
2024-02-12,10115,Berlin,1500.0,Non-Bonus,20,EUR,45.79
2024-02-12,10115,Berlin,1500.0,Non-Bonus,25,EUR,46.11666666666667
2024-02-12,10115,Berlin,1500.0,Non-Bonus,40,EUR,47.15416666666667
2024-02-12,81539,München,1500.0,Non-Bonus,18,EUR,44.93
2024-02-12,81539,München,1500.0,Non-Bonus,20,EUR,45.14083333333334
2024-02-12,10115,Berlin,2500.0,Non-Bonus,33,EUR,70.75
2024-02-12,81539,München,2500.0,Non-Bonus,34,EUR,69.56583333333333
2024-02-12,10115,Berlin,3000.0,Non-Bonus,6,EUR,77.075
2024-02-12,10115,Berlin,3000.0,Non-Bonus,35,EUR,83.6025
2024-02-12,81539,München,3000.0,Non-Bonus,11,EUR,78.51
2024-02-12,81539,München,3000.0,Non-Bonus,48,EUR,85.61583333333334
2024-02-12,81539,München,2000.0,Non-Bonus,32,EUR,58.29666666666666
2024-02-12,10115,Berlin,1000.0,Bonus,10,EUR,28.73
2024-02-12,10115,Berlin,1000.0,Bonus,17,EUR,29.8175
2024-02-12,10115,Berlin,1000.0,Bonus,20,EUR,30.372500000000002
2024-02-12,10115,Berlin,1000.0,Bonus,33,EUR,32.625
2024-02-12,10115,Berlin,1500.0,Non-Bonus,29,EUR,46.33416666666667
2024-02-12,10115,Berlin,1500.0,Non-Bonus,39,EUR,47.142500000000005
2024-02-12,10115,Berlin,1500.0,Non-Bonus,44,EUR,47.84833333333333
2024-02-12,81539,München,1500.0,Non-Bonus,28,EUR,45.82749999999999
2024-02-12,10115,Berlin,2500.0,Non-Bonus,8,EUR,67.57000000000001
2024-02-12,81539,München,2500.0,Non-Bonus,32,EUR,69.52916666666667
2024-02-12,81539,München,2500.0,Non-Bonus,37,EUR,70.37166666666667
2024-02-12,10115,Berlin,3000.0,Non-Bonus,20,EUR,81.51666666666667
2024-02-12,10115,Berlin,3000.0,Non-Bonus,34,EUR,83.45083333333334
2024-02-12,81539,München,3000.0,Non-Bonus,8,EUR,77.84333333333333
2024-02-12,81539,München,3000.0,Non-Bonus,32,EUR,81.5
2024-02-12,81539,München,2000.0,Non-Bonus,42,EUR,59.10333333333333
2024-02-12,10115,Berlin,1000.0,Bonus,23,EUR,31.1375
2024-02-12,81539,München,1000.0,Bonus,8,EUR,28.933333333333334
2024-02-12,10115,Berlin,1500.0,Non-Bonus,28,EUR,46.30916666666667
2024-02-12,81539,München,1500.0,Non-Bonus,10,EUR,44.46333333333333
2024-02-12,81539,München,1500.0,Non-Bonus,13,EUR,44.61333333333334
2024-02-12,81539,München,1500.0,Non-Bonus,19,EUR,44.9575
2024-02-12,10115,Berlin,2500.0,Non-Bonus,15,EUR,68.72833333333334
2024-02-12,81539,München,2500.0,Non-Bonus,31,EUR,69.25
2024-02-12,81539,München,2500.0,Non-Bonus,39,EUR,70.57083333333334
2024-02-12,10115,Berlin,2000.0,Non-Bonus,40,EUR,59.458333333333336
2024-02-12,81539,München,2000.0,Non-Bonus,1,EUR,45.482499999999995
2024-02-12,10115,Berlin,1000.0,Bonus,18,EUR,29.828333333333333
2024-02-12,10115,Berlin,1000.0,Bonus,38,EUR,32.99
2024-02-12,10115,Berlin,1000.0,Bonus,41,EUR,33.222500000000004
2024-02-12,81539,München,1000.0,Bonus,29,EUR,31.35166666666667
2024-02-12,81539,München,1000.0,Bonus,48,EUR,33.81916666666667
2024-02-12,10115,Berlin,1500.0,Non-Bonus,9,EUR,44.044999999999995
2024-02-12,10115,Berlin,1500.0,Non-Bonus,31,EUR,46.55833333333334
2024-02-12,10115,Berlin,1500.0,Non-Bonus,34,EUR,46.6875
2024-02-12,10115,Berlin,1500.0,Non-Bonus,49,EUR,48.92083333333333
2024-02-12,81539,München,1500.0,Non-Bonus,29,EUR,45.87166666666667
2024-02-12,81539,München,1500.0,Non-Bonus,42,EUR,46.93083333333333
2024-02-12,81539,München,1500.0,Non-Bonus,43,EUR,47.38666666666666
2024-02-12,10115,Berlin,2500.0,Non-Bonus,25,EUR,69.96833333333333
2024-02-12,10115,Berlin,2500.0,Non-Bonus,28,EUR,70.175
2024-02-12,81539,München,2500.0,Non-Bonus,26,EUR,68.755
2024-02-12,81539,München,2500.0,Non-Bonus,29,EUR,68.99833333333333
2024-02-12,10115,Berlin,3000.0,Non-Bonus,22,EUR,81.6975
2024-02-12,81539,München,3000.0,Non-Bonus,27,EUR,80.47833333333334
2024-02-12,10115,Berlin,2000.0,Non-Bonus,35,EUR,59.24583333333334
2024-02-12,10115,Berlin,2000.0,Non-Bonus,48,EUR,61.5875
2024-02-12,81539,München,2000.0,Non-Bonus,15,EUR,56.182500000000005
2024-02-12,81539,München,2000.0,Non-Bonus,22,EUR,56.82833333333334
2024-02-12,10115,Berlin,1000.0,Bonus,5,EUR,28.47
2024-02-12,81539,München,1000.0,Bonus,3,EUR,28.319166666666664
2024-02-12,81539,München,1000.0,Bonus,16,EUR,29.71166666666667
2024-02-12,81539,München,1500.0,Non-Bonus,16,EUR,44.78666666666667
2024-02-12,10115,Berlin,2500.0,Non-Bonus,32,EUR,70.75
2024-02-12,10115,Berlin,2500.0,Non-Bonus,50,EUR,74.835
2024-02-12,10115,Berlin,3000.0,Non-Bonus,25,EUR,82.0125
2024-02-12,81539,München,3000.0,Non-Bonus,22,EUR,80.12416666666667
2024-02-12,10115,Berlin,2000.0,Non-Bonus,17,EUR,57.267500000000005
2024-02-12,10115,Berlin,2000.0,Non-Bonus,41,EUR,59.81
2024-02-12,81539,München,2000.0,Non-Bonus,7,EUR,54.096666666666664
2024-02-12,81539,München,2000.0,Non-Bonus,37,EUR,58.649166666666666
2024-02-12,81539,München,1000.0,Bonus,40,EUR,33.11666666666667
2024-02-12,10115,Berlin,1500.0,Non-Bonus,8,EUR,44.0375
2024-02-12,81539,München,1500.0,Non-Bonus,2,EUR,37.975833333333334
2024-02-12,81539,München,1500.0,Non-Bonus,33,EUR,46.142500000000005
2024-02-12,10115,Berlin,2500.0,Non-Bonus,5,EUR,64.44416666666667
2024-02-12,10115,Berlin,2500.0,Non-Bonus,9,EUR,68.14166666666667
2024-02-12,81539,München,2500.0,Non-Bonus,16,EUR,67.69666666666667
2024-02-12,81539,München,2500.0,Non-Bonus,44,EUR,72.11833333333333
2024-02-12,81539,München,3000.0,Non-Bonus,6,EUR,75.375
2024-02-12,81539,München,3000.0,Non-Bonus,28,EUR,80.6725
2024-02-12,81539,München,2000.0,Non-Bonus,8,EUR,54.942499999999995
2024-02-12,10115,Berlin,1000.0,Bonus,22,EUR,30.866666666666664
2024-02-12,10115,Berlin,1500.0,Non-Bonus,2,EUR,40.266666666666666
2024-02-12,81539,München,1500.0,Non-Bonus,17,EUR,44.906666666666666
