report_date,postcode,location_name,annual_consumption_in_kWh,market,ranking,currency,gross_price_per_month
2024-01-08,10115,Berlin,2000.0,Non-Bonus,3,EUR,51.70666666666667
2024-01-08,10115,Berlin,2000.0,Non-Bonus,6,EUR,58.85666666666666
2024-01-08,10115,Berlin,2000.0,Non-Bonus,35,EUR,63.76499999999999
2024-01-08,10115,Berlin,2000.0,Non-Bonus,37,EUR,63.88333333333333
2024-01-08,10115,Berlin,2000.0,Non-Bonus,41,EUR,64.26
2024-01-08,10115,Berlin,2000.0,Non-Bonus,7,EUR,59.501666666666665
2024-01-08,10115,Berlin,2000.0,Non-Bonus,12,EUR,60.080000000000005
2024-01-08,10115,Berlin,2000.0,Non-Bonus,23,EUR,62.028333333333336
2024-01-08,10115,Berlin,2000.0,Non-Bonus,11,EUR,60.041666666666664
2024-01-08,10115,Berlin,2000.0,Non-Bonus,27,EUR,63.26833333333334
2024-01-08,10115,Berlin,2000.0,Non-Bonus,18,EUR,61.12916666666666
2024-01-08,10115,Berlin,2000.0,Non-Bonus,25,EUR,62.53666666666667
2024-01-08,10115,Berlin,2000.0,Non-Bonus,15,EUR,60.47416666666667
2024-01-08,10115,Berlin,2000.0,Non-Bonus,42,EUR,64.36
2024-01-08,10115,Berlin,2000.0,Non-Bonus,45,EUR,64.60000000000001
2024-01-08,10115,Berlin,2000.0,Non-Bonus,10,EUR,59.54833333333334
2024-01-08,10115,Berlin,2000.0,Non-Bonus,17,EUR,60.93666666666667
2024-01-08,10115,Berlin,2000.0,Non-Bonus,30,EUR,63.550000000000004
2024-01-08,10115,Berlin,2000.0,Non-Bonus,2,EUR,48.43833333333333
2024-01-08,10115,Berlin,2000.0,Non-Bonus,40,EUR,64.18333333333334
2024-01-08,10115,Berlin,2000.0,Non-Bonus,5,EUR,57.715
2024-01-08,10115,Berlin,2000.0,Non-Bonus,13,EUR,60.306666666666665
2024-01-08,10115,Berlin,2000.0,Non-Bonus,14,EUR,60.317499999999995
2024-01-08,10115,Berlin,2000.0,Non-Bonus,46,EUR,65.02
2024-01-08,10115,Berlin,2000.0,Non-Bonus,8,EUR,59.501666666666665
2024-01-08,10115,Berlin,2000.0,Non-Bonus,22,EUR,62.00833333333333
2024-01-08,10115,Berlin,2000.0,Non-Bonus,48,EUR,65.28416666666666
2024-01-08,10115,Berlin,2000.0,Non-Bonus,9,EUR,59.50666666666667
2024-01-08,10115,Berlin,2000.0,Non-Bonus,32,EUR,63.64333333333334
2024-01-08,10115,Berlin,2000.0,Non-Bonus,39,EUR,64.15166666666667
2024-01-08,10115,Berlin,2000.0,Non-Bonus,49,EUR,65.385
2024-01-08,10115,Berlin,2000.0,Non-Bonus,4,EUR,56.807500000000005
2024-01-08,10115,Berlin,2000.0,Non-Bonus,20,EUR,61.13999999999999
2024-01-08,10115,Berlin,2000.0,Non-Bonus,24,EUR,62.11000000000001
2024-01-08,10115,Berlin,2000.0,Non-Bonus,31,EUR,63.59
2024-01-08,10115,Berlin,2000.0,Non-Bonus,38,EUR,64.09416666666667
2024-01-08,10115,Berlin,2000.0,Non-Bonus,21,EUR,61.208333333333336
2024-01-08,10115,Berlin,2000.0,Non-Bonus,26,EUR,63.07666666666666
2024-01-08,10115,Berlin,2000.0,Non-Bonus,44,EUR,64.38916666666667
2024-01-08,10115,Berlin,2000.0,Non-Bonus,47,EUR,65.18333333333334
2024-01-08,10115,Berlin,2000.0,Non-Bonus,19,EUR,61.13333333333333
2024-01-08,10115,Berlin,2000.0,Non-Bonus,28,EUR,63.34583333333333
2024-01-08,10115,Berlin,2000.0,Non-Bonus,1,EUR,48.336666666666666
2024-01-08,10115,Berlin,2000.0,Non-Bonus,16,EUR,60.65
2024-01-08,10115,Berlin,2000.0,Non-Bonus,33,EUR,63.645833333333336
2024-01-08,10115,Berlin,2000.0,Non-Bonus,29,EUR,63.3725
2024-01-08,10115,Berlin,2000.0,Non-Bonus,34,EUR,63.725
2024-01-08,10115,Berlin,2000.0,Non-Bonus,43,EUR,64.385
2024-01-08,10115,Berlin,2000.0,Non-Bonus,36,EUR,63.76916666666667
2024-01-08,10115,Berlin,2000.0,Non-Bonus,50,EUR,65.39166666666667
2024-01-08,10115,Berlin,2000.0,Non-Bonus,3,EUR,51.70666666666667
2024-01-08,10115,Berlin,2000.0,Non-Bonus,6,EUR,58.85666666666666
2024-01-08,10115,Berlin,2000.0,Non-Bonus,35,EUR,63.76499999999999
2024-01-08,10115,Berlin,2000.0,Non-Bonus,37,EUR,63.88333333333333
2024-01-08,10115,Berlin,2000.0,Non-Bonus,41,EUR,64.26
2024-01-08,81539,München,2000.0,Non-Bonus,6,EUR,56.10333333333333
2024-01-08,81539,München,2000.0,Non-Bonus,19,EUR,59.557500000000005
2024-01-08,10115,Berlin,1000.0,Bonus,9,EUR,29.958333333333332
2024-01-08,10115,Berlin,5000.0,Non-Bonus,27,EUR,142.5925
2024-01-08,81539,München,5000.0,Non-Bonus,5,EUR,125.64416666666666
2024-01-08,81539,München,4500.0,Non-Bonus,32,EUR,125.92750000000001
2024-01-08,81539,München,4500.0,Non-Bonus,40,EUR,127.9225
2024-01-08,10115,Berlin,1500.0,Non-Bonus,33,EUR,50.3375
2024-01-08,81539,München,1500.0,Non-Bonus,45,EUR,51.12583333333333
2024-01-08,10115,Berlin,1000.0,Non-Bonus,30,EUR,37.13333333333333
2024-01-08,81539,München,1000.0,Non-Bonus,34,EUR,37.39416666666667
2024-01-08,81539,München,1000.0,Non-Bonus,38,EUR,37.685
2024-01-08,81539,München,2000.0,Non-Bonus,2,EUR,47.862500000000004
2024-01-08,81539,München,2000.0,Non-Bonus,25,EUR,60.32833333333334
2024-01-08,10115,Berlin,1000.0,Bonus,50,EUR,36.94916666666666
2024-01-08,81539,München,1000.0,Bonus,27,EUR,33.8275
2024-01-08,81539,München,1000.0,Bonus,49,EUR,36.594166666666666
2024-01-08,10115,Berlin,5000.0,Non-Bonus,33,EUR,143.7475
2024-01-08,81539,München,5000.0,Non-Bonus,9,EUR,130.69916666666668
2024-01-08,81539,München,5000.0,Non-Bonus,36,EUR,139.78666666666666
2024-01-08,10115,Berlin,4500.0,Non-Bonus,26,EUR,129.01416666666668
2024-01-08,10115,Berlin,4500.0,Non-Bonus,44,EUR,132.30666666666667
2024-01-08,81539,München,4500.0,Non-Bonus,18,EUR,121.78500000000001
2024-01-08,81539,München,1500.0,Non-Bonus,15,EUR,46.95083333333333
2024-01-08,81539,München,1500.0,Non-Bonus,18,EUR,47.09916666666667
2024-01-08,81539,München,1500.0,Non-Bonus,48,EUR,51.29083333333333
2024-01-08,10115,Berlin,1000.0,Non-Bonus,9,EUR,34.65083333333333
2024-01-08,10115,Berlin,1000.0,Non-Bonus,10,EUR,34.73166666666666
2024-01-08,81539,München,1000.0,Non-Bonus,40,EUR,37.858333333333334
2024-01-08,10115,Berlin,2000.0,Non-Bonus,7,EUR,59.501666666666665
2024-01-08,10115,Berlin,2000.0,Non-Bonus,12,EUR,60.080000000000005
2024-01-08,10115,Berlin,2000.0,Non-Bonus,23,EUR,62.028333333333336
2024-01-08,81539,München,2000.0,Non-Bonus,23,EUR,60.14833333333333
2024-01-08,81539,München,2000.0,Non-Bonus,31,EUR,62.06333333333333
2024-01-08,10115,Berlin,1000.0,Bonus,1,EUR,29.1675
2024-01-08,10115,Berlin,1000.0,Bonus,2,EUR,29.791666666666668
2024-01-08,10115,Berlin,1000.0,Bonus,6,EUR,29.87
2024-01-08,10115,Berlin,1000.0,Bonus,18,EUR,32.9975
2024-01-08,81539,München,1000.0,Bonus,34,EUR,34.48083333333333
2024-01-08,10115,Berlin,5000.0,Non-Bonus,28,EUR,143.07166666666666
2024-01-08,81539,München,5000.0,Non-Bonus,3,EUR,115.605
2024-01-08,10115,Berlin,4500.0,Non-Bonus,15,EUR,124.03333333333335
2024-01-08,10115,Berlin,4500.0,Non-Bonus,42,EUR,131.77166666666668
2024-01-08,81539,München,4500.0,Non-Bonus,6,EUR,116.52916666666665
2024-01-08,81539,München,4500.0,Non-Bonus,27,EUR,124.195
2024-01-08,81539,München,4500.0,Non-Bonus,33,EUR,125.99166666666667
2024-01-08,10115,Berlin,1500.0,Non-Bonus,40,EUR,50.64166666666667
2024-01-08,81539,München,1500.0,Non-Bonus,2,EUR,38.685833333333335
2024-01-08,81539,München,1500.0,Non-Bonus,29,EUR,49.385
2024-01-08,81539,München,1500.0,Non-Bonus,35,EUR,50.01166666666666
2024-01-08,81539,München,1000.0,Non-Bonus,3,EUR,31.770833333333332
2024-01-08,81539,München,1000.0,Non-Bonus,37,EUR,37.55833333333333
2024-01-08,10115,Berlin,2000.0,Non-Bonus,11,EUR,60.041666666666664
2024-01-08,10115,Berlin,2000.0,Non-Bonus,27,EUR,63.26833333333334
2024-01-08,81539,München,2000.0,Non-Bonus,4,EUR,55.987500000000004
2024-01-08,10115,Berlin,1000.0,Bonus,14,EUR,32.17
2024-01-08,10115,Berlin,1000.0,Bonus,21,EUR,33.416666666666664
2024-01-08,10115,Berlin,1000.0,Bonus,24,EUR,33.78916666666667
2024-01-08,81539,München,1000.0,Bonus,2,EUR,29.4825
2024-01-08,10115,Berlin,5000.0,Non-Bonus,4,EUR,129.01583333333335
2024-01-08,10115,Berlin,5000.0,Non-Bonus,49,EUR,146.6225
2024-01-08,81539,München,5000.0,Non-Bonus,24,EUR,135.18166666666667
2024-01-08,10115,Berlin,4500.0,Non-Bonus,4,EUR,117.92916666666667
2024-01-08,81539,München,4500.0,Non-Bonus,3,EUR,103.755
2024-01-08,81539,München,4500.0,Non-Bonus,14,EUR,120.21
2024-01-08,10115,Berlin,1500.0,Non-Bonus,9,EUR,47.119166666666665
2024-01-08,81539,München,1500.0,Non-Bonus,6,EUR,43.975833333333334
2024-01-08,10115,Berlin,2000.0,Non-Bonus,18,EUR,61.12916666666666
2024-01-08,10115,Berlin,2000.0,Non-Bonus,25,EUR,62.53666666666667
2024-01-08,81539,München,2000.0,Non-Bonus,14,EUR,59.26
2024-01-08,81539,München,2000.0,Non-Bonus,47,EUR,64.61
2024-01-08,10115,Berlin,1000.0,Bonus,4,EUR,29.83666666666667
2024-01-08,10115,Berlin,1000.0,Bonus,48,EUR,36.9425
2024-01-08,81539,München,5000.0,Non-Bonus,15,EUR,132.70250000000001
2024-01-08,10115,Berlin,4500.0,Non-Bonus,14,EUR,122.89999999999999
2024-01-08,10115,Berlin,4500.0,Non-Bonus,28,EUR,129.4125
2024-01-08,10115,Berlin,4500.0,Non-Bonus,35,EUR,130.1875
2024-01-08,81539,München,4500.0,Non-Bonus,7,EUR,118.75333333333333
2024-01-08,81539,München,4500.0,Non-Bonus,19,EUR,121.89999999999999
2024-01-08,81539,München,1500.0,Non-Bonus,3,EUR,40.105
2024-01-08,10115,Berlin,1000.0,Non-Bonus,12,EUR,35.04
2024-01-08,10115,Berlin,1000.0,Non-Bonus,24,EUR,36.9425
2024-01-08,10115,Berlin,1000.0,Non-Bonus,25,EUR,36.94833333333333
2024-01-08,10115,Berlin,1000.0,Non-Bonus,28,EUR,37.08833333333333
2024-01-08,81539,München,1000.0,Non-Bonus,9,EUR,34.25
2024-01-08,81539,München,2000.0,Non-Bonus,43,EUR,63.943333333333335
2024-01-08,10115,Berlin,1000.0,Bonus,13,EUR,31.877499999999998
2024-01-08,10115,Berlin,1000.0,Bonus,27,EUR,34.07083333333333
2024-01-08,81539,München,1000.0,Bonus,6,EUR,29.522499999999997
2024-01-08,81539,München,1000.0,Bonus,37,EUR,34.90083333333333
2024-01-08,81539,München,1000.0,Bonus,44,EUR,35.97416666666667
2024-01-08,10115,Berlin,5000.0,Non-Bonus,20,EUR,137.9425
2024-01-08,81539,München,5000.0,Non-Bonus,6,EUR,127.35000000000001
2024-01-08,81539,München,5000.0,Non-Bonus,31,EUR,138.55583333333334
2024-01-08,81539,München,5000.0,Non-Bonus,33,EUR,139.1175
2024-01-08,10115,Berlin,4500.0,Non-Bonus,1,EUR,96.25916666666666
2024-01-08,10115,Berlin,4500.0,Non-Bonus,9,EUR,122.09416666666668
2024-01-08,10115,Berlin,1500.0,Non-Bonus,43,EUR,51.2575
2024-01-08,81539,München,1500.0,Non-Bonus,36,EUR,50.07916666666667
2024-01-08,81539,München,1500.0,Non-Bonus,37,EUR,50.096666666666664
2024-01-08,81539,München,1500.0,Non-Bonus,49,EUR,51.3125
2024-01-08,10115,Berlin,1000.0,Non-Bonus,22,EUR,36.791666666666664
2024-01-08,81539,München,1000.0,Non-Bonus,15,EUR,35.12833333333334
2024-01-08,81539,München,1000.0,Non-Bonus,29,EUR,36.8325
2024-01-08,10115,Berlin,2000.0,Non-Bonus,15,EUR,60.47416666666667
2024-01-08,10115,Berlin,2000.0,Non-Bonus,42,EUR,64.36
2024-01-08,10115,Berlin,2000.0,Non-Bonus,45,EUR,64.60000000000001
2024-01-08,81539,München,2000.0,Non-Bonus,17,EUR,59.550000000000004
2024-01-08,10115,Berlin,1000.0,Bonus,29,EUR,34.3075
2024-01-08,10115,Berlin,1000.0,Bonus,36,EUR,35.04
2024-01-08,81539,München,1000.0,Bonus,30,EUR,34.20166666666667
2024-01-08,81539,München,5000.0,Non-Bonus,1,EUR,102.78666666666668
2024-01-08,81539,München,5000.0,Non-Bonus,14,EUR,132.68
2024-01-08,81539,München,5000.0,Non-Bonus,42,EUR,141.37083333333334
2024-01-08,10115,Berlin,4500.0,Non-Bonus,8,EUR,121.44416666666666
2024-01-08,10115,Berlin,4500.0,Non-Bonus,18,EUR,125.03166666666668
2024-01-08,10115,Berlin,4500.0,Non-Bonus,29,EUR,129.6175
2024-01-08,81539,München,4500.0,Non-Bonus,15,EUR,120.44583333333333
2024-01-08,81539,München,4500.0,Non-Bonus,38,EUR,127.33583333333333
2024-01-08,10115,Berlin,1500.0,Non-Bonus,10,EUR,47.218333333333334
2024-01-08,10115,Berlin,1500.0,Non-Bonus,38,EUR,50.487500000000004
2024-01-08,10115,Berlin,1000.0,Non-Bonus,35,EUR,37.541666666666664
2024-01-08,10115,Berlin,1000.0,Non-Bonus,47,EUR,38.43
2024-01-08,81539,München,1000.0,Non-Bonus,17,EUR,35.935833333333335
2024-01-08,81539,München,1000.0,Non-Bonus,44,EUR,38.1225
2024-01-08,10115,Berlin,2000.0,Non-Bonus,10,EUR,59.54833333333334
2024-01-08,10115,Berlin,2000.0,Non-Bonus,17,EUR,60.93666666666667
2024-01-08,10115,Berlin,2000.0,Non-Bonus,30,EUR,63.550000000000004
2024-01-08,81539,München,2000.0,Non-Bonus,3,EUR,48.43833333333333
2024-01-08,81539,München,1000.0,Bonus,20,EUR,32.82333333333333
2024-01-08,10115,Berlin,5000.0,Non-Bonus,32,EUR,143.49583333333334
2024-01-08,10115,Berlin,4500.0,Non-Bonus,22,EUR,127.36500000000001
2024-01-08,10115,Berlin,1500.0,Non-Bonus,46,EUR,51.458333333333336
2024-01-08,10115,Berlin,1000.0,Non-Bonus,15,EUR,36.550000000000004
2024-01-08,10115,Berlin,1000.0,Non-Bonus,46,EUR,38.36666666666667
2024-01-08,10115,Berlin,1000.0,Non-Bonus,48,EUR,38.449999999999996
2024-01-08,81539,München,2000.0,Non-Bonus,46,EUR,64.5
2024-01-08,10115,Berlin,1000.0,Bonus,19,EUR,33.001666666666665
2024-01-08,10115,Berlin,5000.0,Non-Bonus,35,EUR,144.025
2024-01-08,10115,Berlin,5000.0,Non-Bonus,44,EUR,146.21666666666667
2024-01-08,10115,Berlin,5000.0,Non-Bonus,50,EUR,146.77916666666667
2024-01-08,81539,München,5000.0,Non-Bonus,8,EUR,130.04166666666666
2024-01-08,10115,Berlin,4500.0,Non-Bonus,31,EUR,129.79999999999998
2024-01-08,81539,München,4500.0,Non-Bonus,49,EUR,130.16916666666665
2024-01-08,10115,Berlin,1500.0,Non-Bonus,32,EUR,50.335
2024-01-08,10115,Berlin,1500.0,Non-Bonus,39,EUR,50.555
2024-01-08,10115,Berlin,1000.0,Non-Bonus,33,EUR,37.495
2024-01-08,10115,Berlin,1000.0,Non-Bonus,37,EUR,37.737500000000004
2024-01-08,10115,Berlin,1000.0,Non-Bonus,39,EUR,37.7825
2024-01-08,81539,München,1000.0,Non-Bonus,28,EUR,36.733333333333334
2024-01-08,81539,München,1000.0,Non-Bonus,33,EUR,37.31583333333334
2024-01-08,81539,München,1000.0,Non-Bonus,35,EUR,37.485
2024-01-08,81539,München,1000.0,Non-Bonus,39,EUR,37.82333333333333
2024-01-08,10115,Berlin,2000.0,Non-Bonus,2,EUR,48.43833333333333
2024-01-08,81539,München,2000.0,Non-Bonus,28,EUR,61.086666666666666
2024-01-08,81539,München,2000.0,Non-Bonus,36,EUR,62.800000000000004
2024-01-08,10115,Berlin,1000.0,Bonus,28,EUR,34.28333333333333
2024-01-08,81539,München,1000.0,Bonus,23,EUR,33.21666666666667
2024-01-08,10115,Berlin,5000.0,Non-Bonus,10,EUR,133.99416666666667
2024-01-08,10115,Berlin,5000.0,Non-Bonus,15,EUR,136.71666666666667
2024-01-08,81539,München,5000.0,Non-Bonus,10,EUR,130.75
2024-01-08,81539,München,5000.0,Non-Bonus,19,EUR,134.28916666666666
2024-01-08,81539,München,4500.0,Non-Bonus,5,EUR,115.69749999999999
2024-01-08,81539,München,4500.0,Non-Bonus,23,EUR,122.57833333333333
2024-01-08,81539,München,4500.0,Non-Bonus,31,EUR,125.85166666666667
2024-01-08,81539,München,1500.0,Non-Bonus,4,EUR,43.87916666666666
2024-01-08,81539,München,1500.0,Non-Bonus,11,EUR,46.82
2024-01-08,10115,Berlin,1000.0,Non-Bonus,32,EUR,37.3575
2024-01-08,10115,Berlin,1000.0,Non-Bonus,34,EUR,37.5325
2024-01-08,81539,München,1000.0,Non-Bonus,1,EUR,29.4825
2024-01-08,81539,München,1000.0,Non-Bonus,11,EUR,34.516666666666666
2024-01-08,81539,München,1000.0,Non-Bonus,45,EUR,38.1325
2024-01-08,10115,Berlin,2000.0,Non-Bonus,40,EUR,64.18333333333334
2024-01-08,10115,Berlin,1000.0,Bonus,20,EUR,33.02583333333333
2024-01-08,81539,München,1000.0,Bonus,40,EUR,35.14083333333333
2024-01-08,10115,Berlin,5000.0,Non-Bonus,2,EUR,108.49166666666667
2024-01-08,10115,Berlin,5000.0,Non-Bonus,36,EUR,144.035
2024-01-08,10115,Berlin,5000.0,Non-Bonus,40,EUR,145.02166666666668
2024-01-08,10115,Berlin,5000.0,Non-Bonus,42,EUR,145.94833333333335
2024-01-08,81539,München,5000.0,Non-Bonus,21,EUR,134.45833333333334
2024-01-08,81539,München,5000.0,Non-Bonus,27,EUR,137.19916666666668
2024-01-08,10115,Berlin,4500.0,Non-Bonus,38,EUR,130.76
2024-01-08,10115,Berlin,4500.0,Non-Bonus,40,EUR,131.5325
2024-01-08,10115,Berlin,4500.0,Non-Bonus,48,EUR,132.805
2024-01-08,10115,Berlin,4500.0,Non-Bonus,49,EUR,132.81416666666667
2024-01-08,81539,München,1500.0,Non-Bonus,25,EUR,48.87833333333333
2024-01-08,81539,München,1500.0,Non-Bonus,40,EUR,50.7475
2024-01-08,10115,Berlin,1000.0,Non-Bonus,19,EUR,36.70166666666667
2024-01-08,81539,München,1000.0,Non-Bonus,22,EUR,36.455
2024-01-08,81539,München,1000.0,Non-Bonus,43,EUR,38.05833333333333
2024-01-08,81539,München,2000.0,Non-Bonus,44,EUR,64.24583333333334
2024-01-08,81539,München,1000.0,Bonus,41,EUR,35.14833333333333
2024-01-08,81539,München,1000.0,Bonus,50,EUR,36.59666666666667
2024-01-08,10115,Berlin,5000.0,Non-Bonus,34,EUR,143.7675
2024-01-08,10115,Berlin,5000.0,Non-Bonus,48,EUR,146.61249999999998
2024-01-08,81539,München,5000.0,Non-Bonus,4,EUR,124.66083333333334
2024-01-08,81539,München,4500.0,Non-Bonus,13,EUR,120.08749999999999
2024-01-08,81539,München,4500.0,Non-Bonus,36,EUR,126.67
2024-01-08,81539,München,1000.0,Non-Bonus,4,EUR,31.985833333333332
2024-01-08,10115,Berlin,1000.0,Bonus,43,EUR,36.568333333333335
2024-01-08,81539,München,1000.0,Bonus,12,EUR,31.691666666666666
2024-01-08,10115,Berlin,5000.0,Non-Bonus,39,EUR,144.65
2024-01-08,10115,Berlin,4500.0,Non-Bonus,3,EUR,105.77999999999999
2024-01-08,10115,Berlin,4500.0,Non-Bonus,19,EUR,125.125
2024-01-08,10115,Berlin,4500.0,Non-Bonus,21,EUR,126.39
2024-01-08,81539,München,4500.0,Non-Bonus,12,EUR,120.04583333333333
2024-01-08,81539,München,4500.0,Non-Bonus,22,EUR,122.56916666666666
2024-01-08,81539,München,4500.0,Non-Bonus,29,EUR,125.22000000000001
2024-01-08,10115,Berlin,1500.0,Non-Bonus,20,EUR,49.49583333333334
2024-01-08,10115,Berlin,1500.0,Non-Bonus,26,EUR,49.98
2024-01-08,10115,Berlin,1500.0,Non-Bonus,29,EUR,50.137499999999996
2024-01-08,10115,Berlin,1500.0,Non-Bonus,47,EUR,51.5925
2024-01-08,81539,München,1500.0,Non-Bonus,22,EUR,47.97
2024-01-08,81539,München,1500.0,Non-Bonus,28,EUR,49.330000000000005
2024-01-08,81539,München,1500.0,Non-Bonus,47,EUR,51.26499999999999
2024-01-08,81539,München,2000.0,Non-Bonus,34,EUR,62.33083333333334
2024-01-08,10115,Berlin,1000.0,Bonus,15,EUR,32.611666666666665
2024-01-08,81539,München,1000.0,Bonus,7,EUR,29.526666666666667
2024-01-08,81539,München,1000.0,Bonus,11,EUR,31.135
2024-01-08,81539,München,1000.0,Bonus,13,EUR,31.69333333333333
2024-01-08,81539,München,1000.0,Bonus,36,EUR,34.545
2024-01-08,10115,Berlin,5000.0,Non-Bonus,3,EUR,117.64666666666666
2024-01-08,10115,Berlin,5000.0,Non-Bonus,9,EUR,133.83166666666668
2024-01-08,10115,Berlin,5000.0,Non-Bonus,12,EUR,135.27083333333334
2024-01-08,10115,Berlin,5000.0,Non-Bonus,14,EUR,136.69833333333335
2024-01-08,81539,München,5000.0,Non-Bonus,11,EUR,130.7675
2024-01-08,81539,München,5000.0,Non-Bonus,22,EUR,134.98083333333332
2024-01-08,81539,München,5000.0,Non-Bonus,32,EUR,138.635
2024-01-08,10115,Berlin,4500.0,Non-Bonus,27,EUR,129.03166666666667
2024-01-08,81539,München,4500.0,Non-Bonus,1,EUR,93.62333333333333
2024-01-08,81539,München,4500.0,Non-Bonus,17,EUR,121.37833333333333
2024-01-08,81539,München,4500.0,Non-Bonus,43,EUR,128.93583333333333
2024-01-08,10115,Berlin,1500.0,Non-Bonus,1,EUR,38.7525
2024-01-08,10115,Berlin,1500.0,Non-Bonus,6,EUR,46.58083333333334
2024-01-08,10115,Berlin,1500.0,Non-Bonus,31,EUR,50.237500000000004
2024-01-08,81539,München,1500.0,Non-Bonus,23,EUR,48.00333333333333
2024-01-08,81539,München,1500.0,Non-Bonus,32,EUR,49.626666666666665
2024-01-08,81539,München,1500.0,Non-Bonus,42,EUR,50.887499999999996
2024-01-08,10115,Berlin,1000.0,Non-Bonus,13,EUR,35.105
2024-01-08,10115,Berlin,2000.0,Non-Bonus,5,EUR,57.715
2024-01-08,81539,München,2000.0,Non-Bonus,24,EUR,60.31666666666666
2024-01-08,81539,München,2000.0,Non-Bonus,37,EUR,62.840833333333336
2024-01-08,81539,München,2000.0,Non-Bonus,42,EUR,63.61000000000001
2024-01-08,10115,Berlin,1000.0,Bonus,31,EUR,34.623333333333335
2024-01-08,10115,Berlin,1000.0,Bonus,41,EUR,36.225
2024-01-08,10115,Berlin,1000.0,Bonus,45,EUR,36.70166666666667
2024-01-08,10115,Berlin,1000.0,Bonus,49,EUR,36.94833333333333
2024-01-08,81539,München,1000.0,Bonus,1,EUR,29.468333333333334
2024-01-08,81539,München,1000.0,Bonus,3,EUR,29.489166666666666
2024-01-08,81539,München,1000.0,Bonus,29,EUR,34.06583333333334
2024-01-08,81539,München,1000.0,Bonus,43,EUR,35.935833333333335
2024-01-08,10115,Berlin,5000.0,Non-Bonus,8,EUR,133.79999999999998
2024-01-08,10115,Berlin,5000.0,Non-Bonus,11,EUR,134.0
2024-01-08,10115,Berlin,5000.0,Non-Bonus,23,EUR,140.48666666666665
2024-01-08,10115,Berlin,5000.0,Non-Bonus,26,EUR,142.20166666666668
2024-01-08,10115,Berlin,5000.0,Non-Bonus,41,EUR,145.035
2024-01-08,81539,München,5000.0,Non-Bonus,16,EUR,133.18083333333334
2024-01-08,81539,München,5000.0,Non-Bonus,39,EUR,140.785
2024-01-08,10115,Berlin,1500.0,Non-Bonus,23,EUR,49.91083333333333
2024-01-08,10115,Berlin,1500.0,Non-Bonus,36,EUR,50.403333333333336
2024-01-08,81539,München,1500.0,Non-Bonus,17,EUR,47.0
2024-01-08,81539,München,1500.0,Non-Bonus,33,EUR,49.824999999999996
2024-01-08,10115,Berlin,1000.0,Non-Bonus,14,EUR,35.345
2024-01-08,10115,Berlin,1000.0,Non-Bonus,27,EUR,37.02916666666667
2024-01-08,10115,Berlin,1000.0,Non-Bonus,36,EUR,37.583333333333336
2024-01-08,81539,München,1000.0,Non-Bonus,21,EUR,36.3675
2024-01-08,81539,München,1000.0,Non-Bonus,47,EUR,38.2325
2024-01-08,10115,Berlin,2000.0,Non-Bonus,13,EUR,60.306666666666665
2024-01-08,10115,Berlin,2000.0,Non-Bonus,14,EUR,60.317499999999995
2024-01-08,10115,Berlin,2000.0,Non-Bonus,46,EUR,65.02
2024-01-08,81539,München,2000.0,Non-Bonus,18,EUR,59.553333333333335
2024-01-08,81539,München,2000.0,Non-Bonus,27,EUR,60.3825
2024-01-08,81539,München,2000.0,Non-Bonus,38,EUR,63.05583333333333
2024-01-08,10115,Berlin,1000.0,Bonus,39,EUR,35.516666666666666
2024-01-08,10115,Berlin,5000.0,Non-Bonus,17,EUR,137.27833333333334
2024-01-08,81539,München,5000.0,Non-Bonus,17,EUR,133.42416666666665
2024-01-08,81539,München,5000.0,Non-Bonus,29,EUR,138.28666666666666
2024-01-08,10115,Berlin,4500.0,Non-Bonus,20,EUR,125.69416666666666
2024-01-08,10115,Berlin,4500.0,Non-Bonus,46,EUR,132.74583333333334
2024-01-08,81539,München,4500.0,Non-Bonus,41,EUR,128.0525
2024-01-08,10115,Berlin,1500.0,Non-Bonus,16,EUR,48.585
2024-01-08,10115,Berlin,1500.0,Non-Bonus,19,EUR,49.2125
2024-01-08,10115,Berlin,1500.0,Non-Bonus,24,EUR,49.9575
2024-01-08,10115,Berlin,1500.0,Non-Bonus,44,EUR,51.31916666666667
2024-01-08,10115,Berlin,1000.0,Non-Bonus,6,EUR,34.3075
2024-01-08,81539,München,1000.0,Non-Bonus,26,EUR,36.59666666666667
2024-01-08,81539,München,1000.0,Non-Bonus,27,EUR,36.62833333333334
2024-01-08,10115,Berlin,2000.0,Non-Bonus,8,EUR,59.501666666666665
2024-01-08,10115,Berlin,2000.0,Non-Bonus,22,EUR,62.00833333333333
2024-01-08,10115,Berlin,2000.0,Non-Bonus,48,EUR,65.28416666666666
2024-01-08,81539,München,2000.0,Non-Bonus,35,EUR,62.6775
2024-01-08,10115,Berlin,1000.0,Bonus,3,EUR,29.83583333333333
2024-01-08,10115,Berlin,1000.0,Bonus,7,EUR,29.879166666666666
2024-01-08,10115,Berlin,5000.0,Non-Bonus,13,EUR,136.03916666666666
2024-01-08,10115,Berlin,5000.0,Non-Bonus,19,EUR,137.91666666666666
2024-01-08,10115,Berlin,5000.0,Non-Bonus,21,EUR,139.44
2024-01-08,81539,München,5000.0,Non-Bonus,2,EUR,102.92166666666667
2024-01-08,81539,München,5000.0,Non-Bonus,20,EUR,134.38333333333333
2024-01-08,10115,Berlin,4500.0,Non-Bonus,36,EUR,130.61249999999998
2024-01-08,81539,München,4500.0,Non-Bonus,30,EUR,125.73
2024-01-08,81539,München,4500.0,Non-Bonus,50,EUR,130.40333333333334
2024-01-08,10115,Berlin,1500.0,Non-Bonus,2,EUR,40.105
2024-01-08,10115,Berlin,1500.0,Non-Bonus,18,EUR,49.18333333333334
2024-01-08,81539,München,1500.0,Non-Bonus,34,EUR,49.9175
2024-01-08,81539,München,1000.0,Non-Bonus,24,EUR,36.527499999999996
2024-01-08,10115,Berlin,2000.0,Non-Bonus,9,EUR,59.50666666666667
2024-01-08,10115,Berlin,2000.0,Non-Bonus,32,EUR,63.64333333333334
2024-01-08,81539,München,2000.0,Non-Bonus,1,EUR,47.80833333333334
2024-01-08,81539,München,2000.0,Non-Bonus,40,EUR,63.5
2024-01-08,10115,Berlin,1000.0,Bonus,35,EUR,34.931666666666665
2024-01-08,81539,München,1000.0,Bonus,10,EUR,30.503333333333334
2024-01-08,81539,München,5000.0,Non-Bonus,23,EUR,135.17166666666665
2024-01-08,10115,Berlin,4500.0,Non-Bonus,30,EUR,129.73499999999999
2024-01-08,81539,München,4500.0,Non-Bonus,39,EUR,127.79333333333334
2024-01-08,10115,Berlin,1500.0,Non-Bonus,11,EUR,47.4575
2024-01-08,10115,Berlin,1500.0,Non-Bonus,25,EUR,49.96
2024-01-08,10115,Berlin,1500.0,Non-Bonus,42,EUR,51.237500000000004
2024-01-08,81539,München,1000.0,Non-Bonus,50,EUR,38.806666666666665
2024-01-08,10115,Berlin,2000.0,Non-Bonus,39,EUR,64.15166666666667
2024-01-08,10115,Berlin,2000.0,Non-Bonus,49,EUR,65.385
2024-01-08,81539,München,2000.0,Non-Bonus,8,EUR,56.53583333333333
2024-01-08,81539,München,2000.0,Non-Bonus,9,EUR,57.314166666666665
2024-01-08,10115,Berlin,1000.0,Bonus,16,EUR,32.77833333333333
2024-01-08,10115,Berlin,1000.0,Bonus,23,EUR,33.73416666666667
2024-01-08,81539,München,1000.0,Bonus,21,EUR,33.1675
2024-01-08,81539,München,5000.0,Non-Bonus,30,EUR,138.46333333333334
2024-01-08,81539,München,5000.0,Non-Bonus,45,EUR,142.44083333333333
2024-01-08,10115,Berlin,4500.0,Non-Bonus,23,EUR,127.495
2024-01-08,81539,München,4500.0,Non-Bonus,24,EUR,122.8675
2024-01-08,10115,Berlin,1500.0,Non-Bonus,27,EUR,50.05833333333334
2024-01-08,10115,Berlin,1500.0,Non-Bonus,49,EUR,51.75
2024-01-08,81539,München,1500.0,Non-Bonus,5,EUR,43.975833333333334
2024-01-08,81539,München,1500.0,Non-Bonus,7,EUR,45.181666666666665
2024-01-08,81539,München,1500.0,Non-Bonus,14,EUR,46.90416666666667
2024-01-08,81539,München,1500.0,Non-Bonus,30,EUR,49.6025
2024-01-08,10115,Berlin,1000.0,Non-Bonus,18,EUR,36.60916666666667
2024-01-08,10115,Berlin,1000.0,Non-Bonus,26,EUR,37.026666666666664
2024-01-08,10115,Berlin,1000.0,Non-Bonus,42,EUR,37.90083333333333
2024-01-08,10115,Berlin,1000.0,Non-Bonus,44,EUR,38.30833333333333
2024-01-08,81539,München,1000.0,Non-Bonus,18,EUR,35.935833333333335
2024-01-08,81539,München,1000.0,Non-Bonus,25,EUR,36.594166666666666
2024-01-08,10115,Berlin,2000.0,Non-Bonus,4,EUR,56.807500000000005
2024-01-08,81539,München,2000.0,Non-Bonus,22,EUR,60.00333333333333
2024-01-08,81539,München,2000.0,Non-Bonus,33,EUR,62.300000000000004
2024-01-08,10115,Berlin,1000.0,Bonus,46,EUR,36.725
2024-01-08,10115,Berlin,4500.0,Non-Bonus,24,EUR,128.3325
2024-01-08,10115,Berlin,1500.0,Non-Bonus,7,EUR,46.59
2024-01-08,10115,Berlin,1500.0,Non-Bonus,14,EUR,48.09
2024-01-08,81539,München,1500.0,Non-Bonus,8,EUR,45.3975
2024-01-08,81539,München,1500.0,Non-Bonus,13,EUR,46.884166666666665
2024-01-08,81539,München,1500.0,Non-Bonus,21,EUR,47.625
2024-01-08,81539,München,1500.0,Non-Bonus,39,EUR,50.612500000000004
2024-01-08,81539,München,1500.0,Non-Bonus,43,EUR,50.965833333333336
2024-01-08,81539,München,1500.0,Non-Bonus,46,EUR,51.13583333333333
2024-01-08,10115,Berlin,1000.0,Non-Bonus,17,EUR,36.5925
2024-01-08,81539,München,1000.0,Non-Bonus,7,EUR,34.20166666666667
2024-01-08,81539,München,1000.0,Non-Bonus,32,EUR,36.98916666666667
2024-01-08,10115,Berlin,2000.0,Non-Bonus,20,EUR,61.13999999999999
2024-01-08,10115,Berlin,2000.0,Non-Bonus,24,EUR,62.11000000000001
2024-01-08,81539,München,2000.0,Non-Bonus,5,EUR,56.10333333333333
2024-01-08,81539,München,2000.0,Non-Bonus,10,EUR,58.72833333333333
2024-01-08,81539,München,2000.0,Non-Bonus,12,EUR,59.16083333333333
2024-01-08,81539,München,2000.0,Non-Bonus,20,EUR,59.653333333333336
2024-01-08,10115,Berlin,1000.0,Bonus,30,EUR,34.35666666666666
2024-01-08,81539,München,1000.0,Bonus,5,EUR,29.50916666666667
2024-01-08,81539,München,1000.0,Bonus,15,EUR,31.858333333333334
2024-01-08,81539,München,1000.0,Bonus,24,EUR,33.375
2024-01-08,81539,München,1000.0,Bonus,48,EUR,36.350833333333334
2024-01-08,10115,Berlin,5000.0,Non-Bonus,24,EUR,141.81166666666667
2024-01-08,10115,Berlin,5000.0,Non-Bonus,25,EUR,141.99583333333334
2024-01-08,81539,München,5000.0,Non-Bonus,12,EUR,131.26666666666668
2024-01-08,81539,München,5000.0,Non-Bonus,28,EUR,137.555
2024-01-08,81539,München,5000.0,Non-Bonus,40,EUR,141.1275
2024-01-08,10115,Berlin,4500.0,Non-Bonus,41,EUR,131.76
2024-01-08,81539,München,4500.0,Non-Bonus,25,EUR,123.77499999999999
2024-01-08,81539,München,4500.0,Non-Bonus,45,EUR,129.21
2024-01-08,81539,München,4500.0,Non-Bonus,46,EUR,129.64083333333335
2024-01-08,10115,Berlin,1000.0,Non-Bonus,16,EUR,36.553333333333335
2024-01-08,10115,Berlin,1000.0,Non-Bonus,20,EUR,36.725
2024-01-08,81539,München,1000.0,Non-Bonus,2,EUR,29.50916666666667
2024-01-08,81539,München,1000.0,Non-Bonus,16,EUR,35.14083333333333
2024-01-08,10115,Berlin,2000.0,Non-Bonus,31,EUR,63.59
2024-01-08,10115,Berlin,2000.0,Non-Bonus,38,EUR,64.09416666666667
2024-01-08,81539,München,2000.0,Non-Bonus,7,EUR,56.525
2024-01-08,81539,München,2000.0,Non-Bonus,21,EUR,59.88666666666666
2024-01-08,10115,Berlin,1000.0,Bonus,10,EUR,30.436666666666667
2024-01-08,81539,München,1000.0,Bonus,32,EUR,34.25
2024-01-08,10115,Berlin,5000.0,Non-Bonus,5,EUR,129.92833333333334
2024-01-08,10115,Berlin,5000.0,Non-Bonus,16,EUR,137.25166666666667
2024-01-08,10115,Berlin,4500.0,Non-Bonus,2,EUR,99.02749999999999
2024-01-08,10115,Berlin,4500.0,Non-Bonus,32,EUR,130.12416666666667
2024-01-08,81539,München,4500.0,Non-Bonus,4,EUR,113.30666666666667
2024-01-08,81539,München,1000.0,Non-Bonus,12,EUR,34.545
2024-01-08,81539,München,1000.0,Non-Bonus,19,EUR,36.24916666666667
2024-01-08,81539,München,1000.0,Non-Bonus,31,EUR,36.94083333333334
2024-01-08,81539,München,1000.0,Non-Bonus,36,EUR,37.541666666666664
2024-01-08,81539,München,2000.0,Non-Bonus,30,EUR,61.73
2024-01-08,81539,München,2000.0,Non-Bonus,39,EUR,63.33166666666667
2024-01-08,10115,Berlin,1000.0,Bonus,22,EUR,33.63666666666666
2024-01-08,81539,München,1000.0,Bonus,14,EUR,31.770833333333332
2024-01-08,81539,München,1000.0,Bonus,31,EUR,34.2125
2024-01-08,10115,Berlin,5000.0,Non-Bonus,37,EUR,144.14333333333335
2024-01-08,10115,Berlin,5000.0,Non-Bonus,38,EUR,144.15333333333334
2024-01-08,81539,München,5000.0,Non-Bonus,41,EUR,141.19833333333335
2024-01-08,81539,München,5000.0,Non-Bonus,46,EUR,142.69916666666668
2024-01-08,81539,München,5000.0,Non-Bonus,47,EUR,143.165
2024-01-08,10115,Berlin,4500.0,Non-Bonus,5,EUR,119.13416666666666
2024-01-08,81539,München,4500.0,Non-Bonus,35,EUR,126.36416666666666
2024-01-08,81539,München,1500.0,Non-Bonus,9,EUR,46.465
2024-01-08,81539,München,1500.0,Non-Bonus,16,EUR,46.95333333333334
2024-01-08,81539,München,1500.0,Non-Bonus,38,EUR,50.574999999999996
2024-01-08,81539,München,1000.0,Non-Bonus,23,EUR,36.50333333333334
2024-01-08,10115,Berlin,2000.0,Non-Bonus,21,EUR,61.208333333333336
2024-01-08,10115,Berlin,2000.0,Non-Bonus,26,EUR,63.07666666666666
2024-01-08,81539,München,2000.0,Non-Bonus,11,EUR,58.8675
2024-01-08,81539,München,2000.0,Non-Bonus,48,EUR,64.685
2024-01-08,10115,Berlin,1000.0,Bonus,34,EUR,34.73166666666666
2024-01-08,10115,Berlin,1000.0,Bonus,37,EUR,35.105
2024-01-08,81539,München,1000.0,Bonus,16,EUR,31.985833333333332
2024-01-08,81539,München,5000.0,Non-Bonus,49,EUR,143.45416666666668
2024-01-08,10115,Berlin,4500.0,Non-Bonus,13,EUR,122.85916666666667
2024-01-08,81539,München,4500.0,Non-Bonus,11,EUR,119.64
2024-01-08,81539,München,4500.0,Non-Bonus,28,EUR,124.9175
2024-01-08,81539,München,4500.0,Non-Bonus,37,EUR,126.79
2024-01-08,81539,München,1000.0,Non-Bonus,30,EUR,36.9225
2024-01-08,10115,Berlin,2000.0,Non-Bonus,44,EUR,64.38916666666667
2024-01-08,10115,Berlin,2000.0,Non-Bonus,47,EUR,65.18333333333334
2024-01-08,10115,Berlin,1000.0,Bonus,33,EUR,34.65083333333333
2024-01-08,81539,München,1000.0,Bonus,9,EUR,30.349999999999998
2024-01-08,81539,München,1000.0,Bonus,26,EUR,33.538333333333334
2024-01-08,81539,München,1000.0,Bonus,39,EUR,35.12833333333334
2024-01-08,10115,Berlin,5000.0,Non-Bonus,22,EUR,140.1275
2024-01-08,10115,Berlin,5000.0,Non-Bonus,29,EUR,143.0975
2024-01-08,10115,Berlin,5000.0,Non-Bonus,30,EUR,143.26
2024-01-08,81539,München,5000.0,Non-Bonus,35,EUR,139.5675
2024-01-08,10115,Berlin,4500.0,Non-Bonus,12,EUR,122.65083333333332
2024-01-08,10115,Berlin,4500.0,Non-Bonus,45,EUR,132.6625
2024-01-08,81539,München,4500.0,Non-Bonus,10,EUR,119.6375
2024-01-08,10115,Berlin,1500.0,Non-Bonus,12,EUR,47.465
2024-01-08,10115,Berlin,1500.0,Non-Bonus,22,EUR,49.88916666666666
2024-01-08,81539,München,1500.0,Non-Bonus,19,EUR,47.387499999999996
2024-01-08,81539,München,1500.0,Non-Bonus,20,EUR,47.39666666666667
2024-01-08,10115,Berlin,1000.0,Non-Bonus,5,EUR,33.97666666666667
2024-01-08,81539,München,1000.0,Non-Bonus,5,EUR,31.985833333333332
2024-01-08,81539,München,1000.0,Non-Bonus,46,EUR,38.149166666666666
2024-01-08,10115,Berlin,2000.0,Non-Bonus,19,EUR,61.13333333333333
2024-01-08,10115,Berlin,2000.0,Non-Bonus,28,EUR,63.34583333333333
2024-01-08,81539,München,2000.0,Non-Bonus,29,EUR,61.285
2024-01-08,10115,Berlin,1000.0,Bonus,25,EUR,33.97666666666667
2024-01-08,10115,Berlin,5000.0,Non-Bonus,7,EUR,133.45833333333334
2024-01-08,10115,Berlin,5000.0,Non-Bonus,18,EUR,137.35666666666665
2024-01-08,81539,München,5000.0,Non-Bonus,18,EUR,133.61583333333334
2024-01-08,81539,München,5000.0,Non-Bonus,38,EUR,140.01416666666668
2024-01-08,10115,Berlin,4500.0,Non-Bonus,39,EUR,131.1625
2024-01-08,10115,Berlin,4500.0,Non-Bonus,50,EUR,133.00833333333333
2024-01-08,81539,München,4500.0,Non-Bonus,8,EUR,118.78416666666668
2024-01-08,10115,Berlin,1500.0,Non-Bonus,15,EUR,48.09583333333333
2024-01-08,10115,Berlin,1500.0,Non-Bonus,30,EUR,50.237500000000004
2024-01-08,10115,Berlin,1500.0,Non-Bonus,41,EUR,51.11000000000001
2024-01-08,10115,Berlin,1000.0,Non-Bonus,4,EUR,33.97666666666667
2024-01-08,10115,Berlin,1000.0,Non-Bonus,7,EUR,34.35666666666666
2024-01-08,10115,Berlin,1000.0,Non-Bonus,11,EUR,34.931666666666665
2024-01-08,10115,Berlin,1000.0,Non-Bonus,31,EUR,37.15
2024-01-08,10115,Berlin,1000.0,Non-Bonus,38,EUR,37.737500000000004
2024-01-08,10115,Berlin,1000.0,Non-Bonus,43,EUR,38.03
2024-01-08,10115,Berlin,1000.0,Non-Bonus,50,EUR,38.725
2024-01-08,81539,München,1000.0,Non-Bonus,41,EUR,37.858333333333334
2024-01-08,81539,München,1000.0,Non-Bonus,42,EUR,37.885
2024-01-08,81539,München,2000.0,Non-Bonus,41,EUR,63.55583333333333
2024-01-08,10115,Berlin,1000.0,Bonus,11,EUR,31.084999999999997
2024-01-08,10115,Berlin,1000.0,Bonus,42,EUR,36.550000000000004
2024-01-08,81539,München,1000.0,Bonus,28,EUR,33.95916666666667
2024-01-08,81539,München,1000.0,Bonus,47,EUR,36.295
2024-01-08,10115,Berlin,5000.0,Non-Bonus,43,EUR,146.02333333333334
2024-01-08,10115,Berlin,5000.0,Non-Bonus,47,EUR,146.42916666666667
2024-01-08,81539,München,5000.0,Non-Bonus,7,EUR,128.63666666666668
2024-01-08,81539,München,5000.0,Non-Bonus,37,EUR,139.85666666666665
2024-01-08,10115,Berlin,4500.0,Non-Bonus,6,EUR,121.40833333333335
2024-01-08,81539,München,1500.0,Non-Bonus,12,EUR,46.82583333333333
2024-01-08,10115,Berlin,1000.0,Non-Bonus,3,EUR,32.77833333333333
2024-01-08,10115,Berlin,2000.0,Non-Bonus,1,EUR,48.336666666666666
2024-01-08,10115,Berlin,2000.0,Non-Bonus,16,EUR,60.65
2024-01-08,81539,München,2000.0,Non-Bonus,45,EUR,64.34916666666668
2024-01-08,10115,Berlin,1000.0,Bonus,8,EUR,29.9075
2024-01-08,10115,Berlin,1000.0,Bonus,17,EUR,32.9225
2024-01-08,81539,München,1000.0,Bonus,8,EUR,29.5425
2024-01-08,10115,Berlin,5000.0,Non-Bonus,31,EUR,143.49333333333334
2024-01-08,10115,Berlin,5000.0,Non-Bonus,45,EUR,146.32833333333335
2024-01-08,10115,Berlin,5000.0,Non-Bonus,46,EUR,146.35833333333332
2024-01-08,81539,München,5000.0,Non-Bonus,26,EUR,136.65916666666666
2024-01-08,81539,München,5000.0,Non-Bonus,43,EUR,141.785
2024-01-08,81539,München,5000.0,Non-Bonus,44,EUR,142.01
2024-01-08,10115,Berlin,4500.0,Non-Bonus,10,EUR,122.45
2024-01-08,10115,Berlin,4500.0,Non-Bonus,34,EUR,130.185
2024-01-08,81539,München,1500.0,Non-Bonus,1,EUR,38.645
2024-01-08,81539,München,1500.0,Non-Bonus,10,EUR,46.754999999999995
2024-01-08,81539,München,1500.0,Non-Bonus,41,EUR,50.840833333333336
2024-01-08,81539,München,1000.0,Non-Bonus,10,EUR,34.48083333333333
2024-01-08,10115,Berlin,2000.0,Non-Bonus,33,EUR,63.645833333333336
2024-01-08,81539,München,2000.0,Non-Bonus,15,EUR,59.2775
2024-01-08,10115,Berlin,1000.0,Bonus,26,EUR,33.97666666666667
2024-01-08,10115,Berlin,1000.0,Bonus,40,EUR,35.55833333333333
2024-01-08,81539,München,1000.0,Bonus,17,EUR,31.985833333333332
2024-01-08,81539,München,1000.0,Bonus,19,EUR,32.42666666666667
2024-01-08,81539,München,1000.0,Bonus,45,EUR,36.01583333333333
2024-01-08,10115,Berlin,4500.0,Non-Bonus,11,EUR,122.45833333333333
2024-01-08,10115,Berlin,4500.0,Non-Bonus,16,EUR,124.39
2024-01-08,10115,Berlin,4500.0,Non-Bonus,25,EUR,128.88750000000002
2024-01-08,10115,Berlin,4500.0,Non-Bonus,37,EUR,130.68166666666667
2024-01-08,10115,Berlin,4500.0,Non-Bonus,43,EUR,132.295
2024-01-08,10115,Berlin,4500.0,Non-Bonus,47,EUR,132.75416666666666
2024-01-08,81539,München,4500.0,Non-Bonus,42,EUR,128.92249999999999
2024-01-08,81539,München,4500.0,Non-Bonus,44,EUR,129.1225
2024-01-08,10115,Berlin,1500.0,Non-Bonus,13,EUR,47.5625
2024-01-08,10115,Berlin,1500.0,Non-Bonus,17,EUR,48.64166666666667
2024-01-08,81539,München,1500.0,Non-Bonus,26,EUR,48.92083333333333
2024-01-08,10115,Berlin,1000.0,Non-Bonus,2,EUR,31.877499999999998
2024-01-08,10115,Berlin,1000.0,Non-Bonus,29,EUR,37.12916666666667
2024-01-08,10115,Berlin,1000.0,Non-Bonus,45,EUR,38.344166666666666
2024-01-08,81539,München,1000.0,Non-Bonus,14,EUR,34.93333333333333
2024-01-08,81539,München,1000.0,Non-Bonus,20,EUR,36.295
2024-01-08,81539,München,1000.0,Non-Bonus,48,EUR,38.51583333333333
2024-01-08,81539,München,1000.0,Non-Bonus,49,EUR,38.586666666666666
2024-01-08,10115,Berlin,2000.0,Non-Bonus,29,EUR,63.3725
2024-01-08,10115,Berlin,2000.0,Non-Bonus,34,EUR,63.725
2024-01-08,10115,Berlin,2000.0,Non-Bonus,43,EUR,64.385
2024-01-08,10115,Berlin,1000.0,Bonus,38,EUR,35.345
2024-01-08,10115,Berlin,1000.0,Bonus,47,EUR,36.81
2024-01-08,81539,München,1000.0,Bonus,18,EUR,32.42
2024-01-08,81539,München,1000.0,Bonus,22,EUR,33.1675
2024-01-08,81539,München,1000.0,Bonus,33,EUR,34.44083333333334
2024-01-08,81539,München,1000.0,Bonus,35,EUR,34.516666666666666
2024-01-08,81539,München,5000.0,Non-Bonus,25,EUR,136.46666666666667
2024-01-08,81539,München,5000.0,Non-Bonus,48,EUR,143.17499999999998
2024-01-08,81539,München,4500.0,Non-Bonus,2,EUR,93.745
2024-01-08,81539,München,4500.0,Non-Bonus,26,EUR,123.90750000000001
2024-01-08,81539,München,4500.0,Non-Bonus,47,EUR,130.15916666666666
2024-01-08,10115,Berlin,1500.0,Non-Bonus,5,EUR,46.58083333333334
2024-01-08,10115,Berlin,1500.0,Non-Bonus,8,EUR,46.928333333333335
2024-01-08,10115,Berlin,1500.0,Non-Bonus,37,EUR,50.45249999999999
2024-01-08,10115,Berlin,1500.0,Non-Bonus,50,EUR,51.8125
2024-01-08,10115,Berlin,1000.0,Non-Bonus,1,EUR,29.1675
2024-01-08,10115,Berlin,1000.0,Non-Bonus,21,EUR,36.75
2024-01-08,10115,Berlin,1000.0,Non-Bonus,40,EUR,37.81666666666667
2024-01-08,81539,München,2000.0,Non-Bonus,50,EUR,64.96083333333333
2024-01-08,10115,Berlin,1000.0,Bonus,5,EUR,29.87
2024-01-08,10115,Berlin,1000.0,Bonus,32,EUR,34.65
2024-01-08,10115,Berlin,1000.0,Bonus,44,EUR,36.5925
2024-01-08,81539,München,1000.0,Bonus,25,EUR,33.51833333333334
2024-01-08,10115,Berlin,5000.0,Non-Bonus,6,EUR,131.59916666666666
2024-01-08,81539,München,5000.0,Non-Bonus,13,EUR,132.30916666666667
2024-01-08,81539,München,5000.0,Non-Bonus,34,EUR,139.54749999999999
2024-01-08,81539,München,5000.0,Non-Bonus,50,EUR,143.4825
2024-01-08,10115,Berlin,4500.0,Non-Bonus,7,EUR,121.44
2024-01-08,10115,Berlin,4500.0,Non-Bonus,17,EUR,124.515
2024-01-08,10115,Berlin,4500.0,Non-Bonus,33,EUR,130.14416666666668
2024-01-08,81539,München,4500.0,Non-Bonus,9,EUR,119.36166666666666
2024-01-08,81539,München,4500.0,Non-Bonus,20,EUR,122.3125
2024-01-08,10115,Berlin,1500.0,Non-Bonus,4,EUR,44.3425
2024-01-08,10115,Berlin,1500.0,Non-Bonus,21,EUR,49.544999999999995
2024-01-08,10115,Berlin,1500.0,Non-Bonus,28,EUR,50.12916666666666
2024-01-08,10115,Berlin,1500.0,Non-Bonus,34,EUR,50.380833333333335
2024-01-08,10115,Berlin,1500.0,Non-Bonus,35,EUR,50.40083333333333
2024-01-08,10115,Berlin,1500.0,Non-Bonus,45,EUR,51.362500000000004
2024-01-08,81539,München,1500.0,Non-Bonus,31,EUR,49.61666666666667
2024-01-08,81539,München,1500.0,Non-Bonus,50,EUR,51.35
2024-01-08,10115,Berlin,1000.0,Non-Bonus,8,EUR,34.623333333333335
2024-01-08,10115,Berlin,1000.0,Non-Bonus,23,EUR,36.81
2024-01-08,10115,Berlin,1000.0,Non-Bonus,41,EUR,37.835
2024-01-08,81539,München,1000.0,Non-Bonus,6,EUR,33.8275
2024-01-08,81539,München,1000.0,Non-Bonus,8,EUR,34.2125
2024-01-08,10115,Berlin,2000.0,Non-Bonus,36,EUR,63.76916666666667
2024-01-08,10115,Berlin,2000.0,Non-Bonus,50,EUR,65.39166666666667
2024-01-08,81539,München,2000.0,Non-Bonus,13,EUR,59.215833333333336
2024-01-08,81539,München,2000.0,Non-Bonus,16,EUR,59.48333333333333
2024-01-08,81539,München,2000.0,Non-Bonus,26,EUR,60.34833333333333
2024-01-08,81539,München,2000.0,Non-Bonus,32,EUR,62.07833333333334
2024-01-08,81539,München,2000.0,Non-Bonus,49,EUR,64.74083333333333
2024-01-08,10115,Berlin,1000.0,Bonus,12,EUR,31.6525
2024-01-08,81539,München,1000.0,Bonus,4,EUR,29.50583333333333
2024-01-08,81539,München,1000.0,Bonus,38,EUR,34.93333333333333
2024-01-08,81539,München,1000.0,Bonus,42,EUR,35.935833333333335
2024-01-08,81539,München,1000.0,Bonus,46,EUR,36.24916666666667
2024-01-08,10115,Berlin,5000.0,Non-Bonus,1,EUR,105.84333333333332
2024-01-08,81539,München,4500.0,Non-Bonus,16,EUR,120.6225
2024-01-08,81539,München,4500.0,Non-Bonus,21,EUR,122.42583333333333
2024-01-08,81539,München,4500.0,Non-Bonus,34,EUR,126.34416666666668
2024-01-08,81539,München,4500.0,Non-Bonus,48,EUR,130.16583333333332
2024-01-08,10115,Berlin,1500.0,Non-Bonus,3,EUR,42.2425
2024-01-08,10115,Berlin,1500.0,Non-Bonus,48,EUR,51.72083333333333
2024-01-08,81539,München,1500.0,Non-Bonus,24,EUR,48.04666666666666
2024-01-08,81539,München,1500.0,Non-Bonus,27,EUR,49.0925
2024-01-08,81539,München,1500.0,Non-Bonus,44,EUR,51.090833333333336
2024-01-08,10115,Berlin,1000.0,Non-Bonus,49,EUR,38.64666666666667
2024-01-08,81539,München,1000.0,Non-Bonus,13,EUR,34.90083333333333
2024-01-08,10115,Berlin,5000.0,Bonus,2,EUR,105.84333333333332
2024-01-08,10115,Berlin,5000.0,Bonus,14,EUR,123.395
2024-01-08,10115,Berlin,5000.0,Bonus,34,EUR,133.79999999999998
2024-01-08,10115,Berlin,5000.0,Bonus,35,EUR,133.83166666666668
2024-01-08,81539,München,5000.0,Bonus,17,EUR,123.90916666666668
2024-01-08,81539,München,5000.0,Bonus,24,EUR,126.10000000000001
2024-01-08,81539,München,5000.0,Bonus,25,EUR,127.27499999999999
2024-01-08,10115,Berlin,3000.0,Bonus,17,EUR,75.79166666666667
2024-01-08,10115,Berlin,3000.0,Bonus,27,EUR,80.25166666666667
2024-01-08,81539,München,3000.0,Bonus,16,EUR,73.74083333333333
2024-01-08,81539,München,3000.0,Bonus,18,EUR,74.99166666666666
2024-01-08,81539,München,3000.0,Bonus,39,EUR,81.61583333333333
2024-01-08,10115,Berlin,1500.0,Bonus,15,EUR,40.105
2024-01-08,81539,München,1500.0,Bonus,5,EUR,38.6175
2024-01-08,81539,München,1500.0,Bonus,36,EUR,46.465
2024-01-08,81539,München,1500.0,Bonus,47,EUR,47.97
2024-01-08,10115,Berlin,4250.0,Bonus,42,EUR,116.295
2024-01-08,10115,Berlin,4250.0,Bonus,45,EUR,118.0825
2024-01-08,10115,Berlin,3500.0,Bonus,32,EUR,94.20333333333333
2024-01-08,81539,München,3500.0,Bonus,26,EUR,89.47916666666667
2024-01-08,81539,München,3500.0,Bonus,45,EUR,96.77499999999999
2024-01-08,10115,Berlin,2000.0,Bonus,31,EUR,57.715
2024-01-08,81539,München,2000.0,Bonus,17,EUR,52.12166666666667
2024-01-08,81539,München,2000.0,Bonus,20,EUR,52.51666666666667
2024-01-08,81539,München,2000.0,Bonus,24,EUR,54.975
2024-01-08,81539,München,2000.0,Bonus,36,EUR,57.567499999999995
2024-01-08,10115,Berlin,2500.0,Bonus,35,EUR,69.37666666666667
2024-01-08,10115,Berlin,2500.0,Bonus,45,EUR,72.16916666666667
2024-01-08,81539,München,2500.0,Bonus,13,EUR,60.505833333333335
2024-01-08,81539,München,2500.0,Bonus,25,EUR,65.1875
2024-01-08,81539,München,2500.0,Bonus,33,EUR,67.70083333333334
2024-01-08,81539,München,4500.0,Bonus,15,EUR,111.15750000000001
2024-01-08,10115,Berlin,4000.0,Bonus,30,EUR,106.66833333333334
2024-01-08,81539,München,4000.0,Bonus,3,EUR,90.90499999999999
2024-01-08,81539,München,4000.0,Bonus,48,EUR,111.06666666666666
2024-01-08,10115,Berlin,2500.0,Non-Bonus,2,EUR,57.92166666666666
2024-01-08,10115,Berlin,2500.0,Non-Bonus,50,EUR,78.7825
2024-01-08,81539,München,2500.0,Non-Bonus,24,EUR,72.89999999999999
2024-01-08,81539,München,2500.0,Non-Bonus,46,EUR,77.4075
2024-01-08,10115,Berlin,4250.0,Non-Bonus,17,EUR,118.51083333333334
2024-01-08,10115,Berlin,4250.0,Non-Bonus,20,EUR,119.86500000000001
2024-01-08,10115,Berlin,4250.0,Non-Bonus,28,EUR,122.59333333333332
2024-01-08,81539,München,4250.0,Non-Bonus,8,EUR,112.7925
2024-01-08,81539,München,4250.0,Non-Bonus,29,EUR,118.68666666666667
2024-01-08,10115,Berlin,3500.0,Non-Bonus,5,EUR,94.20333333333333
2024-01-08,10115,Berlin,3500.0,Non-Bonus,22,EUR,101.65833333333335
2024-01-08,81539,München,3500.0,Non-Bonus,41,EUR,102.19749999999999
2024-01-08,81539,München,4000.0,Non-Bonus,12,EUR,106.8175
2024-01-08,10115,Berlin,3000.0,Non-Bonus,36,EUR,90.7
2024-01-08,81539,München,3000.0,Non-Bonus,11,EUR,81.61583333333333
2024-01-08,81539,München,3000.0,Non-Bonus,14,EUR,83.255
2024-01-08,81539,München,3000.0,Non-Bonus,25,EUR,85.7
2024-01-08,81539,München,3000.0,Non-Bonus,30,EUR,86.87
2024-01-08,81539,München,5000.0,Bonus,35,EUR,130.48416666666665
2024-01-08,81539,München,5000.0,Bonus,40,EUR,132.68
2024-01-08,81539,München,5000.0,Bonus,47,EUR,134.63833333333335
2024-01-08,81539,München,3000.0,Bonus,49,EUR,85.18333333333334
2024-01-08,81539,München,1500.0,Bonus,6,EUR,38.619166666666665
2024-01-08,81539,München,1500.0,Bonus,28,EUR,43.975833333333334
2024-01-08,81539,München,1500.0,Bonus,34,EUR,45.884166666666665
2024-01-08,81539,München,4250.0,Bonus,18,EUR,106.325
2024-01-08,81539,München,4250.0,Bonus,31,EUR,110.015
2024-01-08,81539,München,4250.0,Bonus,37,EUR,112.97666666666667
2024-01-08,10115,Berlin,3500.0,Bonus,14,EUR,87.40416666666665
2024-01-08,81539,München,3500.0,Bonus,17,EUR,85.65416666666665
2024-01-08,81539,München,3500.0,Bonus,20,EUR,87.77083333333333
2024-01-08,81539,München,3500.0,Bonus,28,EUR,90.24083333333334
2024-01-08,81539,München,2000.0,Bonus,7,EUR,48.7175
2024-01-08,81539,München,2000.0,Bonus,14,EUR,51.28333333333333
2024-01-08,81539,München,2000.0,Bonus,43,EUR,59.48333333333333
2024-01-08,81539,München,2000.0,Bonus,44,EUR,59.653333333333336
2024-01-08,10115,Berlin,4500.0,Bonus,8,EUR,109.30416666666667
2024-01-08,10115,Berlin,4500.0,Bonus,42,EUR,123.02833333333332
2024-01-08,81539,München,4500.0,Bonus,21,EUR,113.20416666666667
2024-01-08,81539,München,4500.0,Bonus,46,EUR,122.00083333333333
2024-01-08,10115,Berlin,4000.0,Bonus,6,EUR,95.44583333333333
2024-01-08,10115,Berlin,4000.0,Bonus,11,EUR,96.48583333333333
2024-01-08,10115,Berlin,4000.0,Bonus,13,EUR,99.02583333333332
2024-01-08,81539,München,4000.0,Bonus,19,EUR,99.8
2024-01-08,81539,München,4000.0,Bonus,20,EUR,100.37083333333334
2024-01-08,81539,München,4000.0,Bonus,29,EUR,102.49166666666667
2024-01-08,10115,Berlin,2500.0,Non-Bonus,10,EUR,70.53916666666667
2024-01-08,10115,Berlin,2500.0,Non-Bonus,48,EUR,78.66
2024-01-08,10115,Berlin,4250.0,Non-Bonus,11,EUR,115.82833333333333
2024-01-08,81539,München,4250.0,Non-Bonus,14,EUR,114.31416666666667
2024-01-08,81539,München,4250.0,Non-Bonus,39,EUR,120.99666666666667
2024-01-08,81539,München,4250.0,Non-Bonus,42,EUR,122.49166666666667
2024-01-08,10115,Berlin,3500.0,Non-Bonus,38,EUR,104.1875
2024-01-08,10115,Berlin,3500.0,Non-Bonus,42,EUR,104.76666666666667
2024-01-08,81539,München,3500.0,Non-Bonus,6,EUR,91.83833333333332
2024-01-08,10115,Berlin,4000.0,Non-Bonus,22,EUR,114.50333333333333
2024-01-08,10115,Berlin,4000.0,Non-Bonus,33,EUR,116.52083333333333
2024-01-08,81539,München,4000.0,Non-Bonus,28,EUR,112.15333333333332
2024-01-08,81539,München,4000.0,Non-Bonus,37,EUR,113.55333333333334
2024-01-08,10115,Berlin,3000.0,Non-Bonus,3,EUR,70.635
2024-01-08,10115,Berlin,3000.0,Non-Bonus,24,EUR,88.9525
2024-01-08,81539,München,3000.0,Non-Bonus,41,EUR,89.5175
2024-01-08,10115,Berlin,5000.0,Bonus,45,EUR,137.27833333333334
2024-01-08,10115,Berlin,5000.0,Bonus,49,EUR,137.9425
2024-01-08,81539,München,5000.0,Bonus,43,EUR,134.08333333333334
2024-01-08,10115,Berlin,3000.0,Bonus,22,EUR,77.70416666666667
2024-01-08,10115,Berlin,3000.0,Bonus,28,EUR,80.32916666666667
2024-01-08,10115,Berlin,3000.0,Bonus,30,EUR,81.03916666666667
2024-01-08,10115,Berlin,3000.0,Bonus,44,EUR,84.78916666666667
2024-01-08,81539,München,3000.0,Bonus,34,EUR,79.79916666666666
2024-01-08,10115,Berlin,4250.0,Bonus,13,EUR,104.87583333333333
2024-01-08,10115,Berlin,4250.0,Bonus,24,EUR,110.60333333333334
2024-01-08,10115,Berlin,4250.0,Bonus,43,EUR,116.34083333333332
2024-01-08,10115,Berlin,4250.0,Bonus,46,EUR,118.09416666666668
2024-01-08,81539,München,4250.0,Bonus,44,EUR,115.65833333333335
2024-01-08,10115,Berlin,3500.0,Bonus,49,EUR,99.20833333333333
2024-01-08,10115,Berlin,3500.0,Bonus,50,EUR,100.29
2024-01-08,81539,München,3500.0,Bonus,8,EUR,83.19333333333334
2024-01-08,81539,München,3500.0,Bonus,11,EUR,84.03833333333334
2024-01-08,81539,München,3500.0,Bonus,18,EUR,87.085
2024-01-08,10115,Berlin,2000.0,Bonus,7,EUR,48.34583333333333
2024-01-08,10115,Berlin,2000.0,Bonus,18,EUR,51.16416666666667
2024-01-08,10115,Berlin,2000.0,Bonus,33,EUR,58.85666666666666
2024-01-08,10115,Berlin,2000.0,Bonus,50,EUR,61.225
2024-01-08,81539,München,2000.0,Bonus,32,EUR,56.525
2024-01-08,10115,Berlin,2500.0,Bonus,43,EUR,71.32333333333334
2024-01-08,81539,München,2500.0,Bonus,23,EUR,64.23416666666667
2024-01-08,81539,München,2500.0,Bonus,24,EUR,64.76166666666667
2024-01-08,10115,Berlin,4500.0,Bonus,36,EUR,122.09416666666668
2024-01-08,10115,Berlin,4000.0,Bonus,14,EUR,99.0425
2024-01-08,10115,Berlin,4000.0,Bonus,31,EUR,106.80333333333334
2024-01-08,10115,Berlin,4000.0,Bonus,43,EUR,110.02999999999999
2024-01-08,10115,Berlin,2500.0,Non-Bonus,31,EUR,76.45416666666667
2024-01-08,10115,Berlin,2500.0,Non-Bonus,35,EUR,76.95416666666667
2024-01-08,10115,Berlin,2500.0,Non-Bonus,47,EUR,78.31666666666666
2024-01-08,81539,München,2500.0,Non-Bonus,29,EUR,73.55166666666666
2024-01-08,10115,Berlin,4250.0,Non-Bonus,7,EUR,115.25083333333333
2024-01-08,10115,Berlin,4250.0,Non-Bonus,40,EUR,124.50916666666666
2024-01-08,10115,Berlin,4250.0,Non-Bonus,45,EUR,125.27833333333332
2024-01-08,10115,Berlin,4250.0,Non-Bonus,50,EUR,125.91416666666667
2024-01-08,81539,München,4250.0,Non-Bonus,22,EUR,116.27583333333332
2024-01-08,10115,Berlin,3500.0,Non-Bonus,3,EUR,80.09916666666668
2024-01-08,10115,Berlin,3500.0,Non-Bonus,23,EUR,101.83916666666666
2024-01-08,10115,Berlin,3500.0,Non-Bonus,39,EUR,104.21
2024-01-08,81539,München,3500.0,Non-Bonus,5,EUR,91.3525
2024-01-08,81539,München,3500.0,Non-Bonus,28,EUR,99.55833333333334
2024-01-08,81539,München,3500.0,Non-Bonus,44,EUR,102.78666666666668
2024-01-08,10115,Berlin,4000.0,Non-Bonus,48,EUR,118.99666666666667
2024-01-08,81539,München,4000.0,Non-Bonus,9,EUR,106.74916666666667
2024-01-08,81539,München,4000.0,Non-Bonus,47,EUR,116.5825
2024-01-08,10115,Berlin,3000.0,Non-Bonus,45,EUR,91.57916666666667
2024-01-08,81539,München,3000.0,Non-Bonus,2,EUR,66.13416666666667
2024-01-08,81539,München,3000.0,Non-Bonus,6,EUR,79.55666666666666
2024-01-08,81539,München,3000.0,Non-Bonus,35,EUR,87.73916666666666
2024-01-08,10115,Berlin,5000.0,Bonus,11,EUR,122.20833333333333
2024-01-08,81539,München,5000.0,Bonus,15,EUR,123.72833333333334
2024-01-08,10115,Berlin,3000.0,Bonus,34,EUR,81.7225
2024-01-08,10115,Berlin,3000.0,Bonus,36,EUR,81.825
2024-01-08,10115,Berlin,3000.0,Bonus,47,EUR,85.9775
2024-01-08,10115,Berlin,1500.0,Bonus,39,EUR,47.218333333333334
2024-01-08,10115,Berlin,1500.0,Bonus,43,EUR,47.5625
2024-01-08,81539,München,1500.0,Bonus,49,EUR,48.04666666666666
2024-01-08,10115,Berlin,4250.0,Bonus,16,EUR,108.91250000000001
2024-01-08,10115,Berlin,4250.0,Bonus,31,EUR,113.53416666666668
2024-01-08,10115,Berlin,4250.0,Bonus,44,EUR,117.95916666666666
2024-01-08,10115,Berlin,4250.0,Bonus,47,EUR,118.51083333333334
2024-01-08,81539,München,4250.0,Bonus,46,EUR,115.96083333333333
2024-01-08,10115,Berlin,2000.0,Bonus,28,EUR,56.807500000000005
2024-01-08,10115,Berlin,2000.0,Bonus,39,EUR,59.620000000000005
2024-01-08,10115,Berlin,2000.0,Bonus,44,EUR,60.47416666666667
2024-01-08,81539,München,2000.0,Bonus,21,EUR,53.415
2024-01-08,10115,Berlin,2500.0,Bonus,15,EUR,62.02
2024-01-08,81539,München,2500.0,Bonus,16,EUR,62.00416666666666
2024-01-08,81539,München,2500.0,Bonus,19,EUR,62.501666666666665
2024-01-08,81539,München,2500.0,Bonus,46,EUR,71.96666666666667
2024-01-08,10115,Berlin,4500.0,Bonus,20,EUR,116.01833333333333
2024-01-08,10115,Berlin,4500.0,Bonus,38,EUR,122.65083333333332
2024-01-08,10115,Berlin,4500.0,Bonus,45,EUR,124.39
2024-01-08,81539,München,4500.0,Bonus,34,EUR,117.07
2024-01-08,10115,Berlin,4000.0,Bonus,24,EUR,104.64916666666666
2024-01-08,81539,München,4000.0,Bonus,10,EUR,95.39999999999999
2024-01-08,81539,München,4000.0,Bonus,27,EUR,102.35083333333334
2024-01-08,81539,München,4000.0,Bonus,43,EUR,109.27999999999999
2024-01-08,81539,München,4000.0,Bonus,45,EUR,109.41666666666667
2024-01-08,10115,Berlin,2500.0,Non-Bonus,18,EUR,73.385
2024-01-08,10115,Berlin,2500.0,Non-Bonus,37,EUR,77.02499999999999
2024-01-08,81539,München,2500.0,Non-Bonus,22,EUR,72.20833333333333
2024-01-08,81539,München,2500.0,Non-Bonus,42,EUR,76.4725
2024-01-08,10115,Berlin,4250.0,Non-Bonus,22,EUR,120.98333333333333
2024-01-08,10115,Berlin,4250.0,Non-Bonus,26,EUR,122.33333333333333
2024-01-08,81539,München,4250.0,Non-Bonus,10,EUR,113.0125
2024-01-08,10115,Berlin,3500.0,Non-Bonus,27,EUR,102.63916666666667
2024-01-08,10115,Berlin,3500.0,Non-Bonus,35,EUR,103.57083333333333
2024-01-08,10115,Berlin,4000.0,Non-Bonus,12,EUR,109.4225
2024-01-08,10115,Berlin,4000.0,Non-Bonus,14,EUR,111.34166666666665
2024-01-08,10115,Berlin,3000.0,Non-Bonus,17,EUR,85.99000000000001
2024-01-08,81539,München,3000.0,Non-Bonus,47,EUR,90.325
2024-01-08,81539,München,5000.0,Bonus,18,EUR,124.36833333333334
2024-01-08,81539,München,5000.0,Bonus,34,EUR,130.04166666666666
2024-01-08,81539,München,5000.0,Bonus,46,EUR,134.45833333333334
2024-01-08,10115,Berlin,3000.0,Bonus,12,EUR,72.8975
2024-01-08,10115,Berlin,3000.0,Bonus,29,EUR,80.97666666666667
2024-01-08,81539,München,3000.0,Bonus,30,EUR,79.24416666666666
2024-01-08,81539,München,1500.0,Bonus,7,EUR,38.6275
2024-01-08,81539,München,1500.0,Bonus,23,EUR,43.09583333333333
2024-01-08,81539,München,1500.0,Bonus,35,EUR,46.17583333333334
2024-01-08,81539,München,1500.0,Bonus,39,EUR,46.82
2024-01-08,10115,Berlin,4250.0,Bonus,29,EUR,112.90166666666666
2024-01-08,10115,Berlin,4250.0,Bonus,40,EUR,116.10000000000001
2024-01-08,10115,Berlin,3500.0,Bonus,38,EUR,95.61500000000001
2024-01-08,81539,München,3500.0,Bonus,47,EUR,97.3175
2024-01-08,81539,München,2000.0,Bonus,22,EUR,53.915
2024-01-08,81539,München,2000.0,Bonus,38,EUR,58.72833333333333
2024-01-08,81539,München,2000.0,Bonus,41,EUR,59.215833333333336
2024-01-08,10115,Berlin,2500.0,Bonus,41,EUR,70.53916666666667
2024-01-08,81539,München,2500.0,Bonus,22,EUR,64.1225
2024-01-08,10115,Berlin,4500.0,Bonus,5,EUR,106.77166666666666
2024-01-08,10115,Berlin,4500.0,Bonus,13,EUR,110.6225
2024-01-08,10115,Berlin,4500.0,Bonus,32,EUR,121.39333333333333
2024-01-08,10115,Berlin,4500.0,Bonus,39,EUR,122.85916666666667
2024-01-08,10115,Berlin,4500.0,Bonus,41,EUR,122.955
2024-01-08,81539,München,4500.0,Bonus,9,EUR,107.3925
2024-01-08,81539,München,4500.0,Bonus,13,EUR,110.02916666666665
2024-01-08,81539,München,4500.0,Bonus,31,EUR,115.69749999999999
2024-01-08,81539,München,4500.0,Bonus,39,EUR,120.04583333333333
2024-01-08,10115,Berlin,2500.0,Non-Bonus,24,EUR,75.52833333333334
2024-01-08,10115,Berlin,2500.0,Non-Bonus,39,EUR,77.57333333333334
2024-01-08,81539,München,4250.0,Non-Bonus,13,EUR,113.91416666666667
2024-01-08,81539,München,4250.0,Non-Bonus,21,EUR,116.2675
2024-01-08,81539,München,3500.0,Non-Bonus,18,EUR,96.77499999999999
2024-01-08,81539,München,3500.0,Non-Bonus,42,EUR,102.48666666666666
2024-01-08,10115,Berlin,4000.0,Non-Bonus,25,EUR,115.28166666666668
2024-01-08,10115,Berlin,4000.0,Non-Bonus,37,EUR,117.22000000000001
2024-01-08,81539,München,4000.0,Non-Bonus,3,EUR,90.90499999999999
2024-01-08,81539,München,4000.0,Non-Bonus,22,EUR,109.97416666666668
2024-01-08,10115,Berlin,3000.0,Non-Bonus,1,EUR,67.28
2024-01-08,81539,München,3000.0,Non-Bonus,22,EUR,84.7625
2024-01-08,81539,München,3000.0,Non-Bonus,28,EUR,86.73416666666667
2024-01-08,10115,Berlin,5000.0,Bonus,4,EUR,119.9525
2024-01-08,10115,Berlin,5000.0,Bonus,19,EUR,128.19416666666666
2024-01-08,81539,München,5000.0,Bonus,30,EUR,127.75
2024-01-08,10115,Berlin,4250.0,Bonus,33,EUR,114.415
2024-01-08,10115,Berlin,4250.0,Bonus,35,EUR,115.25083333333333
2024-01-08,81539,München,4250.0,Bonus,25,EUR,108.12833333333333
2024-01-08,10115,Berlin,3500.0,Bonus,12,EUR,85.78250000000001
2024-01-08,10115,Berlin,3500.0,Bonus,35,EUR,94.70083333333334
2024-01-08,10115,Berlin,2000.0,Bonus,30,EUR,57.4475
2024-01-08,10115,Berlin,2000.0,Bonus,34,EUR,59.20583333333334
2024-01-08,10115,Berlin,2000.0,Bonus,48,EUR,61.12916666666666
2024-01-08,10115,Berlin,2000.0,Bonus,49,EUR,61.13999999999999
2024-01-08,10115,Berlin,2500.0,Bonus,19,EUR,63.14666666666667
2024-01-08,10115,Berlin,2500.0,Bonus,40,EUR,70.35916666666667
2024-01-08,10115,Berlin,2500.0,Bonus,42,EUR,70.53916666666667
2024-01-08,81539,München,2500.0,Bonus,42,EUR,70.85083333333334
2024-01-08,81539,München,2500.0,Bonus,50,EUR,73.00833333333334
2024-01-08,10115,Berlin,4500.0,Bonus,26,EUR,117.92916666666667
2024-01-08,10115,Berlin,4500.0,Bonus,28,EUR,119.13416666666666
2024-01-08,10115,Berlin,4500.0,Bonus,43,EUR,123.18833333333333
2024-01-08,10115,Berlin,4000.0,Bonus,27,EUR,105.585
2024-01-08,81539,München,4000.0,Bonus,12,EUR,96.17
2024-01-08,81539,München,4000.0,Bonus,18,EUR,99.64666666666666
2024-01-08,81539,München,4000.0,Bonus,49,EUR,111.08333333333333
2024-01-08,10115,Berlin,2500.0,Non-Bonus,28,EUR,75.80083333333333
2024-01-08,10115,Berlin,2500.0,Non-Bonus,45,EUR,77.92333333333333
2024-01-08,81539,München,2500.0,Non-Bonus,12,EUR,69.875
2024-01-08,81539,München,2500.0,Non-Bonus,13,EUR,69.88916666666667
2024-01-08,10115,Berlin,4250.0,Non-Bonus,38,EUR,124.1225
2024-01-08,81539,München,4250.0,Non-Bonus,7,EUR,111.96916666666668
2024-01-08,10115,Berlin,3500.0,Non-Bonus,8,EUR,95.99166666666667
2024-01-08,10115,Berlin,3500.0,Non-Bonus,10,EUR,96.64583333333333
2024-01-08,10115,Berlin,3500.0,Non-Bonus,45,EUR,105.18916666666667
2024-01-08,81539,München,3500.0,Non-Bonus,25,EUR,98.39166666666667
2024-01-08,81539,München,3500.0,Non-Bonus,39,EUR,101.90249999999999
2024-01-08,10115,Berlin,4000.0,Non-Bonus,23,EUR,114.60166666666667
2024-01-08,10115,Berlin,4000.0,Non-Bonus,29,EUR,116.16333333333334
2024-01-08,10115,Berlin,4000.0,Non-Bonus,44,EUR,118.52166666666666
2024-01-08,81539,München,4000.0,Non-Bonus,2,EUR,84.56833333333334
2024-01-08,81539,München,4000.0,Non-Bonus,38,EUR,113.72333333333334
2024-01-08,10115,Berlin,3000.0,Non-Bonus,6,EUR,81.73833333333333
2024-01-08,81539,München,3000.0,Non-Bonus,7,EUR,79.84916666666668
2024-01-08,81539,München,3000.0,Non-Bonus,29,EUR,86.75416666666666
2024-01-08,81539,München,5000.0,Bonus,22,EUR,125.64416666666666
2024-01-08,10115,Berlin,3000.0,Bonus,8,EUR,72.79
2024-01-08,10115,Berlin,3000.0,Bonus,13,EUR,72.90833333333333
2024-01-08,10115,Berlin,3000.0,Bonus,46,EUR,85.80416666666667
2024-01-08,10115,Berlin,3000.0,Bonus,49,EUR,86.29666666666667
2024-01-08,81539,München,3000.0,Bonus,9,EUR,70.97500000000001
2024-01-08,81539,München,3000.0,Bonus,12,EUR,70.99
2024-01-08,81539,München,3000.0,Bonus,35,EUR,79.84916666666668
2024-01-08,81539,München,1500.0,Bonus,2,EUR,37.41583333333333
2024-01-08,81539,München,4250.0,Bonus,17,EUR,105.8275
2024-01-08,81539,München,4250.0,Bonus,21,EUR,106.91916666666667
2024-01-08,81539,München,4250.0,Bonus,30,EUR,109.87166666666667
2024-01-08,10115,Berlin,3500.0,Bonus,28,EUR,93.06333333333333
2024-01-08,10115,Berlin,3500.0,Bonus,41,EUR,96.66916666666667
2024-01-08,81539,München,3500.0,Bonus,15,EUR,85.515
2024-01-08,81539,München,3500.0,Bonus,37,EUR,93.1025
2024-01-08,10115,Berlin,2000.0,Bonus,14,EUR,49.88333333333333
2024-01-08,10115,Berlin,4500.0,Bonus,14,EUR,111.12833333333333
2024-01-08,81539,München,4500.0,Bonus,2,EUR,93.62333333333333
2024-01-08,81539,München,4500.0,Bonus,26,EUR,114.48833333333333
2024-01-08,81539,München,4500.0,Bonus,32,EUR,115.71749999999999
2024-01-08,10115,Berlin,2500.0,Non-Bonus,3,EUR,61.17083333333333
2024-01-08,10115,Berlin,2500.0,Non-Bonus,42,EUR,77.73666666666666
2024-01-08,81539,München,2500.0,Non-Bonus,32,EUR,74.36749999999999
2024-01-08,81539,München,2500.0,Non-Bonus,37,EUR,75.11916666666666
2024-01-08,10115,Berlin,4250.0,Non-Bonus,33,EUR,123.40249999999999
2024-01-08,10115,Berlin,3500.0,Non-Bonus,13,EUR,97.41000000000001
2024-01-08,81539,München,3500.0,Non-Bonus,14,EUR,95.51833333333333
2024-01-08,81539,München,3500.0,Non-Bonus,47,EUR,103.19749999999999
2024-01-08,10115,Berlin,4000.0,Non-Bonus,45,EUR,118.66416666666667
2024-01-08,81539,München,4000.0,Non-Bonus,30,EUR,112.74583333333334
2024-01-08,10115,Berlin,3000.0,Non-Bonus,37,EUR,90.825
2024-01-08,10115,Berlin,3000.0,Non-Bonus,40,EUR,91.37916666666666
2024-01-08,81539,München,3000.0,Non-Bonus,38,EUR,88.9525
2024-01-08,10115,Berlin,5000.0,Bonus,41,EUR,136.69833333333335
2024-01-08,81539,München,5000.0,Bonus,26,EUR,127.35000000000001
2024-01-08,81539,München,5000.0,Bonus,50,EUR,137.19666666666666
2024-01-08,10115,Berlin,3000.0,Bonus,10,EUR,72.87583333333333
2024-01-08,81539,München,3000.0,Bonus,42,EUR,83.255
2024-01-08,10115,Berlin,1500.0,Bonus,33,EUR,46.585
2024-01-08,10115,Berlin,1500.0,Bonus,35,EUR,46.62833333333333
2024-01-08,10115,Berlin,1500.0,Bonus,36,EUR,46.718333333333334
2024-01-08,10115,Berlin,1500.0,Bonus,41,EUR,47.4575
2024-01-08,81539,München,1500.0,Bonus,19,EUR,42.737500000000004
2024-01-08,81539,München,1500.0,Bonus,25,EUR,43.711666666666666
2024-01-08,81539,München,1500.0,Bonus,40,EUR,46.82583333333333
2024-01-08,81539,München,1500.0,Bonus,41,EUR,46.884166666666665
2024-01-08,10115,Berlin,4250.0,Bonus,2,EUR,91.46666666666665
2024-01-08,10115,Berlin,3500.0,Bonus,17,EUR,88.67
2024-01-08,10115,Berlin,3500.0,Bonus,42,EUR,96.66916666666667
2024-01-08,81539,München,3500.0,Bonus,9,EUR,84.01666666666667
2024-01-08,10115,Berlin,2000.0,Bonus,11,EUR,48.47
2024-01-08,81539,München,2000.0,Bonus,49,EUR,60.31666666666666
2024-01-08,81539,München,2500.0,Bonus,7,EUR,58.94833333333333
2024-01-08,81539,München,2500.0,Bonus,21,EUR,63.875
2024-01-08,10115,Berlin,4500.0,Bonus,29,EUR,119.66833333333334
2024-01-08,10115,Berlin,4500.0,Bonus,33,EUR,121.40833333333335
2024-01-08,81539,München,4500.0,Bonus,27,EUR,114.5475
2024-01-08,10115,Berlin,4000.0,Bonus,15,EUR,102.15083333333332
2024-01-08,10115,Berlin,4000.0,Bonus,26,EUR,105.20583333333333
2024-01-08,81539,München,4000.0,Bonus,37,EUR,106.74916666666667
2024-01-08,10115,Berlin,2500.0,Non-Bonus,26,EUR,75.635
2024-01-08,10115,Berlin,3500.0,Non-Bonus,16,EUR,98.66583333333334
2024-01-08,10115,Berlin,3500.0,Non-Bonus,30,EUR,102.70916666666666
2024-01-08,10115,Berlin,3500.0,Non-Bonus,32,EUR,102.8975
2024-01-08,81539,München,3500.0,Non-Bonus,24,EUR,98.18666666666667
2024-01-08,10115,Berlin,4000.0,Non-Bonus,24,EUR,114.85333333333334
2024-01-08,10115,Berlin,4000.0,Non-Bonus,42,EUR,118.26166666666667
2024-01-08,81539,München,4000.0,Non-Bonus,14,EUR,108.08083333333333
2024-01-08,10115,Berlin,3000.0,Non-Bonus,2,EUR,67.50583333333334
2024-01-08,81539,München,3000.0,Non-Bonus,8,EUR,80.20416666666667
2024-01-08,81539,München,3000.0,Non-Bonus,45,EUR,90.21166666666666
2024-01-08,10115,Berlin,5000.0,Bonus,21,EUR,128.9125
2024-01-08,81539,München,5000.0,Bonus,13,EUR,122.28583333333334
2024-01-08,81539,München,5000.0,Bonus,37,EUR,130.7675
2024-01-08,10115,Berlin,3000.0,Bonus,35,EUR,81.73833333333333
2024-01-08,81539,München,3000.0,Bonus,10,EUR,70.98333333333333
2024-01-08,81539,München,3000.0,Bonus,14,EUR,73.3425
2024-01-08,81539,München,3000.0,Bonus,19,EUR,75.06916666666667
2024-01-08,81539,München,3000.0,Bonus,25,EUR,77.75166666666667
2024-01-08,10115,Berlin,1500.0,Bonus,20,EUR,43.33916666666667
2024-01-08,10115,Berlin,1500.0,Bonus,40,EUR,47.42583333333334
2024-01-08,10115,Berlin,4250.0,Bonus,23,EUR,110.60166666666667
2024-01-08,81539,München,4250.0,Bonus,33,EUR,110.47500000000001
2024-01-08,10115,Berlin,3500.0,Bonus,9,EUR,84.38916666666667
2024-01-08,10115,Berlin,3500.0,Bonus,45,EUR,98.22500000000001
2024-01-08,81539,München,2000.0,Bonus,40,EUR,58.8675
2024-01-08,10115,Berlin,2500.0,Bonus,10,EUR,60.49666666666667
2024-01-08,81539,München,2500.0,Bonus,5,EUR,58.935
2024-01-08,81539,München,2500.0,Bonus,26,EUR,65.24583333333334
2024-01-08,10115,Berlin,4500.0,Bonus,25,EUR,117.13666666666667
2024-01-08,81539,München,4500.0,Bonus,11,EUR,107.40916666666668
2024-01-08,81539,München,4500.0,Bonus,29,EUR,115.53750000000001
2024-01-08,10115,Berlin,4000.0,Bonus,41,EUR,109.40166666666666
2024-01-08,81539,München,4000.0,Bonus,31,EUR,102.945
2024-01-08,81539,München,4000.0,Bonus,46,EUR,109.43333333333334
2024-01-08,81539,München,2500.0,Non-Bonus,20,EUR,72.15666666666667
2024-01-08,10115,Berlin,4250.0,Non-Bonus,19,EUR,119.57
2024-01-08,81539,München,4250.0,Non-Bonus,11,EUR,113.0225
2024-01-08,81539,München,4250.0,Non-Bonus,12,EUR,113.82583333333334
2024-01-08,81539,München,4250.0,Non-Bonus,18,EUR,115.65833333333335
2024-01-08,81539,München,4250.0,Non-Bonus,26,EUR,117.69333333333333
2024-01-08,81539,München,3500.0,Non-Bonus,50,EUR,103.52416666666666
2024-01-08,10115,Berlin,4000.0,Non-Bonus,16,EUR,111.67333333333333
2024-01-08,10115,Berlin,4000.0,Non-Bonus,18,EUR,112.12
2024-01-08,81539,München,4000.0,Non-Bonus,10,EUR,106.8
2024-01-08,10115,Berlin,3000.0,Non-Bonus,29,EUR,89.27416666666666
2024-01-08,10115,Berlin,5000.0,Bonus,33,EUR,133.72666666666666
2024-01-08,81539,München,5000.0,Bonus,27,EUR,127.44166666666666
2024-01-08,81539,München,5000.0,Bonus,36,EUR,130.69916666666668
2024-01-08,10115,Berlin,3000.0,Bonus,6,EUR,72.72916666666667
2024-01-08,10115,Berlin,3000.0,Bonus,39,EUR,83.07833333333333
2024-01-08,10115,Berlin,3000.0,Bonus,50,EUR,87.24000000000001
2024-01-08,10115,Berlin,1500.0,Bonus,18,EUR,43.04583333333333
2024-01-08,10115,Berlin,1500.0,Bonus,23,EUR,44.3425
2024-01-08,81539,München,1500.0,Bonus,10,EUR,38.645
2024-01-08,10115,Berlin,4250.0,Bonus,14,EUR,104.8925
2024-01-08,10115,Berlin,4250.0,Bonus,26,EUR,111.92916666666667
2024-01-08,81539,München,4250.0,Bonus,20,EUR,106.7525
2024-01-08,81539,München,4250.0,Bonus,32,EUR,110.3625
2024-01-08,10115,Berlin,3500.0,Bonus,11,EUR,84.47916666666667
2024-01-08,81539,München,3500.0,Bonus,19,EUR,87.11333333333333
2024-01-08,81539,München,3500.0,Bonus,40,EUR,94.8175
2024-01-08,10115,Berlin,2000.0,Bonus,9,EUR,48.43333333333334
2024-01-08,81539,München,2000.0,Bonus,15,EUR,51.288333333333334
2024-01-08,81539,München,2000.0,Bonus,19,EUR,52.36000000000001
2024-01-08,81539,München,2000.0,Bonus,25,EUR,54.994166666666665
2024-01-08,10115,Berlin,2500.0,Bonus,1,EUR,57.270833333333336
2024-01-08,10115,Berlin,2500.0,Bonus,6,EUR,60.36416666666667
2024-01-08,10115,Berlin,2500.0,Bonus,23,EUR,66.25666666666667
2024-01-08,10115,Berlin,2500.0,Bonus,50,EUR,74.19
2024-01-08,81539,München,2500.0,Bonus,20,EUR,62.51833333333334
2024-01-08,10115,Berlin,4500.0,Bonus,6,EUR,109.28416666666668
2024-01-08,10115,Berlin,4500.0,Bonus,22,EUR,116.42166666666667
2024-01-08,10115,Berlin,4500.0,Bonus,27,EUR,118.10583333333334
2024-01-08,81539,München,4500.0,Bonus,47,EUR,122.3125
2024-01-08,10115,Berlin,4000.0,Bonus,10,EUR,96.47000000000001
2024-01-08,10115,Berlin,4000.0,Bonus,28,EUR,105.58916666666666
2024-01-08,10115,Berlin,4000.0,Bonus,33,EUR,107.4425
2024-01-08,81539,München,4000.0,Bonus,1,EUR,81.56833333333334
2024-01-08,81539,München,2500.0,Non-Bonus,5,EUR,67.70083333333334
2024-01-08,81539,München,2500.0,Non-Bonus,19,EUR,71.96666666666667
2024-01-08,10115,Berlin,4250.0,Non-Bonus,34,EUR,123.53083333333332
2024-01-08,10115,Berlin,4250.0,Non-Bonus,39,EUR,124.41916666666667
2024-01-08,81539,München,4250.0,Non-Bonus,38,EUR,120.485
2024-01-08,10115,Berlin,3500.0,Non-Bonus,34,EUR,103.56833333333333
2024-01-08,10115,Berlin,4000.0,Non-Bonus,4,EUR,104.93833333333333
2024-01-08,10115,Berlin,4000.0,Non-Bonus,9,EUR,109.03333333333335
2024-01-08,81539,München,4000.0,Non-Bonus,29,EUR,112.27999999999999
2024-01-08,81539,München,4000.0,Non-Bonus,32,EUR,113.14083333333333
2024-01-08,81539,München,4000.0,Non-Bonus,33,EUR,113.1475
2024-01-08,10115,Berlin,3000.0,Non-Bonus,14,EUR,85.23333333333333
2024-01-08,10115,Berlin,3000.0,Non-Bonus,26,EUR,89.16000000000001
2024-01-08,10115,Berlin,3000.0,Non-Bonus,49,EUR,92.02166666666666
2024-01-08,81539,München,3000.0,Non-Bonus,39,EUR,89.30083333333333
2024-01-08,81539,München,3000.0,Non-Bonus,40,EUR,89.335
2024-01-08,10115,Berlin,5000.0,Bonus,6,EUR,121.91250000000001
2024-01-08,81539,München,5000.0,Bonus,8,EUR,118.61500000000001
2024-01-08,10115,Berlin,3000.0,Bonus,15,EUR,75.52
2024-01-08,10115,Berlin,3000.0,Bonus,43,EUR,84.62333333333333
2024-01-08,81539,München,3000.0,Bonus,3,EUR,66.13416666666667
2024-01-08,10115,Berlin,1500.0,Bonus,45,EUR,47.70333333333334
2024-01-08,10115,Berlin,1500.0,Bonus,50,EUR,48.958333333333336
2024-01-08,81539,München,1500.0,Bonus,24,EUR,43.23
2024-01-08,10115,Berlin,4250.0,Bonus,8,EUR,102.3775
2024-01-08,10115,Berlin,4250.0,Bonus,37,EUR,115.415
2024-01-08,10115,Berlin,4250.0,Bonus,49,EUR,118.57583333333334
2024-01-08,81539,München,4250.0,Bonus,6,EUR,101.16250000000001
2024-01-08,81539,München,4250.0,Bonus,7,EUR,101.16666666666667
2024-01-08,81539,München,4250.0,Bonus,42,EUR,114.31416666666667
2024-01-08,10115,Berlin,3500.0,Bonus,6,EUR,84.17083333333333
2024-01-08,10115,Berlin,3500.0,Bonus,10,EUR,84.39583333333333
2024-01-08,10115,Berlin,3500.0,Bonus,25,EUR,92.1325
2024-01-08,10115,Berlin,2000.0,Bonus,23,EUR,54.30083333333334
2024-01-08,81539,München,2500.0,Bonus,32,EUR,67.70083333333334
2024-01-08,81539,München,2500.0,Bonus,39,EUR,69.0425
2024-01-08,10115,Berlin,4500.0,Bonus,30,EUR,119.675
2024-01-08,81539,München,4500.0,Bonus,10,EUR,107.40833333333335
2024-01-08,81539,München,4500.0,Bonus,12,EUR,107.75583333333333
2024-01-08,81539,München,4000.0,Bonus,24,EUR,101.9525
2024-01-08,81539,München,4000.0,Bonus,28,EUR,102.36083333333333
2024-01-08,10115,Berlin,2500.0,Non-Bonus,25,EUR,75.63166666666667
2024-01-08,81539,München,2500.0,Non-Bonus,8,EUR,68.09583333333333
2024-01-08,81539,München,2500.0,Non-Bonus,17,EUR,71.4175
2024-01-08,10115,Berlin,4250.0,Non-Bonus,36,EUR,123.90666666666668
2024-01-08,81539,München,4250.0,Non-Bonus,24,EUR,117.42916666666667
2024-01-08,81539,München,4250.0,Non-Bonus,36,EUR,120.11166666666666
2024-01-08,10115,Berlin,3500.0,Non-Bonus,49,EUR,105.27166666666666
2024-01-08,81539,München,3500.0,Non-Bonus,12,EUR,94.8175
2024-01-08,81539,München,3500.0,Non-Bonus,26,EUR,98.40416666666665
2024-01-08,81539,München,3500.0,Non-Bonus,32,EUR,99.9375
2024-01-08,81539,München,3500.0,Non-Bonus,33,EUR,99.9575
2024-01-08,81539,München,3500.0,Non-Bonus,34,EUR,100.26333333333334
2024-01-08,81539,München,3500.0,Non-Bonus,35,EUR,100.43666666666667
2024-01-08,10115,Berlin,4000.0,Non-Bonus,3,EUR,93.205
2024-01-08,10115,Berlin,4000.0,Non-Bonus,32,EUR,116.50083333333333
2024-01-08,81539,München,4000.0,Non-Bonus,19,EUR,109.43333333333334
2024-01-08,10115,Berlin,5000.0,Bonus,16,EUR,127.5475
2024-01-08,10115,Berlin,5000.0,Bonus,18,EUR,127.61833333333334
2024-01-08,10115,Berlin,5000.0,Bonus,23,EUR,129.07500000000002
2024-01-08,10115,Berlin,5000.0,Bonus,24,EUR,129.32666666666668
2024-01-08,81539,München,5000.0,Bonus,1,EUR,98.92083333333333
2024-01-08,81539,München,5000.0,Bonus,9,EUR,118.625
2024-01-08,10115,Berlin,3000.0,Bonus,26,EUR,79.55166666666666
2024-01-08,81539,München,3000.0,Bonus,41,EUR,82.83416666666666
2024-01-08,10115,Berlin,1500.0,Bonus,38,EUR,47.119166666666665
2024-01-08,10115,Berlin,1500.0,Bonus,42,EUR,47.465
2024-01-08,10115,Berlin,4250.0,Bonus,7,EUR,102.37
2024-01-08,10115,Berlin,4250.0,Bonus,9,EUR,102.515
2024-01-08,10115,Berlin,4250.0,Bonus,15,EUR,108.17750000000001
2024-01-08,10115,Berlin,3500.0,Bonus,8,EUR,84.33416666666666
2024-01-08,10115,Berlin,3500.0,Bonus,13,EUR,87.39833333333333
2024-01-08,81539,München,3500.0,Bonus,21,EUR,87.78833333333334
2024-01-08,81539,München,3500.0,Bonus,31,EUR,91.3525
2024-01-08,81539,München,3500.0,Bonus,38,EUR,94.26583333333333
2024-01-08,81539,München,3500.0,Bonus,44,EUR,96.72583333333334
2024-01-08,81539,München,2000.0,Bonus,1,EUR,45.862500000000004
2024-01-08,81539,München,2000.0,Bonus,8,EUR,48.72083333333333
2024-01-08,81539,München,2000.0,Bonus,9,EUR,48.7475
2024-01-08,81539,München,2000.0,Bonus,18,EUR,52.35
2024-01-08,10115,Berlin,2500.0,Bonus,22,EUR,65.47166666666666
2024-01-08,10115,Berlin,2500.0,Bonus,38,EUR,70.17833333333333
2024-01-08,81539,München,4000.0,Bonus,11,EUR,95.43
2024-01-08,81539,München,4000.0,Bonus,17,EUR,99.63333333333333
2024-01-08,81539,München,4000.0,Bonus,42,EUR,108.08083333333333
2024-01-08,81539,München,2500.0,Non-Bonus,25,EUR,72.95333333333333
2024-01-08,10115,Berlin,4250.0,Non-Bonus,5,EUR,112.90166666666666
2024-01-08,10115,Berlin,4250.0,Non-Bonus,27,EUR,122.42083333333333
2024-01-08,10115,Berlin,3500.0,Non-Bonus,46,EUR,105.19583333333333
2024-01-08,81539,München,3500.0,Non-Bonus,38,EUR,101.29166666666667
2024-01-08,81539,München,3500.0,Non-Bonus,43,EUR,102.74833333333333
2024-01-08,81539,München,4000.0,Non-Bonus,5,EUR,102.85583333333334
2024-01-08,10115,Berlin,3000.0,Non-Bonus,8,EUR,82.45916666666666
2024-01-08,10115,Berlin,3000.0,Non-Bonus,15,EUR,85.80416666666667
2024-01-08,10115,Berlin,3000.0,Non-Bonus,23,EUR,88.91583333333334
2024-01-08,10115,Berlin,3000.0,Non-Bonus,46,EUR,91.69416666666666
2024-01-08,10115,Berlin,3000.0,Non-Bonus,47,EUR,91.72916666666667
2024-01-08,81539,München,3000.0,Non-Bonus,20,EUR,84.49
2024-01-08,81539,München,5000.0,Bonus,42,EUR,133.42416666666665
2024-01-08,10115,Berlin,3000.0,Bonus,7,EUR,72.74166666666666
2024-01-08,10115,Berlin,3000.0,Bonus,23,EUR,78.36083333333333
2024-01-08,10115,Berlin,3000.0,Bonus,41,EUR,83.515
2024-01-08,81539,München,3000.0,Bonus,32,EUR,79.4425
2024-01-08,81539,München,3000.0,Bonus,47,EUR,84.7625
2024-01-08,10115,Berlin,1500.0,Bonus,17,EUR,42.362500000000004
2024-01-08,10115,Berlin,4250.0,Bonus,10,EUR,102.53333333333335
2024-01-08,10115,Berlin,4250.0,Bonus,12,EUR,104.6825
2024-01-08,81539,München,4250.0,Bonus,4,EUR,97.67916666666667
2024-01-08,81539,München,4250.0,Bonus,23,EUR,107.65583333333332
2024-01-08,81539,München,4250.0,Bonus,34,EUR,111.4925
2024-01-08,81539,München,4250.0,Bonus,47,EUR,116.14916666666666
2024-01-08,81539,München,3500.0,Bonus,12,EUR,84.80416666666666
2024-01-08,81539,München,3500.0,Bonus,29,EUR,90.59083333333332
2024-01-08,10115,Berlin,2000.0,Bonus,1,EUR,47.1025
2024-01-08,81539,München,2000.0,Bonus,34,EUR,56.61416666666667
2024-01-08,10115,Berlin,2500.0,Bonus,30,EUR,67.94916666666667
2024-01-08,10115,Berlin,2500.0,Bonus,31,EUR,68.11583333333333
2024-01-08,10115,Berlin,2500.0,Bonus,33,EUR,69.2725
2024-01-08,81539,München,2500.0,Bonus,4,EUR,57.682500000000005
2024-01-08,81539,München,4500.0,Bonus,7,EUR,106.85166666666667
2024-01-08,81539,München,4500.0,Bonus,37,EUR,119.36166666666666
2024-01-08,81539,München,4000.0,Bonus,6,EUR,95.28916666666667
2024-01-08,81539,München,4000.0,Bonus,32,EUR,103.65583333333332
2024-01-08,81539,München,4000.0,Bonus,38,EUR,106.7625
2024-01-08,81539,München,4000.0,Bonus,47,EUR,109.87166666666667
2024-01-08,10115,Berlin,2500.0,Non-Bonus,20,EUR,74.19
2024-01-08,10115,Berlin,2500.0,Non-Bonus,27,EUR,75.65166666666667
2024-01-08,81539,München,2500.0,Non-Bonus,38,EUR,75.57000000000001
2024-01-08,81539,München,4250.0,Non-Bonus,25,EUR,117.53166666666668
2024-01-08,81539,München,4250.0,Non-Bonus,40,EUR,121.49166666666667
2024-01-08,81539,München,3500.0,Non-Bonus,11,EUR,94.30250000000001
2024-01-08,10115,Berlin,4000.0,Non-Bonus,20,EUR,113.44666666666666
2024-01-08,10115,Berlin,4000.0,Non-Bonus,31,EUR,116.22333333333334
2024-01-08,10115,Berlin,4000.0,Non-Bonus,47,EUR,118.96666666666665
2024-01-08,81539,München,4000.0,Non-Bonus,7,EUR,105.6325
2024-01-08,81539,München,4000.0,Non-Bonus,35,EUR,113.24833333333333
2024-01-08,81539,München,3000.0,Non-Bonus,46,EUR,90.31166666666667
2024-01-08,10115,Berlin,5000.0,Bonus,10,EUR,122.2025
2024-01-08,10115,Berlin,5000.0,Bonus,25,EUR,129.44166666666666
2024-01-08,10115,Berlin,5000.0,Bonus,37,EUR,135.27083333333334
2024-01-08,10115,Berlin,5000.0,Bonus,42,EUR,136.975
2024-01-08,10115,Berlin,3000.0,Bonus,48,EUR,85.99000000000001
2024-01-08,81539,München,3000.0,Bonus,13,EUR,72.88416666666667
2024-01-08,81539,München,3000.0,Bonus,29,EUR,78.83083333333333
2024-01-08,81539,München,1500.0,Bonus,21,EUR,42.83083333333334
2024-01-08,10115,Berlin,4250.0,Bonus,18,EUR,108.95583333333333
2024-01-08,10115,Berlin,4250.0,Bonus,20,EUR,109.36416666666666
2024-01-08,81539,München,4250.0,Bonus,38,EUR,113.0225
2024-01-08,81539,München,4250.0,Bonus,43,EUR,115.53250000000001
2024-01-08,10115,Berlin,3500.0,Bonus,3,EUR,77.09916666666668
2024-01-08,10115,Berlin,3500.0,Bonus,7,EUR,84.3125
2024-01-08,10115,Berlin,3500.0,Bonus,26,EUR,92.41833333333334
2024-01-08,10115,Berlin,2000.0,Bonus,40,EUR,60.041666666666664
2024-01-08,81539,München,2000.0,Bonus,2,EUR,46.219166666666666
2024-01-08,81539,München,2000.0,Bonus,16,EUR,51.29583333333333
2024-01-08,81539,München,2000.0,Bonus,26,EUR,55.98166666666666
2024-01-08,81539,München,2000.0,Bonus,39,EUR,58.81333333333333
2024-01-08,81539,München,2000.0,Bonus,45,EUR,59.88666666666666
2024-01-08,10115,Berlin,2500.0,Bonus,25,EUR,66.95916666666666
2024-01-08,10115,Berlin,2500.0,Bonus,49,EUR,73.385
2024-01-08,81539,München,2500.0,Bonus,36,EUR,68.21166666666666
2024-01-08,81539,München,2500.0,Bonus,49,EUR,72.95333333333333
2024-01-08,10115,Berlin,4500.0,Bonus,1,EUR,95.02749999999999
2024-01-08,81539,München,4500.0,Bonus,38,EUR,119.64
2024-01-08,10115,Berlin,4000.0,Bonus,9,EUR,96.46666666666665
2024-01-08,10115,Berlin,4000.0,Bonus,47,EUR,111.67333333333333
2024-01-08,81539,München,4000.0,Bonus,26,EUR,102.3175
2024-01-08,81539,München,4000.0,Bonus,34,EUR,104.42083333333333
2024-01-08,10115,Berlin,2500.0,Non-Bonus,4,EUR,67.94916666666667
2024-01-08,81539,München,2500.0,Non-Bonus,50,EUR,77.60416666666667
2024-01-08,10115,Berlin,4250.0,Non-Bonus,30,EUR,122.89083333333333
2024-01-08,81539,München,4250.0,Non-Bonus,5,EUR,109.87166666666667
2024-01-08,81539,München,4250.0,Non-Bonus,17,EUR,115.53250000000001
2024-01-08,10115,Berlin,3500.0,Non-Bonus,29,EUR,102.685
2024-01-08,81539,München,4000.0,Non-Bonus,4,EUR,101.9525
2024-01-08,81539,München,4000.0,Non-Bonus,50,EUR,116.82833333333333
2024-01-08,10115,Berlin,3000.0,Non-Bonus,7,EUR,82.45916666666666
2024-01-08,10115,Berlin,3000.0,Non-Bonus,42,EUR,91.38666666666667
2024-01-08,81539,München,3000.0,Non-Bonus,1,EUR,65.905
2024-01-08,10115,Berlin,5000.0,Bonus,13,EUR,123.27499999999999
2024-01-08,10115,Berlin,5000.0,Bonus,44,EUR,137.25166666666667
2024-01-08,81539,München,5000.0,Bonus,21,EUR,125.53416666666668
2024-01-08,81539,München,5000.0,Bonus,45,EUR,134.38333333333333
2024-01-08,81539,München,1500.0,Bonus,30,EUR,44.696666666666665
2024-01-08,10115,Berlin,3500.0,Bonus,1,EUR,76.82166666666667
2024-01-08,10115,Berlin,3500.0,Bonus,23,EUR,91.46
2024-01-08,10115,Berlin,3500.0,Bonus,40,EUR,96.03833333333334
2024-01-08,10115,Berlin,3500.0,Bonus,44,EUR,97.41000000000001
2024-01-08,81539,München,3500.0,Bonus,49,EUR,98.19
2024-01-08,10115,Berlin,2000.0,Bonus,5,EUR,48.336666666666666
2024-01-08,10115,Berlin,2000.0,Bonus,15,EUR,49.88583333333333
2024-01-08,10115,Berlin,2000.0,Bonus,37,EUR,59.50666666666667
2024-01-08,10115,Berlin,2500.0,Bonus,2,EUR,57.70916666666667
2024-01-08,10115,Berlin,2500.0,Bonus,3,EUR,57.92166666666666
2024-01-08,10115,Berlin,2500.0,Bonus,14,EUR,61.442499999999995
2024-01-08,10115,Berlin,4500.0,Bonus,2,EUR,96.25916666666666
2024-01-08,10115,Berlin,4500.0,Bonus,9,EUR,109.43333333333334
2024-01-08,10115,Berlin,4500.0,Bonus,18,EUR,115.59333333333332
2024-01-08,81539,München,4500.0,Bonus,28,EUR,114.83583333333333
2024-01-08,10115,Berlin,4000.0,Bonus,22,EUR,103.485
2024-01-08,10115,Berlin,4000.0,Bonus,23,EUR,104.54666666666667
2024-01-08,81539,München,4000.0,Bonus,13,EUR,96.18666666666667
2024-01-08,81539,München,2500.0,Non-Bonus,7,EUR,67.89
2024-01-08,10115,Berlin,4250.0,Non-Bonus,13,EUR,116.34083333333332
2024-01-08,10115,Berlin,4250.0,Non-Bonus,18,EUR,118.57583333333334
2024-01-08,10115,Berlin,4250.0,Non-Bonus,24,EUR,121.59333333333332
2024-01-08,10115,Berlin,4250.0,Non-Bonus,32,EUR,123.38333333333333
2024-01-08,10115,Berlin,4250.0,Non-Bonus,43,EUR,125.14666666666666
2024-01-08,81539,München,4250.0,Non-Bonus,3,EUR,95.6425
2024-01-08,81539,München,4250.0,Non-Bonus,4,EUR,107.63
2024-01-08,81539,München,4250.0,Non-Bonus,34,EUR,119.81333333333333
2024-01-08,81539,München,4250.0,Non-Bonus,37,EUR,120.25666666666666
2024-01-08,81539,München,4250.0,Non-Bonus,49,EUR,123.5125
2024-01-08,81539,München,4250.0,Non-Bonus,50,EUR,123.53666666666668
2024-01-08,10115,Berlin,3500.0,Non-Bonus,12,EUR,96.66916666666667
2024-01-08,10115,Berlin,3500.0,Non-Bonus,15,EUR,98.22500000000001
2024-01-08,10115,Berlin,3500.0,Non-Bonus,18,EUR,99.20833333333333
2024-01-08,10115,Berlin,3500.0,Non-Bonus,21,EUR,101.51166666666667
2024-01-08,81539,München,3500.0,Non-Bonus,1,EUR,75.0425
2024-01-08,81539,München,3500.0,Non-Bonus,2,EUR,75.2975
2024-01-08,81539,München,3500.0,Non-Bonus,17,EUR,96.3075
2024-01-08,10115,Berlin,3000.0,Non-Bonus,19,EUR,87.24000000000001
2024-01-08,10115,Berlin,3000.0,Non-Bonus,25,EUR,89.07666666666667
2024-01-08,10115,Berlin,3000.0,Non-Bonus,27,EUR,89.255
2024-01-08,10115,Berlin,5000.0,Bonus,46,EUR,137.35666666666665
2024-01-08,10115,Berlin,3000.0,Bonus,21,EUR,76.09333333333333
2024-01-08,10115,Berlin,1500.0,Bonus,8,EUR,39.32
2024-01-08,10115,Berlin,1500.0,Bonus,32,EUR,46.58083333333334
2024-01-08,81539,München,1500.0,Bonus,14,EUR,40.924166666666665
2024-01-08,10115,Berlin,4250.0,Bonus,4,EUR,100.03750000000001
2024-01-08,10115,Berlin,4250.0,Bonus,21,EUR,109.65416666666665
2024-01-08,10115,Berlin,3500.0,Bonus,27,EUR,92.43833333333333
2024-01-08,10115,Berlin,3500.0,Bonus,43,EUR,96.90249999999999
2024-01-08,10115,Berlin,3500.0,Bonus,46,EUR,98.59500000000001
2024-01-08,81539,München,3500.0,Bonus,4,EUR,79.17833333333333
2024-01-08,81539,München,3500.0,Bonus,14,EUR,84.96416666666667
2024-01-08,81539,München,3500.0,Bonus,27,EUR,90.19583333333333
2024-01-08,81539,München,3500.0,Bonus,50,EUR,98.39166666666667
2024-01-08,10115,Berlin,2000.0,Bonus,17,EUR,51.10666666666666
2024-01-08,10115,Berlin,2000.0,Bonus,29,EUR,56.814166666666665
2024-01-08,10115,Berlin,2000.0,Bonus,32,EUR,58.3975
2024-01-08,81539,München,2000.0,Bonus,13,EUR,51.27916666666667
2024-01-08,81539,München,2000.0,Bonus,33,EUR,56.53583333333333
2024-01-08,81539,München,2000.0,Bonus,35,EUR,57.314166666666665
2024-01-08,10115,Berlin,4500.0,Bonus,31,EUR,120.265
2024-01-08,10115,Berlin,4500.0,Bonus,44,EUR,123.41916666666667
2024-01-08,10115,Berlin,4500.0,Bonus,49,EUR,125.125
2024-01-08,81539,München,4500.0,Bonus,35,EUR,118.75333333333333
2024-01-08,10115,Berlin,4000.0,Bonus,3,EUR,93.205
2024-01-08,10115,Berlin,4000.0,Bonus,7,EUR,95.46666666666665
2024-01-08,10115,Berlin,4000.0,Bonus,44,EUR,111.34833333333334
2024-01-08,81539,München,4000.0,Bonus,39,EUR,106.80083333333333
2024-01-08,81539,München,4000.0,Bonus,50,EUR,111.1725
2024-01-08,10115,Berlin,2500.0,Non-Bonus,6,EUR,70.03166666666667
2024-01-08,81539,München,2500.0,Non-Bonus,36,EUR,75.035
2024-01-08,81539,München,2500.0,Non-Bonus,49,EUR,77.5725
2024-01-08,10115,Berlin,4250.0,Non-Bonus,2,EUR,94.295
2024-01-08,10115,Berlin,4250.0,Non-Bonus,49,EUR,125.90916666666668
2024-01-08,81539,München,4250.0,Non-Bonus,16,EUR,115.45583333333333
2024-01-08,10115,Berlin,3500.0,Non-Bonus,20,EUR,101.37416666666667
2024-01-08,10115,Berlin,3500.0,Non-Bonus,24,EUR,101.83999999999999
2024-01-08,10115,Berlin,3500.0,Non-Bonus,36,EUR,103.75833333333333
2024-01-08,81539,München,3500.0,Non-Bonus,29,EUR,99.56
2024-01-08,81539,München,4000.0,Non-Bonus,27,EUR,111.43333333333334
2024-01-08,81539,München,4000.0,Non-Bonus,39,EUR,114.65750000000001
2024-01-08,81539,München,3000.0,Non-Bonus,18,EUR,84.27
2024-01-08,81539,München,3000.0,Non-Bonus,43,EUR,90.04416666666667
2024-01-08,81539,München,5000.0,Bonus,3,EUR,115.605
2024-01-08,81539,München,5000.0,Bonus,20,EUR,125.20416666666667
2024-01-08,10115,Berlin,3000.0,Bonus,4,EUR,71.41166666666668
2024-01-08,81539,München,3000.0,Bonus,8,EUR,70.96333333333332
2024-01-08,81539,München,3000.0,Bonus,46,EUR,84.49
2024-01-08,10115,Berlin,1500.0,Bonus,44,EUR,47.583333333333336
2024-01-08,81539,München,1500.0,Bonus,8,EUR,38.62833333333334
2024-01-08,81539,München,1500.0,Bonus,11,EUR,40.105
2024-01-08,81539,München,1500.0,Bonus,29,EUR,44.696666666666665
2024-01-08,10115,Berlin,4250.0,Bonus,3,EUR,98.08666666666666
2024-01-08,10115,Berlin,4250.0,Bonus,22,EUR,110.53583333333334
2024-01-08,10115,Berlin,4250.0,Bonus,25,EUR,111.16333333333334
2024-01-08,10115,Berlin,4250.0,Bonus,32,EUR,114.19166666666666
2024-01-08,81539,München,4250.0,Bonus,1,EUR,85.15666666666667
2024-01-08,81539,München,4250.0,Bonus,27,EUR,108.49666666666667
2024-01-08,10115,Berlin,3500.0,Bonus,36,EUR,94.99416666666667
2024-01-08,10115,Berlin,2000.0,Bonus,46,EUR,60.93666666666667
2024-01-08,10115,Berlin,2500.0,Bonus,4,EUR,58.60666666666666
2024-01-08,10115,Berlin,2500.0,Bonus,8,EUR,60.37083333333334
2024-01-08,10115,Berlin,2500.0,Bonus,24,EUR,66.91833333333334
2024-01-08,81539,München,2500.0,Bonus,28,EUR,66.13916666666667
2024-01-08,10115,Berlin,4500.0,Bonus,16,EUR,115.4875
2024-01-08,81539,München,4500.0,Bonus,8,EUR,107.38583333333334
2024-01-08,10115,Berlin,4000.0,Bonus,32,EUR,107.43666666666667
2024-01-08,10115,Berlin,2500.0,Non-Bonus,13,EUR,71.77916666666667
2024-01-08,81539,München,2500.0,Non-Bonus,43,EUR,76.6225
2024-01-08,10115,Berlin,4250.0,Non-Bonus,9,EUR,115.415
2024-01-08,10115,Berlin,4250.0,Non-Bonus,41,EUR,124.88833333333334
2024-01-08,81539,München,4250.0,Non-Bonus,6,EUR,110.47500000000001
2024-01-08,10115,Berlin,3500.0,Non-Bonus,33,EUR,103.39166666666667
2024-01-08,81539,München,3500.0,Non-Bonus,3,EUR,75.39166666666667
2024-01-08,81539,München,3500.0,Non-Bonus,37,EUR,100.65666666666668
2024-01-08,10115,Berlin,4000.0,Non-Bonus,2,EUR,89.56333333333333
2024-01-08,10115,Berlin,4000.0,Non-Bonus,46,EUR,118.91166666666668
2024-01-08,81539,München,4000.0,Non-Bonus,16,EUR,109.0825
2024-01-08,10115,Berlin,3000.0,Non-Bonus,31,EUR,89.5625
2024-01-08,10115,Berlin,3000.0,Non-Bonus,41,EUR,91.38083333333333
2024-01-08,81539,München,3000.0,Non-Bonus,37,EUR,88.8275
2024-01-08,81539,München,3000.0,Non-Bonus,49,EUR,90.46
2024-01-08,10115,Berlin,5000.0,Bonus,1,EUR,104.49166666666667
2024-01-08,10115,Berlin,5000.0,Bonus,31,EUR,133.44583333333333
2024-01-08,81539,München,5000.0,Bonus,19,EUR,124.66083333333334
2024-01-08,10115,Berlin,3000.0,Bonus,31,EUR,81.12916666666666
2024-01-08,81539,München,3000.0,Bonus,15,EUR,73.72416666666668
2024-01-08,81539,München,3000.0,Bonus,26,EUR,78.0025
2024-01-08,81539,München,3000.0,Bonus,28,EUR,78.36166666666666
2024-01-08,10115,Berlin,1500.0,Bonus,3,EUR,38.7525
2024-01-08,81539,München,1500.0,Bonus,12,EUR,40.401666666666664
2024-01-08,81539,München,1500.0,Bonus,18,EUR,42.55416666666667
2024-01-08,81539,München,1500.0,Bonus,43,EUR,47.09916666666667
2024-01-08,10115,Berlin,4250.0,Bonus,1,EUR,90.295
2024-01-08,10115,Berlin,4250.0,Bonus,36,EUR,115.37166666666667
2024-01-08,10115,Berlin,4250.0,Bonus,50,EUR,119.57
2024-01-08,81539,München,4250.0,Bonus,8,EUR,101.47166666666668
2024-01-08,81539,München,4250.0,Bonus,12,EUR,101.84083333333332
2024-01-08,81539,München,4250.0,Bonus,39,EUR,113.59333333333332
2024-01-08,10115,Berlin,3500.0,Bonus,21,EUR,89.40166666666666
2024-01-08,10115,Berlin,3500.0,Bonus,29,EUR,93.26666666666667
2024-01-08,81539,München,2000.0,Bonus,50,EUR,60.487500000000004
2024-01-08,10115,Berlin,2500.0,Bonus,34,EUR,69.29166666666667
2024-01-08,81539,München,2500.0,Bonus,37,EUR,68.7225
2024-01-08,81539,München,2500.0,Bonus,40,EUR,69.845
2024-01-08,10115,Berlin,4500.0,Bonus,11,EUR,109.4575
2024-01-08,10115,Berlin,4500.0,Bonus,19,EUR,115.60416666666667
2024-01-08,10115,Berlin,4500.0,Bonus,48,EUR,125.03166666666668
2024-01-08,81539,München,4500.0,Bonus,1,EUR,89.745
2024-01-08,10115,Berlin,4000.0,Bonus,1,EUR,86.56333333333333
2024-01-08,81539,München,4000.0,Bonus,7,EUR,95.31416666666667
2024-01-08,81539,München,4000.0,Bonus,23,EUR,101.06
2024-01-08,10115,Berlin,2500.0,Non-Bonus,16,EUR,72.94166666666666
2024-01-08,81539,München,2500.0,Non-Bonus,18,EUR,71.765
2024-01-08,81539,München,2500.0,Non-Bonus,35,EUR,74.92083333333333
2024-01-08,10115,Berlin,4250.0,Non-Bonus,16,EUR,118.09416666666668
2024-01-08,10115,Berlin,4250.0,Non-Bonus,31,EUR,122.97250000000001
2024-01-08,10115,Berlin,4250.0,Non-Bonus,42,EUR,125.1225
2024-01-08,81539,München,4250.0,Non-Bonus,9,EUR,112.97666666666667
2024-01-08,81539,München,4250.0,Non-Bonus,19,EUR,115.96083333333333
2024-01-08,81539,München,4250.0,Non-Bonus,48,EUR,123.11166666666666
2024-01-08,81539,München,3500.0,Non-Bonus,13,EUR,95.4975
2024-01-08,81539,München,3500.0,Non-Bonus,27,EUR,99.08666666666666
2024-01-08,81539,München,4000.0,Non-Bonus,48,EUR,116.62
2024-01-08,10115,Berlin,3000.0,Non-Bonus,38,EUR,90.935
2024-01-08,81539,München,3000.0,Non-Bonus,10,EUR,80.41916666666667
2024-01-08,81539,München,3000.0,Non-Bonus,16,EUR,83.675
2024-01-08,81539,München,3000.0,Non-Bonus,21,EUR,84.76
2024-01-08,81539,München,3000.0,Non-Bonus,24,EUR,85.65249999999999
2024-01-08,10115,Berlin,5000.0,Bonus,9,EUR,122.185
2024-01-08,81539,München,5000.0,Bonus,10,EUR,118.6325
2024-01-08,81539,München,5000.0,Bonus,48,EUR,134.98083333333332
2024-01-08,81539,München,3000.0,Bonus,2,EUR,65.905
2024-01-08,10115,Berlin,1500.0,Bonus,4,EUR,39.19583333333333
2024-01-08,10115,Berlin,1500.0,Bonus,24,EUR,44.81
2024-01-08,10115,Berlin,4250.0,Bonus,41,EUR,116.14416666666666
2024-01-08,81539,München,4250.0,Bonus,9,EUR,101.4875
2024-01-08,81539,München,4250.0,Bonus,13,EUR,101.85833333333333
2024-01-08,10115,Berlin,3500.0,Bonus,5,EUR,82.82583333333334
2024-01-08,10115,Berlin,3500.0,Bonus,39,EUR,95.99166666666667
2024-01-08,81539,München,3500.0,Bonus,16,EUR,85.6125
2024-01-08,81539,München,3500.0,Bonus,43,EUR,96.29083333333334
2024-01-08,10115,Berlin,2000.0,Bonus,20,EUR,52.7075
2024-01-08,10115,Berlin,2000.0,Bonus,42,EUR,60.193333333333335
2024-01-08,81539,München,2000.0,Bonus,10,EUR,48.7475
2024-01-08,81539,München,2000.0,Bonus,11,EUR,50.45416666666667
2024-01-08,81539,München,2000.0,Bonus,29,EUR,56.10333333333333
2024-01-08,81539,München,2500.0,Bonus,12,EUR,59.85166666666667
2024-01-08,81539,München,2500.0,Bonus,38,EUR,69.04
2024-01-08,81539,München,2500.0,Bonus,44,EUR,71.45083333333334
2024-01-08,10115,Berlin,4500.0,Bonus,4,EUR,106.16333333333334
2024-01-08,10115,Berlin,4500.0,Bonus,15,EUR,114.54333333333334
2024-01-08,10115,Berlin,4500.0,Bonus,35,EUR,121.44416666666666
2024-01-08,81539,München,4500.0,Bonus,3,EUR,103.755
2024-01-08,81539,München,4500.0,Bonus,19,EUR,112.9525
2024-01-08,81539,München,4500.0,Bonus,36,EUR,118.78416666666668
2024-01-08,81539,München,4500.0,Bonus,44,EUR,121.78500000000001
2024-01-08,81539,München,4500.0,Bonus,49,EUR,122.8675
2024-01-08,10115,Berlin,4000.0,Bonus,12,EUR,98.23666666666666
2024-01-08,81539,München,4000.0,Bonus,2,EUR,84.46
2024-01-08,81539,München,4000.0,Bonus,14,EUR,97.7725
2024-01-08,10115,Berlin,2500.0,Non-Bonus,14,EUR,71.89416666666666
2024-01-08,10115,Berlin,2500.0,Non-Bonus,43,EUR,77.8125
2024-01-08,81539,München,2500.0,Non-Bonus,31,EUR,74.20333333333333
2024-01-08,81539,München,4250.0,Non-Bonus,31,EUR,119.36333333333333
2024-01-08,81539,München,4250.0,Non-Bonus,44,EUR,122.59500000000001
2024-01-08,81539,München,3500.0,Non-Bonus,22,EUR,97.37
2024-01-08,81539,München,4000.0,Non-Bonus,46,EUR,116.3325
2024-01-08,10115,Berlin,3000.0,Non-Bonus,13,EUR,84.78916666666667
2024-01-08,10115,Berlin,3000.0,Non-Bonus,21,EUR,88.22500000000001
2024-01-08,81539,München,3000.0,Non-Bonus,17,EUR,84.2275
2024-01-08,81539,München,5000.0,Bonus,16,EUR,123.72833333333334
2024-01-08,81539,München,5000.0,Bonus,41,EUR,133.18083333333334
2024-01-08,10115,Berlin,3000.0,Bonus,2,EUR,67.28
2024-01-08,10115,Berlin,3000.0,Bonus,3,EUR,67.50583333333334
2024-01-08,10115,Berlin,3000.0,Bonus,14,EUR,74.72916666666667
2024-01-08,81539,München,3000.0,Bonus,21,EUR,76.11666666666666
2024-01-08,81539,München,3000.0,Bonus,23,EUR,76.80083333333333
2024-01-08,81539,München,3000.0,Bonus,43,EUR,84.08833333333332
2024-01-08,81539,München,3000.0,Bonus,50,EUR,85.7
2024-01-08,10115,Berlin,1500.0,Bonus,2,EUR,38.3425
2024-01-08,10115,Berlin,1500.0,Bonus,13,EUR,40.09583333333333
2024-01-08,10115,Berlin,1500.0,Bonus,31,EUR,46.58083333333334
2024-01-08,10115,Berlin,1500.0,Bonus,37,EUR,46.928333333333335
2024-01-08,81539,München,4250.0,Bonus,40,EUR,113.82583333333334
2024-01-08,10115,Berlin,3500.0,Bonus,24,EUR,91.46666666666665
2024-01-08,10115,Berlin,3500.0,Bonus,30,EUR,93.34166666666665
2024-01-08,81539,München,3500.0,Bonus,5,EUR,80.61166666666666
2024-01-08,81539,München,3500.0,Bonus,25,EUR,89.44749999999999
2024-01-08,81539,München,2000.0,Bonus,4,EUR,48.43833333333333
2024-01-08,81539,München,2500.0,Bonus,1,EUR,55.038333333333334
2024-01-08,81539,München,2500.0,Bonus,2,EUR,56.77166666666667
2024-01-08,81539,München,2500.0,Bonus,11,EUR,59.84166666666667
2024-01-08,81539,München,4500.0,Bonus,33,EUR,116.52916666666665
2024-01-08,10115,Berlin,4000.0,Bonus,19,EUR,102.61666666666667
2024-01-08,10115,Berlin,4000.0,Bonus,48,EUR,111.83333333333333
2024-01-08,81539,München,4000.0,Bonus,41,EUR,107.78250000000001
2024-01-08,10115,Berlin,2500.0,Non-Bonus,7,EUR,70.32083333333334
2024-01-08,10115,Berlin,2500.0,Non-Bonus,8,EUR,70.35916666666667
2024-01-08,10115,Berlin,2500.0,Non-Bonus,23,EUR,74.64333333333333
2024-01-08,10115,Berlin,2500.0,Non-Bonus,29,EUR,76.26416666666667
2024-01-08,81539,München,2500.0,Non-Bonus,1,EUR,56.77166666666667
2024-01-08,81539,München,2500.0,Non-Bonus,2,EUR,56.971666666666664
2024-01-08,10115,Berlin,4250.0,Non-Bonus,14,EUR,117.89416666666666
2024-01-08,81539,München,4250.0,Non-Bonus,45,EUR,122.67916666666667
2024-01-08,81539,München,4250.0,Non-Bonus,47,EUR,122.91583333333334
2024-01-08,10115,Berlin,3500.0,Non-Bonus,6,EUR,94.70083333333334
2024-01-08,81539,München,3500.0,Non-Bonus,9,EUR,94.26583333333333
2024-01-08,81539,München,3500.0,Non-Bonus,10,EUR,94.28333333333335
2024-01-08,81539,München,3500.0,Non-Bonus,20,EUR,97.3175
2024-01-08,81539,München,3500.0,Non-Bonus,31,EUR,99.86083333333333
2024-01-08,81539,München,3500.0,Non-Bonus,46,EUR,103.16583333333334
2024-01-08,81539,München,3500.0,Non-Bonus,49,EUR,103.505
2024-01-08,10115,Berlin,4000.0,Non-Bonus,5,EUR,106.66833333333334
2024-01-08,10115,Berlin,4000.0,Non-Bonus,19,EUR,113.33999999999999
2024-01-08,10115,Berlin,4000.0,Non-Bonus,21,EUR,113.8
2024-01-08,10115,Berlin,3000.0,Non-Bonus,16,EUR,85.9775
2024-01-08,81539,München,3000.0,Non-Bonus,12,EUR,81.6725
2024-01-08,81539,München,3000.0,Non-Bonus,15,EUR,83.36583333333333
2024-01-08,81539,München,3000.0,Non-Bonus,31,EUR,87.005
2024-01-08,10115,Berlin,5000.0,Bonus,5,EUR,120.02166666666666
2024-01-08,10115,Berlin,5000.0,Bonus,30,EUR,133.085
2024-01-08,10115,Berlin,5000.0,Bonus,36,EUR,133.99416666666667
2024-01-08,10115,Berlin,5000.0,Bonus,43,EUR,137.045
2024-01-08,10115,Berlin,5000.0,Bonus,50,EUR,139.44
2024-01-08,81539,München,5000.0,Bonus,5,EUR,117.00999999999999
2024-01-08,81539,München,5000.0,Bonus,11,EUR,118.63333333333333
2024-01-08,10115,Berlin,3000.0,Bonus,1,EUR,66.735
2024-01-08,10115,Berlin,3000.0,Bonus,24,EUR,79.3475
2024-01-08,81539,München,3000.0,Bonus,33,EUR,79.55666666666666
2024-01-08,81539,München,3000.0,Bonus,40,EUR,81.6725
2024-01-08,10115,Berlin,1500.0,Bonus,16,EUR,40.7725
2024-01-08,81539,München,1500.0,Bonus,15,EUR,40.931666666666665
2024-01-08,81539,München,1500.0,Bonus,31,EUR,44.873333333333335
2024-01-08,81539,München,1500.0,Bonus,48,EUR,48.00333333333333
2024-01-08,10115,Berlin,4250.0,Bonus,5,EUR,100.14666666666666
2024-01-08,10115,Berlin,4250.0,Bonus,6,EUR,102.33333333333333
2024-01-08,81539,München,4250.0,Bonus,24,EUR,108.07166666666666
2024-01-08,81539,München,4250.0,Bonus,36,EUR,112.7925
2024-01-08,10115,Berlin,2000.0,Bonus,10,EUR,48.43833333333333
2024-01-08,10115,Berlin,2000.0,Bonus,38,EUR,59.54833333333334
2024-01-08,81539,München,2000.0,Bonus,28,EUR,55.987500000000004
2024-01-08,10115,Berlin,2500.0,Bonus,5,EUR,60.3375
2024-01-08,10115,Berlin,2500.0,Bonus,36,EUR,69.63916666666667
2024-01-08,81539,München,2500.0,Bonus,14,EUR,61.31166666666667
2024-01-08,10115,Berlin,4000.0,Bonus,34,EUR,107.61583333333334
2024-01-08,10115,Berlin,4000.0,Bonus,35,EUR,108.58916666666666
2024-01-08,10115,Berlin,4000.0,Bonus,38,EUR,109.04
2024-01-08,10115,Berlin,2500.0,Non-Bonus,33,EUR,76.83416666666666
2024-01-08,81539,München,2500.0,Non-Bonus,28,EUR,73.53166666666667
2024-01-08,81539,München,2500.0,Non-Bonus,33,EUR,74.52333333333333
2024-01-08,10115,Berlin,4250.0,Non-Bonus,6,EUR,114.94333333333333
2024-01-08,10115,Berlin,4250.0,Non-Bonus,12,EUR,116.14416666666666
2024-01-08,10115,Berlin,4250.0,Non-Bonus,25,EUR,122.2275
2024-01-08,10115,Berlin,4250.0,Non-Bonus,29,EUR,122.81833333333333
2024-01-08,81539,München,4250.0,Non-Bonus,15,EUR,114.3175
2024-01-08,10115,Berlin,3500.0,Non-Bonus,26,EUR,102.39
2024-01-08,81539,München,3500.0,Non-Bonus,16,EUR,96.29083333333334
2024-01-08,10115,Berlin,4000.0,Non-Bonus,49,EUR,119.005
2024-01-08,81539,München,4000.0,Non-Bonus,24,EUR,111.08333333333333
2024-01-08,10115,Berlin,3000.0,Non-Bonus,5,EUR,81.03916666666667
2024-01-08,10115,Berlin,3000.0,Non-Bonus,9,EUR,83.48333333333333
2024-01-08,10115,Berlin,3000.0,Non-Bonus,10,EUR,83.5
2024-01-08,81539,München,3000.0,Non-Bonus,19,EUR,84.45
2024-01-08,81539,München,3000.0,Non-Bonus,27,EUR,86.3575
2024-01-08,10115,Berlin,5000.0,Bonus,8,EUR,122.175
2024-01-08,10115,Berlin,5000.0,Bonus,26,EUR,129.92833333333334
2024-01-08,10115,Berlin,5000.0,Bonus,38,EUR,135.35
2024-01-08,10115,Berlin,3000.0,Bonus,5,EUR,71.77666666666667
2024-01-08,81539,München,3000.0,Bonus,27,EUR,78.35916666666667
2024-01-08,81539,München,3000.0,Bonus,44,EUR,84.27
2024-01-08,10115,Berlin,1500.0,Bonus,26,EUR,45.744166666666665
2024-01-08,10115,Berlin,1500.0,Bonus,34,EUR,46.59
2024-01-08,10115,Berlin,1500.0,Bonus,49,EUR,48.585
2024-01-08,10115,Berlin,3500.0,Bonus,2,EUR,77.09
2024-01-08,81539,München,3500.0,Bonus,6,EUR,83.12583333333333
2024-01-08,10115,Berlin,2000.0,Bonus,2,EUR,47.806666666666665
2024-01-08,10115,Berlin,2500.0,Bonus,21,EUR,64.30333333333333
2024-01-08,10115,Berlin,2500.0,Bonus,39,EUR,70.32083333333334
2024-01-08,81539,München,4500.0,Bonus,45,EUR,121.89999999999999
2024-01-08,10115,Berlin,4000.0,Bonus,5,EUR,93.82249999999999
2024-01-08,10115,Berlin,4000.0,Bonus,16,EUR,102.2025
2024-01-08,10115,Berlin,4000.0,Bonus,46,EUR,111.58666666666666
2024-01-08,10115,Berlin,4000.0,Bonus,50,EUR,113.33999999999999
2024-01-08,81539,München,4000.0,Bonus,15,EUR,98.36416666666666
2024-01-08,81539,München,4000.0,Bonus,44,EUR,109.36333333333333
2024-01-08,10115,Berlin,4250.0,Non-Bonus,10,EUR,115.81083333333333
2024-01-08,10115,Berlin,4250.0,Non-Bonus,21,EUR,120.28750000000001
2024-01-08,81539,München,4250.0,Non-Bonus,1,EUR,89.04166666666667
2024-01-08,81539,München,4250.0,Non-Bonus,35,EUR,119.8325
2024-01-08,81539,München,3500.0,Non-Bonus,8,EUR,92.3125
2024-01-08,10115,Berlin,4000.0,Non-Bonus,1,EUR,86.675
2024-01-08,10115,Berlin,4000.0,Non-Bonus,30,EUR,116.21
2024-01-08,81539,München,4000.0,Non-Bonus,6,EUR,104.42083333333333
2024-01-08,81539,München,4000.0,Non-Bonus,23,EUR,111.06666666666666
2024-01-08,81539,München,4000.0,Non-Bonus,42,EUR,115.97583333333334
2024-01-08,10115,Berlin,3000.0,Non-Bonus,33,EUR,90.2625
2024-01-08,81539,München,3000.0,Non-Bonus,32,EUR,87.32
2024-01-08,10115,Berlin,5000.0,Bonus,12,EUR,123.10833333333333
2024-01-08,10115,Berlin,5000.0,Bonus,20,EUR,128.76416666666668
2024-01-08,81539,München,5000.0,Bonus,12,EUR,119.65166666666666
2024-01-08,81539,München,5000.0,Bonus,32,EUR,128.63666666666668
2024-01-08,81539,München,3000.0,Bonus,22,EUR,76.45666666666666
2024-01-08,81539,München,3000.0,Bonus,48,EUR,85.17666666666666
2024-01-08,10115,Berlin,1500.0,Bonus,48,EUR,48.09583333333333
2024-01-08,81539,München,1500.0,Bonus,20,EUR,42.75083333333333
2024-01-08,81539,München,1500.0,Bonus,32,EUR,45.181666666666665
2024-01-08,81539,München,1500.0,Bonus,44,EUR,47.12416666666667
2024-01-08,10115,Berlin,4250.0,Bonus,11,EUR,102.54416666666667
2024-01-08,10115,Berlin,4250.0,Bonus,38,EUR,115.82833333333333
2024-01-08,81539,München,4250.0,Bonus,3,EUR,95.6425
2024-01-08,81539,München,4250.0,Bonus,14,EUR,103.90083333333332
2024-01-08,81539,München,4250.0,Bonus,45,EUR,115.6825
2024-01-08,10115,Berlin,3500.0,Bonus,20,EUR,89.20416666666667
2024-01-08,81539,München,3500.0,Bonus,30,EUR,90.59833333333334
2024-01-08,81539,München,3500.0,Bonus,33,EUR,91.83833333333332
2024-01-08,81539,München,3500.0,Bonus,39,EUR,94.30250000000001
2024-01-08,10115,Berlin,2500.0,Bonus,29,EUR,67.73333333333333
2024-01-08,81539,München,2500.0,Bonus,15,EUR,61.8375
2024-01-08,81539,München,2500.0,Bonus,31,EUR,67.10583333333334
2024-01-08,81539,München,4500.0,Bonus,20,EUR,113.03750000000001
2024-01-08,81539,München,4500.0,Bonus,50,EUR,123.77499999999999
2024-01-08,10115,Berlin,4000.0,Bonus,2,EUR,86.675
2024-01-08,81539,München,4000.0,Bonus,9,EUR,95.39999999999999
2024-01-08,81539,München,4000.0,Bonus,21,EUR,100.40916666666668
2024-01-08,81539,München,4000.0,Bonus,25,EUR,102.15750000000001
2024-01-08,10115,Berlin,2500.0,Non-Bonus,38,EUR,77.21249999999999
2024-01-08,10115,Berlin,2500.0,Non-Bonus,46,EUR,78.05416666666666
2024-01-08,81539,München,2500.0,Non-Bonus,3,EUR,57.03916666666667
2024-01-08,81539,München,2500.0,Non-Bonus,26,EUR,73.00833333333334
2024-01-08,81539,München,2500.0,Non-Bonus,39,EUR,75.7525
2024-01-08,81539,München,2500.0,Non-Bonus,44,EUR,76.74583333333334
2024-01-08,81539,München,2500.0,Non-Bonus,45,EUR,76.88916666666667
2024-01-08,10115,Berlin,4250.0,Non-Bonus,3,EUR,98.08666666666666
2024-01-08,10115,Berlin,4250.0,Non-Bonus,8,EUR,115.37166666666667
2024-01-08,10115,Berlin,4250.0,Non-Bonus,23,EUR,120.99916666666667
2024-01-08,10115,Berlin,4250.0,Non-Bonus,48,EUR,125.90083333333332
2024-01-08,10115,Berlin,3500.0,Non-Bonus,19,EUR,100.29
2024-01-08,10115,Berlin,3500.0,Non-Bonus,25,EUR,102.34416666666668
2024-01-08,10115,Berlin,3500.0,Non-Bonus,28,EUR,102.67083333333333
2024-01-08,81539,München,3500.0,Non-Bonus,48,EUR,103.34750000000001
2024-01-08,10115,Berlin,4000.0,Non-Bonus,15,EUR,111.52749999999999
2024-01-08,10115,Berlin,4000.0,Non-Bonus,34,EUR,116.87666666666667
2024-01-08,10115,Berlin,4000.0,Non-Bonus,50,EUR,119.08916666666666
2024-01-08,81539,München,3000.0,Non-Bonus,5,EUR,79.24416666666666
2024-01-08,81539,München,3000.0,Non-Bonus,13,EUR,82.83416666666666
2024-01-08,81539,München,3000.0,Non-Bonus,23,EUR,84.76583333333333
2024-01-08,81539,München,3000.0,Non-Bonus,33,EUR,87.52999999999999
2024-01-08,10115,Berlin,5000.0,Bonus,22,EUR,129.01583333333335
2024-01-08,10115,Berlin,5000.0,Bonus,29,EUR,131.62
2024-01-08,10115,Berlin,5000.0,Bonus,40,EUR,136.66416666666666
2024-01-08,10115,Berlin,5000.0,Bonus,48,EUR,137.91666666666666
2024-01-08,81539,München,5000.0,Bonus,2,EUR,102.78666666666668
2024-01-08,81539,München,5000.0,Bonus,6,EUR,117.96916666666668
2024-01-08,10115,Berlin,3000.0,Bonus,11,EUR,72.88333333333334
2024-01-08,10115,Berlin,3000.0,Bonus,38,EUR,82.45916666666666
2024-01-08,10115,Berlin,3000.0,Bonus,40,EUR,83.48333333333333
2024-01-08,81539,München,3000.0,Bonus,1,EUR,64.215
2024-01-08,10115,Berlin,1500.0,Bonus,9,EUR,39.32
2024-01-08,10115,Berlin,1500.0,Bonus,12,EUR,39.759166666666665
2024-01-08,81539,München,1500.0,Bonus,1,EUR,36.685833333333335
2024-01-08,81539,München,1500.0,Bonus,9,EUR,38.62833333333334
2024-01-08,81539,München,1500.0,Bonus,26,EUR,43.87916666666666
2024-01-08,10115,Berlin,4250.0,Bonus,27,EUR,112.71
2024-01-08,81539,München,4250.0,Bonus,11,EUR,101.51833333333333
2024-01-08,81539,München,4250.0,Bonus,50,EUR,117.69333333333333
2024-01-08,10115,Berlin,3500.0,Bonus,4,EUR,82.1125
2024-01-08,10115,Berlin,3500.0,Bonus,15,EUR,87.44583333333333
2024-01-08,10115,Berlin,3500.0,Bonus,19,EUR,89.05166666666666
2024-01-08,10115,Berlin,3500.0,Bonus,47,EUR,98.66583333333334
2024-01-08,81539,München,3500.0,Bonus,3,EUR,75.2975
2024-01-08,81539,München,3500.0,Bonus,10,EUR,84.0175
2024-01-08,81539,München,3500.0,Bonus,23,EUR,89.07666666666667
2024-01-08,81539,München,3500.0,Bonus,32,EUR,91.3575
2024-01-08,10115,Berlin,2000.0,Bonus,25,EUR,54.405833333333334
2024-01-08,81539,München,2000.0,Bonus,5,EUR,48.642500000000005
2024-01-08,10115,Berlin,2500.0,Bonus,7,EUR,60.37083333333334
2024-01-08,10115,Berlin,2500.0,Bonus,20,EUR,64.28666666666668
2024-01-08,10115,Berlin,2500.0,Bonus,47,EUR,72.94166666666666
2024-01-08,10115,Berlin,2500.0,Bonus,48,EUR,73.14833333333333
2024-01-08,81539,München,2500.0,Bonus,34,EUR,67.89
2024-01-08,81539,München,2500.0,Bonus,43,EUR,70.99166666666666
2024-01-08,10115,Berlin,4500.0,Bonus,50,EUR,125.69416666666666
2024-01-08,10115,Berlin,4000.0,Bonus,8,EUR,95.63333333333333
2024-01-08,10115,Berlin,4000.0,Bonus,20,EUR,102.71
2024-01-08,10115,Berlin,4000.0,Bonus,25,EUR,104.93833333333333
2024-01-08,10115,Berlin,4000.0,Bonus,29,EUR,105.90333333333332
2024-01-08,10115,Berlin,4000.0,Bonus,39,EUR,109.05666666666667
2024-01-08,10115,Berlin,2500.0,Non-Bonus,12,EUR,71.32333333333334
2024-01-08,10115,Berlin,2500.0,Non-Bonus,34,EUR,76.95166666666667
2024-01-08,10115,Berlin,2500.0,Non-Bonus,49,EUR,78.77166666666666
2024-01-08,81539,München,2500.0,Non-Bonus,16,EUR,71.30333333333333
2024-01-08,81539,München,2500.0,Non-Bonus,30,EUR,73.83333333333333
2024-01-08,81539,München,2500.0,Non-Bonus,47,EUR,77.4725
2024-01-08,81539,München,4250.0,Non-Bonus,28,EUR,118.59916666666668
2024-01-08,10115,Berlin,3500.0,Non-Bonus,4,EUR,93.06333333333333
2024-01-08,10115,Berlin,3500.0,Non-Bonus,17,EUR,98.83166666666666
2024-01-08,10115,Berlin,4000.0,Non-Bonus,17,EUR,111.83333333333333
2024-01-08,10115,Berlin,4000.0,Non-Bonus,39,EUR,117.675
2024-01-08,81539,München,4000.0,Non-Bonus,20,EUR,109.87166666666667
2024-01-08,81539,München,4000.0,Non-Bonus,31,EUR,112.99666666666667
2024-01-08,81539,München,4000.0,Non-Bonus,45,EUR,116.235
2024-01-08,10115,Berlin,3000.0,Non-Bonus,18,EUR,86.29666666666667
2024-01-08,81539,München,3000.0,Non-Bonus,44,EUR,90.16000000000001
2024-01-08,10115,Berlin,5000.0,Bonus,7,EUR,121.95166666666667
2024-01-08,81539,München,5000.0,Bonus,23,EUR,125.87083333333334
2024-01-08,10115,Berlin,3000.0,Bonus,9,EUR,72.84916666666668
2024-01-08,10115,Berlin,3000.0,Bonus,18,EUR,75.86666666666666
2024-01-08,10115,Berlin,3000.0,Bonus,25,EUR,79.35166666666667
2024-01-08,10115,Berlin,3000.0,Bonus,32,EUR,81.31666666666666
2024-01-08,81539,München,3000.0,Bonus,5,EUR,70.55916666666667
2024-01-08,81539,München,3000.0,Bonus,24,EUR,76.82666666666667
2024-01-08,10115,Berlin,1500.0,Bonus,11,EUR,39.362500000000004
2024-01-08,10115,Berlin,1500.0,Bonus,21,EUR,43.380833333333335
2024-01-08,10115,Berlin,1500.0,Bonus,22,EUR,44.335
2024-01-08,10115,Berlin,1500.0,Bonus,27,EUR,45.97083333333333
2024-01-08,81539,München,1500.0,Bonus,37,EUR,46.754999999999995
2024-01-08,81539,München,1500.0,Bonus,46,EUR,47.625
2024-01-08,81539,München,4250.0,Bonus,16,EUR,104.78166666666668
2024-01-08,81539,München,4250.0,Bonus,28,EUR,108.76083333333334
2024-01-08,10115,Berlin,3500.0,Bonus,18,EUR,88.9875
2024-01-08,81539,München,3500.0,Bonus,35,EUR,92.21749999999999
2024-01-08,10115,Berlin,2000.0,Bonus,3,EUR,48.26666666666667
2024-01-08,81539,München,2000.0,Bonus,37,EUR,57.9375
2024-01-08,10115,Berlin,2500.0,Bonus,16,EUR,62.37916666666666
2024-01-08,10115,Berlin,2500.0,Bonus,26,EUR,67.32666666666667
2024-01-08,10115,Berlin,2500.0,Bonus,44,EUR,71.89416666666666
2024-01-08,81539,München,4500.0,Bonus,6,EUR,106.84916666666668
2024-01-08,81539,München,4500.0,Bonus,14,EUR,111.11583333333334
2024-01-08,81539,München,4500.0,Bonus,25,EUR,114.15083333333332
2024-01-08,81539,München,4500.0,Bonus,43,EUR,120.6225
2024-01-08,10115,Berlin,4000.0,Bonus,17,EUR,102.29583333333333
2024-01-08,10115,Berlin,4000.0,Bonus,21,EUR,103.40416666666665
2024-01-08,10115,Berlin,4000.0,Bonus,37,EUR,109.01083333333334
2024-01-08,10115,Berlin,2500.0,Non-Bonus,41,EUR,77.66
2024-01-08,81539,München,2500.0,Non-Bonus,9,EUR,68.7225
2024-01-08,81539,München,2500.0,Non-Bonus,21,EUR,72.16166666666668
2024-01-08,81539,München,2500.0,Non-Bonus,27,EUR,73.18916666666667
2024-01-08,81539,München,4250.0,Non-Bonus,43,EUR,122.53666666666668
2024-01-08,81539,München,4250.0,Non-Bonus,46,EUR,122.805
2024-01-08,10115,Berlin,3500.0,Non-Bonus,31,EUR,102.8775
2024-01-08,81539,München,3500.0,Non-Bonus,4,EUR,90.59833333333334
2024-01-08,81539,München,3500.0,Non-Bonus,7,EUR,92.185
2024-01-08,10115,Berlin,4000.0,Non-Bonus,36,EUR,117.2
2024-01-08,81539,München,4000.0,Non-Bonus,26,EUR,111.19083333333333
2024-01-08,81539,München,4000.0,Non-Bonus,49,EUR,116.67333333333333
2024-01-08,10115,Berlin,3000.0,Non-Bonus,4,EUR,79.55166666666666
2024-01-08,81539,München,3000.0,Non-Bonus,36,EUR,88.825
2024-01-08,10115,Berlin,5000.0,Bonus,15,EUR,127.43916666666667
2024-01-08,81539,München,5000.0,Bonus,49,EUR,136.46666666666667
2024-01-08,10115,Berlin,3000.0,Bonus,16,EUR,75.58916666666667
2024-01-08,10115,Berlin,3000.0,Bonus,19,EUR,75.88333333333334
2024-01-08,81539,München,3000.0,Bonus,6,EUR,70.95166666666667
2024-01-08,81539,München,3000.0,Bonus,31,EUR,79.31666666666666
2024-01-08,10115,Berlin,1500.0,Bonus,19,EUR,43.193333333333335
2024-01-08,10115,Berlin,3500.0,Bonus,22,EUR,91.46
2024-01-08,81539,München,3500.0,Bonus,34,EUR,92.185
2024-01-08,81539,München,3500.0,Bonus,36,EUR,92.3125
2024-01-08,81539,München,3500.0,Bonus,46,EUR,96.93333333333334
2024-01-08,10115,Berlin,2000.0,Bonus,6,EUR,48.3425
2024-01-08,10115,Berlin,2000.0,Bonus,27,EUR,55.218333333333334
2024-01-08,81539,München,2000.0,Bonus,30,EUR,56.10333333333333
2024-01-08,81539,München,2000.0,Bonus,47,EUR,60.07916666666667
2024-01-08,10115,Berlin,2500.0,Bonus,13,EUR,60.99916666666667
2024-01-08,81539,München,2500.0,Bonus,8,EUR,58.95083333333333
2024-01-08,10115,Berlin,4500.0,Bonus,12,EUR,110.60583333333334
2024-01-08,81539,München,4500.0,Bonus,18,EUR,112.75583333333333
2024-01-08,81539,München,4500.0,Bonus,22,EUR,113.30666666666667
2024-01-08,81539,München,4500.0,Bonus,48,EUR,122.42583333333333
2024-01-08,81539,München,4000.0,Bonus,4,EUR,91.235
2024-01-08,81539,München,2500.0,Non-Bonus,6,EUR,67.70083333333334
2024-01-08,81539,München,2500.0,Non-Bonus,34,EUR,74.79666666666667
2024-01-08,81539,München,2500.0,Non-Bonus,40,EUR,76.28666666666668
2024-01-08,10115,Berlin,4250.0,Non-Bonus,37,EUR,123.95083333333334
2024-01-08,10115,Berlin,3500.0,Non-Bonus,50,EUR,105.41416666666667
2024-01-08,81539,München,3500.0,Non-Bonus,19,EUR,96.93333333333334
2024-01-08,81539,München,3500.0,Non-Bonus,30,EUR,99.6425
2024-01-08,81539,München,4000.0,Non-Bonus,15,EUR,108.18916666666667
2024-01-08,81539,München,4000.0,Non-Bonus,25,EUR,111.15583333333332
2024-01-08,81539,München,4000.0,Non-Bonus,40,EUR,114.9775
2024-01-08,81539,München,4000.0,Non-Bonus,41,EUR,115.06
2024-01-08,81539,München,4000.0,Non-Bonus,44,EUR,116.06
2024-01-08,10115,Berlin,3000.0,Non-Bonus,20,EUR,87.895
2024-01-08,81539,München,3000.0,Non-Bonus,3,EUR,66.215
2024-01-08,81539,München,3000.0,Non-Bonus,48,EUR,90.335
2024-01-08,10115,Berlin,5000.0,Bonus,32,EUR,133.45833333333334
2024-01-08,81539,München,5000.0,Bonus,29,EUR,127.57583333333334
2024-01-08,81539,München,5000.0,Bonus,44,EUR,134.28916666666666
2024-01-08,10115,Berlin,1500.0,Bonus,6,EUR,39.2525
2024-01-08,81539,München,1500.0,Bonus,17,EUR,42.51
2024-01-08,81539,München,1500.0,Bonus,38,EUR,46.79916666666667
2024-01-08,10115,Berlin,4250.0,Bonus,17,EUR,108.95
2024-01-08,81539,München,4250.0,Bonus,10,EUR,101.50999999999999
2024-01-08,81539,München,3500.0,Bonus,41,EUR,95.4975
2024-01-08,81539,München,3500.0,Bonus,42,EUR,95.51833333333333
2024-01-08,10115,Berlin,2000.0,Bonus,12,EUR,48.96666666666667
2024-01-08,10115,Berlin,2000.0,Bonus,24,EUR,54.335
2024-01-08,10115,Berlin,2500.0,Bonus,9,EUR,60.46083333333333
2024-01-08,10115,Berlin,2500.0,Bonus,37,EUR,70.03166666666667
2024-01-08,81539,München,2500.0,Bonus,6,EUR,58.945
2024-01-08,10115,Berlin,4500.0,Bonus,24,EUR,117.13583333333334
2024-01-08,81539,München,4500.0,Bonus,16,EUR,112.15499999999999
2024-01-08,10115,Berlin,4000.0,Bonus,18,EUR,102.4225
2024-01-08,10115,Berlin,4000.0,Bonus,45,EUR,111.52749999999999
2024-01-08,81539,München,4000.0,Bonus,5,EUR,92.09666666666668
2024-01-08,10115,Berlin,2500.0,Non-Bonus,9,EUR,70.53916666666667
2024-01-08,10115,Berlin,2500.0,Non-Bonus,36,EUR,76.96249999999999
2024-01-08,10115,Berlin,2500.0,Non-Bonus,40,EUR,77.57833333333333
2024-01-08,10115,Berlin,4250.0,Non-Bonus,35,EUR,123.53333333333335
2024-01-08,81539,München,4250.0,Non-Bonus,2,EUR,89.15666666666668
2024-01-08,10115,Berlin,3500.0,Non-Bonus,1,EUR,76.82166666666667
2024-01-08,10115,Berlin,3500.0,Non-Bonus,2,EUR,77.09
2024-01-08,10115,Berlin,3500.0,Non-Bonus,7,EUR,94.70083333333334
2024-01-08,81539,München,3500.0,Non-Bonus,15,EUR,95.93166666666667
2024-01-08,81539,München,3500.0,Non-Bonus,36,EUR,100.44333333333333
2024-01-08,10115,Berlin,4000.0,Non-Bonus,11,EUR,109.05666666666667
2024-01-08,10115,Berlin,4000.0,Non-Bonus,40,EUR,117.83166666666666
2024-01-08,10115,Berlin,4000.0,Non-Bonus,43,EUR,118.485
2024-01-08,81539,München,4000.0,Non-Bonus,11,EUR,106.80083333333333
2024-01-08,81539,München,4000.0,Non-Bonus,18,EUR,109.41666666666667
2024-01-08,81539,München,4000.0,Non-Bonus,34,EUR,113.16083333333334
2024-01-08,10115,Berlin,3000.0,Non-Bonus,28,EUR,89.255
2024-01-08,81539,München,3000.0,Bonus,11,EUR,70.98416666666667
2024-01-08,81539,München,3000.0,Bonus,38,EUR,80.73416666666667
2024-01-08,10115,Berlin,1500.0,Bonus,5,EUR,39.21583333333333
2024-01-08,10115,Berlin,1500.0,Bonus,7,EUR,39.25833333333333
2024-01-08,10115,Berlin,1500.0,Bonus,29,EUR,46.17083333333333
2024-01-08,10115,Berlin,1500.0,Bonus,30,EUR,46.23666666666667
2024-01-08,81539,München,1500.0,Bonus,4,EUR,38.61416666666667
2024-01-08,81539,München,1500.0,Bonus,16,EUR,42.387499999999996
2024-01-08,81539,München,1500.0,Bonus,22,EUR,43.05416666666667
2024-01-08,81539,München,4250.0,Bonus,22,EUR,107.63
2024-01-08,81539,München,4250.0,Bonus,29,EUR,108.9375
2024-01-08,81539,München,4250.0,Bonus,48,EUR,116.96749999999999
2024-01-08,10115,Berlin,3500.0,Bonus,16,EUR,87.46333333333332
2024-01-08,10115,Berlin,2000.0,Bonus,4,EUR,48.30083333333334
2024-01-08,10115,Berlin,2000.0,Bonus,13,EUR,49.229166666666664
2024-01-08,10115,Berlin,2000.0,Bonus,21,EUR,52.72416666666667
2024-01-08,10115,Berlin,2000.0,Bonus,22,EUR,52.942499999999995
2024-01-08,81539,München,2000.0,Bonus,3,EUR,47.80833333333334
2024-01-08,10115,Berlin,2500.0,Bonus,28,EUR,67.6675
2024-01-08,81539,München,2500.0,Bonus,10,EUR,59.833333333333336
2024-01-08,81539,München,2500.0,Bonus,29,EUR,67.06333333333333
2024-01-08,10115,Berlin,4500.0,Bonus,3,EUR,105.77999999999999
2024-01-08,10115,Berlin,4500.0,Bonus,17,EUR,115.51416666666667
2024-01-08,81539,München,4500.0,Bonus,41,EUR,120.21
2024-01-08,10115,Berlin,4000.0,Bonus,4,EUR,93.52166666666666
2024-01-08,81539,München,4000.0,Bonus,22,EUR,101.05916666666667
2024-01-08,81539,München,4000.0,Bonus,33,EUR,104.22583333333334
2024-01-08,10115,Berlin,2500.0,Non-Bonus,1,EUR,57.70916666666667
2024-01-08,10115,Berlin,2500.0,Non-Bonus,11,EUR,71.27083333333333
2024-01-08,10115,Berlin,2500.0,Non-Bonus,30,EUR,76.31333333333333
2024-01-08,81539,München,2500.0,Non-Bonus,10,EUR,69.04
2024-01-08,81539,München,2500.0,Non-Bonus,14,EUR,70.85083333333334
2024-01-08,81539,München,2500.0,Non-Bonus,15,EUR,70.99166666666666
2024-01-08,10115,Berlin,4250.0,Non-Bonus,1,EUR,91.46666666666665
2024-01-08,81539,München,4250.0,Non-Bonus,27,EUR,117.77333333333333
2024-01-08,81539,München,4250.0,Non-Bonus,33,EUR,119.62
2024-01-08,10115,Berlin,3500.0,Non-Bonus,11,EUR,96.66916666666667
2024-01-08,81539,München,3500.0,Non-Bonus,45,EUR,102.85333333333334
2024-01-08,81539,München,4000.0,Non-Bonus,8,EUR,105.82583333333334
2024-01-08,81539,München,4000.0,Non-Bonus,13,EUR,107.78250000000001
2024-01-08,81539,München,4000.0,Non-Bonus,21,EUR,109.96583333333332
2024-01-08,10115,Berlin,3000.0,Non-Bonus,30,EUR,89.45166666666667
2024-01-08,10115,Berlin,3000.0,Non-Bonus,39,EUR,91.31166666666667
2024-01-08,10115,Berlin,3000.0,Non-Bonus,44,EUR,91.575
2024-01-08,10115,Berlin,5000.0,Bonus,39,EUR,136.03916666666666
2024-01-08,81539,München,5000.0,Bonus,28,EUR,127.51416666666667
2024-01-08,10115,Berlin,3000.0,Bonus,33,EUR,81.69
2024-01-08,10115,Berlin,3000.0,Bonus,45,EUR,85.60333333333334
2024-01-08,81539,München,3000.0,Bonus,20,EUR,75.15833333333333
2024-01-08,81539,München,3000.0,Bonus,36,EUR,80.20416666666667
2024-01-08,10115,Berlin,1500.0,Bonus,25,EUR,45.34916666666667
2024-01-08,81539,München,4250.0,Bonus,49,EUR,117.42916666666667
2024-01-08,10115,Berlin,3500.0,Bonus,34,EUR,94.70083333333334
2024-01-08,10115,Berlin,3500.0,Bonus,37,EUR,95.53500000000001
2024-01-08,10115,Berlin,2000.0,Bonus,16,EUR,49.89333333333334
2024-01-08,10115,Berlin,2000.0,Bonus,26,EUR,54.568333333333335
2024-01-08,81539,München,2000.0,Bonus,12,EUR,51.237500000000004
2024-01-08,81539,München,2000.0,Bonus,31,EUR,56.29333333333333
2024-01-08,10115,Berlin,2500.0,Bonus,17,EUR,62.62083333333334
2024-01-08,10115,Berlin,2500.0,Bonus,32,EUR,68.22083333333333
2024-01-08,81539,München,2500.0,Bonus,9,EUR,59.27666666666667
2024-01-08,81539,München,2500.0,Bonus,45,EUR,71.765
2024-01-08,10115,Berlin,4500.0,Bonus,10,EUR,109.45416666666667
2024-01-08,10115,Berlin,4500.0,Bonus,34,EUR,121.44
2024-01-08,81539,München,4500.0,Bonus,30,EUR,115.55833333333334
2024-01-08,10115,Berlin,4000.0,Bonus,49,EUR,112.12
2024-01-08,81539,München,4000.0,Bonus,16,EUR,98.40583333333332
2024-01-08,81539,München,4000.0,Bonus,35,EUR,105.6325
2024-01-08,10115,Berlin,2500.0,Non-Bonus,5,EUR,69.2725
2024-01-08,10115,Berlin,2500.0,Non-Bonus,17,EUR,73.14833333333333
2024-01-08,10115,Berlin,2500.0,Non-Bonus,19,EUR,73.85166666666667
2024-01-08,10115,Berlin,2500.0,Non-Bonus,21,EUR,74.41583333333334
2024-01-08,10115,Berlin,2500.0,Non-Bonus,32,EUR,76.55666666666666
2024-01-08,81539,München,2500.0,Non-Bonus,41,EUR,76.35416666666667
2024-01-08,10115,Berlin,4250.0,Non-Bonus,15,EUR,117.95916666666666
2024-01-08,10115,Berlin,4250.0,Non-Bonus,46,EUR,125.485
2024-01-08,81539,München,4250.0,Non-Bonus,41,EUR,121.515
2024-01-08,10115,Berlin,3500.0,Non-Bonus,9,EUR,96.03833333333334
2024-01-08,10115,Berlin,3500.0,Non-Bonus,43,EUR,104.79
2024-01-08,10115,Berlin,3500.0,Non-Bonus,47,EUR,105.21
2024-01-08,10115,Berlin,4000.0,Non-Bonus,10,EUR,109.04
2024-01-08,10115,Berlin,4000.0,Non-Bonus,27,EUR,115.77916666666665
2024-01-08,10115,Berlin,4000.0,Non-Bonus,35,EUR,116.87916666666666
2024-01-08,10115,Berlin,3000.0,Non-Bonus,34,EUR,90.29583333333333
2024-01-08,10115,Berlin,3000.0,Non-Bonus,35,EUR,90.375
2024-01-08,81539,München,3000.0,Non-Bonus,26,EUR,86.02
2024-01-08,10115,Berlin,5000.0,Bonus,3,EUR,117.64666666666666
2024-01-08,10115,Berlin,5000.0,Bonus,27,EUR,131.3975
2024-01-08,81539,München,5000.0,Bonus,4,EUR,115.99833333333333
2024-01-08,81539,München,5000.0,Bonus,14,EUR,123.6175
2024-01-08,81539,München,5000.0,Bonus,33,EUR,128.79833333333332
2024-01-08,81539,München,5000.0,Bonus,39,EUR,132.30916666666667
2024-01-08,10115,Berlin,3000.0,Bonus,37,EUR,82.45916666666666
2024-01-08,10115,Berlin,3000.0,Bonus,42,EUR,84.28166666666667
2024-01-08,81539,München,3000.0,Bonus,17,EUR,74.50833333333334
2024-01-08,10115,Berlin,1500.0,Bonus,10,EUR,39.32083333333333
2024-01-08,10115,Berlin,1500.0,Bonus,14,EUR,40.09583333333333
2024-01-08,10115,Berlin,1500.0,Bonus,28,EUR,45.9975
2024-01-08,81539,München,1500.0,Bonus,3,EUR,38.575833333333335
2024-01-08,81539,München,1500.0,Bonus,45,EUR,47.145833333333336
2024-01-08,10115,Berlin,4250.0,Bonus,19,EUR,109.32333333333334
2024-01-08,81539,München,4250.0,Bonus,15,EUR,104.18666666666667
2024-01-08,81539,München,4250.0,Bonus,26,EUR,108.23083333333334
2024-01-08,81539,München,3500.0,Bonus,7,EUR,83.17999999999999
2024-01-08,81539,München,3500.0,Bonus,48,EUR,98.185
2024-01-08,10115,Berlin,2000.0,Bonus,19,EUR,52.43666666666667
2024-01-08,10115,Berlin,2000.0,Bonus,41,EUR,60.080000000000005
2024-01-08,10115,Berlin,2000.0,Bonus,47,EUR,61.1175
2024-01-08,81539,München,2000.0,Bonus,6,EUR,48.692499999999995
2024-01-08,10115,Berlin,2500.0,Bonus,12,EUR,60.50416666666666
2024-01-08,81539,München,2500.0,Bonus,30,EUR,67.07083333333334
2024-01-08,81539,München,2500.0,Bonus,47,EUR,72.20833333333333
2024-01-08,10115,Berlin,4500.0,Bonus,40,EUR,122.89999999999999
2024-01-08,81539,München,4500.0,Bonus,24,EUR,114.11083333333333
2024-01-08,81539,München,4500.0,Bonus,40,EUR,120.08749999999999
2024-01-08,10115,Berlin,4000.0,Bonus,42,EUR,109.4225
2024-01-08,10115,Berlin,2500.0,Non-Bonus,15,EUR,72.16916666666667
2024-01-08,10115,Berlin,4250.0,Non-Bonus,44,EUR,125.22250000000001
2024-01-08,10115,Berlin,4250.0,Non-Bonus,47,EUR,125.815
2024-01-08,81539,München,4250.0,Non-Bonus,23,EUR,116.96749999999999
2024-01-08,81539,München,4250.0,Non-Bonus,32,EUR,119.5
2024-01-08,10115,Berlin,3500.0,Non-Bonus,14,EUR,98.03333333333335
2024-01-08,10115,Berlin,3500.0,Non-Bonus,44,EUR,105.02166666666666
2024-01-08,10115,Berlin,3500.0,Non-Bonus,48,EUR,105.27083333333333
2024-01-08,10115,Berlin,4000.0,Non-Bonus,8,EUR,109.00833333333333
2024-01-08,10115,Berlin,4000.0,Non-Bonus,26,EUR,115.40416666666665
2024-01-08,10115,Berlin,4000.0,Non-Bonus,38,EUR,117.485
2024-01-08,81539,München,4000.0,Non-Bonus,36,EUR,113.25166666666667
2024-01-08,81539,München,4000.0,Non-Bonus,43,EUR,115.97916666666667
2024-01-08,10115,Berlin,3000.0,Non-Bonus,12,EUR,84.28166666666667
2024-01-08,10115,Berlin,3000.0,Non-Bonus,43,EUR,91.41666666666667
2024-01-08,81539,München,3000.0,Non-Bonus,9,EUR,80.39999999999999
2024-01-08,10115,Berlin,5000.0,Bonus,47,EUR,137.57
2024-01-08,81539,München,5000.0,Bonus,7,EUR,117.97250000000001
2024-01-08,81539,München,5000.0,Bonus,31,EUR,127.80916666666667
2024-01-08,81539,München,3000.0,Bonus,7,EUR,70.95833333333333
2024-01-08,10115,Berlin,1500.0,Bonus,47,EUR,48.09
2024-01-08,10115,Berlin,4250.0,Bonus,30,EUR,113.01833333333333
2024-01-08,10115,Berlin,4250.0,Bonus,34,EUR,114.94333333333333
2024-01-08,81539,München,4250.0,Bonus,5,EUR,98.24583333333334
2024-01-08,81539,München,4250.0,Bonus,35,EUR,111.96916666666668
2024-01-08,10115,Berlin,3500.0,Bonus,33,EUR,94.23083333333334
2024-01-08,81539,München,3500.0,Bonus,1,EUR,72.39166666666667
2024-01-08,81539,München,3500.0,Bonus,13,EUR,84.9475
2024-01-08,10115,Berlin,2000.0,Bonus,8,EUR,48.43333333333334
2024-01-08,10115,Berlin,2000.0,Bonus,43,EUR,60.306666666666665
2024-01-08,81539,München,2000.0,Bonus,27,EUR,55.98416666666666
2024-01-08,81539,München,2000.0,Bonus,42,EUR,59.26
2024-01-08,81539,München,2000.0,Bonus,46,EUR,60.00333333333333
2024-01-08,10115,Berlin,2500.0,Bonus,11,EUR,60.5
2024-01-08,81539,München,2500.0,Bonus,3,EUR,56.971666666666664
2024-01-08,81539,München,2500.0,Bonus,41,EUR,69.88916666666667
2024-01-08,10115,Berlin,4500.0,Bonus,7,EUR,109.28750000000001
2024-01-08,10115,Berlin,4500.0,Bonus,37,EUR,122.45833333333333
2024-01-08,81539,München,4500.0,Bonus,4,EUR,104.1225
2024-01-08,81539,München,4500.0,Bonus,5,EUR,104.4575
2024-01-08,10115,Berlin,4000.0,Bonus,36,EUR,109.00833333333333
2024-01-08,10115,Berlin,4000.0,Bonus,40,EUR,109.245
2024-01-08,81539,München,4000.0,Bonus,36,EUR,105.82583333333334
2024-01-08,10115,Berlin,2500.0,Non-Bonus,44,EUR,77.87916666666666
2024-01-08,81539,München,2500.0,Non-Bonus,11,EUR,69.845
2024-01-08,81539,München,2500.0,Non-Bonus,23,EUR,72.76333333333334
2024-01-08,10115,Berlin,4250.0,Non-Bonus,4,EUR,111.92916666666667
2024-01-08,81539,München,4250.0,Non-Bonus,30,EUR,119.33
2024-01-08,10115,Berlin,3500.0,Non-Bonus,40,EUR,104.22833333333334
2024-01-08,10115,Berlin,3500.0,Non-Bonus,41,EUR,104.47833333333334
2024-01-08,81539,München,3500.0,Non-Bonus,23,EUR,98.05333333333334
2024-01-08,10115,Berlin,4000.0,Non-Bonus,6,EUR,107.61583333333334
2024-01-08,10115,Berlin,4000.0,Non-Bonus,41,EUR,118.18916666666667
2024-01-08,81539,München,4000.0,Non-Bonus,17,EUR,109.27999999999999
2024-01-08,10115,Berlin,3000.0,Non-Bonus,11,EUR,83.515
2024-01-08,10115,Berlin,3000.0,Non-Bonus,22,EUR,88.52
2024-01-08,10115,Berlin,3000.0,Non-Bonus,48,EUR,91.935
2024-01-08,81539,München,3000.0,Non-Bonus,34,EUR,87.58999999999999
2024-01-08,10115,Berlin,5000.0,Bonus,17,EUR,127.57666666666667
2024-01-08,10115,Berlin,5000.0,Bonus,28,EUR,131.59916666666666
2024-01-08,81539,München,5000.0,Bonus,38,EUR,131.26666666666668
2024-01-08,10115,Berlin,3000.0,Bonus,20,EUR,75.92916666666666
2024-01-08,81539,München,3000.0,Bonus,4,EUR,67.42666666666666
2024-01-08,81539,München,3000.0,Bonus,37,EUR,80.41916666666667
2024-01-08,81539,München,3000.0,Bonus,45,EUR,84.45
2024-01-08,10115,Berlin,1500.0,Bonus,1,EUR,37.905
2024-01-08,10115,Berlin,1500.0,Bonus,46,EUR,47.75416666666666
2024-01-08,81539,München,1500.0,Bonus,13,EUR,40.920833333333334
2024-01-08,81539,München,1500.0,Bonus,27,EUR,43.975833333333334
2024-01-08,81539,München,1500.0,Bonus,33,EUR,45.3975
2024-01-08,81539,München,1500.0,Bonus,42,EUR,47.0
2024-01-08,81539,München,1500.0,Bonus,50,EUR,48.340833333333336
2024-01-08,10115,Berlin,4250.0,Bonus,28,EUR,112.78916666666667
2024-01-08,10115,Berlin,4250.0,Bonus,39,EUR,116.01916666666666
2024-01-08,10115,Berlin,4250.0,Bonus,48,EUR,118.57083333333333
2024-01-08,81539,München,4250.0,Bonus,2,EUR,89.04166666666667
2024-01-08,81539,München,4250.0,Bonus,19,EUR,106.66166666666668
2024-01-08,81539,München,4250.0,Bonus,41,EUR,113.91416666666667
2024-01-08,10115,Berlin,3500.0,Bonus,31,EUR,93.48
2024-01-08,10115,Berlin,3500.0,Bonus,48,EUR,98.83166666666666
2024-01-08,81539,München,3500.0,Bonus,2,EUR,75.0425
2024-01-08,81539,München,3500.0,Bonus,22,EUR,87.9375
2024-01-08,81539,München,3500.0,Bonus,24,EUR,89.44666666666666
2024-01-08,10115,Berlin,2000.0,Bonus,35,EUR,59.501666666666665
2024-01-08,10115,Berlin,2000.0,Bonus,36,EUR,59.501666666666665
2024-01-08,10115,Berlin,2000.0,Bonus,45,EUR,60.504999999999995
2024-01-08,81539,München,2000.0,Bonus,23,EUR,54.443333333333335
2024-01-08,81539,München,2000.0,Bonus,48,EUR,60.182500000000005
2024-01-08,10115,Berlin,2500.0,Bonus,18,EUR,62.785
2024-01-08,10115,Berlin,2500.0,Bonus,27,EUR,67.66
2024-01-08,10115,Berlin,2500.0,Bonus,46,EUR,72.61166666666666
2024-01-08,81539,München,2500.0,Bonus,17,EUR,62.25083333333333
2024-01-08,81539,München,2500.0,Bonus,18,EUR,62.31666666666666
2024-01-08,81539,München,2500.0,Bonus,27,EUR,65.7825
2024-01-08,81539,München,2500.0,Bonus,35,EUR,68.09583333333333
2024-01-08,81539,München,2500.0,Bonus,48,EUR,72.8075
2024-01-08,10115,Berlin,4500.0,Bonus,21,EUR,116.02916666666665
2024-01-08,10115,Berlin,4500.0,Bonus,23,EUR,116.65583333333332
2024-01-08,10115,Berlin,4500.0,Bonus,46,EUR,124.515
2024-01-08,10115,Berlin,4500.0,Bonus,47,EUR,124.57833333333333
2024-01-08,81539,München,4500.0,Bonus,17,EUR,112.71
2024-01-08,81539,München,4500.0,Bonus,23,EUR,113.78250000000001
2024-01-08,81539,München,4500.0,Bonus,42,EUR,120.42333333333333
2024-01-08,81539,München,4000.0,Bonus,8,EUR,95.39333333333333
2024-01-08,81539,München,4000.0,Bonus,30,EUR,102.85583333333334
2024-01-08,81539,München,4000.0,Bonus,40,EUR,106.8175
2024-01-08,10115,Berlin,2500.0,Non-Bonus,22,EUR,74.60416666666667
2024-01-08,81539,München,2500.0,Non-Bonus,4,EUR,67.10583333333334
2024-01-08,81539,München,2500.0,Non-Bonus,48,EUR,77.52666666666667
2024-01-08,81539,München,4250.0,Non-Bonus,20,EUR,116.14916666666666
2024-01-08,10115,Berlin,3500.0,Non-Bonus,37,EUR,103.78750000000001
2024-01-08,81539,München,3500.0,Non-Bonus,21,EUR,97.3625
2024-01-08,81539,München,3500.0,Non-Bonus,40,EUR,101.97916666666667
2024-01-08,10115,Berlin,4000.0,Non-Bonus,7,EUR,108.58916666666666
2024-01-08,10115,Berlin,4000.0,Non-Bonus,13,EUR,110.02999999999999
2024-01-08,10115,Berlin,4000.0,Non-Bonus,28,EUR,115.82666666666667
2024-01-08,81539,München,4000.0,Non-Bonus,1,EUR,84.46
2024-01-08,10115,Berlin,3000.0,Non-Bonus,32,EUR,90.25999999999999
2024-01-08,10115,Berlin,3000.0,Non-Bonus,50,EUR,92.27333333333333
2024-01-08,81539,München,3000.0,Non-Bonus,4,EUR,78.36166666666666
2024-01-08,81539,München,3000.0,Non-Bonus,42,EUR,89.54916666666666
2024-01-08,81539,München,3000.0,Non-Bonus,50,EUR,90.46583333333332
