report_date,postcode,location_name,annual_consumption_in_kWh,market,ranking,currency,gross_price_per_month
2024-01-29,81539,München,1500.0,Bonus,33,EUR,44.530833333333334
2024-01-29,81539,München,4250.0,Bonus,14,EUR,100.76666666666667
2024-01-29,81539,München,4250.0,Bonus,17,EUR,100.92583333333333
2024-01-29,81539,München,4250.0,Bonus,32,EUR,105.44666666666666
2024-01-29,81539,München,4250.0,Bonus,45,EUR,110.67333333333333
2024-01-29,81539,München,3500.0,Bonus,6,EUR,75.32083333333334
2024-01-29,81539,München,3500.0,Bonus,13,EUR,81.15916666666666
2024-01-29,81539,München,3500.0,Bonus,43,EUR,92.05583333333334
2024-01-29,81539,München,4000.0,Bonus,1,EUR,81.56833333333334
2024-01-29,81539,München,4000.0,Bonus,41,EUR,103.71416666666666
2024-01-29,81539,München,4500.0,Bonus,8,EUR,102.71416666666666
2024-01-29,81539,München,4500.0,Bonus,45,EUR,116.94583333333333
2024-01-29,81539,München,5000.0,Bonus,50,EUR,131.1825
2024-01-29,81539,München,1000.0,Bonus,29,EUR,33.1575
2024-01-29,81539,München,1000.0,Bonus,32,EUR,33.3975
2024-01-29,81539,München,500.0,Bonus,13,EUR,20.986666666666668
2024-01-29,81539,München,1500.0,Bonus,2,EUR,37.225
2024-01-29,81539,München,1500.0,Bonus,9,EUR,38.80416666666667
2024-01-29,81539,München,3000.0,Bonus,40,EUR,79.8975
2024-01-29,81539,München,3000.0,Bonus,43,EUR,80.04916666666666
2024-01-29,81539,München,3500.0,Bonus,3,EUR,74.20833333333333
2024-01-29,81539,München,3500.0,Bonus,10,EUR,78.3875
2024-01-29,81539,München,4000.0,Bonus,6,EUR,87.53916666666667
2024-01-29,81539,München,4000.0,Bonus,14,EUR,94.55
2024-01-29,81539,München,4500.0,Bonus,2,EUR,90.875
2024-01-29,81539,München,4500.0,Bonus,23,EUR,107.6925
2024-01-29,81539,München,4500.0,Bonus,26,EUR,108.90333333333332
2024-01-29,81539,München,5000.0,Bonus,4,EUR,112.44083333333333
2024-01-29,81539,München,5000.0,Bonus,15,EUR,118.52
2024-01-29,81539,München,5000.0,Bonus,30,EUR,124.25333333333333
2024-01-29,81539,München,5000.0,Bonus,42,EUR,128.49583333333334
2024-01-29,81539,München,500.0,Bonus,14,EUR,21.319166666666668
2024-01-29,81539,München,500.0,Bonus,26,EUR,22.645
2024-01-29,81539,München,500.0,Bonus,37,EUR,23.528333333333332
2024-01-29,81539,München,1500.0,Bonus,8,EUR,38.645
2024-01-29,81539,München,4250.0,Bonus,42,EUR,110.29916666666666
2024-01-29,81539,München,3000.0,Bonus,5,EUR,65.64916666666666
2024-01-29,81539,München,3000.0,Bonus,14,EUR,69.65833333333333
2024-01-29,81539,München,3000.0,Bonus,41,EUR,79.90166666666667
2024-01-29,81539,München,3500.0,Bonus,15,EUR,81.77083333333333
2024-01-29,81539,München,4000.0,Bonus,22,EUR,95.19
2024-01-29,81539,München,4000.0,Bonus,40,EUR,103.7075
2024-01-29,81539,München,4000.0,Bonus,49,EUR,105.6075
2024-01-29,81539,München,4500.0,Bonus,17,EUR,106.86916666666667
2024-01-29,81539,München,4500.0,Bonus,22,EUR,107.46416666666666
2024-01-29,81539,München,4500.0,Bonus,27,EUR,109.14
2024-01-29,81539,München,4500.0,Bonus,38,EUR,114.51916666666666
2024-01-29,81539,München,2500.0,Bonus,9,EUR,57.520833333333336
2024-01-29,81539,München,2500.0,Bonus,25,EUR,60.45083333333333
2024-01-29,81539,München,2500.0,Bonus,46,EUR,69.085
2024-01-29,81539,München,2000.0,Bonus,8,EUR,48.425000000000004
2024-01-29,81539,München,5000.0,Bonus,25,EUR,120.81833333333333
2024-01-29,81539,München,1000.0,Bonus,35,EUR,33.69166666666667
2024-01-29,81539,München,500.0,Bonus,46,EUR,25.168333333333333
2024-01-29,81539,München,1500.0,Bonus,17,EUR,39.8725
2024-01-29,81539,München,1500.0,Bonus,31,EUR,43.219166666666666
2024-01-29,81539,München,3000.0,Bonus,30,EUR,76.09916666666668
2024-01-29,81539,München,4000.0,Bonus,47,EUR,105.14833333333333
2024-01-29,81539,München,4500.0,Bonus,7,EUR,100.47500000000001
2024-01-29,81539,München,2500.0,Bonus,3,EUR,55.83416666666667
2024-01-29,81539,München,2500.0,Bonus,5,EUR,56.06666666666666
2024-01-29,81539,München,2000.0,Bonus,37,EUR,56.61416666666667
2024-01-29,81539,München,2000.0,Bonus,46,EUR,58.31333333333333
2024-01-29,81539,München,5000.0,Bonus,3,EUR,102.78666666666668
2024-01-29,81539,München,5000.0,Bonus,6,EUR,112.95416666666667
2024-01-29,81539,München,1000.0,Bonus,3,EUR,28.5825
2024-01-29,81539,München,1000.0,Bonus,38,EUR,34.024166666666666
2024-01-29,81539,München,1000.0,Bonus,42,EUR,34.2125
2024-01-29,81539,München,1000.0,Bonus,43,EUR,34.24166666666667
2024-01-29,81539,München,500.0,Bonus,34,EUR,23.316666666666666
2024-01-29,81539,München,4250.0,Bonus,1,EUR,85.15666666666667
2024-01-29,81539,München,4250.0,Bonus,24,EUR,102.27916666666665
2024-01-29,81539,München,4250.0,Bonus,27,EUR,102.61833333333334
2024-01-29,81539,München,3000.0,Bonus,8,EUR,66.13416666666667
2024-01-29,81539,München,3500.0,Bonus,9,EUR,78.365
2024-01-29,81539,München,3500.0,Bonus,29,EUR,86.89916666666666
2024-01-29,81539,München,4000.0,Bonus,36,EUR,100.91583333333334
2024-01-29,81539,München,4500.0,Bonus,43,EUR,116.61416666666666
2024-01-29,81539,München,2500.0,Bonus,38,EUR,67.875
2024-01-29,81539,München,2000.0,Bonus,12,EUR,48.8725
2024-01-29,81539,München,5000.0,Bonus,9,EUR,117.57166666666666
2024-01-29,81539,München,1000.0,Bonus,2,EUR,27.77
2024-01-29,81539,München,1000.0,Bonus,17,EUR,30.243333333333336
2024-01-29,81539,München,500.0,Bonus,30,EUR,23.075
2024-01-29,81539,München,1500.0,Bonus,22,EUR,40.19
2024-01-29,81539,München,1500.0,Bonus,27,EUR,41.02833333333333
2024-01-29,81539,München,4250.0,Bonus,2,EUR,86.70833333333333
2024-01-29,81539,München,4250.0,Bonus,15,EUR,100.86166666666666
2024-01-29,81539,München,3000.0,Bonus,15,EUR,69.77166666666666
2024-01-29,81539,München,3000.0,Bonus,36,EUR,78.175
2024-01-29,81539,München,3000.0,Bonus,44,EUR,80.04916666666666
2024-01-29,81539,München,4000.0,Bonus,7,EUR,87.99583333333334
2024-01-29,81539,München,4000.0,Bonus,28,EUR,97.02
2024-01-29,81539,München,2500.0,Bonus,11,EUR,57.541666666666664
2024-01-29,81539,München,2500.0,Bonus,39,EUR,68.05333333333333
2024-01-29,81539,München,2000.0,Bonus,20,EUR,49.208333333333336
2024-01-29,81539,München,2000.0,Bonus,25,EUR,50.509166666666665
2024-01-29,81539,München,2000.0,Bonus,47,EUR,58.5325
2024-01-29,81539,München,5000.0,Bonus,13,EUR,118.01833333333333
2024-01-29,81539,München,5000.0,Bonus,36,EUR,126.17583333333333
2024-01-29,81539,München,1000.0,Bonus,28,EUR,33.050000000000004
2024-01-29,81539,München,1000.0,Bonus,30,EUR,33.1675
2024-01-29,81539,München,500.0,Bonus,21,EUR,22.15416666666667
2024-01-29,81539,München,500.0,Bonus,40,EUR,24.330833333333334
2024-01-29,81539,München,500.0,Bonus,45,EUR,24.978333333333335
2024-01-29,81539,München,1500.0,Bonus,20,EUR,40.145
2024-01-29,81539,München,4250.0,Bonus,25,EUR,102.50833333333333
2024-01-29,81539,München,4250.0,Bonus,34,EUR,106.71416666666666
2024-01-29,81539,München,4250.0,Bonus,37,EUR,108.02583333333332
2024-01-29,81539,München,3000.0,Bonus,16,EUR,69.8
2024-01-29,81539,München,3000.0,Bonus,18,EUR,70.17083333333333
2024-01-29,81539,München,3500.0,Bonus,12,EUR,81.10916666666667
2024-01-29,81539,München,3500.0,Bonus,36,EUR,88.89583333333333
2024-01-29,81539,München,4000.0,Bonus,21,EUR,95.17083333333333
2024-01-29,81539,München,4500.0,Bonus,32,EUR,111.59166666666665
2024-01-29,81539,München,2000.0,Bonus,3,EUR,46.3375
2024-01-29,81539,München,2000.0,Bonus,5,EUR,46.73666666666667
2024-01-29,81539,München,2000.0,Bonus,34,EUR,56.12416666666667
2024-01-29,81539,München,2000.0,Bonus,40,EUR,57.20333333333334
2024-01-29,81539,München,2000.0,Bonus,42,EUR,57.68333333333334
2024-01-29,81539,München,5000.0,Bonus,11,EUR,117.62166666666667
2024-01-29,81539,München,1000.0,Bonus,6,EUR,29.275000000000002
2024-01-29,81539,München,1000.0,Bonus,10,EUR,29.50916666666667
2024-01-29,81539,München,500.0,Bonus,31,EUR,23.17
2024-01-29,81539,München,1500.0,Bonus,50,EUR,46.836666666666666
2024-01-29,81539,München,4250.0,Bonus,3,EUR,89.04166666666667
2024-01-29,81539,München,3000.0,Bonus,4,EUR,65.58583333333333
2024-01-29,81539,München,3000.0,Bonus,24,EUR,72.215
2024-01-29,81539,München,3000.0,Bonus,33,EUR,77.5575
2024-01-29,81539,München,3500.0,Bonus,11,EUR,78.38833333333334
2024-01-29,81539,München,3500.0,Bonus,23,EUR,83.8125
2024-01-29,81539,München,4000.0,Bonus,5,EUR,87.5225
2024-01-29,81539,München,4000.0,Bonus,26,EUR,96.86583333333334
2024-01-29,81539,München,4000.0,Bonus,37,EUR,101.39083333333333
2024-01-29,81539,München,4500.0,Bonus,4,EUR,99.98166666666667
2024-01-29,81539,München,4500.0,Bonus,40,EUR,115.59750000000001
2024-01-29,81539,München,4500.0,Bonus,50,EUR,118.58833333333332
2024-01-29,81539,München,2500.0,Bonus,13,EUR,58.5875
2024-01-29,81539,München,5000.0,Bonus,18,EUR,119.8575
2024-01-29,81539,München,1000.0,Bonus,1,EUR,25.72666666666667
2024-01-29,81539,München,1000.0,Bonus,12,EUR,29.5675
2024-01-29,81539,München,1000.0,Bonus,24,EUR,32.21583333333333
2024-01-29,81539,München,1000.0,Bonus,40,EUR,34.141666666666666
2024-01-29,81539,München,1000.0,Bonus,45,EUR,34.641666666666666
2024-01-29,81539,München,1500.0,Bonus,6,EUR,38.637499999999996
2024-01-29,81539,München,1500.0,Bonus,42,EUR,45.82
2024-01-29,81539,München,3000.0,Bonus,9,EUR,68.3175
2024-01-29,81539,München,3500.0,Bonus,34,EUR,88.54416666666667
2024-01-29,81539,München,3500.0,Bonus,39,EUR,89.49833333333333
2024-01-29,81539,München,3500.0,Bonus,49,EUR,93.36583333333334
2024-01-29,81539,München,4000.0,Bonus,12,EUR,92.52583333333332
2024-01-29,81539,München,4000.0,Bonus,20,EUR,95.13333333333333
2024-01-29,81539,München,4000.0,Bonus,46,EUR,104.87083333333334
2024-01-29,81539,München,2500.0,Bonus,35,EUR,67.245
2024-01-29,81539,München,2000.0,Bonus,4,EUR,46.354166666666664
2024-01-29,81539,München,2000.0,Bonus,32,EUR,55.55833333333334
2024-01-29,81539,München,2000.0,Bonus,41,EUR,57.55416666666667
2024-01-29,81539,München,2000.0,Bonus,50,EUR,58.8675
2024-01-29,81539,München,1000.0,Bonus,5,EUR,29.005
2024-01-29,81539,München,1000.0,Bonus,23,EUR,31.926666666666666
2024-01-29,81539,München,1000.0,Bonus,36,EUR,33.79083333333333
2024-01-29,81539,München,1000.0,Bonus,39,EUR,34.125
2024-01-29,81539,München,1500.0,Bonus,7,EUR,38.641666666666666
2024-01-29,81539,München,1500.0,Bonus,11,EUR,38.913333333333334
2024-01-29,81539,München,1500.0,Bonus,37,EUR,45.31916666666667
2024-01-29,81539,München,4250.0,Bonus,44,EUR,110.58749999999999
2024-01-29,81539,München,3000.0,Bonus,20,EUR,70.74249999999999
2024-01-29,81539,München,3500.0,Bonus,1,EUR,72.39166666666667
2024-01-29,81539,München,4000.0,Bonus,17,EUR,94.91416666666667
2024-01-29,81539,München,4500.0,Bonus,13,EUR,106.66250000000001
2024-01-29,81539,München,2500.0,Bonus,23,EUR,60.32
2024-01-29,81539,München,2500.0,Bonus,48,EUR,69.44083333333333
2024-01-29,81539,München,2000.0,Bonus,35,EUR,56.32083333333333
2024-01-29,81539,München,2000.0,Bonus,39,EUR,56.9975
2024-01-29,81539,München,2000.0,Bonus,45,EUR,57.94833333333333
2024-01-29,81539,München,5000.0,Bonus,14,EUR,118.20833333333333
2024-01-29,81539,München,5000.0,Bonus,24,EUR,120.80083333333333
2024-01-29,81539,München,5000.0,Bonus,31,EUR,124.2575
2024-01-29,81539,München,1000.0,Bonus,7,EUR,29.441666666666666
2024-01-29,81539,München,4250.0,Bonus,16,EUR,100.9225
2024-01-29,81539,München,4250.0,Bonus,48,EUR,111.8775
2024-01-29,81539,München,3500.0,Bonus,50,EUR,93.79
2024-01-29,81539,München,4000.0,Bonus,19,EUR,95.04083333333334
2024-01-29,81539,München,4500.0,Bonus,33,EUR,112.53166666666668
2024-01-29,81539,München,2500.0,Bonus,49,EUR,69.44083333333333
2024-01-29,81539,München,5000.0,Bonus,46,EUR,130.025
2024-01-29,81539,München,1000.0,Bonus,49,EUR,35.06583333333334
2024-01-29,81539,München,500.0,Bonus,3,EUR,19.329166666666666
2024-01-29,81539,München,1500.0,Bonus,12,EUR,38.935833333333335
2024-01-29,81539,München,1500.0,Bonus,32,EUR,43.95249999999999
2024-01-29,81539,München,1500.0,Bonus,41,EUR,45.5075
2024-01-29,81539,München,4250.0,Bonus,10,EUR,99.575
2024-01-29,81539,München,4250.0,Bonus,30,EUR,103.71583333333332
2024-01-29,81539,München,3000.0,Bonus,17,EUR,69.80333333333333
2024-01-29,81539,München,3500.0,Bonus,14,EUR,81.60416666666667
2024-01-29,81539,München,3500.0,Bonus,40,EUR,90.11333333333333
2024-01-29,81539,München,3500.0,Bonus,48,EUR,92.89
2024-01-29,81539,München,4000.0,Bonus,48,EUR,105.3075
2024-01-29,81539,München,4500.0,Bonus,37,EUR,114.15499999999999
2024-01-29,81539,München,2500.0,Bonus,15,EUR,58.80416666666667
2024-01-29,81539,München,2500.0,Bonus,27,EUR,62.45333333333334
2024-01-29,81539,München,2500.0,Bonus,42,EUR,68.60416666666667
2024-01-29,81539,München,2500.0,Bonus,50,EUR,69.63250000000001
2024-01-29,81539,München,5000.0,Bonus,28,EUR,122.14333333333333
2024-01-29,81539,München,5000.0,Bonus,39,EUR,127.50666666666666
2024-01-29,81539,München,5000.0,Bonus,45,EUR,129.96416666666667
2024-01-29,81539,München,1000.0,Bonus,16,EUR,30.008333333333336
2024-01-29,81539,München,1000.0,Bonus,18,EUR,30.359166666666667
2024-01-29,81539,München,1000.0,Bonus,46,EUR,34.6875
2024-01-29,81539,München,1000.0,Bonus,47,EUR,34.90083333333333
2024-01-29,81539,München,500.0,Bonus,17,EUR,21.91416666666667
2024-01-29,81539,München,4250.0,Bonus,21,EUR,101.51166666666667
2024-01-29,81539,München,4250.0,Bonus,33,EUR,106.32083333333333
2024-01-29,81539,München,4250.0,Bonus,35,EUR,106.71416666666666
2024-01-29,81539,München,3000.0,Bonus,10,EUR,68.35000000000001
2024-01-29,81539,München,3000.0,Bonus,28,EUR,75.0775
2024-01-29,81539,München,3500.0,Bonus,8,EUR,75.65916666666666
2024-01-29,81539,München,3500.0,Bonus,16,EUR,81.8575
2024-01-29,81539,München,3500.0,Bonus,25,EUR,85.34500000000001
2024-01-29,81539,München,4000.0,Bonus,27,EUR,96.99916666666667
2024-01-29,81539,München,4500.0,Bonus,3,EUR,93.62333333333333
2024-01-29,81539,München,4500.0,Bonus,48,EUR,117.94666666666666
2024-01-29,81539,München,2500.0,Bonus,12,EUR,58.471666666666664
2024-01-29,81539,München,2500.0,Bonus,36,EUR,67.53666666666668
2024-01-29,81539,München,2500.0,Bonus,44,EUR,68.7225
2024-01-29,81539,München,5000.0,Bonus,37,EUR,126.2575
2024-01-29,81539,München,500.0,Bonus,36,EUR,23.365
2024-01-29,81539,München,4250.0,Bonus,41,EUR,109.74083333333334
2024-01-29,81539,München,4000.0,Bonus,24,EUR,96.1225
2024-01-29,81539,München,4000.0,Bonus,35,EUR,100.91583333333334
2024-01-29,81539,München,4000.0,Bonus,45,EUR,104.76416666666667
2024-01-29,81539,München,4500.0,Bonus,6,EUR,100.47500000000001
2024-01-29,81539,München,4500.0,Bonus,30,EUR,110.57416666666667
2024-01-29,81539,München,4500.0,Bonus,31,EUR,111.0125
2024-01-29,81539,München,2500.0,Bonus,10,EUR,57.52166666666667
2024-01-29,81539,München,2500.0,Bonus,17,EUR,59.123333333333335
2024-01-29,81539,München,2500.0,Bonus,22,EUR,60.159166666666664
2024-01-29,81539,München,2000.0,Bonus,33,EUR,55.63666666666666
2024-01-29,81539,München,5000.0,Bonus,8,EUR,115.70833333333333
2024-01-29,81539,München,500.0,Bonus,24,EUR,22.6425
2024-01-29,81539,München,1500.0,Bonus,4,EUR,37.94166666666667
2024-01-29,81539,München,1500.0,Bonus,43,EUR,45.91166666666667
2024-01-29,81539,München,1500.0,Bonus,44,EUR,46.083333333333336
2024-01-29,81539,München,4250.0,Bonus,8,EUR,95.40499999999999
2024-01-29,81539,München,3000.0,Bonus,6,EUR,65.875
2024-01-29,81539,München,3000.0,Bonus,11,EUR,68.35833333333333
2024-01-29,81539,München,3000.0,Bonus,42,EUR,80.0325
2024-01-29,81539,München,3500.0,Bonus,19,EUR,82.12583333333333
2024-01-29,81539,München,4000.0,Bonus,2,EUR,82.54166666666667
2024-01-29,81539,München,4500.0,Bonus,18,EUR,106.87166666666667
2024-01-29,81539,München,4500.0,Bonus,35,EUR,112.88666666666667
2024-01-29,81539,München,2000.0,Bonus,38,EUR,56.68333333333334
2024-01-29,81539,München,5000.0,Bonus,27,EUR,122.09916666666668
2024-01-29,81539,München,5000.0,Bonus,35,EUR,124.95166666666667
2024-01-29,81539,München,5000.0,Bonus,44,EUR,129.02083333333334
2024-01-29,81539,München,5000.0,Bonus,49,EUR,130.7675
2024-01-29,81539,München,1000.0,Bonus,9,EUR,29.4825
2024-01-29,81539,München,1000.0,Bonus,26,EUR,32.82083333333333
2024-01-29,81539,München,1000.0,Bonus,37,EUR,33.8225
2024-01-29,81539,München,500.0,Bonus,6,EUR,19.565
2024-01-29,81539,München,500.0,Bonus,7,EUR,20.163333333333334
2024-01-29,81539,München,1500.0,Bonus,23,EUR,40.31166666666667
2024-01-29,81539,München,1500.0,Bonus,40,EUR,45.475833333333334
2024-01-29,81539,München,4250.0,Bonus,4,EUR,92.61166666666666
2024-01-29,81539,München,3000.0,Bonus,12,EUR,68.36749999999999
2024-01-29,81539,München,3000.0,Bonus,37,EUR,78.68916666666667
2024-01-29,81539,München,3500.0,Bonus,18,EUR,81.86583333333333
2024-01-29,81539,München,3500.0,Bonus,24,EUR,84.08083333333333
2024-01-29,81539,München,2500.0,Bonus,2,EUR,55.038333333333334
2024-01-29,81539,München,2500.0,Bonus,29,EUR,63.72333333333333
2024-01-29,81539,München,2000.0,Bonus,24,EUR,50.21416666666667
2024-01-29,81539,München,2000.0,Bonus,30,EUR,53.18333333333334
2024-01-29,81539,München,1000.0,Bonus,13,EUR,29.5725
2024-01-29,81539,München,500.0,Bonus,25,EUR,22.645
2024-01-29,81539,München,1500.0,Bonus,10,EUR,38.83083333333334
2024-01-29,81539,München,1500.0,Bonus,18,EUR,39.91166666666667
2024-01-29,81539,München,4250.0,Bonus,23,EUR,101.71083333333333
2024-01-29,81539,München,4250.0,Bonus,31,EUR,105.26083333333334
2024-01-29,81539,München,4250.0,Bonus,50,EUR,112.00166666666667
2024-01-29,81539,München,3000.0,Bonus,13,EUR,69.49166666666666
2024-01-29,81539,München,3000.0,Bonus,47,EUR,80.72083333333333
2024-01-29,81539,München,3000.0,Bonus,48,EUR,80.9675
2024-01-29,81539,München,3500.0,Bonus,37,EUR,89.32
2024-01-29,81539,München,4500.0,Bonus,19,EUR,107.20416666666667
2024-01-29,81539,München,2500.0,Bonus,32,EUR,64.415
2024-01-29,81539,München,2500.0,Bonus,40,EUR,68.05416666666666
2024-01-29,81539,München,5000.0,Bonus,16,EUR,118.70416666666667
2024-01-29,81539,München,5000.0,Bonus,21,EUR,120.49416666666667
2024-01-29,81539,München,1000.0,Bonus,20,EUR,30.801666666666666
2024-01-29,81539,München,500.0,Bonus,43,EUR,24.690833333333334
2024-01-29,81539,München,500.0,Bonus,49,EUR,25.375833333333333
2024-01-29,81539,München,1500.0,Bonus,3,EUR,37.62166666666666
2024-01-29,81539,München,4250.0,Bonus,20,EUR,101.50166666666667
2024-01-29,81539,München,3000.0,Bonus,1,EUR,64.215
2024-01-29,81539,München,3000.0,Bonus,50,EUR,81.89999999999999
2024-01-29,81539,München,4500.0,Bonus,1,EUR,89.745
2024-01-29,81539,München,4500.0,Bonus,15,EUR,106.80916666666667
2024-01-29,81539,München,4500.0,Bonus,16,EUR,106.81083333333333
2024-01-29,81539,München,4500.0,Bonus,36,EUR,113.27333333333333
2024-01-29,81539,München,4500.0,Bonus,46,EUR,117.5775
2024-01-29,81539,München,2500.0,Bonus,18,EUR,59.17666666666667
2024-01-29,81539,München,2500.0,Bonus,43,EUR,68.64583333333333
2024-01-29,81539,München,2000.0,Bonus,1,EUR,45.754999999999995
2024-01-29,81539,München,2000.0,Bonus,43,EUR,57.69
2024-01-29,81539,München,5000.0,Bonus,33,EUR,124.8575
2024-01-29,81539,München,5000.0,Bonus,43,EUR,128.6825
2024-01-29,81539,München,1000.0,Bonus,4,EUR,28.590833333333332
2024-01-29,81539,München,1000.0,Bonus,50,EUR,35.12583333333333
2024-01-29,81539,München,500.0,Bonus,22,EUR,22.15416666666667
2024-01-29,81539,München,1500.0,Bonus,28,EUR,42.02916666666667
2024-01-29,81539,München,1500.0,Bonus,39,EUR,45.4625
2024-01-29,81539,München,3000.0,Bonus,3,EUR,65.56916666666667
2024-01-29,81539,München,3500.0,Bonus,30,EUR,87.16250000000001
2024-01-29,81539,München,3500.0,Bonus,38,EUR,89.32
2024-01-29,81539,München,4000.0,Bonus,3,EUR,84.46
2024-01-29,81539,München,4000.0,Bonus,13,EUR,93.91083333333334
2024-01-29,81539,München,4000.0,Bonus,32,EUR,98.92916666666667
2024-01-29,81539,München,4500.0,Bonus,11,EUR,105.95083333333334
2024-01-29,81539,München,2000.0,Bonus,10,EUR,48.7475
2024-01-29,81539,München,2000.0,Bonus,13,EUR,48.92250000000001
2024-01-29,81539,München,2000.0,Bonus,23,EUR,49.9775
2024-01-29,81539,München,5000.0,Bonus,1,EUR,98.92083333333333
2024-01-29,81539,München,5000.0,Bonus,12,EUR,117.625
2024-01-29,81539,München,5000.0,Bonus,20,EUR,120.47250000000001
2024-01-29,81539,München,5000.0,Bonus,38,EUR,127.31833333333333
2024-01-29,81539,München,5000.0,Bonus,47,EUR,130.1425
2024-01-29,81539,München,500.0,Bonus,2,EUR,19.230833333333333
2024-01-29,81539,München,500.0,Bonus,23,EUR,22.299166666666665
2024-01-29,81539,München,500.0,Bonus,33,EUR,23.30333333333333
2024-01-29,81539,München,4250.0,Bonus,19,EUR,101.17833333333334
2024-01-29,81539,München,4250.0,Bonus,38,EUR,108.145
2024-01-29,81539,München,3000.0,Bonus,21,EUR,71.23416666666667
2024-01-29,81539,München,3000.0,Bonus,39,EUR,79.675
2024-01-29,81539,München,3000.0,Bonus,49,EUR,81.71166666666666
2024-01-29,81539,München,3500.0,Bonus,7,EUR,75.51666666666667
2024-01-29,81539,München,3500.0,Bonus,21,EUR,82.73083333333334
2024-01-29,81539,München,4500.0,Bonus,44,EUR,116.85416666666667
2024-01-29,81539,München,2500.0,Bonus,20,EUR,59.82
2024-01-29,81539,München,2000.0,Bonus,2,EUR,45.862500000000004
2024-01-29,81539,München,2000.0,Bonus,27,EUR,51.971666666666664
2024-01-29,81539,München,5000.0,Bonus,17,EUR,118.70583333333333
2024-01-29,81539,München,500.0,Bonus,41,EUR,24.368333333333336
2024-01-29,81539,München,3000.0,Bonus,31,EUR,76.36
2024-01-29,81539,München,3500.0,Bonus,28,EUR,86.43166666666667
2024-01-29,81539,München,3500.0,Bonus,35,EUR,88.83583333333333
2024-01-29,81539,München,4000.0,Bonus,18,EUR,94.91583333333334
2024-01-29,81539,München,4000.0,Bonus,29,EUR,97.10000000000001
2024-01-29,81539,München,4500.0,Bonus,25,EUR,108.8875
2024-01-29,81539,München,2500.0,Bonus,4,EUR,55.850833333333334
2024-01-29,81539,München,2500.0,Bonus,14,EUR,58.75416666666666
2024-01-29,81539,München,2500.0,Bonus,26,EUR,60.72416666666667
2024-01-29,81539,München,2500.0,Bonus,41,EUR,68.11166666666666
2024-01-29,81539,München,2500.0,Bonus,47,EUR,69.125
2024-01-29,81539,München,2000.0,Bonus,6,EUR,47.30916666666667
2024-01-29,81539,München,2000.0,Bonus,7,EUR,47.80833333333334
2024-01-29,81539,München,2000.0,Bonus,29,EUR,53.17416666666667
2024-01-29,81539,München,1000.0,Bonus,27,EUR,33.0
2024-01-29,81539,München,500.0,Bonus,9,EUR,20.215833333333332
2024-01-29,81539,München,1500.0,Bonus,25,EUR,40.875
2024-01-29,81539,München,4250.0,Bonus,5,EUR,92.62916666666666
2024-01-29,81539,München,4250.0,Bonus,6,EUR,93.27083333333333
2024-01-29,81539,München,4250.0,Bonus,7,EUR,94.23583333333333
2024-01-29,81539,München,4250.0,Bonus,36,EUR,107.80666666666667
2024-01-29,81539,München,4250.0,Bonus,46,EUR,110.90833333333335
2024-01-29,81539,München,3000.0,Bonus,32,EUR,77.52416666666666
2024-01-29,81539,München,3500.0,Bonus,42,EUR,91.69166666666666
2024-01-29,81539,München,4000.0,Bonus,16,EUR,94.8725
2024-01-29,81539,München,4000.0,Bonus,23,EUR,95.6925
2024-01-29,81539,München,4000.0,Bonus,25,EUR,96.21
2024-01-29,81539,München,4000.0,Bonus,33,EUR,100.11083333333333
2024-01-29,81539,München,4500.0,Bonus,28,EUR,109.54916666666666
2024-01-29,81539,München,4500.0,Bonus,49,EUR,118.395
2024-01-29,81539,München,2500.0,Bonus,30,EUR,63.92250000000001
2024-01-29,81539,München,2000.0,Bonus,19,EUR,49.083333333333336
2024-01-29,81539,München,2000.0,Bonus,26,EUR,51.51916666666667
2024-01-29,81539,München,2000.0,Bonus,36,EUR,56.54916666666667
2024-01-29,81539,München,5000.0,Bonus,41,EUR,128.43083333333334
2024-01-29,81539,München,5000.0,Bonus,48,EUR,130.71666666666667
2024-01-29,81539,München,1000.0,Bonus,41,EUR,34.2075
2024-01-29,81539,München,1500.0,Bonus,35,EUR,45.00333333333333
2024-01-29,81539,München,1500.0,Bonus,36,EUR,45.285
2024-01-29,81539,München,4250.0,Bonus,12,EUR,99.59500000000001
2024-01-29,81539,München,3000.0,Bonus,2,EUR,64.45666666666666
2024-01-29,81539,München,3000.0,Bonus,7,EUR,66.0275
2024-01-29,81539,München,3000.0,Bonus,19,EUR,70.7325
2024-01-29,81539,München,3000.0,Bonus,27,EUR,74.6525
2024-01-29,81539,München,3500.0,Bonus,5,EUR,75.30416666666666
2024-01-29,81539,München,4000.0,Bonus,8,EUR,89.18666666666667
2024-01-29,81539,München,4000.0,Bonus,9,EUR,91.77333333333333
2024-01-29,81539,München,4000.0,Bonus,10,EUR,92.5
2024-01-29,81539,München,4500.0,Bonus,14,EUR,106.66333333333334
2024-01-29,81539,München,4500.0,Bonus,39,EUR,115.03666666666668
2024-01-29,81539,München,2500.0,Bonus,16,EUR,58.854166666666664
2024-01-29,81539,München,2000.0,Bonus,9,EUR,48.6
2024-01-29,81539,München,2000.0,Bonus,15,EUR,48.9675
2024-01-29,81539,München,2000.0,Bonus,22,EUR,49.300000000000004
2024-01-29,81539,München,5000.0,Bonus,19,EUR,119.88333333333333
2024-01-29,81539,München,5000.0,Bonus,40,EUR,127.56
2024-01-29,81539,München,1000.0,Bonus,25,EUR,32.666666666666664
2024-01-29,81539,München,500.0,Bonus,48,EUR,25.375833333333333
2024-01-29,81539,München,1500.0,Bonus,14,EUR,39.72083333333333
2024-01-29,81539,München,1500.0,Bonus,21,EUR,40.163333333333334
2024-01-29,81539,München,1500.0,Bonus,30,EUR,43.09583333333333
2024-01-29,81539,München,4250.0,Bonus,49,EUR,111.90750000000001
2024-01-29,81539,München,3500.0,Bonus,4,EUR,75.2975
2024-01-29,81539,München,3500.0,Bonus,17,EUR,81.86416666666666
2024-01-29,81539,München,4000.0,Bonus,15,EUR,94.71666666666665
2024-01-29,81539,München,4000.0,Bonus,31,EUR,98.69083333333333
2024-01-29,81539,München,4500.0,Bonus,21,EUR,107.37083333333334
2024-01-29,81539,München,4500.0,Bonus,24,EUR,108.80583333333334
2024-01-29,81539,München,4500.0,Bonus,47,EUR,117.72500000000001
2024-01-29,81539,München,2500.0,Bonus,1,EUR,54.836666666666666
2024-01-29,81539,München,2500.0,Bonus,45,EUR,68.72583333333334
2024-01-29,81539,München,5000.0,Bonus,10,EUR,117.60666666666667
2024-01-29,81539,München,1000.0,Bonus,33,EUR,33.439166666666665
2024-01-29,81539,München,1000.0,Bonus,34,EUR,33.538333333333334
2024-01-29,81539,München,500.0,Bonus,18,EUR,21.92833333333333
2024-01-29,81539,München,1500.0,Bonus,1,EUR,36.685833333333335
2024-01-29,81539,München,1500.0,Bonus,15,EUR,39.7875
2024-01-29,81539,München,1500.0,Bonus,38,EUR,45.32083333333333
2024-01-29,81539,München,1500.0,Bonus,47,EUR,46.199999999999996
2024-01-29,81539,München,4250.0,Bonus,47,EUR,111.51666666666667
2024-01-29,81539,München,3000.0,Bonus,22,EUR,71.41833333333334
2024-01-29,81539,München,3000.0,Bonus,34,EUR,77.97416666666668
2024-01-29,81539,München,3000.0,Bonus,45,EUR,80.44416666666667
2024-01-29,81539,München,3500.0,Bonus,47,EUR,92.85000000000001
2024-01-29,81539,München,4000.0,Bonus,30,EUR,97.78583333333334
2024-01-29,81539,München,4000.0,Bonus,38,EUR,101.53166666666668
2024-01-29,81539,München,4500.0,Bonus,5,EUR,99.99833333333333
2024-01-29,81539,München,4500.0,Bonus,10,EUR,105.94583333333333
2024-01-29,81539,München,4500.0,Bonus,42,EUR,116.16166666666668
2024-01-29,81539,München,2000.0,Bonus,21,EUR,49.26833333333334
2024-01-29,81539,München,5000.0,Bonus,22,EUR,120.60833333333333
2024-01-29,81539,München,1000.0,Bonus,8,EUR,29.479166666666668
2024-01-29,81539,München,500.0,Bonus,4,EUR,19.42833333333333
2024-01-29,81539,München,500.0,Bonus,11,EUR,20.319166666666668
2024-01-29,81539,München,500.0,Bonus,20,EUR,22.151666666666667
2024-01-29,81539,München,500.0,Bonus,32,EUR,23.290833333333335
2024-01-29,81539,München,1500.0,Bonus,5,EUR,37.949999999999996
2024-01-29,81539,München,1500.0,Bonus,19,EUR,40.100833333333334
2024-01-29,81539,München,1500.0,Bonus,26,EUR,41.015
2024-01-29,81539,München,3000.0,Bonus,25,EUR,72.23333333333333
2024-01-29,81539,München,3000.0,Bonus,46,EUR,80.4725
2024-01-29,81539,München,3500.0,Bonus,2,EUR,73.94166666666666
2024-01-29,81539,München,4000.0,Bonus,4,EUR,87.24916666666667
2024-01-29,81539,München,4000.0,Bonus,11,EUR,92.50333333333333
2024-01-29,81539,München,4000.0,Bonus,34,EUR,100.15833333333335
2024-01-29,81539,München,4000.0,Bonus,50,EUR,105.86833333333334
2024-01-29,81539,München,4500.0,Bonus,20,EUR,107.26416666666667
2024-01-29,81539,München,2500.0,Bonus,7,EUR,56.971666666666664
2024-01-29,81539,München,2500.0,Bonus,8,EUR,57.51416666666666
2024-01-29,81539,München,2000.0,Bonus,49,EUR,58.81333333333333
2024-01-29,81539,München,1000.0,Bonus,11,EUR,29.564999999999998
2024-01-29,81539,München,1000.0,Bonus,19,EUR,30.776666666666667
2024-01-29,81539,München,500.0,Bonus,27,EUR,22.9175
2024-01-29,81539,München,500.0,Bonus,28,EUR,23.006666666666664
2024-01-29,81539,München,500.0,Bonus,38,EUR,23.528333333333332
2024-01-29,81539,München,1500.0,Bonus,46,EUR,46.17583333333334
2024-01-29,81539,München,4250.0,Bonus,26,EUR,102.54416666666667
2024-01-29,81539,München,4250.0,Bonus,28,EUR,102.95916666666666
2024-01-29,81539,München,4250.0,Bonus,29,EUR,103.46333333333332
2024-01-29,81539,München,3500.0,Bonus,31,EUR,87.69
2024-01-29,81539,München,3500.0,Bonus,32,EUR,87.70833333333333
2024-01-29,81539,München,4000.0,Bonus,39,EUR,102.13416666666666
2024-01-29,81539,München,4500.0,Bonus,34,EUR,112.88666666666667
2024-01-29,81539,München,2500.0,Bonus,19,EUR,59.20333333333334
2024-01-29,81539,München,5000.0,Bonus,32,EUR,124.75916666666666
2024-01-29,81539,München,1000.0,Bonus,22,EUR,31.334999999999997
2024-01-29,81539,München,1000.0,Bonus,31,EUR,33.288333333333334
2024-01-29,81539,München,500.0,Bonus,10,EUR,20.267500000000002
2024-01-29,81539,München,500.0,Bonus,50,EUR,25.7325
2024-01-29,81539,München,1500.0,Bonus,45,EUR,46.09583333333333
2024-01-29,81539,München,4250.0,Bonus,9,EUR,97.5125
2024-01-29,81539,München,4250.0,Bonus,18,EUR,101.05583333333334
2024-01-29,81539,München,3000.0,Bonus,26,EUR,74.63166666666667
2024-01-29,81539,München,3500.0,Bonus,20,EUR,82.16083333333333
2024-01-29,81539,München,2500.0,Bonus,31,EUR,63.94
2024-01-29,81539,München,2000.0,Bonus,11,EUR,48.76666666666667
2024-01-29,81539,München,2000.0,Bonus,14,EUR,48.92583333333334
2024-01-29,81539,München,2000.0,Bonus,44,EUR,57.91583333333333
2024-01-29,81539,München,5000.0,Bonus,34,EUR,124.8575
2024-01-29,81539,München,1000.0,Bonus,15,EUR,29.944166666666664
2024-01-29,81539,München,1000.0,Bonus,21,EUR,31.06833333333333
2024-01-29,81539,München,1000.0,Bonus,48,EUR,35.06583333333334
2024-01-29,81539,München,500.0,Bonus,39,EUR,23.595
2024-01-29,81539,München,500.0,Bonus,47,EUR,25.324166666666667
2024-01-29,81539,München,1500.0,Bonus,29,EUR,42.285000000000004
2024-01-29,81539,München,4250.0,Bonus,39,EUR,108.21416666666666
2024-01-29,81539,München,4250.0,Bonus,40,EUR,109.675
2024-01-29,81539,München,3000.0,Bonus,29,EUR,75.605
2024-01-29,81539,München,3000.0,Bonus,35,EUR,78.0925
2024-01-29,81539,München,3500.0,Bonus,41,EUR,90.63416666666666
2024-01-29,81539,München,3500.0,Bonus,46,EUR,92.82
2024-01-29,81539,München,4000.0,Bonus,44,EUR,104.73166666666667
2024-01-29,81539,München,1000.0,Bonus,14,EUR,29.660833333333333
2024-01-29,81539,München,500.0,Bonus,1,EUR,19.162499999999998
2024-01-29,81539,München,500.0,Bonus,44,EUR,24.780833333333334
2024-01-29,81539,München,1500.0,Bonus,13,EUR,38.994166666666665
2024-01-29,81539,München,1500.0,Bonus,16,EUR,39.87083333333333
2024-01-29,81539,München,3500.0,Bonus,26,EUR,85.3875
2024-01-29,81539,München,3500.0,Bonus,33,EUR,87.745
2024-01-29,81539,München,3500.0,Bonus,44,EUR,92.16250000000001
2024-01-29,81539,München,4500.0,Bonus,9,EUR,105.44583333333333
2024-01-29,81539,München,4500.0,Bonus,12,EUR,105.96416666666666
2024-01-29,81539,München,4500.0,Bonus,41,EUR,115.60000000000001
2024-01-29,81539,München,2500.0,Bonus,21,EUR,59.86000000000001
2024-01-29,81539,München,2500.0,Bonus,28,EUR,62.943333333333335
2024-01-29,81539,München,2500.0,Bonus,34,EUR,66.07083333333334
2024-01-29,81539,München,2500.0,Bonus,37,EUR,67.60166666666667
2024-01-29,81539,München,2000.0,Bonus,31,EUR,54.050000000000004
2024-01-29,81539,München,5000.0,Bonus,7,EUR,113.46916666666668
2024-01-29,81539,München,500.0,Bonus,12,EUR,20.474999999999998
2024-01-29,81539,München,500.0,Bonus,15,EUR,21.55666666666667
2024-01-29,81539,München,500.0,Bonus,16,EUR,21.564166666666665
2024-01-29,81539,München,500.0,Bonus,19,EUR,22.129166666666666
2024-01-29,81539,München,1500.0,Bonus,34,EUR,44.928333333333335
2024-01-29,81539,München,1500.0,Bonus,48,EUR,46.225833333333334
2024-01-29,81539,München,1500.0,Bonus,49,EUR,46.5875
2024-01-29,81539,München,4250.0,Bonus,13,EUR,99.9375
2024-01-29,81539,München,4250.0,Bonus,22,EUR,101.54416666666667
2024-01-29,81539,München,4250.0,Bonus,43,EUR,110.30916666666667
2024-01-29,81539,München,3500.0,Bonus,45,EUR,92.79583333333333
2024-01-29,81539,München,4000.0,Bonus,42,EUR,103.74416666666667
2024-01-29,81539,München,4500.0,Bonus,29,EUR,110.22583333333334
2024-01-29,81539,München,2500.0,Bonus,6,EUR,56.66916666666666
2024-01-29,81539,München,2500.0,Bonus,24,EUR,60.428333333333335
2024-01-29,81539,München,2500.0,Bonus,33,EUR,64.57000000000001
2024-01-29,81539,München,2000.0,Bonus,16,EUR,48.97333333333333
2024-01-29,81539,München,2000.0,Bonus,17,EUR,48.97416666666667
2024-01-29,81539,München,2000.0,Bonus,18,EUR,49.07833333333334
2024-01-29,81539,München,2000.0,Bonus,28,EUR,52.369166666666665
2024-01-29,81539,München,2000.0,Bonus,48,EUR,58.5325
2024-01-29,81539,München,5000.0,Bonus,2,EUR,99.20833333333333
2024-01-29,81539,München,5000.0,Bonus,5,EUR,112.4575
2024-01-29,81539,München,5000.0,Bonus,29,EUR,124.20666666666666
2024-01-29,81539,München,1000.0,Bonus,44,EUR,34.361666666666665
2024-01-29,81539,München,500.0,Bonus,35,EUR,23.319999999999997
2024-01-29,81539,München,500.0,Bonus,42,EUR,24.578333333333333
2024-01-29,81539,München,1500.0,Bonus,24,EUR,40.395833333333336
2024-01-29,81539,München,4250.0,Bonus,11,EUR,99.58333333333333
2024-01-29,81539,München,3000.0,Bonus,23,EUR,71.78083333333333
2024-01-29,81539,München,3000.0,Bonus,38,EUR,78.95666666666666
2024-01-29,81539,München,3500.0,Bonus,22,EUR,83.01916666666666
2024-01-29,81539,München,3500.0,Bonus,27,EUR,86.2675
2024-01-29,81539,München,4000.0,Bonus,43,EUR,103.88083333333333
2024-01-29,81539,München,5000.0,Bonus,23,EUR,120.77499999999999
2024-01-29,81539,München,5000.0,Bonus,26,EUR,122.09916666666668
2024-01-29,81539,München,500.0,Bonus,5,EUR,19.4775
2024-01-29,81539,München,500.0,Bonus,8,EUR,20.195
2024-01-29,81539,München,500.0,Bonus,29,EUR,23.0175
2024-01-29,10115,Berlin,1500.0,Bonus,34,EUR,45.39166666666667
2024-01-29,81539,München,1500.0,Bonus,33,EUR,44.530833333333334
2024-01-29,10115,Berlin,4250.0,Bonus,3,EUR,91.46666666666665
2024-01-29,81539,München,4250.0,Bonus,14,EUR,100.76666666666667
2024-01-29,81539,München,4250.0,Bonus,17,EUR,100.92583333333333
2024-01-29,81539,München,4250.0,Bonus,32,EUR,105.44666666666666
2024-01-29,81539,München,4250.0,Bonus,45,EUR,110.67333333333333
2024-01-29,10115,Berlin,3000.0,Bonus,10,EUR,67.99166666666666
2024-01-29,10115,Berlin,3500.0,Bonus,8,EUR,77.615
2024-01-29,10115,Berlin,3500.0,Bonus,24,EUR,86.62833333333333
2024-01-29,81539,München,3500.0,Bonus,6,EUR,75.32083333333334
2024-01-29,81539,München,3500.0,Bonus,13,EUR,81.15916666666666
2024-01-29,81539,München,3500.0,Bonus,43,EUR,92.05583333333334
2024-01-29,10115,Berlin,4000.0,Bonus,40,EUR,103.77999999999999
2024-01-29,81539,München,4000.0,Bonus,1,EUR,81.56833333333334
2024-01-29,81539,München,4000.0,Bonus,41,EUR,103.71416666666666
2024-01-29,10115,Berlin,4500.0,Bonus,2,EUR,95.02749999999999
2024-01-29,10115,Berlin,4500.0,Bonus,43,EUR,117.6425
2024-01-29,10115,Berlin,4500.0,Bonus,48,EUR,119.45916666666666
2024-01-29,81539,München,4500.0,Bonus,8,EUR,102.71416666666666
2024-01-29,81539,München,4500.0,Bonus,45,EUR,116.94583333333333
2024-01-29,10115,Berlin,2500.0,Bonus,7,EUR,57.56333333333333
2024-01-29,10115,Berlin,2500.0,Bonus,30,EUR,63.630833333333335
2024-01-29,10115,Berlin,2000.0,Bonus,18,EUR,48.96666666666667
2024-01-29,10115,Berlin,5000.0,Bonus,31,EUR,127.33916666666666
2024-01-29,81539,München,5000.0,Bonus,50,EUR,131.1825
2024-01-29,10115,Berlin,3500.0,Non-Bonus,14,EUR,93.665
2024-01-29,10115,Berlin,3500.0,Non-Bonus,33,EUR,99.2525
2024-01-29,10115,Berlin,1000.0,Bonus,45,EUR,34.75
2024-01-29,81539,München,1000.0,Bonus,29,EUR,33.1575
2024-01-29,81539,München,1000.0,Bonus,32,EUR,33.3975
2024-01-29,10115,Berlin,1500.0,Non-Bonus,31,EUR,48.5825
2024-01-29,81539,München,1500.0,Non-Bonus,3,EUR,40.875
2024-01-29,81539,München,1500.0,Non-Bonus,31,EUR,48.04666666666666
2024-01-29,10115,Berlin,2000.0,Non-Bonus,41,EUR,62.80833333333334
2024-01-29,10115,Berlin,3000.0,Non-Bonus,2,EUR,67.50583333333334
2024-01-29,10115,Berlin,3000.0,Non-Bonus,35,EUR,86.6125
2024-01-29,10115,Berlin,3000.0,Non-Bonus,36,EUR,86.7
2024-01-29,81539,München,3000.0,Non-Bonus,46,EUR,87.19083333333333
2024-01-29,10115,Berlin,4250.0,Non-Bonus,5,EUR,104.915
2024-01-29,10115,Berlin,4250.0,Non-Bonus,32,EUR,118.79833333333333
2024-01-29,10115,Berlin,4250.0,Non-Bonus,44,EUR,121.69749999999999
2024-01-29,10115,Berlin,4250.0,Non-Bonus,48,EUR,123.18833333333333
2024-01-29,10115,Berlin,4250.0,Non-Bonus,50,EUR,123.53333333333335
2024-01-29,81539,München,4250.0,Non-Bonus,49,EUR,121.835
2024-01-29,10115,Berlin,5000.0,Non-Bonus,29,EUR,137.49916666666667
2024-01-29,81539,München,5000.0,Non-Bonus,32,EUR,135.93416666666667
2024-01-29,81539,München,5000.0,Non-Bonus,42,EUR,138.635
2024-01-29,81539,München,4000.0,Non-Bonus,27,EUR,108.74416666666667
2024-01-29,81539,München,4000.0,Non-Bonus,48,EUR,113.96
2024-01-29,10115,Berlin,4500.0,Non-Bonus,28,EUR,124.5
2024-01-29,81539,München,4500.0,Non-Bonus,22,EUR,118.58833333333332
2024-01-29,81539,München,4500.0,Non-Bonus,44,EUR,126.19166666666666
2024-01-29,10115,Berlin,2500.0,Non-Bonus,12,EUR,69.96916666666667
2024-01-29,10115,Berlin,2500.0,Non-Bonus,33,EUR,72.95916666666666
2024-01-29,81539,München,2500.0,Non-Bonus,13,EUR,68.72583333333334
2024-01-29,81539,München,2500.0,Non-Bonus,34,EUR,72.18916666666667
2024-01-29,10115,Berlin,1000.0,Non-Bonus,19,EUR,34.79333333333333
2024-01-29,10115,Berlin,1000.0,Non-Bonus,24,EUR,35.343333333333334
2024-01-29,10115,Berlin,1000.0,Non-Bonus,47,EUR,37.300000000000004
2024-01-29,81539,München,1000.0,Non-Bonus,2,EUR,29.50916666666667
2024-01-29,81539,München,1000.0,Non-Bonus,17,EUR,34.24166666666667
2024-01-29,10115,Berlin,500.0,Bonus,16,EUR,21.3125
2024-01-29,81539,München,500.0,Bonus,13,EUR,20.986666666666668
2024-01-29,81539,München,500.0,Non-Bonus,49,EUR,26.98
2024-01-29,10115,Berlin,1500.0,Bonus,4,EUR,38.30833333333333
2024-01-29,10115,Berlin,1500.0,Bonus,12,EUR,39.14333333333334
2024-01-29,10115,Berlin,1500.0,Bonus,24,EUR,40.65333333333333
2024-01-29,10115,Berlin,1500.0,Bonus,43,EUR,46.28333333333333
2024-01-29,81539,München,1500.0,Bonus,2,EUR,37.225
2024-01-29,81539,München,1500.0,Bonus,9,EUR,38.80416666666667
2024-01-29,10115,Berlin,4250.0,Bonus,50,EUR,113.27916666666665
2024-01-29,10115,Berlin,3000.0,Bonus,8,EUR,67.50583333333334
2024-01-29,81539,München,3000.0,Bonus,40,EUR,79.8975
2024-01-29,81539,München,3000.0,Bonus,43,EUR,80.04916666666666
2024-01-29,10115,Berlin,3500.0,Bonus,45,EUR,93.18416666666667
2024-01-29,81539,München,3500.0,Bonus,3,EUR,74.20833333333333
2024-01-29,81539,München,3500.0,Bonus,10,EUR,78.3875
2024-01-29,10115,Berlin,4000.0,Bonus,12,EUR,93.8
2024-01-29,10115,Berlin,4000.0,Bonus,15,EUR,96.14916666666666
2024-01-29,10115,Berlin,4000.0,Bonus,23,EUR,97.6225
2024-01-29,81539,München,4000.0,Bonus,6,EUR,87.53916666666667
2024-01-29,81539,München,4000.0,Bonus,14,EUR,94.55
2024-01-29,10115,Berlin,4500.0,Bonus,20,EUR,109.41416666666667
2024-01-29,10115,Berlin,4500.0,Bonus,23,EUR,110.30250000000001
2024-01-29,81539,München,4500.0,Bonus,2,EUR,90.875
2024-01-29,81539,München,4500.0,Bonus,23,EUR,107.6925
2024-01-29,81539,München,4500.0,Bonus,26,EUR,108.90333333333332
2024-01-29,10115,Berlin,2500.0,Bonus,13,EUR,58.3375
2024-01-29,10115,Berlin,2500.0,Bonus,28,EUR,62.62083333333334
2024-01-29,10115,Berlin,2500.0,Bonus,33,EUR,65.11666666666666
2024-01-29,10115,Berlin,2000.0,Bonus,1,EUR,46.40833333333333
2024-01-29,10115,Berlin,2000.0,Bonus,19,EUR,48.99583333333334
2024-01-29,10115,Berlin,2000.0,Bonus,41,EUR,57.56666666666666
2024-01-29,10115,Berlin,5000.0,Bonus,7,EUR,116.74083333333334
2024-01-29,10115,Berlin,5000.0,Bonus,27,EUR,124.97000000000001
2024-01-29,81539,München,5000.0,Bonus,4,EUR,112.44083333333333
2024-01-29,81539,München,5000.0,Bonus,15,EUR,118.52
2024-01-29,81539,München,5000.0,Bonus,30,EUR,124.25333333333333
2024-01-29,81539,München,5000.0,Bonus,42,EUR,128.49583333333334
2024-01-29,10115,Berlin,3500.0,Non-Bonus,30,EUR,99.06666666666666
2024-01-29,81539,München,3500.0,Non-Bonus,2,EUR,75.2975
2024-01-29,81539,München,3500.0,Non-Bonus,10,EUR,88.89583333333333
2024-01-29,10115,Berlin,1000.0,Bonus,7,EUR,29.1675
2024-01-29,10115,Berlin,1000.0,Bonus,14,EUR,30.348333333333333
2024-01-29,10115,Berlin,1000.0,Bonus,18,EUR,30.9075
2024-01-29,10115,Berlin,1500.0,Non-Bonus,3,EUR,42.2425
2024-01-29,10115,Berlin,1500.0,Non-Bonus,9,EUR,46.28333333333333
2024-01-29,10115,Berlin,1500.0,Non-Bonus,25,EUR,47.32916666666667
2024-01-29,10115,Berlin,1500.0,Non-Bonus,46,EUR,50.333333333333336
2024-01-29,81539,München,1500.0,Non-Bonus,2,EUR,38.685833333333335
2024-01-29,81539,München,1500.0,Non-Bonus,20,EUR,46.70416666666667
2024-01-29,81539,München,1500.0,Non-Bonus,36,EUR,48.55916666666667
2024-01-29,10115,Berlin,2000.0,Non-Bonus,3,EUR,51.70666666666667
2024-01-29,10115,Berlin,2000.0,Non-Bonus,45,EUR,63.07666666666666
2024-01-29,10115,Berlin,2000.0,Non-Bonus,48,EUR,63.64333333333334
2024-01-29,81539,München,2000.0,Non-Bonus,6,EUR,56.53583333333333
2024-01-29,10115,Berlin,3000.0,Non-Bonus,4,EUR,78.94500000000001
2024-01-29,10115,Berlin,3000.0,Non-Bonus,41,EUR,87.5
2024-01-29,10115,Berlin,4250.0,Non-Bonus,20,EUR,114.73833333333333
2024-01-29,10115,Berlin,4250.0,Non-Bonus,38,EUR,119.6375
2024-01-29,10115,Berlin,5000.0,Non-Bonus,37,EUR,140.96
2024-01-29,10115,Berlin,4000.0,Non-Bonus,31,EUR,112.25666666666666
2024-01-29,81539,München,4000.0,Non-Bonus,23,EUR,106.80083333333333
2024-01-29,10115,Berlin,2500.0,Non-Bonus,16,EUR,70.64583333333333
2024-01-29,10115,Berlin,1000.0,Non-Bonus,15,EUR,34.4675
2024-01-29,10115,Berlin,1000.0,Non-Bonus,26,EUR,35.56333333333333
2024-01-29,10115,Berlin,500.0,Bonus,13,EUR,20.733333333333334
2024-01-29,81539,München,500.0,Bonus,14,EUR,21.319166666666668
2024-01-29,81539,München,500.0,Bonus,26,EUR,22.645
2024-01-29,81539,München,500.0,Bonus,37,EUR,23.528333333333332
2024-01-29,10115,Berlin,500.0,Non-Bonus,15,EUR,22.64
2024-01-29,81539,München,500.0,Non-Bonus,36,EUR,24.578333333333333
2024-01-29,10115,Berlin,1500.0,Bonus,18,EUR,40.266666666666666
2024-01-29,10115,Berlin,1500.0,Bonus,44,EUR,46.375
2024-01-29,81539,München,1500.0,Bonus,8,EUR,38.645
2024-01-29,81539,München,4250.0,Bonus,42,EUR,110.29916666666666
2024-01-29,10115,Berlin,3000.0,Bonus,6,EUR,67.12
2024-01-29,81539,München,3000.0,Bonus,5,EUR,65.64916666666666
2024-01-29,81539,München,3000.0,Bonus,14,EUR,69.65833333333333
2024-01-29,81539,München,3000.0,Bonus,41,EUR,79.90166666666667
2024-01-29,81539,München,3500.0,Bonus,15,EUR,81.77083333333333
2024-01-29,81539,München,4000.0,Bonus,22,EUR,95.19
2024-01-29,81539,München,4000.0,Bonus,40,EUR,103.7075
2024-01-29,81539,München,4000.0,Bonus,49,EUR,105.6075
2024-01-29,10115,Berlin,4500.0,Bonus,8,EUR,105.40833333333335
2024-01-29,10115,Berlin,4500.0,Bonus,22,EUR,110.01166666666667
2024-01-29,10115,Berlin,4500.0,Bonus,50,EUR,120.2425
2024-01-29,81539,München,4500.0,Bonus,17,EUR,106.86916666666667
2024-01-29,81539,München,4500.0,Bonus,22,EUR,107.46416666666666
2024-01-29,81539,München,4500.0,Bonus,27,EUR,109.14
2024-01-29,81539,München,4500.0,Bonus,38,EUR,114.51916666666666
2024-01-29,10115,Berlin,2500.0,Bonus,45,EUR,69.23166666666667
2024-01-29,81539,München,2500.0,Bonus,9,EUR,57.520833333333336
2024-01-29,81539,München,2500.0,Bonus,25,EUR,60.45083333333333
2024-01-29,81539,München,2500.0,Bonus,46,EUR,69.085
2024-01-29,10115,Berlin,2000.0,Bonus,16,EUR,48.595
2024-01-29,10115,Berlin,2000.0,Bonus,37,EUR,56.6975
2024-01-29,10115,Berlin,2000.0,Bonus,42,EUR,57.99
2024-01-29,81539,München,2000.0,Bonus,8,EUR,48.425000000000004
2024-01-29,10115,Berlin,5000.0,Bonus,25,EUR,124.90833333333335
2024-01-29,81539,München,5000.0,Bonus,25,EUR,120.81833333333333
2024-01-29,10115,Berlin,3500.0,Non-Bonus,22,EUR,96.17083333333333
2024-01-29,81539,München,3500.0,Non-Bonus,14,EUR,90.59833333333334
2024-01-29,81539,München,3500.0,Non-Bonus,26,EUR,96.0775
2024-01-29,10115,Berlin,1000.0,Bonus,15,EUR,30.38416666666667
2024-01-29,10115,Berlin,1000.0,Bonus,29,EUR,33.34583333333333
2024-01-29,81539,München,1000.0,Bonus,35,EUR,33.69166666666667
2024-01-29,10115,Berlin,1500.0,Non-Bonus,1,EUR,38.7525
2024-01-29,10115,Berlin,1500.0,Non-Bonus,21,EUR,47.1675
2024-01-29,10115,Berlin,1500.0,Non-Bonus,42,EUR,49.88916666666666
2024-01-29,81539,München,1500.0,Non-Bonus,32,EUR,48.119166666666665
2024-01-29,81539,München,1500.0,Non-Bonus,35,EUR,48.475833333333334
2024-01-29,10115,Berlin,2000.0,Non-Bonus,43,EUR,62.87166666666667
2024-01-29,81539,München,2000.0,Non-Bonus,13,EUR,57.68333333333334
2024-01-29,10115,Berlin,3000.0,Non-Bonus,11,EUR,81.27499999999999
2024-01-29,10115,Berlin,3000.0,Non-Bonus,26,EUR,85.26833333333333
2024-01-29,10115,Berlin,3000.0,Non-Bonus,45,EUR,88.52
2024-01-29,10115,Berlin,5000.0,Non-Bonus,5,EUR,121.45833333333333
2024-01-29,10115,Berlin,5000.0,Non-Bonus,9,EUR,126.93333333333334
2024-01-29,10115,Berlin,5000.0,Non-Bonus,33,EUR,139.71583333333334
2024-01-29,81539,München,5000.0,Non-Bonus,41,EUR,138.5575
2024-01-29,81539,München,5000.0,Non-Bonus,49,EUR,141.2225
2024-01-29,10115,Berlin,4000.0,Non-Bonus,25,EUR,110.57333333333334
2024-01-29,81539,München,4000.0,Non-Bonus,37,EUR,110.77916666666665
2024-01-29,10115,Berlin,4500.0,Non-Bonus,12,EUR,117.59166666666665
2024-01-29,10115,Berlin,4500.0,Non-Bonus,42,EUR,128.21083333333334
2024-01-29,81539,München,4500.0,Non-Bonus,19,EUR,117.94666666666666
2024-01-29,81539,München,2500.0,Non-Bonus,36,EUR,72.60000000000001
2024-01-29,81539,München,2500.0,Non-Bonus,47,EUR,75.22333333333333
2024-01-29,10115,Berlin,1000.0,Non-Bonus,3,EUR,32.93
2024-01-29,10115,Berlin,1000.0,Non-Bonus,9,EUR,34.04833333333333
2024-01-29,81539,München,1000.0,Non-Bonus,46,EUR,37.5075
2024-01-29,10115,Berlin,500.0,Bonus,20,EUR,21.9025
2024-01-29,81539,München,500.0,Bonus,46,EUR,25.168333333333333
2024-01-29,10115,Berlin,500.0,Non-Bonus,35,EUR,24.08
2024-01-29,81539,München,500.0,Non-Bonus,29,EUR,23.595
2024-01-29,81539,München,500.0,Non-Bonus,42,EUR,25.375833333333333
2024-01-29,10115,Berlin,1500.0,Bonus,2,EUR,38.085
2024-01-29,10115,Berlin,1500.0,Bonus,6,EUR,38.74916666666667
2024-01-29,81539,München,1500.0,Bonus,17,EUR,39.8725
2024-01-29,81539,München,1500.0,Bonus,31,EUR,43.219166666666666
2024-01-29,10115,Berlin,4250.0,Bonus,6,EUR,95.77999999999999
2024-01-29,10115,Berlin,4250.0,Bonus,17,EUR,102.85000000000001
2024-01-29,10115,Berlin,4250.0,Bonus,34,EUR,109.15249999999999
2024-01-29,10115,Berlin,4250.0,Bonus,46,EUR,112.71333333333332
2024-01-29,81539,München,3000.0,Bonus,30,EUR,76.09916666666668
2024-01-29,10115,Berlin,3500.0,Bonus,29,EUR,88.9875
2024-01-29,10115,Berlin,3500.0,Bonus,39,EUR,91.06
2024-01-29,10115,Berlin,3500.0,Bonus,49,EUR,94.64333333333333
2024-01-29,10115,Berlin,4000.0,Bonus,17,EUR,96.43333333333334
2024-01-29,10115,Berlin,4000.0,Bonus,25,EUR,99.1175
2024-01-29,81539,München,4000.0,Bonus,47,EUR,105.14833333333333
2024-01-29,81539,München,4500.0,Bonus,7,EUR,100.47500000000001
2024-01-29,81539,München,2500.0,Bonus,3,EUR,55.83416666666667
2024-01-29,81539,München,2500.0,Bonus,5,EUR,56.06666666666666
2024-01-29,10115,Berlin,2000.0,Bonus,20,EUR,49.0225
2024-01-29,81539,München,2000.0,Bonus,37,EUR,56.61416666666667
2024-01-29,81539,München,2000.0,Bonus,46,EUR,58.31333333333333
2024-01-29,10115,Berlin,5000.0,Bonus,14,EUR,120.54666666666667
2024-01-29,81539,München,5000.0,Bonus,3,EUR,102.78666666666668
2024-01-29,81539,München,5000.0,Bonus,6,EUR,112.95416666666667
2024-01-29,10115,Berlin,3500.0,Non-Bonus,24,EUR,96.66916666666667
2024-01-29,10115,Berlin,3500.0,Non-Bonus,47,EUR,102.435
2024-01-29,81539,München,3500.0,Non-Bonus,16,EUR,92.05583333333334
2024-01-29,81539,München,3500.0,Non-Bonus,44,EUR,99.6425
2024-01-29,10115,Berlin,1000.0,Bonus,42,EUR,34.46666666666667
2024-01-29,10115,Berlin,1000.0,Bonus,48,EUR,35.166666666666664
2024-01-29,81539,München,1000.0,Bonus,3,EUR,28.5825
2024-01-29,81539,München,1000.0,Bonus,38,EUR,34.024166666666666
2024-01-29,81539,München,1000.0,Bonus,42,EUR,34.2125
2024-01-29,81539,München,1000.0,Bonus,43,EUR,34.24166666666667
2024-01-29,10115,Berlin,1500.0,Non-Bonus,2,EUR,40.266666666666666
2024-01-29,81539,München,1500.0,Non-Bonus,25,EUR,46.884166666666665
2024-01-29,81539,München,1500.0,Non-Bonus,47,EUR,50.096666666666664
2024-01-29,10115,Berlin,2000.0,Non-Bonus,25,EUR,59.75666666666667
2024-01-29,10115,Berlin,2000.0,Non-Bonus,33,EUR,60.93833333333333
2024-01-29,10115,Berlin,2000.0,Non-Bonus,34,EUR,61.11666666666667
2024-01-29,81539,München,2000.0,Non-Bonus,29,EUR,59.2425
2024-01-29,10115,Berlin,3000.0,Non-Bonus,14,EUR,81.66666666666667
2024-01-29,10115,Berlin,3000.0,Non-Bonus,28,EUR,85.84416666666668
2024-01-29,81539,München,3000.0,Non-Bonus,4,EUR,77.14
2024-01-29,81539,München,3000.0,Non-Bonus,49,EUR,89.5225
2024-01-29,10115,Berlin,4250.0,Non-Bonus,31,EUR,118.665
2024-01-29,81539,München,4250.0,Non-Bonus,5,EUR,102.54416666666667
2024-01-29,81539,München,4250.0,Non-Bonus,27,EUR,114.77083333333333
2024-01-29,81539,München,4250.0,Non-Bonus,45,EUR,119.23583333333333
2024-01-29,10115,Berlin,5000.0,Non-Bonus,20,EUR,133.67833333333334
2024-01-29,10115,Berlin,5000.0,Non-Bonus,46,EUR,143.29583333333332
2024-01-29,81539,München,5000.0,Non-Bonus,7,EUR,122.09916666666668
2024-01-29,10115,Berlin,4000.0,Non-Bonus,19,EUR,108.11666666666667
2024-01-29,10115,Berlin,4000.0,Non-Bonus,22,EUR,108.70833333333333
2024-01-29,81539,München,4000.0,Non-Bonus,29,EUR,109.36666666666667
2024-01-29,81539,München,4000.0,Non-Bonus,33,EUR,110.1325
2024-01-29,10115,Berlin,4500.0,Non-Bonus,11,EUR,115.7275
2024-01-29,10115,Berlin,4500.0,Non-Bonus,13,EUR,118.205
2024-01-29,10115,Berlin,4500.0,Non-Bonus,15,EUR,119.21916666666668
2024-01-29,10115,Berlin,4500.0,Non-Bonus,27,EUR,124.47333333333334
2024-01-29,81539,München,2500.0,Non-Bonus,7,EUR,67.60166666666667
2024-01-29,10115,Berlin,1000.0,Non-Bonus,20,EUR,34.824999999999996
2024-01-29,81539,München,500.0,Bonus,34,EUR,23.316666666666666
2024-01-29,81539,München,500.0,Non-Bonus,41,EUR,25.324166666666667
2024-01-29,10115,Berlin,1500.0,Bonus,27,EUR,42.41833333333333
2024-01-29,10115,Berlin,1500.0,Bonus,30,EUR,42.95249999999999
2024-01-29,10115,Berlin,1500.0,Bonus,42,EUR,46.17083333333333
2024-01-29,10115,Berlin,1500.0,Bonus,46,EUR,46.55916666666667
2024-01-29,10115,Berlin,4250.0,Bonus,10,EUR,98.79416666666667
2024-01-29,10115,Berlin,4250.0,Bonus,35,EUR,109.15249999999999
2024-01-29,81539,München,4250.0,Bonus,1,EUR,85.15666666666667
2024-01-29,81539,München,4250.0,Bonus,24,EUR,102.27916666666665
2024-01-29,81539,München,4250.0,Bonus,27,EUR,102.61833333333334
2024-01-29,10115,Berlin,3000.0,Bonus,9,EUR,67.825
2024-01-29,81539,München,3000.0,Bonus,8,EUR,66.13416666666667
2024-01-29,10115,Berlin,3500.0,Bonus,4,EUR,77.09916666666668
2024-01-29,10115,Berlin,3500.0,Bonus,28,EUR,88.77083333333333
2024-01-29,10115,Berlin,3500.0,Bonus,36,EUR,90.43583333333333
2024-01-29,10115,Berlin,3500.0,Bonus,47,EUR,94.05416666666667
2024-01-29,10115,Berlin,3500.0,Bonus,48,EUR,94.23833333333333
2024-01-29,81539,München,3500.0,Bonus,9,EUR,78.365
2024-01-29,81539,München,3500.0,Bonus,29,EUR,86.89916666666666
2024-01-29,10115,Berlin,4000.0,Bonus,18,EUR,96.5025
2024-01-29,10115,Berlin,4000.0,Bonus,42,EUR,104.89
2024-01-29,81539,München,4000.0,Bonus,36,EUR,100.91583333333334
2024-01-29,10115,Berlin,4500.0,Bonus,21,EUR,109.46
2024-01-29,10115,Berlin,4500.0,Bonus,45,EUR,118.72083333333335
2024-01-29,81539,München,4500.0,Bonus,43,EUR,116.61416666666666
2024-01-29,10115,Berlin,2500.0,Bonus,35,EUR,65.74666666666667
2024-01-29,81539,München,2500.0,Bonus,38,EUR,67.875
2024-01-29,10115,Berlin,2000.0,Bonus,36,EUR,56.45666666666667
2024-01-29,81539,München,2000.0,Bonus,12,EUR,48.8725
2024-01-29,10115,Berlin,5000.0,Bonus,1,EUR,103.14166666666667
2024-01-29,81539,München,5000.0,Bonus,9,EUR,117.57166666666666
2024-01-29,81539,München,3500.0,Non-Bonus,5,EUR,87.16250000000001
2024-01-29,81539,München,3500.0,Non-Bonus,37,EUR,98.18666666666667
2024-01-29,10115,Berlin,1000.0,Bonus,11,EUR,29.689166666666665
2024-01-29,10115,Berlin,1000.0,Bonus,26,EUR,32.77833333333333
2024-01-29,81539,München,1000.0,Bonus,2,EUR,27.77
2024-01-29,81539,München,1000.0,Bonus,17,EUR,30.243333333333336
2024-01-29,10115,Berlin,1500.0,Non-Bonus,4,EUR,45.784166666666664
2024-01-29,10115,Berlin,1500.0,Non-Bonus,23,EUR,47.189166666666665
2024-01-29,10115,Berlin,1500.0,Non-Bonus,38,EUR,49.544999999999995
2024-01-29,81539,München,1500.0,Non-Bonus,11,EUR,45.82
2024-01-29,81539,München,1500.0,Non-Bonus,13,EUR,46.0875
2024-01-29,10115,Berlin,2000.0,Non-Bonus,16,EUR,59.03666666666667
2024-01-29,10115,Berlin,2000.0,Non-Bonus,35,EUR,61.34916666666667
2024-01-29,81539,München,2000.0,Non-Bonus,4,EUR,54.51416666666666
2024-01-29,81539,München,2000.0,Non-Bonus,49,EUR,63.07916666666667
2024-01-29,10115,Berlin,3000.0,Non-Bonus,18,EUR,82.56083333333333
2024-01-29,81539,München,3000.0,Non-Bonus,9,EUR,78.68916666666667
2024-01-29,81539,München,3000.0,Non-Bonus,26,EUR,83.73416666666667
2024-01-29,10115,Berlin,4250.0,Non-Bonus,12,EUR,111.75333333333333
2024-01-29,10115,Berlin,4250.0,Non-Bonus,27,EUR,117.58416666666666
2024-01-29,81539,München,4250.0,Non-Bonus,23,EUR,112.7925
2024-01-29,10115,Berlin,5000.0,Non-Bonus,19,EUR,133.305
2024-01-29,81539,München,5000.0,Non-Bonus,19,EUR,130.3425
2024-01-29,10115,Berlin,4000.0,Non-Bonus,3,EUR,89.56333333333333
2024-01-29,10115,Berlin,4000.0,Non-Bonus,14,EUR,105.915
2024-01-29,81539,München,4000.0,Non-Bonus,12,EUR,101.9525
2024-01-29,81539,München,4500.0,Non-Bonus,30,EUR,122.6425
2024-01-29,81539,München,4500.0,Non-Bonus,46,EUR,126.59333333333332
2024-01-29,10115,Berlin,1000.0,Non-Bonus,17,EUR,34.73166666666666
2024-01-29,10115,Berlin,1000.0,Non-Bonus,46,EUR,37.25833333333333
2024-01-29,81539,München,1000.0,Non-Bonus,20,EUR,34.6875
2024-01-29,10115,Berlin,500.0,Bonus,40,EUR,23.514166666666668
2024-01-29,10115,Berlin,500.0,Bonus,43,EUR,24.08
2024-01-29,10115,Berlin,500.0,Bonus,46,EUR,24.419166666666666
2024-01-29,81539,München,500.0,Bonus,30,EUR,23.075
2024-01-29,10115,Berlin,500.0,Non-Bonus,11,EUR,21.903333333333332
2024-01-29,10115,Berlin,500.0,Non-Bonus,50,EUR,25.745833333333334
2024-01-29,10115,Berlin,1500.0,Bonus,13,EUR,39.22166666666667
2024-01-29,10115,Berlin,1500.0,Bonus,14,EUR,39.4575
2024-01-29,10115,Berlin,1500.0,Bonus,31,EUR,43.682500000000005
2024-01-29,10115,Berlin,1500.0,Bonus,39,EUR,45.939166666666665
2024-01-29,81539,München,1500.0,Bonus,22,EUR,40.19
2024-01-29,81539,München,1500.0,Bonus,27,EUR,41.02833333333333
2024-01-29,10115,Berlin,4250.0,Bonus,5,EUR,95.08083333333333
2024-01-29,10115,Berlin,4250.0,Bonus,38,EUR,110.125
2024-01-29,81539,München,4250.0,Bonus,2,EUR,86.70833333333333
2024-01-29,81539,München,4250.0,Bonus,15,EUR,100.86166666666666
2024-01-29,81539,München,3000.0,Bonus,15,EUR,69.77166666666666
2024-01-29,81539,München,3000.0,Bonus,36,EUR,78.175
2024-01-29,81539,München,3000.0,Bonus,44,EUR,80.04916666666666
2024-01-29,10115,Berlin,4000.0,Bonus,6,EUR,89.81583333333333
2024-01-29,10115,Berlin,4000.0,Bonus,32,EUR,101.94333333333333
2024-01-29,81539,München,4000.0,Bonus,7,EUR,87.99583333333334
2024-01-29,81539,München,4000.0,Bonus,28,EUR,97.02
2024-01-29,10115,Berlin,4500.0,Bonus,6,EUR,103.11833333333334
2024-01-29,10115,Berlin,4500.0,Bonus,15,EUR,108.57
2024-01-29,10115,Berlin,4500.0,Bonus,16,EUR,108.575
2024-01-29,10115,Berlin,4500.0,Bonus,39,EUR,116.75999999999999
2024-01-29,10115,Berlin,4500.0,Bonus,40,EUR,117.12416666666667
2024-01-29,10115,Berlin,4500.0,Bonus,47,EUR,119.2275
2024-01-29,10115,Berlin,2500.0,Bonus,10,EUR,58.17083333333333
2024-01-29,10115,Berlin,2500.0,Bonus,19,EUR,60.030833333333334
2024-01-29,81539,München,2500.0,Bonus,11,EUR,57.541666666666664
2024-01-29,81539,München,2500.0,Bonus,39,EUR,68.05333333333333
2024-01-29,10115,Berlin,2000.0,Bonus,11,EUR,48.530833333333334
2024-01-29,10115,Berlin,2000.0,Bonus,14,EUR,48.5825
2024-01-29,10115,Berlin,2000.0,Bonus,21,EUR,49.0625
2024-01-29,81539,München,2000.0,Bonus,20,EUR,49.208333333333336
2024-01-29,81539,München,2000.0,Bonus,25,EUR,50.509166666666665
2024-01-29,81539,München,2000.0,Bonus,47,EUR,58.5325
2024-01-29,10115,Berlin,5000.0,Bonus,13,EUR,120.49666666666667
2024-01-29,10115,Berlin,5000.0,Bonus,49,EUR,132.92583333333332
2024-01-29,81539,München,5000.0,Bonus,13,EUR,118.01833333333333
2024-01-29,81539,München,5000.0,Bonus,36,EUR,126.17583333333333
2024-01-29,10115,Berlin,3500.0,Non-Bonus,41,EUR,100.55416666666667
2024-01-29,10115,Berlin,1000.0,Bonus,10,EUR,29.670833333333334
2024-01-29,10115,Berlin,1000.0,Bonus,32,EUR,33.545
2024-01-29,10115,Berlin,1000.0,Bonus,33,EUR,33.63666666666666
2024-01-29,81539,München,1000.0,Bonus,28,EUR,33.050000000000004
2024-01-29,81539,München,1000.0,Bonus,30,EUR,33.1675
2024-01-29,10115,Berlin,1500.0,Non-Bonus,12,EUR,46.65
2024-01-29,10115,Berlin,1500.0,Non-Bonus,27,EUR,47.95249999999999
2024-01-29,81539,München,1500.0,Non-Bonus,41,EUR,49.534166666666664
2024-01-29,10115,Berlin,2000.0,Non-Bonus,39,EUR,62.53666666666667
2024-01-29,10115,Berlin,3000.0,Non-Bonus,5,EUR,78.965
2024-01-29,81539,München,3000.0,Non-Bonus,10,EUR,78.95666666666666
2024-01-29,81539,München,3000.0,Non-Bonus,24,EUR,82.83416666666666
2024-01-29,81539,München,3000.0,Non-Bonus,25,EUR,83.625
2024-01-29,81539,München,3000.0,Non-Bonus,35,EUR,85.1825
2024-01-29,81539,München,3000.0,Non-Bonus,39,EUR,86.005
2024-01-29,10115,Berlin,4250.0,Non-Bonus,34,EUR,118.96249999999999
2024-01-29,10115,Berlin,5000.0,Non-Bonus,12,EUR,129.26833333333335
2024-01-29,10115,Berlin,5000.0,Non-Bonus,21,EUR,133.83166666666668
2024-01-29,81539,München,5000.0,Non-Bonus,18,EUR,130.3425
2024-01-29,81539,München,4000.0,Non-Bonus,28,EUR,109.34333333333332
2024-01-29,10115,Berlin,4500.0,Non-Bonus,35,EUR,126.28583333333334
2024-01-29,10115,Berlin,4500.0,Non-Bonus,38,EUR,126.84583333333335
2024-01-29,10115,Berlin,4500.0,Non-Bonus,50,EUR,130.1875
2024-01-29,81539,München,2500.0,Non-Bonus,30,EUR,71.39083333333333
2024-01-29,10115,Berlin,1000.0,Non-Bonus,11,EUR,34.280833333333334
2024-01-29,10115,Berlin,1000.0,Non-Bonus,16,EUR,34.73
2024-01-29,10115,Berlin,1000.0,Non-Bonus,22,EUR,35.166666666666664
2024-01-29,10115,Berlin,1000.0,Non-Bonus,48,EUR,37.347500000000004
2024-01-29,81539,München,1000.0,Non-Bonus,34,EUR,36.376666666666665
2024-01-29,81539,München,1000.0,Non-Bonus,44,EUR,37.39416666666667
2024-01-29,10115,Berlin,500.0,Bonus,1,EUR,19.038333333333334
2024-01-29,10115,Berlin,500.0,Bonus,2,EUR,19.179166666666667
2024-01-29,10115,Berlin,500.0,Bonus,26,EUR,22.641666666666666
2024-01-29,10115,Berlin,500.0,Bonus,49,EUR,24.704166666666666
2024-01-29,81539,München,500.0,Bonus,21,EUR,22.15416666666667
2024-01-29,81539,München,500.0,Bonus,40,EUR,24.330833333333334
2024-01-29,81539,München,500.0,Bonus,45,EUR,24.978333333333335
2024-01-29,10115,Berlin,500.0,Non-Bonus,17,EUR,22.8025
2024-01-29,10115,Berlin,500.0,Non-Bonus,29,EUR,23.425
2024-01-29,10115,Berlin,500.0,Non-Bonus,32,EUR,23.718333333333334
2024-01-29,10115,Berlin,1500.0,Bonus,5,EUR,38.3425
2024-01-29,10115,Berlin,1500.0,Bonus,7,EUR,38.7525
2024-01-29,10115,Berlin,1500.0,Bonus,29,EUR,42.74583333333334
2024-01-29,81539,München,1500.0,Bonus,20,EUR,40.145
2024-01-29,10115,Berlin,4250.0,Bonus,39,EUR,110.4525
2024-01-29,10115,Berlin,4250.0,Bonus,40,EUR,110.57166666666666
2024-01-29,10115,Berlin,4250.0,Bonus,45,EUR,112.255
2024-01-29,81539,München,4250.0,Bonus,25,EUR,102.50833333333333
2024-01-29,81539,München,4250.0,Bonus,34,EUR,106.71416666666666
2024-01-29,81539,München,4250.0,Bonus,37,EUR,108.02583333333332
2024-01-29,10115,Berlin,3000.0,Bonus,2,EUR,65.31166666666667
2024-01-29,10115,Berlin,3000.0,Bonus,3,EUR,66.72666666666667
2024-01-29,81539,München,3000.0,Bonus,16,EUR,69.8
2024-01-29,81539,München,3000.0,Bonus,18,EUR,70.17083333333333
2024-01-29,10115,Berlin,3500.0,Bonus,6,EUR,77.21249999999999
2024-01-29,10115,Berlin,3500.0,Bonus,31,EUR,89.20416666666667
2024-01-29,10115,Berlin,3500.0,Bonus,50,EUR,94.72083333333335
2024-01-29,81539,München,3500.0,Bonus,12,EUR,81.10916666666667
2024-01-29,81539,München,3500.0,Bonus,36,EUR,88.89583333333333
2024-01-29,10115,Berlin,4000.0,Bonus,3,EUR,86.675
2024-01-29,10115,Berlin,4000.0,Bonus,24,EUR,98.38333333333333
2024-01-29,81539,München,4000.0,Bonus,21,EUR,95.17083333333333
2024-01-29,10115,Berlin,4500.0,Bonus,49,EUR,119.49083333333334
2024-01-29,81539,München,4500.0,Bonus,32,EUR,111.59166666666665
2024-01-29,10115,Berlin,2000.0,Bonus,6,EUR,47.932500000000005
2024-01-29,81539,München,2000.0,Bonus,3,EUR,46.3375
2024-01-29,81539,München,2000.0,Bonus,5,EUR,46.73666666666667
2024-01-29,81539,München,2000.0,Bonus,34,EUR,56.12416666666667
2024-01-29,81539,München,2000.0,Bonus,40,EUR,57.20333333333334
2024-01-29,81539,München,2000.0,Bonus,42,EUR,57.68333333333334
2024-01-29,10115,Berlin,5000.0,Bonus,38,EUR,129.32166666666666
2024-01-29,10115,Berlin,5000.0,Bonus,42,EUR,130.28
2024-01-29,81539,München,5000.0,Bonus,11,EUR,117.62166666666667
2024-01-29,10115,Berlin,3500.0,Non-Bonus,1,EUR,75.81666666666666
2024-01-29,10115,Berlin,3500.0,Non-Bonus,17,EUR,94.23833333333333
2024-01-29,10115,Berlin,3500.0,Non-Bonus,40,EUR,100.37833333333333
2024-01-29,81539,München,3500.0,Non-Bonus,15,EUR,91.89166666666667
2024-01-29,81539,München,1000.0,Bonus,6,EUR,29.275000000000002
2024-01-29,81539,München,1000.0,Bonus,10,EUR,29.50916666666667
2024-01-29,10115,Berlin,1500.0,Non-Bonus,28,EUR,47.97083333333333
2024-01-29,10115,Berlin,2000.0,Non-Bonus,49,EUR,63.645833333333336
2024-01-29,81539,München,2000.0,Non-Bonus,11,EUR,57.55416666666667
2024-01-29,81539,München,2000.0,Non-Bonus,17,EUR,58.21666666666667
2024-01-29,81539,München,2000.0,Non-Bonus,32,EUR,59.699999999999996
2024-01-29,81539,München,2000.0,Non-Bonus,46,EUR,62.67666666666667
2024-01-29,10115,Berlin,3000.0,Non-Bonus,49,EUR,89.59333333333332
2024-01-29,81539,München,3000.0,Non-Bonus,22,EUR,82.25916666666667
2024-01-29,81539,München,3000.0,Non-Bonus,41,EUR,86.14666666666666
2024-01-29,81539,München,4250.0,Non-Bonus,30,EUR,116.26333333333334
2024-01-29,10115,Berlin,5000.0,Non-Bonus,2,EUR,105.84333333333332
2024-01-29,10115,Berlin,5000.0,Non-Bonus,6,EUR,122.66666666666667
2024-01-29,81539,München,5000.0,Non-Bonus,50,EUR,142.46416666666667
2024-01-29,10115,Berlin,4000.0,Non-Bonus,18,EUR,106.98
2024-01-29,10115,Berlin,4000.0,Non-Bonus,20,EUR,108.54916666666666
2024-01-29,10115,Berlin,4000.0,Non-Bonus,21,EUR,108.54916666666666
2024-01-29,10115,Berlin,4000.0,Non-Bonus,29,EUR,111.61500000000001
2024-01-29,10115,Berlin,4000.0,Non-Bonus,41,EUR,113.67750000000001
2024-01-29,10115,Berlin,4000.0,Non-Bonus,47,EUR,116.09500000000001
2024-01-29,81539,München,4000.0,Non-Bonus,34,EUR,110.29083333333334
2024-01-29,81539,München,4000.0,Non-Bonus,44,EUR,112.27999999999999
2024-01-29,10115,Berlin,2500.0,Non-Bonus,7,EUR,68.6925
2024-01-29,81539,München,2500.0,Non-Bonus,22,EUR,70.2375
2024-01-29,81539,München,2500.0,Non-Bonus,40,EUR,73.52333333333333
2024-01-29,10115,Berlin,1000.0,Non-Bonus,36,EUR,36.555
2024-01-29,10115,Berlin,1000.0,Non-Bonus,43,EUR,37.024166666666666
2024-01-29,81539,München,1000.0,Non-Bonus,32,EUR,36.24166666666667
2024-01-29,81539,München,1000.0,Non-Bonus,38,EUR,36.455
2024-01-29,10115,Berlin,500.0,Bonus,32,EUR,22.916666666666668
2024-01-29,10115,Berlin,500.0,Bonus,44,EUR,24.117500000000003
2024-01-29,10115,Berlin,500.0,Bonus,48,EUR,24.555000000000003
2024-01-29,81539,München,500.0,Bonus,31,EUR,23.17
2024-01-29,10115,Berlin,500.0,Non-Bonus,10,EUR,21.903333333333332
2024-01-29,10115,Berlin,500.0,Non-Bonus,22,EUR,23.040000000000003
2024-01-29,81539,München,500.0,Non-Bonus,8,EUR,22.0175
2024-01-29,81539,München,500.0,Non-Bonus,44,EUR,25.386666666666667
2024-01-29,10115,Berlin,1500.0,Bonus,23,EUR,40.62583333333333
2024-01-29,10115,Berlin,1500.0,Bonus,35,EUR,45.47083333333333
2024-01-29,81539,München,1500.0,Bonus,50,EUR,46.836666666666666
2024-01-29,10115,Berlin,4250.0,Bonus,48,EUR,112.96833333333332
2024-01-29,81539,München,4250.0,Bonus,3,EUR,89.04166666666667
2024-01-29,10115,Berlin,3000.0,Bonus,48,EUR,81.91833333333334
2024-01-29,81539,München,3000.0,Bonus,4,EUR,65.58583333333333
2024-01-29,81539,München,3000.0,Bonus,24,EUR,72.215
2024-01-29,81539,München,3000.0,Bonus,33,EUR,77.5575
2024-01-29,10115,Berlin,3500.0,Bonus,19,EUR,83.74833333333333
2024-01-29,10115,Berlin,3500.0,Bonus,30,EUR,89.05833333333334
2024-01-29,81539,München,3500.0,Bonus,11,EUR,78.38833333333334
2024-01-29,81539,München,3500.0,Bonus,23,EUR,83.8125
2024-01-29,10115,Berlin,4000.0,Bonus,4,EUR,89.56833333333333
2024-01-29,10115,Berlin,4000.0,Bonus,10,EUR,91.88333333333333
2024-01-29,81539,München,4000.0,Bonus,5,EUR,87.5225
2024-01-29,81539,München,4000.0,Bonus,26,EUR,96.86583333333334
2024-01-29,81539,München,4000.0,Bonus,37,EUR,101.39083333333333
2024-01-29,81539,München,4500.0,Bonus,4,EUR,99.98166666666667
2024-01-29,81539,München,4500.0,Bonus,40,EUR,115.59750000000001
2024-01-29,81539,München,4500.0,Bonus,50,EUR,118.58833333333332
2024-01-29,81539,München,2500.0,Bonus,13,EUR,58.5875
2024-01-29,10115,Berlin,2000.0,Bonus,46,EUR,58.550000000000004
2024-01-29,10115,Berlin,5000.0,Bonus,3,EUR,105.84333333333332
2024-01-29,10115,Berlin,5000.0,Bonus,8,EUR,118.94166666666666
2024-01-29,81539,München,5000.0,Bonus,18,EUR,119.8575
2024-01-29,10115,Berlin,3500.0,Non-Bonus,44,EUR,101.51166666666667
2024-01-29,10115,Berlin,1000.0,Bonus,16,EUR,30.480833333333333
2024-01-29,10115,Berlin,1000.0,Bonus,44,EUR,34.73
2024-01-29,10115,Berlin,1000.0,Bonus,50,EUR,35.343333333333334
2024-01-29,81539,München,1000.0,Bonus,1,EUR,25.72666666666667
2024-01-29,81539,München,1000.0,Bonus,12,EUR,29.5675
2024-01-29,81539,München,1000.0,Bonus,24,EUR,32.21583333333333
2024-01-29,81539,München,1000.0,Bonus,40,EUR,34.141666666666666
2024-01-29,81539,München,1000.0,Bonus,45,EUR,34.641666666666666
2024-01-29,81539,München,2000.0,Non-Bonus,1,EUR,47.80833333333334
2024-01-29,81539,München,2000.0,Non-Bonus,7,EUR,56.54916666666667
2024-01-29,81539,München,2000.0,Non-Bonus,24,EUR,58.903333333333336
2024-01-29,10115,Berlin,3000.0,Non-Bonus,34,EUR,86.17083333333333
2024-01-29,10115,Berlin,3000.0,Non-Bonus,38,EUR,87.14666666666666
2024-01-29,81539,München,3000.0,Non-Bonus,3,EUR,66.215
2024-01-29,81539,München,3000.0,Non-Bonus,5,EUR,77.16
2024-01-29,81539,München,3000.0,Non-Bonus,23,EUR,82.25916666666667
2024-01-29,81539,München,3000.0,Non-Bonus,47,EUR,88.03750000000001
2024-01-29,10115,Berlin,4250.0,Non-Bonus,4,EUR,103.21083333333333
2024-01-29,10115,Berlin,4250.0,Non-Bonus,33,EUR,118.82666666666667
2024-01-29,10115,Berlin,4250.0,Non-Bonus,37,EUR,119.12166666666667
2024-01-29,81539,München,4250.0,Non-Bonus,2,EUR,89.04166666666667
2024-01-29,81539,München,4250.0,Non-Bonus,17,EUR,110.58749999999999
2024-01-29,81539,München,4250.0,Non-Bonus,40,EUR,117.69333333333333
2024-01-29,10115,Berlin,5000.0,Non-Bonus,24,EUR,135.83333333333334
2024-01-29,10115,Berlin,5000.0,Non-Bonus,27,EUR,137.35583333333332
2024-01-29,10115,Berlin,5000.0,Non-Bonus,30,EUR,137.90083333333334
2024-01-29,10115,Berlin,5000.0,Non-Bonus,50,EUR,143.79583333333332
2024-01-29,81539,München,5000.0,Non-Bonus,1,EUR,99.20833333333333
2024-01-29,81539,München,5000.0,Non-Bonus,21,EUR,130.7675
2024-01-29,81539,München,5000.0,Non-Bonus,27,EUR,134.39333333333335
2024-01-29,81539,München,4000.0,Non-Bonus,16,EUR,103.88083333333333
2024-01-29,81539,München,4000.0,Non-Bonus,43,EUR,111.61666666666667
2024-01-29,10115,Berlin,4500.0,Non-Bonus,5,EUR,110.8
2024-01-29,10115,Berlin,4500.0,Non-Bonus,31,EUR,125.32916666666667
2024-01-29,81539,München,4500.0,Non-Bonus,16,EUR,116.61416666666666
2024-01-29,81539,München,4500.0,Non-Bonus,21,EUR,118.32166666666666
2024-01-29,10115,Berlin,2500.0,Non-Bonus,24,EUR,71.85333333333334
2024-01-29,10115,Berlin,1000.0,Non-Bonus,6,EUR,33.545
2024-01-29,10115,Berlin,1000.0,Non-Bonus,13,EUR,34.3375
2024-01-29,10115,Berlin,1000.0,Non-Bonus,31,EUR,36.348333333333336
2024-01-29,10115,Berlin,1000.0,Non-Bonus,33,EUR,36.45583333333334
2024-01-29,10115,Berlin,1000.0,Non-Bonus,50,EUR,37.541666666666664
2024-01-29,10115,Berlin,500.0,Non-Bonus,14,EUR,22.46666666666667
2024-01-29,10115,Berlin,500.0,Non-Bonus,24,EUR,23.09583333333333
2024-01-29,10115,Berlin,500.0,Non-Bonus,28,EUR,23.344166666666666
2024-01-29,81539,München,500.0,Non-Bonus,24,EUR,23.316666666666666
2024-01-29,81539,München,500.0,Non-Bonus,35,EUR,24.474999999999998
2024-01-29,10115,Berlin,1500.0,Bonus,15,EUR,40.15833333333333
2024-01-29,10115,Berlin,1500.0,Bonus,20,EUR,40.2975
2024-01-29,81539,München,1500.0,Bonus,6,EUR,38.637499999999996
2024-01-29,81539,München,1500.0,Bonus,42,EUR,45.82
2024-01-29,10115,Berlin,3000.0,Bonus,13,EUR,69.26083333333334
2024-01-29,10115,Berlin,3000.0,Bonus,16,EUR,71.32916666666667
2024-01-29,10115,Berlin,3000.0,Bonus,27,EUR,75.92916666666666
2024-01-29,81539,München,3000.0,Bonus,9,EUR,68.3175
2024-01-29,81539,München,3500.0,Bonus,34,EUR,88.54416666666667
2024-01-29,81539,München,3500.0,Bonus,39,EUR,89.49833333333333
2024-01-29,81539,München,3500.0,Bonus,49,EUR,93.36583333333334
2024-01-29,10115,Berlin,4000.0,Bonus,39,EUR,103.63916666666667
2024-01-29,81539,München,4000.0,Bonus,12,EUR,92.52583333333332
2024-01-29,81539,München,4000.0,Bonus,20,EUR,95.13333333333333
2024-01-29,81539,München,4000.0,Bonus,46,EUR,104.87083333333334
2024-01-29,10115,Berlin,4500.0,Bonus,10,EUR,105.62083333333334
2024-01-29,10115,Berlin,4500.0,Bonus,12,EUR,107.40833333333335
2024-01-29,10115,Berlin,2500.0,Bonus,37,EUR,67.7275
2024-01-29,10115,Berlin,2500.0,Bonus,44,EUR,69.0625
2024-01-29,81539,München,2500.0,Bonus,35,EUR,67.245
2024-01-29,10115,Berlin,2000.0,Bonus,7,EUR,48.26666666666667
2024-01-29,81539,München,2000.0,Bonus,4,EUR,46.354166666666664
2024-01-29,81539,München,2000.0,Bonus,32,EUR,55.55833333333334
2024-01-29,81539,München,2000.0,Bonus,41,EUR,57.55416666666667
2024-01-29,81539,München,2000.0,Bonus,50,EUR,58.8675
2024-01-29,10115,Berlin,5000.0,Bonus,12,EUR,119.10833333333333
2024-01-29,10115,Berlin,3500.0,Non-Bonus,36,EUR,99.55833333333334
2024-01-29,10115,Berlin,3500.0,Non-Bonus,38,EUR,99.93083333333334
2024-01-29,10115,Berlin,3500.0,Non-Bonus,49,EUR,103.56833333333333
2024-01-29,81539,München,3500.0,Non-Bonus,45,EUR,99.66250000000001
2024-01-29,81539,München,3500.0,Non-Bonus,47,EUR,100.2425
2024-01-29,10115,Berlin,1000.0,Bonus,31,EUR,33.50333333333334
2024-01-29,81539,München,1000.0,Bonus,5,EUR,29.005
2024-01-29,81539,München,1000.0,Bonus,23,EUR,31.926666666666666
2024-01-29,81539,München,1000.0,Bonus,36,EUR,33.79083333333333
2024-01-29,81539,München,1000.0,Bonus,39,EUR,34.125
2024-01-29,10115,Berlin,1500.0,Non-Bonus,33,EUR,48.71666666666667
2024-01-29,81539,München,1500.0,Non-Bonus,5,EUR,45.285
2024-01-29,81539,München,1500.0,Non-Bonus,8,EUR,45.4625
2024-01-29,81539,München,1500.0,Non-Bonus,34,EUR,48.37916666666666
2024-01-29,81539,München,1500.0,Non-Bonus,43,EUR,49.6675
2024-01-29,81539,München,1500.0,Non-Bonus,50,EUR,50.6
2024-01-29,10115,Berlin,2000.0,Non-Bonus,28,EUR,59.96
2024-01-29,81539,München,2000.0,Non-Bonus,19,EUR,58.5325
2024-01-29,81539,München,2000.0,Non-Bonus,31,EUR,59.56166666666667
2024-01-29,81539,München,2000.0,Non-Bonus,43,EUR,62.17583333333334
2024-01-29,10115,Berlin,3000.0,Non-Bonus,37,EUR,86.78750000000001
2024-01-29,81539,München,3000.0,Non-Bonus,18,EUR,80.9675
2024-01-29,81539,München,4250.0,Non-Bonus,8,EUR,105.44666666666666
2024-01-29,81539,München,4250.0,Non-Bonus,38,EUR,117.21083333333333
2024-01-29,81539,München,5000.0,Non-Bonus,40,EUR,138.395
2024-01-29,10115,Berlin,4000.0,Non-Bonus,38,EUR,113.21749999999999
2024-01-29,10115,Berlin,4000.0,Non-Bonus,44,EUR,115.27666666666666
2024-01-29,81539,München,4000.0,Non-Bonus,4,EUR,95.13333333333333
2024-01-29,81539,München,4000.0,Non-Bonus,7,EUR,97.53333333333335
2024-01-29,10115,Berlin,2500.0,Non-Bonus,8,EUR,69.045
2024-01-29,10115,Berlin,2500.0,Non-Bonus,10,EUR,69.89583333333333
2024-01-29,10115,Berlin,2500.0,Non-Bonus,11,EUR,69.9025
2024-01-29,10115,Berlin,1000.0,Non-Bonus,40,EUR,36.725
2024-01-29,81539,München,1000.0,Non-Bonus,8,EUR,33.69166666666667
2024-01-29,81539,München,1000.0,Non-Bonus,14,EUR,34.175000000000004
2024-01-29,81539,München,1000.0,Non-Bonus,23,EUR,35.06583333333334
2024-01-29,81539,München,1000.0,Non-Bonus,41,EUR,36.91583333333333
2024-01-29,10115,Berlin,500.0,Bonus,3,EUR,19.220833333333335
2024-01-29,10115,Berlin,500.0,Bonus,28,EUR,22.8025
2024-01-29,10115,Berlin,500.0,Bonus,35,EUR,23.083333333333332
2024-01-29,10115,Berlin,1500.0,Bonus,45,EUR,46.395833333333336
2024-01-29,10115,Berlin,1500.0,Bonus,49,EUR,46.692499999999995
2024-01-29,81539,München,1500.0,Bonus,7,EUR,38.641666666666666
2024-01-29,81539,München,1500.0,Bonus,11,EUR,38.913333333333334
2024-01-29,81539,München,1500.0,Bonus,37,EUR,45.31916666666667
2024-01-29,10115,Berlin,4250.0,Bonus,21,EUR,103.375
2024-01-29,81539,München,4250.0,Bonus,44,EUR,110.58749999999999
2024-01-29,10115,Berlin,3000.0,Bonus,43,EUR,81.27499999999999
2024-01-29,10115,Berlin,3000.0,Bonus,45,EUR,81.575
2024-01-29,81539,München,3000.0,Bonus,20,EUR,70.74249999999999
2024-01-29,10115,Berlin,3500.0,Bonus,2,EUR,75.85916666666667
2024-01-29,81539,München,3500.0,Bonus,1,EUR,72.39166666666667
2024-01-29,81539,München,4000.0,Bonus,17,EUR,94.91416666666667
2024-01-29,81539,München,4500.0,Bonus,13,EUR,106.66250000000001
2024-01-29,10115,Berlin,2500.0,Bonus,3,EUR,57.01083333333333
2024-01-29,81539,München,2500.0,Bonus,23,EUR,60.32
2024-01-29,81539,München,2500.0,Bonus,48,EUR,69.44083333333333
2024-01-29,10115,Berlin,2000.0,Bonus,2,EUR,46.98916666666667
2024-01-29,81539,München,2000.0,Bonus,35,EUR,56.32083333333333
2024-01-29,81539,München,2000.0,Bonus,39,EUR,56.9975
2024-01-29,81539,München,2000.0,Bonus,45,EUR,57.94833333333333
2024-01-29,10115,Berlin,5000.0,Bonus,26,EUR,124.95
2024-01-29,81539,München,5000.0,Bonus,14,EUR,118.20833333333333
2024-01-29,81539,München,5000.0,Bonus,24,EUR,120.80083333333333
2024-01-29,81539,München,5000.0,Bonus,31,EUR,124.2575
2024-01-29,10115,Berlin,3500.0,Non-Bonus,5,EUR,89.05833333333334
2024-01-29,10115,Berlin,3500.0,Non-Bonus,39,EUR,100.06083333333333
2024-01-29,81539,München,3500.0,Non-Bonus,18,EUR,92.85000000000001
2024-01-29,81539,München,1000.0,Bonus,7,EUR,29.441666666666666
2024-01-29,10115,Berlin,1500.0,Non-Bonus,10,EUR,46.512499999999996
2024-01-29,10115,Berlin,1500.0,Non-Bonus,26,EUR,47.5
2024-01-29,81539,München,1500.0,Non-Bonus,21,EUR,46.71666666666667
2024-01-29,10115,Berlin,2000.0,Non-Bonus,30,EUR,60.0625
2024-01-29,10115,Berlin,3000.0,Non-Bonus,8,EUR,79.8
2024-01-29,10115,Berlin,3000.0,Non-Bonus,22,EUR,83.79333333333334
2024-01-29,10115,Berlin,3000.0,Non-Bonus,27,EUR,85.82666666666667
2024-01-29,81539,München,3000.0,Non-Bonus,48,EUR,88.9525
2024-01-29,10115,Berlin,4250.0,Non-Bonus,17,EUR,112.96833333333332
2024-01-29,10115,Berlin,5000.0,Non-Bonus,8,EUR,124.97000000000001
2024-01-29,10115,Berlin,5000.0,Non-Bonus,18,EUR,133.305
2024-01-29,10115,Berlin,4000.0,Non-Bonus,30,EUR,112.19166666666666
2024-01-29,10115,Berlin,4000.0,Non-Bonus,39,EUR,113.37083333333334
2024-01-29,81539,München,4000.0,Non-Bonus,3,EUR,84.56833333333334
2024-01-29,81539,München,4000.0,Non-Bonus,30,EUR,110.00583333333333
2024-01-29,10115,Berlin,4500.0,Non-Bonus,8,EUR,113.46666666666665
2024-01-29,10115,Berlin,4500.0,Non-Bonus,29,EUR,125.07916666666667
2024-01-29,10115,Berlin,4500.0,Non-Bonus,36,EUR,126.69666666666666
2024-01-29,81539,München,4500.0,Non-Bonus,6,EUR,109.54916666666666
2024-01-29,81539,München,4500.0,Non-Bonus,34,EUR,123.1075
2024-01-29,81539,München,4500.0,Non-Bonus,37,EUR,124.1275
2024-01-29,81539,München,4500.0,Non-Bonus,43,EUR,125.51666666666667
2024-01-29,81539,München,4500.0,Non-Bonus,50,EUR,128.36416666666665
2024-01-29,81539,München,2500.0,Non-Bonus,23,EUR,70.57000000000001
2024-01-29,81539,München,2500.0,Non-Bonus,45,EUR,75.16166666666668
2024-01-29,81539,München,2500.0,Non-Bonus,48,EUR,75.44583333333334
2024-01-29,81539,München,2500.0,Non-Bonus,49,EUR,75.55833333333334
2024-01-29,81539,München,1000.0,Non-Bonus,50,EUR,37.8225
2024-01-29,10115,Berlin,500.0,Bonus,36,EUR,23.3
2024-01-29,10115,Berlin,500.0,Non-Bonus,27,EUR,23.3125
2024-01-29,10115,Berlin,500.0,Non-Bonus,40,EUR,24.375833333333333
2024-01-29,10115,Berlin,500.0,Non-Bonus,48,EUR,25.385
2024-01-29,10115,Berlin,500.0,Non-Bonus,49,EUR,25.719166666666666
2024-01-29,81539,München,500.0,Non-Bonus,21,EUR,23.245833333333334
2024-01-29,81539,München,500.0,Non-Bonus,28,EUR,23.528333333333332
2024-01-29,81539,München,500.0,Non-Bonus,32,EUR,24.330833333333334
2024-01-29,10115,Berlin,4250.0,Bonus,8,EUR,97.915
2024-01-29,10115,Berlin,4250.0,Bonus,11,EUR,100.2975
2024-01-29,10115,Berlin,4250.0,Bonus,15,EUR,102.36416666666666
2024-01-29,10115,Berlin,4250.0,Bonus,23,EUR,103.91416666666667
2024-01-29,10115,Berlin,4250.0,Bonus,49,EUR,113.09916666666668
2024-01-29,81539,München,4250.0,Bonus,16,EUR,100.9225
2024-01-29,81539,München,4250.0,Bonus,48,EUR,111.8775
2024-01-29,10115,Berlin,3000.0,Bonus,21,EUR,72.51833333333333
2024-01-29,10115,Berlin,3000.0,Bonus,49,EUR,81.97833333333334
2024-01-29,10115,Berlin,3500.0,Bonus,35,EUR,89.63666666666667
2024-01-29,81539,München,3500.0,Bonus,50,EUR,93.79
2024-01-29,10115,Berlin,4000.0,Bonus,27,EUR,99.17
2024-01-29,10115,Berlin,4000.0,Bonus,50,EUR,106.98
2024-01-29,81539,München,4000.0,Bonus,19,EUR,95.04083333333334
2024-01-29,10115,Berlin,4500.0,Bonus,9,EUR,105.45416666666667
2024-01-29,10115,Berlin,4500.0,Bonus,24,EUR,110.8
2024-01-29,81539,München,4500.0,Bonus,33,EUR,112.53166666666668
2024-01-29,10115,Berlin,2500.0,Bonus,11,EUR,58.248333333333335
2024-01-29,81539,München,2500.0,Bonus,49,EUR,69.44083333333333
2024-01-29,10115,Berlin,2000.0,Bonus,28,EUR,50.95083333333333
2024-01-29,10115,Berlin,2000.0,Bonus,32,EUR,53.99666666666667
2024-01-29,10115,Berlin,2000.0,Bonus,38,EUR,56.949999999999996
2024-01-29,10115,Berlin,2000.0,Bonus,39,EUR,57.425000000000004
2024-01-29,10115,Berlin,5000.0,Bonus,16,EUR,120.98
2024-01-29,10115,Berlin,5000.0,Bonus,21,EUR,121.90249999999999
2024-01-29,81539,München,5000.0,Bonus,46,EUR,130.025
2024-01-29,10115,Berlin,3500.0,Non-Bonus,8,EUR,90.79166666666667
2024-01-29,81539,München,3500.0,Non-Bonus,3,EUR,75.39166666666667
2024-01-29,81539,München,3500.0,Non-Bonus,50,EUR,102.78666666666668
2024-01-29,10115,Berlin,1000.0,Bonus,40,EUR,34.3375
2024-01-29,81539,München,1000.0,Bonus,49,EUR,35.06583333333334
2024-01-29,10115,Berlin,1500.0,Non-Bonus,13,EUR,46.659166666666664
2024-01-29,10115,Berlin,1500.0,Non-Bonus,18,EUR,47.0525
2024-01-29,81539,München,1500.0,Non-Bonus,15,EUR,46.19583333333333
2024-01-29,10115,Berlin,2000.0,Non-Bonus,5,EUR,55.30083333333334
2024-01-29,10115,Berlin,2000.0,Non-Bonus,50,EUR,63.75666666666667
2024-01-29,81539,München,2000.0,Non-Bonus,5,EUR,54.534166666666664
2024-01-29,81539,München,2000.0,Non-Bonus,42,EUR,62.07833333333334
2024-01-29,81539,München,2000.0,Non-Bonus,44,EUR,62.37833333333333
2024-01-29,10115,Berlin,3000.0,Non-Bonus,6,EUR,79.59166666666667
2024-01-29,10115,Berlin,3000.0,Non-Bonus,43,EUR,87.63916666666667
2024-01-29,81539,München,3000.0,Non-Bonus,12,EUR,79.675
2024-01-29,81539,München,3000.0,Non-Bonus,19,EUR,81.71166666666666
2024-01-29,81539,München,3000.0,Non-Bonus,21,EUR,82.20416666666667
2024-01-29,81539,München,3000.0,Non-Bonus,34,EUR,85.065
2024-01-29,10115,Berlin,4250.0,Non-Bonus,41,EUR,120.1875
2024-01-29,81539,München,4250.0,Non-Bonus,32,EUR,116.47166666666668
2024-01-29,10115,Berlin,5000.0,Non-Bonus,10,EUR,127.83333333333333
2024-01-29,10115,Berlin,5000.0,Non-Bonus,14,EUR,130.4725
2024-01-29,10115,Berlin,5000.0,Non-Bonus,22,EUR,135.81333333333333
2024-01-29,81539,München,5000.0,Non-Bonus,28,EUR,134.42333333333332
2024-01-29,10115,Berlin,4000.0,Non-Bonus,7,EUR,99.63333333333333
2024-01-29,81539,München,4000.0,Non-Bonus,17,EUR,104.73166666666667
2024-01-29,81539,München,4000.0,Non-Bonus,22,EUR,106.46
2024-01-29,10115,Berlin,4500.0,Non-Bonus,20,EUR,120.92666666666666
2024-01-29,10115,Berlin,4500.0,Non-Bonus,44,EUR,128.82
2024-01-29,81539,München,4500.0,Non-Bonus,5,EUR,108.8875
2024-01-29,81539,München,4500.0,Non-Bonus,27,EUR,121.86833333333334
2024-01-29,81539,München,4500.0,Non-Bonus,33,EUR,122.94
2024-01-29,10115,Berlin,2500.0,Non-Bonus,2,EUR,57.92166666666666
2024-01-29,10115,Berlin,2500.0,Non-Bonus,22,EUR,71.415
2024-01-29,10115,Berlin,2500.0,Non-Bonus,36,EUR,73.765
2024-01-29,81539,München,2500.0,Non-Bonus,24,EUR,70.72583333333334
2024-01-29,10115,Berlin,1000.0,Non-Bonus,8,EUR,33.79833333333333
2024-01-29,10115,Berlin,1000.0,Non-Bonus,10,EUR,34.25
2024-01-29,81539,München,1000.0,Non-Bonus,12,EUR,34.141666666666666
2024-01-29,10115,Berlin,500.0,Bonus,18,EUR,21.675
2024-01-29,10115,Berlin,500.0,Bonus,34,EUR,23.055833333333336
2024-01-29,10115,Berlin,500.0,Bonus,38,EUR,23.3125
2024-01-29,81539,München,500.0,Bonus,3,EUR,19.329166666666666
2024-01-29,10115,Berlin,500.0,Non-Bonus,2,EUR,21.06833333333333
2024-01-29,10115,Berlin,500.0,Non-Bonus,30,EUR,23.514166666666668
2024-01-29,10115,Berlin,500.0,Non-Bonus,38,EUR,24.224166666666665
2024-01-29,10115,Berlin,500.0,Non-Bonus,47,EUR,25.139166666666668
2024-01-29,10115,Berlin,1500.0,Bonus,8,EUR,38.77916666666667
2024-01-29,81539,München,1500.0,Bonus,12,EUR,38.935833333333335
2024-01-29,81539,München,1500.0,Bonus,32,EUR,43.95249999999999
2024-01-29,81539,München,1500.0,Bonus,41,EUR,45.5075
2024-01-29,10115,Berlin,4250.0,Bonus,16,EUR,102.58999999999999
2024-01-29,10115,Berlin,4250.0,Bonus,31,EUR,107.71499999999999
2024-01-29,81539,München,4250.0,Bonus,10,EUR,99.575
2024-01-29,81539,München,4250.0,Bonus,30,EUR,103.71583333333332
2024-01-29,10115,Berlin,3000.0,Bonus,38,EUR,79.8
2024-01-29,10115,Berlin,3000.0,Bonus,40,EUR,80.115
2024-01-29,10115,Berlin,3000.0,Bonus,44,EUR,81.465
2024-01-29,81539,München,3000.0,Bonus,17,EUR,69.80333333333333
2024-01-29,81539,München,3500.0,Bonus,14,EUR,81.60416666666667
2024-01-29,81539,München,3500.0,Bonus,40,EUR,90.11333333333333
2024-01-29,81539,München,3500.0,Bonus,48,EUR,92.89
2024-01-29,10115,Berlin,4000.0,Bonus,22,EUR,97.43333333333334
2024-01-29,81539,München,4000.0,Bonus,48,EUR,105.3075
2024-01-29,10115,Berlin,4500.0,Bonus,46,EUR,119.21916666666668
2024-01-29,81539,München,4500.0,Bonus,37,EUR,114.15499999999999
2024-01-29,10115,Berlin,2500.0,Bonus,42,EUR,68.6925
2024-01-29,81539,München,2500.0,Bonus,15,EUR,58.80416666666667
2024-01-29,81539,München,2500.0,Bonus,27,EUR,62.45333333333334
2024-01-29,81539,München,2500.0,Bonus,42,EUR,68.60416666666667
2024-01-29,81539,München,2500.0,Bonus,50,EUR,69.63250000000001
2024-01-29,10115,Berlin,2000.0,Bonus,29,EUR,52.125
2024-01-29,10115,Berlin,2000.0,Bonus,43,EUR,58.02333333333333
2024-01-29,10115,Berlin,5000.0,Bonus,2,EUR,104.49166666666667
2024-01-29,10115,Berlin,5000.0,Bonus,9,EUR,119.0
2024-01-29,10115,Berlin,5000.0,Bonus,34,EUR,127.91416666666667
2024-01-29,81539,München,5000.0,Bonus,28,EUR,122.14333333333333
2024-01-29,81539,München,5000.0,Bonus,39,EUR,127.50666666666666
2024-01-29,81539,München,5000.0,Bonus,45,EUR,129.96416666666667
2024-01-29,10115,Berlin,3500.0,Non-Bonus,13,EUR,91.25
2024-01-29,10115,Berlin,3500.0,Non-Bonus,20,EUR,95.68083333333334
2024-01-29,10115,Berlin,3500.0,Non-Bonus,34,EUR,99.3175
2024-01-29,10115,Berlin,3500.0,Non-Bonus,50,EUR,103.57083333333333
2024-01-29,81539,München,3500.0,Non-Bonus,28,EUR,96.81833333333333
2024-01-29,10115,Berlin,1000.0,Bonus,3,EUR,28.661666666666665
2024-01-29,81539,München,1000.0,Bonus,16,EUR,30.008333333333336
2024-01-29,81539,München,1000.0,Bonus,18,EUR,30.359166666666667
2024-01-29,81539,München,1000.0,Bonus,46,EUR,34.6875
2024-01-29,81539,München,1000.0,Bonus,47,EUR,34.90083333333333
2024-01-29,10115,Berlin,1500.0,Non-Bonus,7,EUR,45.939166666666665
2024-01-29,10115,Berlin,1500.0,Non-Bonus,29,EUR,48.208333333333336
2024-01-29,81539,München,1500.0,Non-Bonus,9,EUR,45.475833333333334
2024-01-29,81539,München,1500.0,Non-Bonus,10,EUR,45.5075
2024-01-29,81539,München,1500.0,Non-Bonus,14,EUR,46.09583333333333
2024-01-29,10115,Berlin,2000.0,Non-Bonus,1,EUR,48.336666666666666
2024-01-29,10115,Berlin,2000.0,Non-Bonus,12,EUR,58.550000000000004
2024-01-29,81539,München,2000.0,Non-Bonus,3,EUR,49.208333333333336
2024-01-29,81539,München,2000.0,Non-Bonus,39,EUR,61.285
2024-01-29,81539,München,2000.0,Non-Bonus,40,EUR,61.73
2024-01-29,81539,München,3000.0,Non-Bonus,30,EUR,84.5175
2024-01-29,10115,Berlin,4250.0,Non-Bonus,9,EUR,109.15249999999999
2024-01-29,10115,Berlin,4250.0,Non-Bonus,43,EUR,120.99916666666667
2024-01-29,81539,München,4250.0,Non-Bonus,16,EUR,109.74083333333334
2024-01-29,10115,Berlin,5000.0,Non-Bonus,34,EUR,139.99166666666667
2024-01-29,10115,Berlin,5000.0,Non-Bonus,42,EUR,142.20166666666668
2024-01-29,81539,München,5000.0,Non-Bonus,11,EUR,124.8575
2024-01-29,81539,München,5000.0,Non-Bonus,36,EUR,137.19916666666668
2024-01-29,81539,München,5000.0,Non-Bonus,45,EUR,139.435
2024-01-29,10115,Berlin,4000.0,Non-Bonus,11,EUR,103.175
2024-01-29,10115,Berlin,4000.0,Non-Bonus,17,EUR,106.96833333333332
2024-01-29,81539,München,4000.0,Non-Bonus,45,EUR,112.99583333333334
2024-01-29,10115,Berlin,4500.0,Non-Bonus,7,EUR,112.01666666666667
2024-01-29,81539,München,4500.0,Non-Bonus,12,EUR,113.30666666666667
2024-01-29,10115,Berlin,2500.0,Non-Bonus,25,EUR,71.89416666666666
2024-01-29,10115,Berlin,2500.0,Non-Bonus,43,EUR,75.52833333333334
2024-01-29,81539,München,2500.0,Non-Bonus,9,EUR,67.89
2024-01-29,81539,München,2500.0,Non-Bonus,44,EUR,75.11916666666666
2024-01-29,10115,Berlin,1000.0,Non-Bonus,32,EUR,36.4
2024-01-29,10115,Berlin,1000.0,Non-Bonus,44,EUR,37.026666666666664
2024-01-29,81539,München,1000.0,Non-Bonus,35,EUR,36.42166666666667
2024-01-29,10115,Berlin,500.0,Bonus,10,EUR,19.933333333333334
2024-01-29,81539,München,500.0,Bonus,17,EUR,21.91416666666667
2024-01-29,10115,Berlin,500.0,Non-Bonus,19,EUR,22.84166666666667
2024-01-29,10115,Berlin,500.0,Non-Bonus,42,EUR,24.555000000000003
2024-01-29,81539,München,500.0,Non-Bonus,34,EUR,24.368333333333336
2024-01-29,10115,Berlin,1500.0,Bonus,17,EUR,40.1675
2024-01-29,10115,Berlin,1500.0,Bonus,28,EUR,42.4925
2024-01-29,10115,Berlin,1500.0,Bonus,47,EUR,46.585
2024-01-29,10115,Berlin,4250.0,Bonus,42,EUR,111.08416666666666
2024-01-29,81539,München,4250.0,Bonus,21,EUR,101.51166666666667
2024-01-29,81539,München,4250.0,Bonus,33,EUR,106.32083333333333
2024-01-29,81539,München,4250.0,Bonus,35,EUR,106.71416666666666
2024-01-29,10115,Berlin,3000.0,Bonus,4,EUR,66.735
2024-01-29,10115,Berlin,3000.0,Bonus,24,EUR,73.74916666666667
2024-01-29,10115,Berlin,3000.0,Bonus,25,EUR,73.76916666666666
2024-01-29,81539,München,3000.0,Bonus,10,EUR,68.35000000000001
2024-01-29,81539,München,3000.0,Bonus,28,EUR,75.0775
2024-01-29,10115,Berlin,3500.0,Bonus,17,EUR,83.70916666666666
2024-01-29,10115,Berlin,3500.0,Bonus,20,EUR,83.80166666666666
2024-01-29,10115,Berlin,3500.0,Bonus,37,EUR,90.79166666666667
2024-01-29,81539,München,3500.0,Bonus,8,EUR,75.65916666666666
2024-01-29,81539,München,3500.0,Bonus,16,EUR,81.8575
2024-01-29,81539,München,3500.0,Bonus,25,EUR,85.34500000000001
2024-01-29,81539,München,4000.0,Bonus,27,EUR,96.99916666666667
2024-01-29,81539,München,4500.0,Bonus,3,EUR,93.62333333333333
2024-01-29,81539,München,4500.0,Bonus,48,EUR,117.94666666666666
2024-01-29,10115,Berlin,2500.0,Bonus,22,EUR,61.33833333333333
2024-01-29,10115,Berlin,2500.0,Bonus,23,EUR,61.4975
2024-01-29,10115,Berlin,2500.0,Bonus,26,EUR,61.73500000000001
2024-01-29,10115,Berlin,2500.0,Bonus,49,EUR,70.2625
2024-01-29,81539,München,2500.0,Bonus,12,EUR,58.471666666666664
2024-01-29,81539,München,2500.0,Bonus,36,EUR,67.53666666666668
2024-01-29,81539,München,2500.0,Bonus,44,EUR,68.7225
2024-01-29,10115,Berlin,2000.0,Bonus,26,EUR,50.60583333333333
2024-01-29,10115,Berlin,5000.0,Bonus,39,EUR,129.32666666666668
2024-01-29,10115,Berlin,5000.0,Bonus,43,EUR,130.46833333333333
2024-01-29,81539,München,5000.0,Bonus,37,EUR,126.2575
2024-01-29,10115,Berlin,3500.0,Non-Bonus,29,EUR,98.73
2024-01-29,81539,München,3500.0,Non-Bonus,24,EUR,94.8175
2024-01-29,10115,Berlin,1500.0,Non-Bonus,11,EUR,46.55916666666667
2024-01-29,10115,Berlin,1500.0,Non-Bonus,16,EUR,46.699999999999996
2024-01-29,10115,Berlin,1500.0,Non-Bonus,30,EUR,48.52916666666667
2024-01-29,10115,Berlin,1500.0,Non-Bonus,39,EUR,49.73
2024-01-29,81539,München,1500.0,Non-Bonus,40,EUR,49.28916666666667
2024-01-29,81539,München,1500.0,Non-Bonus,49,EUR,50.490833333333335
2024-01-29,10115,Berlin,2000.0,Non-Bonus,47,EUR,63.55583333333333
2024-01-29,10115,Berlin,3000.0,Non-Bonus,10,EUR,80.44416666666667
2024-01-29,10115,Berlin,3000.0,Non-Bonus,24,EUR,84.28166666666667
2024-01-29,81539,München,3000.0,Non-Bonus,1,EUR,65.875
2024-01-29,10115,Berlin,4250.0,Non-Bonus,21,EUR,114.73833333333333
2024-01-29,10115,Berlin,4250.0,Non-Bonus,45,EUR,122.1375
2024-01-29,81539,München,4250.0,Non-Bonus,25,EUR,114.59249999999999
2024-01-29,81539,München,4250.0,Non-Bonus,35,EUR,116.63583333333334
2024-01-29,10115,Berlin,5000.0,Non-Bonus,23,EUR,135.81333333333333
2024-01-29,10115,Berlin,4000.0,Non-Bonus,5,EUR,99.125
2024-01-29,10115,Berlin,4000.0,Non-Bonus,13,EUR,105.66583333333334
2024-01-29,10115,Berlin,4000.0,Non-Bonus,34,EUR,112.38083333333333
2024-01-29,10115,Berlin,4000.0,Non-Bonus,48,EUR,116.60916666666667
2024-01-29,10115,Berlin,4000.0,Non-Bonus,50,EUR,116.87916666666666
2024-01-29,81539,München,4500.0,Non-Bonus,24,EUR,120.66250000000001
2024-01-29,81539,München,4500.0,Non-Bonus,31,EUR,122.82416666666667
2024-01-29,10115,Berlin,2500.0,Non-Bonus,23,EUR,71.71249999999999
2024-01-29,10115,Berlin,2500.0,Non-Bonus,34,EUR,73.3725
2024-01-29,10115,Berlin,2500.0,Non-Bonus,41,EUR,75.2475
2024-01-29,81539,München,2500.0,Non-Bonus,27,EUR,71.10416666666667
2024-01-29,81539,München,2500.0,Non-Bonus,31,EUR,71.71
2024-01-29,81539,München,1000.0,Non-Bonus,5,EUR,33.3975
2024-01-29,81539,München,1000.0,Non-Bonus,9,EUR,33.8225
2024-01-29,81539,München,1000.0,Non-Bonus,26,EUR,35.23416666666667
2024-01-29,81539,München,1000.0,Non-Bonus,29,EUR,35.94083333333334
2024-01-29,10115,Berlin,500.0,Bonus,17,EUR,21.66333333333333
2024-01-29,10115,Berlin,500.0,Bonus,50,EUR,25.125833333333333
2024-01-29,81539,München,500.0,Bonus,36,EUR,23.365
2024-01-29,10115,Berlin,500.0,Non-Bonus,4,EUR,21.3125
2024-01-29,10115,Berlin,500.0,Non-Bonus,46,EUR,25.125833333333333
2024-01-29,81539,München,500.0,Non-Bonus,4,EUR,21.564166666666665
2024-01-29,10115,Berlin,1500.0,Bonus,3,EUR,38.30083333333334
2024-01-29,10115,Berlin,1500.0,Bonus,16,EUR,40.15916666666667
2024-01-29,10115,Berlin,4250.0,Bonus,33,EUR,108.95
2024-01-29,10115,Berlin,4250.0,Bonus,47,EUR,112.72583333333334
2024-01-29,81539,München,4250.0,Bonus,41,EUR,109.74083333333334
2024-01-29,10115,Berlin,3500.0,Bonus,7,EUR,77.435
2024-01-29,10115,Berlin,4000.0,Bonus,9,EUR,91.71666666666665
2024-01-29,81539,München,4000.0,Bonus,24,EUR,96.1225
2024-01-29,81539,München,4000.0,Bonus,35,EUR,100.91583333333334
2024-01-29,81539,München,4000.0,Bonus,45,EUR,104.76416666666667
2024-01-29,81539,München,4500.0,Bonus,6,EUR,100.47500000000001
2024-01-29,81539,München,4500.0,Bonus,30,EUR,110.57416666666667
2024-01-29,81539,München,4500.0,Bonus,31,EUR,111.0125
2024-01-29,10115,Berlin,2500.0,Bonus,27,EUR,62.37916666666666
2024-01-29,10115,Berlin,2500.0,Bonus,50,EUR,70.3125
2024-01-29,81539,München,2500.0,Bonus,10,EUR,57.52166666666667
2024-01-29,81539,München,2500.0,Bonus,17,EUR,59.123333333333335
2024-01-29,81539,München,2500.0,Bonus,22,EUR,60.159166666666664
2024-01-29,10115,Berlin,2000.0,Bonus,12,EUR,48.534166666666664
2024-01-29,81539,München,2000.0,Bonus,33,EUR,55.63666666666666
2024-01-29,81539,München,5000.0,Bonus,8,EUR,115.70833333333333
2024-01-29,81539,München,3500.0,Non-Bonus,17,EUR,92.16250000000001
2024-01-29,81539,München,3500.0,Non-Bonus,23,EUR,94.3325
2024-01-29,81539,München,1500.0,Non-Bonus,24,EUR,46.836666666666666
2024-01-29,81539,München,1500.0,Non-Bonus,37,EUR,48.69583333333333
2024-01-29,81539,München,1500.0,Non-Bonus,44,EUR,49.865833333333335
2024-01-29,10115,Berlin,2000.0,Non-Bonus,8,EUR,57.99
2024-01-29,10115,Berlin,2000.0,Non-Bonus,13,EUR,58.75
2024-01-29,10115,Berlin,2000.0,Non-Bonus,17,EUR,59.11666666666667
2024-01-29,10115,Berlin,2000.0,Non-Bonus,19,EUR,59.24583333333334
2024-01-29,10115,Berlin,2000.0,Non-Bonus,26,EUR,59.762499999999996
2024-01-29,10115,Berlin,2000.0,Non-Bonus,40,EUR,62.63999999999999
2024-01-29,10115,Berlin,3000.0,Non-Bonus,39,EUR,87.40833333333335
2024-01-29,10115,Berlin,3000.0,Non-Bonus,44,EUR,88.30166666666666
2024-01-29,10115,Berlin,4250.0,Non-Bonus,13,EUR,111.83999999999999
2024-01-29,10115,Berlin,4250.0,Non-Bonus,14,EUR,111.86
2024-01-29,81539,München,4250.0,Non-Bonus,6,EUR,102.61833333333334
2024-01-29,81539,München,5000.0,Non-Bonus,25,EUR,133.00833333333333
2024-01-29,10115,Berlin,4000.0,Non-Bonus,23,EUR,109.05666666666667
2024-01-29,81539,München,4000.0,Non-Bonus,2,EUR,84.46
2024-01-29,81539,München,4000.0,Non-Bonus,38,EUR,110.97000000000001
2024-01-29,10115,Berlin,4500.0,Non-Bonus,1,EUR,93.71666666666665
2024-01-29,10115,Berlin,4500.0,Non-Bonus,14,EUR,118.72083333333335
2024-01-29,10115,Berlin,4500.0,Non-Bonus,18,EUR,120.73
2024-01-29,10115,Berlin,2500.0,Non-Bonus,15,EUR,70.64583333333333
2024-01-29,10115,Berlin,2500.0,Non-Bonus,32,EUR,72.94416666666667
2024-01-29,10115,Berlin,2500.0,Non-Bonus,35,EUR,73.76
2024-01-29,81539,München,2500.0,Non-Bonus,38,EUR,73.08916666666667
2024-01-29,10115,Berlin,1000.0,Non-Bonus,12,EUR,34.280833333333334
2024-01-29,10115,Berlin,1000.0,Non-Bonus,21,EUR,35.105
2024-01-29,81539,München,1000.0,Non-Bonus,3,EUR,32.82083333333333
2024-01-29,81539,München,1000.0,Non-Bonus,13,EUR,34.175000000000004
2024-01-29,81539,München,1000.0,Non-Bonus,24,EUR,35.06583333333334
2024-01-29,10115,Berlin,500.0,Bonus,21,EUR,21.903333333333332
2024-01-29,10115,Berlin,500.0,Bonus,24,EUR,22.394166666666667
2024-01-29,81539,München,500.0,Bonus,24,EUR,22.6425
2024-01-29,10115,Berlin,500.0,Non-Bonus,25,EUR,23.3
2024-01-29,81539,München,500.0,Non-Bonus,16,EUR,22.715833333333332
2024-01-29,81539,München,500.0,Non-Bonus,30,EUR,23.721666666666668
2024-01-29,81539,München,1500.0,Bonus,4,EUR,37.94166666666667
2024-01-29,81539,München,1500.0,Bonus,43,EUR,45.91166666666667
2024-01-29,81539,München,1500.0,Bonus,44,EUR,46.083333333333336
2024-01-29,10115,Berlin,4250.0,Bonus,27,EUR,105.05166666666666
2024-01-29,10115,Berlin,4250.0,Bonus,43,EUR,111.75333333333333
2024-01-29,81539,München,4250.0,Bonus,8,EUR,95.40499999999999
2024-01-29,10115,Berlin,3000.0,Bonus,12,EUR,68.05833333333334
2024-01-29,10115,Berlin,3000.0,Bonus,26,EUR,75.79166666666667
2024-01-29,10115,Berlin,3000.0,Bonus,41,EUR,80.44416666666667
2024-01-29,81539,München,3000.0,Bonus,6,EUR,65.875
2024-01-29,81539,München,3000.0,Bonus,11,EUR,68.35833333333333
2024-01-29,81539,München,3000.0,Bonus,42,EUR,80.0325
2024-01-29,10115,Berlin,3500.0,Bonus,3,EUR,77.09
2024-01-29,81539,München,3500.0,Bonus,19,EUR,82.12583333333333
2024-01-29,10115,Berlin,4000.0,Bonus,5,EUR,89.79916666666666
2024-01-29,10115,Berlin,4000.0,Bonus,36,EUR,102.71
2024-01-29,81539,München,4000.0,Bonus,2,EUR,82.54166666666667
2024-01-29,10115,Berlin,4500.0,Bonus,32,EUR,115.13666666666667
2024-01-29,10115,Berlin,4500.0,Bonus,36,EUR,115.7275
2024-01-29,81539,München,4500.0,Bonus,18,EUR,106.87166666666667
2024-01-29,81539,München,4500.0,Bonus,35,EUR,112.88666666666667
2024-01-29,81539,München,2000.0,Bonus,38,EUR,56.68333333333334
2024-01-29,10115,Berlin,5000.0,Bonus,46,EUR,131.45833333333334
2024-01-29,81539,München,5000.0,Bonus,27,EUR,122.09916666666668
2024-01-29,81539,München,5000.0,Bonus,35,EUR,124.95166666666667
2024-01-29,81539,München,5000.0,Bonus,44,EUR,129.02083333333334
2024-01-29,81539,München,5000.0,Bonus,49,EUR,130.7675
2024-01-29,10115,Berlin,3500.0,Non-Bonus,43,EUR,100.74333333333334
2024-01-29,81539,München,3500.0,Non-Bonus,13,EUR,89.49833333333333
2024-01-29,81539,München,3500.0,Non-Bonus,38,EUR,98.30666666666667
2024-01-29,81539,München,3500.0,Non-Bonus,39,EUR,98.4875
2024-01-29,81539,München,3500.0,Non-Bonus,43,EUR,99.61583333333334
2024-01-29,10115,Berlin,1000.0,Bonus,22,EUR,31.691666666666666
2024-01-29,10115,Berlin,1000.0,Bonus,25,EUR,32.625
2024-01-29,81539,München,1000.0,Bonus,9,EUR,29.4825
2024-01-29,81539,München,1000.0,Bonus,26,EUR,32.82083333333333
2024-01-29,81539,München,1000.0,Bonus,37,EUR,33.8225
2024-01-29,10115,Berlin,1500.0,Non-Bonus,44,EUR,50.0525
2024-01-29,81539,München,1500.0,Non-Bonus,29,EUR,47.774166666666666
2024-01-29,10115,Berlin,2000.0,Non-Bonus,20,EUR,59.39166666666667
2024-01-29,81539,München,2000.0,Non-Bonus,25,EUR,58.93333333333334
2024-01-29,10115,Berlin,3000.0,Non-Bonus,9,EUR,79.87916666666666
2024-01-29,10115,Berlin,3000.0,Non-Bonus,21,EUR,83.73833333333333
2024-01-29,10115,Berlin,3000.0,Non-Bonus,46,EUR,88.72416666666668
2024-01-29,81539,München,4250.0,Non-Bonus,21,EUR,112.31166666666667
2024-01-29,81539,München,4250.0,Non-Bonus,22,EUR,112.52416666666666
2024-01-29,81539,München,4250.0,Non-Bonus,34,EUR,116.53583333333334
2024-01-29,10115,Berlin,5000.0,Non-Bonus,1,EUR,103.14166666666667
2024-01-29,10115,Berlin,5000.0,Non-Bonus,26,EUR,136.06916666666666
2024-01-29,10115,Berlin,5000.0,Non-Bonus,38,EUR,141.49333333333334
2024-01-29,10115,Berlin,5000.0,Non-Bonus,48,EUR,143.49583333333334
2024-01-29,81539,München,5000.0,Non-Bonus,14,EUR,127.56
2024-01-29,81539,München,5000.0,Non-Bonus,24,EUR,132.85166666666666
2024-01-29,81539,München,5000.0,Non-Bonus,26,EUR,133.1075
2024-01-29,10115,Berlin,4000.0,Non-Bonus,15,EUR,106.10666666666667
2024-01-29,81539,München,4000.0,Non-Bonus,13,EUR,102.96749999999999
2024-01-29,81539,München,4500.0,Non-Bonus,17,EUR,117.625
2024-01-29,81539,München,2500.0,Non-Bonus,17,EUR,69.44083333333333
2024-01-29,81539,München,2500.0,Non-Bonus,39,EUR,73.44333333333334
2024-01-29,81539,München,1000.0,Non-Bonus,1,EUR,29.4825
2024-01-29,81539,München,1000.0,Non-Bonus,25,EUR,35.1275
2024-01-29,10115,Berlin,500.0,Bonus,47,EUR,24.5325
2024-01-29,81539,München,500.0,Bonus,6,EUR,19.565
2024-01-29,81539,München,500.0,Bonus,7,EUR,20.163333333333334
2024-01-29,10115,Berlin,500.0,Non-Bonus,33,EUR,23.72083333333333
2024-01-29,81539,München,500.0,Non-Bonus,10,EUR,22.15416666666667
2024-01-29,10115,Berlin,1500.0,Bonus,19,EUR,40.266666666666666
2024-01-29,81539,München,1500.0,Bonus,23,EUR,40.31166666666667
2024-01-29,81539,München,1500.0,Bonus,40,EUR,45.475833333333334
2024-01-29,81539,München,4250.0,Bonus,4,EUR,92.61166666666666
2024-01-29,10115,Berlin,3000.0,Bonus,22,EUR,73.3225
2024-01-29,10115,Berlin,3000.0,Bonus,33,EUR,77.89416666666666
2024-01-29,10115,Berlin,3000.0,Bonus,47,EUR,81.66666666666667
2024-01-29,81539,München,3000.0,Bonus,12,EUR,68.36749999999999
2024-01-29,81539,München,3000.0,Bonus,37,EUR,78.68916666666667
2024-01-29,10115,Berlin,3500.0,Bonus,13,EUR,79.99333333333333
2024-01-29,81539,München,3500.0,Bonus,18,EUR,81.86583333333333
2024-01-29,81539,München,3500.0,Bonus,24,EUR,84.08083333333333
2024-01-29,10115,Berlin,4000.0,Bonus,11,EUR,93.77833333333332
2024-01-29,10115,Berlin,4000.0,Bonus,33,EUR,102.29583333333333
2024-01-29,10115,Berlin,4000.0,Bonus,45,EUR,105.9925
2024-01-29,10115,Berlin,4500.0,Bonus,37,EUR,116.01833333333333
2024-01-29,10115,Berlin,2500.0,Bonus,43,EUR,69.045
2024-01-29,10115,Berlin,2500.0,Bonus,46,EUR,69.79583333333333
2024-01-29,10115,Berlin,2500.0,Bonus,47,EUR,69.9025
2024-01-29,81539,München,2500.0,Bonus,2,EUR,55.038333333333334
2024-01-29,81539,München,2500.0,Bonus,29,EUR,63.72333333333333
2024-01-29,10115,Berlin,2000.0,Bonus,8,EUR,48.336666666666666
2024-01-29,81539,München,2000.0,Bonus,24,EUR,50.21416666666667
2024-01-29,81539,München,2000.0,Bonus,30,EUR,53.18333333333334
2024-01-29,10115,Berlin,5000.0,Bonus,4,EUR,115.44166666666666
2024-01-29,10115,Berlin,5000.0,Bonus,11,EUR,119.02333333333333
2024-01-29,10115,Berlin,5000.0,Bonus,23,EUR,123.38083333333333
2024-01-29,10115,Berlin,5000.0,Bonus,36,EUR,129.13833333333335
2024-01-29,10115,Berlin,3500.0,Non-Bonus,25,EUR,97.86916666666667
2024-01-29,10115,Berlin,3500.0,Non-Bonus,32,EUR,99.21666666666665
2024-01-29,10115,Berlin,1000.0,Bonus,19,EUR,31.155
2024-01-29,10115,Berlin,1000.0,Bonus,24,EUR,32.41166666666667
2024-01-29,10115,Berlin,1000.0,Bonus,39,EUR,34.25
2024-01-29,81539,München,1000.0,Bonus,13,EUR,29.5725
2024-01-29,81539,München,1500.0,Non-Bonus,16,EUR,46.19583333333333
2024-01-29,81539,München,1500.0,Non-Bonus,19,EUR,46.5875
2024-01-29,81539,München,2000.0,Non-Bonus,21,EUR,58.73166666666666
2024-01-29,81539,München,3000.0,Non-Bonus,20,EUR,81.96833333333333
2024-01-29,81539,München,3000.0,Non-Bonus,37,EUR,85.87916666666666
2024-01-29,81539,München,3000.0,Non-Bonus,50,EUR,89.625
2024-01-29,10115,Berlin,4250.0,Non-Bonus,26,EUR,117.19749999999999
2024-01-29,81539,München,4250.0,Non-Bonus,4,EUR,100.76666666666667
2024-01-29,81539,München,4250.0,Non-Bonus,28,EUR,115.60583333333334
2024-01-29,81539,München,4250.0,Non-Bonus,41,EUR,117.76083333333334
2024-01-29,81539,München,4250.0,Non-Bonus,50,EUR,122.15416666666665
2024-01-29,81539,München,4000.0,Non-Bonus,11,EUR,100.91583333333334
2024-01-29,81539,München,4000.0,Non-Bonus,21,EUR,106.30083333333333
2024-01-29,81539,München,4000.0,Non-Bonus,24,EUR,107.54833333333333
2024-01-29,81539,München,4000.0,Non-Bonus,31,EUR,110.03250000000001
2024-01-29,81539,München,4000.0,Non-Bonus,36,EUR,110.7475
2024-01-29,10115,Berlin,4500.0,Non-Bonus,49,EUR,130.185
2024-01-29,81539,München,4500.0,Non-Bonus,4,EUR,106.66250000000001
2024-01-29,81539,München,4500.0,Non-Bonus,35,EUR,123.45166666666667
2024-01-29,10115,Berlin,2500.0,Non-Bonus,26,EUR,71.95833333333333
2024-01-29,10115,Berlin,2500.0,Non-Bonus,30,EUR,72.56833333333334
2024-01-29,10115,Berlin,2500.0,Non-Bonus,46,EUR,76.26416666666667
2024-01-29,10115,Berlin,1000.0,Non-Bonus,7,EUR,33.6075
2024-01-29,81539,München,1000.0,Non-Bonus,47,EUR,37.585
2024-01-29,10115,Berlin,500.0,Bonus,25,EUR,22.64
2024-01-29,10115,Berlin,500.0,Bonus,45,EUR,24.3275
2024-01-29,81539,München,500.0,Bonus,25,EUR,22.645
2024-01-29,81539,München,500.0,Non-Bonus,25,EUR,23.319999999999997
2024-01-29,81539,München,1500.0,Bonus,10,EUR,38.83083333333334
2024-01-29,81539,München,1500.0,Bonus,18,EUR,39.91166666666667
2024-01-29,81539,München,4250.0,Bonus,23,EUR,101.71083333333333
2024-01-29,81539,München,4250.0,Bonus,31,EUR,105.26083333333334
2024-01-29,81539,München,4250.0,Bonus,50,EUR,112.00166666666667
2024-01-29,10115,Berlin,3000.0,Bonus,15,EUR,71.28750000000001
2024-01-29,10115,Berlin,3000.0,Bonus,23,EUR,73.55333333333333
2024-01-29,81539,München,3000.0,Bonus,13,EUR,69.49166666666666
2024-01-29,81539,München,3000.0,Bonus,47,EUR,80.72083333333333
2024-01-29,81539,München,3000.0,Bonus,48,EUR,80.9675
2024-01-29,10115,Berlin,3500.0,Bonus,23,EUR,85.68416666666667
2024-01-29,10115,Berlin,3500.0,Bonus,25,EUR,87.21666666666665
2024-01-29,81539,München,3500.0,Bonus,37,EUR,89.32
2024-01-29,10115,Berlin,4000.0,Bonus,14,EUR,94.45583333333333
2024-01-29,10115,Berlin,4500.0,Bonus,35,EUR,115.60416666666667
2024-01-29,81539,München,4500.0,Bonus,19,EUR,107.20416666666667
2024-01-29,10115,Berlin,2500.0,Bonus,4,EUR,57.01916666666667
2024-01-29,81539,München,2500.0,Bonus,32,EUR,64.415
2024-01-29,81539,München,2500.0,Bonus,40,EUR,68.05416666666666
2024-01-29,10115,Berlin,2000.0,Bonus,25,EUR,50.120000000000005
2024-01-29,10115,Berlin,5000.0,Bonus,29,EUR,127.21583333333332
2024-01-29,81539,München,5000.0,Bonus,16,EUR,118.70416666666667
2024-01-29,81539,München,5000.0,Bonus,21,EUR,120.49416666666667
2024-01-29,10115,Berlin,3500.0,Non-Bonus,28,EUR,98.70916666666666
2024-01-29,81539,München,3500.0,Non-Bonus,4,EUR,86.89916666666666
2024-01-29,81539,München,3500.0,Non-Bonus,7,EUR,87.70833333333333
2024-01-29,10115,Berlin,1000.0,Bonus,2,EUR,27.875833333333333
2024-01-29,10115,Berlin,1000.0,Bonus,23,EUR,32.324999999999996
2024-01-29,10115,Berlin,1000.0,Bonus,41,EUR,34.348333333333336
2024-01-29,10115,Berlin,1000.0,Bonus,47,EUR,35.105
2024-01-29,81539,München,1000.0,Bonus,20,EUR,30.801666666666666
2024-01-29,10115,Berlin,1500.0,Non-Bonus,48,EUR,50.3375
2024-01-29,10115,Berlin,2000.0,Non-Bonus,7,EUR,57.56666666666666
2024-01-29,10115,Berlin,2000.0,Non-Bonus,42,EUR,62.818333333333335
2024-01-29,81539,München,2000.0,Non-Bonus,12,EUR,57.68333333333334
2024-01-29,81539,München,2000.0,Non-Bonus,37,EUR,61.04083333333333
2024-01-29,81539,München,2000.0,Non-Bonus,48,EUR,62.93333333333334
2024-01-29,10115,Berlin,3000.0,Non-Bonus,13,EUR,81.66666666666667
2024-01-29,10115,Berlin,3000.0,Non-Bonus,31,EUR,85.9775
2024-01-29,81539,München,3000.0,Non-Bonus,32,EUR,84.63666666666667
2024-01-29,10115,Berlin,4250.0,Non-Bonus,19,EUR,114.33416666666666
2024-01-29,81539,München,4250.0,Non-Bonus,12,EUR,107.80666666666667
2024-01-29,81539,München,4250.0,Non-Bonus,31,EUR,116.46583333333332
2024-01-29,81539,München,4250.0,Non-Bonus,47,EUR,119.98833333333333
2024-01-29,10115,Berlin,5000.0,Non-Bonus,28,EUR,137.385
2024-01-29,81539,München,5000.0,Non-Bonus,23,EUR,132.30333333333334
2024-01-29,81539,München,5000.0,Non-Bonus,39,EUR,138.23333333333332
2024-01-29,10115,Berlin,4000.0,Non-Bonus,10,EUR,103.175
2024-01-29,10115,Berlin,4000.0,Non-Bonus,26,EUR,110.66916666666667
2024-01-29,81539,München,4000.0,Non-Bonus,40,EUR,111.19083333333333
2024-01-29,10115,Berlin,4500.0,Non-Bonus,24,EUR,123.27749999999999
2024-01-29,10115,Berlin,4500.0,Non-Bonus,30,EUR,125.2475
2024-01-29,81539,München,4500.0,Non-Bonus,10,EUR,112.88666666666667
2024-01-29,81539,München,4500.0,Non-Bonus,20,EUR,118.32166666666666
2024-01-29,81539,München,4500.0,Non-Bonus,47,EUR,126.69749999999999
2024-01-29,10115,Berlin,2500.0,Non-Bonus,17,EUR,70.80916666666667
2024-01-29,10115,Berlin,2500.0,Non-Bonus,50,EUR,76.95166666666667
2024-01-29,81539,München,2500.0,Non-Bonus,19,EUR,69.63250000000001
2024-01-29,81539,München,2500.0,Non-Bonus,35,EUR,72.58333333333333
2024-01-29,81539,München,1000.0,Non-Bonus,31,EUR,36.149166666666666
2024-01-29,81539,München,1000.0,Non-Bonus,42,EUR,37.19916666666666
2024-01-29,81539,München,500.0,Bonus,43,EUR,24.690833333333334
2024-01-29,81539,München,500.0,Bonus,49,EUR,25.375833333333333
2024-01-29,10115,Berlin,500.0,Non-Bonus,9,EUR,21.9025
2024-01-29,10115,Berlin,500.0,Non-Bonus,23,EUR,23.083333333333332
2024-01-29,81539,München,500.0,Non-Bonus,1,EUR,20.319166666666668
2024-01-29,81539,München,500.0,Non-Bonus,13,EUR,22.6425
2024-01-29,81539,München,500.0,Non-Bonus,40,EUR,25.153333333333332
2024-01-29,81539,München,1500.0,Bonus,3,EUR,37.62166666666666
2024-01-29,10115,Berlin,4250.0,Bonus,14,EUR,101.6875
2024-01-29,10115,Berlin,4250.0,Bonus,36,EUR,109.32333333333334
2024-01-29,81539,München,4250.0,Bonus,20,EUR,101.50166666666667
2024-01-29,10115,Berlin,3000.0,Bonus,11,EUR,68.0525
2024-01-29,10115,Berlin,3000.0,Bonus,18,EUR,71.35583333333334
2024-01-29,10115,Berlin,3000.0,Bonus,19,EUR,71.63916666666667
2024-01-29,10115,Berlin,3000.0,Bonus,29,EUR,76.14999999999999
2024-01-29,10115,Berlin,3000.0,Bonus,37,EUR,79.62666666666667
2024-01-29,81539,München,3000.0,Bonus,1,EUR,64.215
2024-01-29,81539,München,3000.0,Bonus,50,EUR,81.89999999999999
2024-01-29,10115,Berlin,4000.0,Bonus,38,EUR,103.175
2024-01-29,81539,München,4500.0,Bonus,1,EUR,89.745
2024-01-29,81539,München,4500.0,Bonus,15,EUR,106.80916666666667
2024-01-29,81539,München,4500.0,Bonus,16,EUR,106.81083333333333
2024-01-29,81539,München,4500.0,Bonus,36,EUR,113.27333333333333
2024-01-29,81539,München,4500.0,Bonus,46,EUR,117.5775
2024-01-29,10115,Berlin,2500.0,Bonus,14,EUR,58.4175
2024-01-29,81539,München,2500.0,Bonus,18,EUR,59.17666666666667
2024-01-29,81539,München,2500.0,Bonus,43,EUR,68.64583333333333
2024-01-29,10115,Berlin,2000.0,Bonus,3,EUR,47.005833333333335
2024-01-29,10115,Berlin,2000.0,Bonus,4,EUR,47.3975
2024-01-29,81539,München,2000.0,Bonus,1,EUR,45.754999999999995
2024-01-29,81539,München,2000.0,Bonus,43,EUR,57.69
2024-01-29,10115,Berlin,5000.0,Bonus,19,EUR,121.66666666666667
2024-01-29,81539,München,5000.0,Bonus,33,EUR,124.8575
2024-01-29,81539,München,5000.0,Bonus,43,EUR,128.6825
2024-01-29,10115,Berlin,3500.0,Non-Bonus,4,EUR,88.77083333333333
2024-01-29,81539,München,3500.0,Non-Bonus,1,EUR,74.20833333333333
2024-01-29,81539,München,3500.0,Non-Bonus,34,EUR,97.73833333333333
2024-01-29,10115,Berlin,1000.0,Bonus,30,EUR,33.39416666666667
2024-01-29,81539,München,1000.0,Bonus,4,EUR,28.590833333333332
2024-01-29,81539,München,1000.0,Bonus,50,EUR,35.12583333333333
2024-01-29,10115,Berlin,1500.0,Non-Bonus,45,EUR,50.137499999999996
2024-01-29,81539,München,1500.0,Non-Bonus,33,EUR,48.16583333333333
2024-01-29,81539,München,1500.0,Non-Bonus,46,EUR,49.98
2024-01-29,81539,München,2000.0,Non-Bonus,50,EUR,63.44083333333333
2024-01-29,10115,Berlin,3000.0,Non-Bonus,16,EUR,81.97833333333334
2024-01-29,10115,Berlin,3000.0,Non-Bonus,42,EUR,87.53916666666667
2024-01-29,10115,Berlin,3000.0,Non-Bonus,48,EUR,89.45166666666667
2024-01-29,81539,München,3000.0,Non-Bonus,45,EUR,87.005
2024-01-29,81539,München,4250.0,Non-Bonus,15,EUR,109.675
2024-01-29,81539,München,4250.0,Non-Bonus,43,EUR,118.1225
2024-01-29,10115,Berlin,5000.0,Non-Bonus,7,EUR,124.90833333333335
2024-01-29,81539,München,5000.0,Non-Bonus,15,EUR,128.43083333333334
2024-01-29,81539,München,5000.0,Non-Bonus,44,EUR,139.22333333333333
2024-01-29,10115,Berlin,4000.0,Non-Bonus,8,EUR,100.77333333333333
2024-01-29,10115,Berlin,4000.0,Non-Bonus,45,EUR,115.455
2024-01-29,10115,Berlin,4500.0,Non-Bonus,37,EUR,126.70666666666666
2024-01-29,81539,München,4500.0,Non-Bonus,2,EUR,93.62333333333333
2024-01-29,81539,München,4500.0,Non-Bonus,3,EUR,93.745
2024-01-29,81539,München,4500.0,Non-Bonus,7,EUR,109.58749999999999
2024-01-29,81539,München,4500.0,Non-Bonus,23,EUR,118.78416666666668
2024-01-29,81539,München,4500.0,Non-Bonus,28,EUR,121.895
2024-01-29,10115,Berlin,2500.0,Non-Bonus,45,EUR,75.77333333333333
2024-01-29,81539,München,1000.0,Non-Bonus,39,EUR,36.49333333333333
2024-01-29,81539,München,1000.0,Non-Bonus,40,EUR,36.833333333333336
2024-01-29,81539,München,1000.0,Non-Bonus,48,EUR,37.69166666666667
2024-01-29,10115,Berlin,500.0,Bonus,5,EUR,19.474166666666665
2024-01-29,10115,Berlin,500.0,Bonus,27,EUR,22.768333333333334
2024-01-29,10115,Berlin,500.0,Bonus,41,EUR,23.718333333333334
2024-01-29,10115,Berlin,500.0,Bonus,42,EUR,23.72083333333333
2024-01-29,81539,München,500.0,Bonus,22,EUR,22.15416666666667
2024-01-29,10115,Berlin,500.0,Non-Bonus,8,EUR,21.766666666666666
2024-01-29,10115,Berlin,500.0,Non-Bonus,39,EUR,24.3275
2024-01-29,81539,München,500.0,Non-Bonus,3,EUR,21.55666666666667
2024-01-29,10115,Berlin,1500.0,Bonus,21,EUR,40.375
2024-01-29,10115,Berlin,1500.0,Bonus,32,EUR,44.41583333333333
2024-01-29,81539,München,1500.0,Bonus,28,EUR,42.02916666666667
2024-01-29,81539,München,1500.0,Bonus,39,EUR,45.4625
2024-01-29,10115,Berlin,4250.0,Bonus,24,EUR,104.71
2024-01-29,81539,München,3000.0,Bonus,3,EUR,65.56916666666667
2024-01-29,10115,Berlin,3500.0,Bonus,1,EUR,75.81666666666666
2024-01-29,10115,Berlin,3500.0,Bonus,40,EUR,91.25
2024-01-29,81539,München,3500.0,Bonus,30,EUR,87.16250000000001
2024-01-29,81539,München,3500.0,Bonus,38,EUR,89.32
2024-01-29,10115,Berlin,4000.0,Bonus,20,EUR,97.15416666666665
2024-01-29,81539,München,4000.0,Bonus,3,EUR,84.46
2024-01-29,81539,München,4000.0,Bonus,13,EUR,93.91083333333334
2024-01-29,81539,München,4000.0,Bonus,32,EUR,98.92916666666667
2024-01-29,10115,Berlin,4500.0,Bonus,31,EUR,114.19666666666666
2024-01-29,10115,Berlin,4500.0,Bonus,34,EUR,115.50416666666666
2024-01-29,81539,München,4500.0,Bonus,11,EUR,105.95083333333334
2024-01-29,10115,Berlin,2000.0,Bonus,13,EUR,48.55083333333334
2024-01-29,10115,Berlin,2000.0,Bonus,40,EUR,57.435
2024-01-29,81539,München,2000.0,Bonus,10,EUR,48.7475
2024-01-29,81539,München,2000.0,Bonus,13,EUR,48.92250000000001
2024-01-29,81539,München,2000.0,Bonus,23,EUR,49.9775
2024-01-29,10115,Berlin,5000.0,Bonus,5,EUR,115.45833333333333
2024-01-29,81539,München,5000.0,Bonus,1,EUR,98.92083333333333
2024-01-29,81539,München,5000.0,Bonus,12,EUR,117.625
2024-01-29,81539,München,5000.0,Bonus,20,EUR,120.47250000000001
2024-01-29,81539,München,5000.0,Bonus,38,EUR,127.31833333333333
2024-01-29,81539,München,5000.0,Bonus,47,EUR,130.1425
2024-01-29,10115,Berlin,3500.0,Non-Bonus,26,EUR,97.96833333333332
2024-01-29,10115,Berlin,3500.0,Non-Bonus,37,EUR,99.61916666666667
2024-01-29,81539,München,3500.0,Non-Bonus,49,EUR,102.44749999999999
2024-01-29,10115,Berlin,1000.0,Bonus,27,EUR,32.93
2024-01-29,10115,Berlin,1000.0,Bonus,35,EUR,33.9
2024-01-29,10115,Berlin,1500.0,Non-Bonus,49,EUR,50.487500000000004
2024-01-29,81539,München,1500.0,Non-Bonus,18,EUR,46.225833333333334
2024-01-29,81539,München,1500.0,Non-Bonus,39,EUR,49.0925
2024-01-29,81539,München,2000.0,Non-Bonus,23,EUR,58.8675
2024-01-29,81539,München,2000.0,Non-Bonus,27,EUR,59.17250000000001
2024-01-29,81539,München,2000.0,Non-Bonus,35,EUR,60.52916666666667
2024-01-29,81539,München,2000.0,Non-Bonus,47,EUR,62.800000000000004
2024-01-29,81539,München,3000.0,Non-Bonus,14,EUR,80.04916666666666
2024-01-29,81539,München,3000.0,Non-Bonus,44,EUR,86.87
2024-01-29,10115,Berlin,4250.0,Non-Bonus,39,EUR,120.03166666666668
2024-01-29,10115,Berlin,4250.0,Non-Bonus,40,EUR,120.1275
2024-01-29,81539,München,4250.0,Non-Bonus,10,EUR,106.71416666666666
2024-01-29,81539,München,4250.0,Non-Bonus,29,EUR,115.63083333333333
2024-01-29,10115,Berlin,5000.0,Non-Bonus,39,EUR,141.58916666666667
2024-01-29,10115,Berlin,5000.0,Non-Bonus,49,EUR,143.74666666666667
2024-01-29,81539,München,5000.0,Non-Bonus,2,EUR,102.78666666666668
2024-01-29,81539,München,5000.0,Non-Bonus,10,EUR,124.66083333333334
2024-01-29,81539,München,4000.0,Non-Bonus,9,EUR,100.15833333333335
2024-01-29,81539,München,4000.0,Non-Bonus,42,EUR,111.44083333333333
2024-01-29,81539,München,4000.0,Non-Bonus,49,EUR,115.3725
2024-01-29,10115,Berlin,4500.0,Non-Bonus,3,EUR,99.02749999999999
2024-01-29,10115,Berlin,4500.0,Non-Bonus,9,EUR,115.50416666666666
2024-01-29,10115,Berlin,4500.0,Non-Bonus,19,EUR,120.75
2024-01-29,10115,Berlin,4500.0,Non-Bonus,22,EUR,121.19333333333333
2024-01-29,10115,Berlin,4500.0,Non-Bonus,32,EUR,125.39666666666666
2024-01-29,81539,München,4500.0,Non-Bonus,29,EUR,122.49083333333334
2024-01-29,10115,Berlin,2500.0,Non-Bonus,21,EUR,71.415
2024-01-29,10115,Berlin,2500.0,Non-Bonus,27,EUR,72.16250000000001
2024-01-29,10115,Berlin,2500.0,Non-Bonus,40,EUR,74.7
2024-01-29,10115,Berlin,1000.0,Non-Bonus,39,EUR,36.70166666666667
2024-01-29,10115,Berlin,500.0,Bonus,4,EUR,19.3875
2024-01-29,10115,Berlin,500.0,Bonus,12,EUR,20.390833333333333
2024-01-29,10115,Berlin,500.0,Bonus,29,EUR,22.808333333333334
2024-01-29,81539,München,500.0,Bonus,2,EUR,19.230833333333333
2024-01-29,81539,München,500.0,Bonus,23,EUR,22.299166666666665
2024-01-29,81539,München,500.0,Bonus,33,EUR,23.30333333333333
2024-01-29,81539,München,500.0,Non-Bonus,31,EUR,23.934166666666666
2024-01-29,81539,München,500.0,Non-Bonus,47,EUR,26.001666666666665
2024-01-29,10115,Berlin,4250.0,Bonus,1,EUR,89.64166666666667
2024-01-29,10115,Berlin,4250.0,Bonus,12,EUR,100.69666666666666
2024-01-29,10115,Berlin,4250.0,Bonus,18,EUR,102.8525
2024-01-29,81539,München,4250.0,Bonus,19,EUR,101.17833333333334
2024-01-29,81539,München,4250.0,Bonus,38,EUR,108.145
2024-01-29,81539,München,3000.0,Bonus,21,EUR,71.23416666666667
2024-01-29,81539,München,3000.0,Bonus,39,EUR,79.675
2024-01-29,81539,München,3000.0,Bonus,49,EUR,81.71166666666666
2024-01-29,10115,Berlin,3500.0,Bonus,46,EUR,93.665
2024-01-29,81539,München,3500.0,Bonus,7,EUR,75.51666666666667
2024-01-29,81539,München,3500.0,Bonus,21,EUR,82.73083333333334
2024-01-29,10115,Berlin,4000.0,Bonus,34,EUR,102.35916666666667
2024-01-29,10115,Berlin,4500.0,Bonus,13,EUR,107.57083333333333
2024-01-29,10115,Berlin,4500.0,Bonus,18,EUR,108.91833333333334
2024-01-29,81539,München,4500.0,Bonus,44,EUR,116.85416666666667
2024-01-29,10115,Berlin,2500.0,Bonus,25,EUR,61.67583333333334
2024-01-29,81539,München,2500.0,Bonus,20,EUR,59.82
2024-01-29,10115,Berlin,2000.0,Bonus,30,EUR,52.33916666666667
2024-01-29,81539,München,2000.0,Bonus,2,EUR,45.862500000000004
2024-01-29,81539,München,2000.0,Bonus,27,EUR,51.971666666666664
2024-01-29,10115,Berlin,5000.0,Bonus,10,EUR,119.0
2024-01-29,10115,Berlin,5000.0,Bonus,17,EUR,121.45833333333333
2024-01-29,10115,Berlin,5000.0,Bonus,20,EUR,121.90083333333332
2024-01-29,10115,Berlin,5000.0,Bonus,28,EUR,126.93333333333334
2024-01-29,10115,Berlin,5000.0,Bonus,48,EUR,131.91416666666666
2024-01-29,81539,München,5000.0,Bonus,17,EUR,118.70583333333333
2024-01-29,10115,Berlin,3500.0,Non-Bonus,7,EUR,89.41833333333334
2024-01-29,81539,München,3500.0,Non-Bonus,22,EUR,94.27999999999999
2024-01-29,81539,München,3500.0,Non-Bonus,42,EUR,98.8525
2024-01-29,10115,Berlin,1000.0,Bonus,37,EUR,34.07083333333333
2024-01-29,10115,Berlin,1500.0,Non-Bonus,34,EUR,48.939166666666665
2024-01-29,10115,Berlin,2000.0,Non-Bonus,6,EUR,57.425000000000004
2024-01-29,10115,Berlin,2000.0,Non-Bonus,46,EUR,63.550000000000004
2024-01-29,81539,München,2000.0,Non-Bonus,2,EUR,47.862500000000004
2024-01-29,81539,München,2000.0,Non-Bonus,9,EUR,56.9975
2024-01-29,81539,München,2000.0,Non-Bonus,16,EUR,58.21666666666667
2024-01-29,81539,München,2000.0,Non-Bonus,41,EUR,62.01583333333334
2024-01-29,10115,Berlin,3000.0,Non-Bonus,32,EUR,86.02916666666665
2024-01-29,10115,Berlin,4250.0,Non-Bonus,1,EUR,89.64166666666667
2024-01-29,81539,München,4250.0,Non-Bonus,1,EUR,86.70833333333333
2024-01-29,81539,München,4250.0,Non-Bonus,44,EUR,118.59916666666668
2024-01-29,81539,München,5000.0,Non-Bonus,22,EUR,132.28333333333333
2024-01-29,81539,München,5000.0,Non-Bonus,29,EUR,134.5375
2024-01-29,10115,Berlin,4000.0,Non-Bonus,32,EUR,112.26666666666667
2024-01-29,10115,Berlin,4500.0,Non-Bonus,21,EUR,120.92666666666666
2024-01-29,10115,Berlin,4500.0,Non-Bonus,26,EUR,123.40333333333332
2024-01-29,10115,Berlin,4500.0,Non-Bonus,33,EUR,125.545
2024-01-29,10115,Berlin,4500.0,Non-Bonus,39,EUR,127.495
2024-01-29,81539,München,2500.0,Non-Bonus,18,EUR,69.44083333333333
2024-01-29,81539,München,2500.0,Non-Bonus,25,EUR,70.77583333333332
2024-01-29,10115,Berlin,1000.0,Non-Bonus,1,EUR,29.1675
2024-01-29,81539,München,1000.0,Non-Bonus,22,EUR,34.90083333333333
2024-01-29,81539,München,500.0,Bonus,41,EUR,24.368333333333336
2024-01-29,10115,Berlin,500.0,Non-Bonus,6,EUR,21.675
2024-01-29,10115,Berlin,500.0,Non-Bonus,36,EUR,24.109166666666667
2024-01-29,81539,München,500.0,Non-Bonus,9,EUR,22.151666666666667
2024-01-29,81539,München,500.0,Non-Bonus,17,EUR,22.9175
2024-01-29,81539,München,500.0,Non-Bonus,38,EUR,24.690833333333334
2024-01-29,81539,München,500.0,Non-Bonus,43,EUR,25.375833333333333
2024-01-29,81539,München,500.0,Non-Bonus,45,EUR,25.641666666666666
2024-01-29,10115,Berlin,3000.0,Bonus,17,EUR,71.33749999999999
2024-01-29,10115,Berlin,3000.0,Bonus,39,EUR,79.87916666666666
2024-01-29,81539,München,3000.0,Bonus,31,EUR,76.36
2024-01-29,10115,Berlin,3500.0,Bonus,21,EUR,84.625
2024-01-29,10115,Berlin,3500.0,Bonus,32,EUR,89.40166666666666
2024-01-29,10115,Berlin,3500.0,Bonus,44,EUR,92.52583333333332
2024-01-29,81539,München,3500.0,Bonus,28,EUR,86.43166666666667
2024-01-29,81539,München,3500.0,Bonus,35,EUR,88.83583333333333
2024-01-29,81539,München,4000.0,Bonus,18,EUR,94.91583333333334
2024-01-29,81539,München,4000.0,Bonus,29,EUR,97.10000000000001
2024-01-29,10115,Berlin,4500.0,Bonus,7,EUR,103.17583333333333
2024-01-29,10115,Berlin,4500.0,Bonus,44,EUR,118.205
2024-01-29,81539,München,4500.0,Bonus,25,EUR,108.8875
2024-01-29,10115,Berlin,2500.0,Bonus,5,EUR,57.0275
2024-01-29,10115,Berlin,2500.0,Bonus,15,EUR,59.12833333333333
2024-01-29,10115,Berlin,2500.0,Bonus,38,EUR,68.41833333333334
2024-01-29,10115,Berlin,2500.0,Bonus,39,EUR,68.42916666666666
2024-01-29,81539,München,2500.0,Bonus,4,EUR,55.850833333333334
2024-01-29,81539,München,2500.0,Bonus,14,EUR,58.75416666666666
2024-01-29,81539,München,2500.0,Bonus,26,EUR,60.72416666666667
2024-01-29,81539,München,2500.0,Bonus,41,EUR,68.11166666666666
2024-01-29,81539,München,2500.0,Bonus,47,EUR,69.125
2024-01-29,10115,Berlin,2000.0,Bonus,27,EUR,50.79833333333334
2024-01-29,10115,Berlin,2000.0,Bonus,44,EUR,58.37416666666667
2024-01-29,81539,München,2000.0,Bonus,6,EUR,47.30916666666667
2024-01-29,81539,München,2000.0,Bonus,7,EUR,47.80833333333334
2024-01-29,81539,München,2000.0,Bonus,29,EUR,53.17416666666667
2024-01-29,10115,Berlin,5000.0,Bonus,24,EUR,124.60333333333334
2024-01-29,10115,Berlin,5000.0,Bonus,30,EUR,127.2325
2024-01-29,10115,Berlin,5000.0,Bonus,47,EUR,131.645
2024-01-29,10115,Berlin,3500.0,Non-Bonus,3,EUR,80.09916666666668
2024-01-29,10115,Berlin,3500.0,Non-Bonus,15,EUR,94.05416666666667
2024-01-29,10115,Berlin,3500.0,Non-Bonus,46,EUR,102.19833333333334
2024-01-29,81539,München,3500.0,Non-Bonus,48,EUR,100.51666666666667
2024-01-29,10115,Berlin,1000.0,Bonus,46,EUR,34.79333333333333
2024-01-29,81539,München,1000.0,Bonus,27,EUR,33.0
2024-01-29,10115,Berlin,1500.0,Non-Bonus,37,EUR,49.45916666666667
2024-01-29,81539,München,1500.0,Non-Bonus,42,EUR,49.5875
2024-01-29,10115,Berlin,2000.0,Non-Bonus,15,EUR,59.03666666666667
2024-01-29,10115,Berlin,2000.0,Non-Bonus,32,EUR,60.409166666666664
2024-01-29,81539,München,2000.0,Non-Bonus,18,EUR,58.31333333333333
2024-01-29,10115,Berlin,3000.0,Non-Bonus,20,EUR,83.46416666666667
2024-01-29,10115,Berlin,3000.0,Non-Bonus,47,EUR,89.375
2024-01-29,10115,Berlin,4250.0,Non-Bonus,2,EUR,91.46666666666665
2024-01-29,10115,Berlin,4250.0,Non-Bonus,36,EUR,119.0
2024-01-29,81539,München,4250.0,Non-Bonus,13,EUR,108.955
2024-01-29,10115,Berlin,5000.0,Non-Bonus,3,EUR,108.49166666666667
2024-01-29,10115,Berlin,5000.0,Non-Bonus,32,EUR,138.89583333333334
2024-01-29,10115,Berlin,5000.0,Non-Bonus,45,EUR,143.24166666666667
2024-01-29,10115,Berlin,5000.0,Non-Bonus,47,EUR,143.49333333333334
2024-01-29,81539,München,5000.0,Non-Bonus,31,EUR,135.7475
2024-01-29,10115,Berlin,4000.0,Non-Bonus,9,EUR,101.94333333333333
2024-01-29,81539,München,4000.0,Non-Bonus,50,EUR,115.94333333333333
2024-01-29,81539,München,4500.0,Non-Bonus,38,EUR,124.195
2024-01-29,10115,Berlin,2500.0,Non-Bonus,9,EUR,69.0625
2024-01-29,10115,Berlin,2500.0,Non-Bonus,39,EUR,74.62
2024-01-29,10115,Berlin,2500.0,Non-Bonus,42,EUR,75.35916666666667
2024-01-29,81539,München,2500.0,Non-Bonus,3,EUR,57.541666666666664
2024-01-29,10115,Berlin,1000.0,Non-Bonus,28,EUR,36.06666666666667
2024-01-29,81539,München,1000.0,Non-Bonus,10,EUR,33.8275
2024-01-29,81539,München,1000.0,Non-Bonus,37,EUR,36.44833333333333
2024-01-29,10115,Berlin,500.0,Bonus,23,EUR,22.048333333333332
2024-01-29,10115,Berlin,500.0,Bonus,30,EUR,22.84166666666667
2024-01-29,81539,München,500.0,Bonus,9,EUR,20.215833333333332
2024-01-29,10115,Berlin,500.0,Non-Bonus,26,EUR,23.3
2024-01-29,10115,Berlin,1500.0,Bonus,48,EUR,46.62833333333333
2024-01-29,81539,München,1500.0,Bonus,25,EUR,40.875
2024-01-29,81539,München,4250.0,Bonus,5,EUR,92.62916666666666
2024-01-29,81539,München,4250.0,Bonus,6,EUR,93.27083333333333
2024-01-29,81539,München,4250.0,Bonus,7,EUR,94.23583333333333
2024-01-29,81539,München,4250.0,Bonus,36,EUR,107.80666666666667
2024-01-29,81539,München,4250.0,Bonus,46,EUR,110.90833333333335
2024-01-29,10115,Berlin,3000.0,Bonus,35,EUR,79.09083333333334
2024-01-29,81539,München,3000.0,Bonus,32,EUR,77.52416666666666
2024-01-29,10115,Berlin,3500.0,Bonus,9,EUR,77.8125
2024-01-29,10115,Berlin,3500.0,Bonus,14,EUR,82.71416666666667
2024-01-29,81539,München,3500.0,Bonus,42,EUR,91.69166666666666
2024-01-29,10115,Berlin,4000.0,Bonus,2,EUR,86.56333333333333
2024-01-29,10115,Berlin,4000.0,Bonus,29,EUR,99.39999999999999
2024-01-29,10115,Berlin,4000.0,Bonus,31,EUR,101.17750000000001
2024-01-29,10115,Berlin,4000.0,Bonus,41,EUR,104.3825
2024-01-29,10115,Berlin,4000.0,Bonus,43,EUR,105.85000000000001
2024-01-29,10115,Berlin,4000.0,Bonus,44,EUR,105.915
2024-01-29,10115,Berlin,4000.0,Bonus,46,EUR,106.10666666666667
2024-01-29,81539,München,4000.0,Bonus,16,EUR,94.8725
2024-01-29,81539,München,4000.0,Bonus,23,EUR,95.6925
2024-01-29,81539,München,4000.0,Bonus,25,EUR,96.21
2024-01-29,81539,München,4000.0,Bonus,33,EUR,100.11083333333333
2024-01-29,10115,Berlin,4500.0,Bonus,4,EUR,102.62083333333334
2024-01-29,10115,Berlin,4500.0,Bonus,27,EUR,112.17833333333334
2024-01-29,81539,München,4500.0,Bonus,28,EUR,109.54916666666666
2024-01-29,81539,München,4500.0,Bonus,49,EUR,118.395
2024-01-29,10115,Berlin,2500.0,Bonus,2,EUR,56.93333333333334
2024-01-29,10115,Berlin,2500.0,Bonus,8,EUR,57.92166666666666
2024-01-29,81539,München,2500.0,Bonus,30,EUR,63.92250000000001
2024-01-29,10115,Berlin,2000.0,Bonus,34,EUR,54.870000000000005
2024-01-29,81539,München,2000.0,Bonus,19,EUR,49.083333333333336
2024-01-29,81539,München,2000.0,Bonus,26,EUR,51.51916666666667
2024-01-29,81539,München,2000.0,Bonus,36,EUR,56.54916666666667
2024-01-29,81539,München,5000.0,Bonus,41,EUR,128.43083333333334
2024-01-29,81539,München,5000.0,Bonus,48,EUR,130.71666666666667
2024-01-29,10115,Berlin,3500.0,Non-Bonus,12,EUR,91.25
2024-01-29,10115,Berlin,3500.0,Non-Bonus,21,EUR,96.17083333333333
2024-01-29,81539,München,3500.0,Non-Bonus,41,EUR,98.7675
2024-01-29,10115,Berlin,1000.0,Bonus,36,EUR,34.04833333333333
2024-01-29,81539,München,1000.0,Bonus,41,EUR,34.2075
2024-01-29,81539,München,2000.0,Non-Bonus,28,EUR,59.20333333333334
2024-01-29,10115,Berlin,3000.0,Non-Bonus,40,EUR,87.41416666666667
2024-01-29,81539,München,3000.0,Non-Bonus,11,EUR,79.24416666666666
2024-01-29,81539,München,3000.0,Non-Bonus,29,EUR,84.31083333333333
2024-01-29,10115,Berlin,4250.0,Non-Bonus,3,EUR,94.295
2024-01-29,10115,Berlin,4250.0,Non-Bonus,8,EUR,107.71499999999999
2024-01-29,10115,Berlin,4250.0,Non-Bonus,46,EUR,122.42083333333333
2024-01-29,10115,Berlin,4250.0,Non-Bonus,47,EUR,122.49833333333333
2024-01-29,81539,München,4250.0,Non-Bonus,9,EUR,106.71416666666666
2024-01-29,81539,München,4250.0,Non-Bonus,37,EUR,117.01583333333333
2024-01-29,81539,München,4250.0,Non-Bonus,42,EUR,117.835
2024-01-29,10115,Berlin,5000.0,Non-Bonus,4,EUR,119.0
2024-01-29,10115,Berlin,5000.0,Non-Bonus,11,EUR,127.83333333333333
2024-01-29,10115,Berlin,5000.0,Non-Bonus,25,EUR,135.98083333333332
2024-01-29,81539,München,5000.0,Non-Bonus,34,EUR,137.01583333333335
2024-01-29,10115,Berlin,4000.0,Non-Bonus,24,EUR,110.27666666666666
2024-01-29,10115,Berlin,4000.0,Non-Bonus,28,EUR,111.59166666666665
2024-01-29,10115,Berlin,4000.0,Non-Bonus,35,EUR,112.61583333333334
2024-01-29,10115,Berlin,4000.0,Non-Bonus,42,EUR,113.7
2024-01-29,10115,Berlin,4000.0,Non-Bonus,43,EUR,114.50333333333333
2024-01-29,81539,München,4000.0,Non-Bonus,6,EUR,97.10000000000001
2024-01-29,81539,München,4000.0,Non-Bonus,25,EUR,108.31666666666666
2024-01-29,10115,Berlin,4500.0,Non-Bonus,34,EUR,126.05666666666667
2024-01-29,10115,Berlin,2500.0,Non-Bonus,31,EUR,72.8875
2024-01-29,81539,München,2500.0,Non-Bonus,2,EUR,57.03916666666667
2024-01-29,81539,München,2500.0,Non-Bonus,12,EUR,68.7225
2024-01-29,81539,München,2500.0,Non-Bonus,29,EUR,71.30833333333334
2024-01-29,10115,Berlin,1000.0,Non-Bonus,38,EUR,36.69166666666667
2024-01-29,10115,Berlin,1000.0,Non-Bonus,49,EUR,37.5
2024-01-29,81539,München,1000.0,Non-Bonus,49,EUR,37.69166666666667
2024-01-29,10115,Berlin,500.0,Non-Bonus,31,EUR,23.684166666666666
2024-01-29,10115,Berlin,500.0,Non-Bonus,34,EUR,23.72083333333333
2024-01-29,81539,München,500.0,Non-Bonus,26,EUR,23.365
2024-01-29,10115,Berlin,1500.0,Bonus,10,EUR,39.11
2024-01-29,10115,Berlin,1500.0,Bonus,11,EUR,39.112500000000004
2024-01-29,10115,Berlin,1500.0,Bonus,41,EUR,45.97083333333333
2024-01-29,81539,München,1500.0,Bonus,35,EUR,45.00333333333333
2024-01-29,81539,München,1500.0,Bonus,36,EUR,45.285
2024-01-29,10115,Berlin,4250.0,Bonus,9,EUR,98.6275
2024-01-29,10115,Berlin,4250.0,Bonus,22,EUR,103.45916666666666
2024-01-29,81539,München,4250.0,Bonus,12,EUR,99.59500000000001
2024-01-29,81539,München,3000.0,Bonus,2,EUR,64.45666666666666
2024-01-29,81539,München,3000.0,Bonus,7,EUR,66.0275
2024-01-29,81539,München,3000.0,Bonus,19,EUR,70.7325
2024-01-29,81539,München,3000.0,Bonus,27,EUR,74.6525
2024-01-29,10115,Berlin,3500.0,Bonus,10,EUR,77.97916666666667
2024-01-29,10115,Berlin,3500.0,Bonus,42,EUR,92.00416666666666
2024-01-29,81539,München,3500.0,Bonus,5,EUR,75.30416666666666
2024-01-29,10115,Berlin,4000.0,Bonus,8,EUR,91.51166666666667
2024-01-29,10115,Berlin,4000.0,Bonus,28,EUR,99.245
2024-01-29,10115,Berlin,4000.0,Bonus,48,EUR,106.73583333333333
2024-01-29,10115,Berlin,4000.0,Bonus,49,EUR,106.96833333333332
2024-01-29,81539,München,4000.0,Bonus,8,EUR,89.18666666666667
2024-01-29,81539,München,4000.0,Bonus,9,EUR,91.77333333333333
2024-01-29,81539,München,4000.0,Bonus,10,EUR,92.5
2024-01-29,10115,Berlin,4500.0,Bonus,19,EUR,109.2025
2024-01-29,10115,Berlin,4500.0,Bonus,30,EUR,113.46666666666665
2024-01-29,81539,München,4500.0,Bonus,14,EUR,106.66333333333334
2024-01-29,81539,München,4500.0,Bonus,39,EUR,115.03666666666668
2024-01-29,10115,Berlin,2500.0,Bonus,31,EUR,64.12
2024-01-29,81539,München,2500.0,Bonus,16,EUR,58.854166666666664
2024-01-29,10115,Berlin,2000.0,Bonus,45,EUR,58.39166666666667
2024-01-29,10115,Berlin,2000.0,Bonus,48,EUR,58.76833333333334
2024-01-29,81539,München,2000.0,Bonus,9,EUR,48.6
2024-01-29,81539,München,2000.0,Bonus,15,EUR,48.9675
2024-01-29,81539,München,2000.0,Bonus,22,EUR,49.300000000000004
2024-01-29,10115,Berlin,5000.0,Bonus,50,EUR,132.98749999999998
2024-01-29,81539,München,5000.0,Bonus,19,EUR,119.88333333333333
2024-01-29,81539,München,5000.0,Bonus,40,EUR,127.56
2024-01-29,10115,Berlin,3500.0,Non-Bonus,10,EUR,90.83749999999999
2024-01-29,10115,Berlin,3500.0,Non-Bonus,16,EUR,94.1475
2024-01-29,81539,München,3500.0,Non-Bonus,19,EUR,93.36583333333334
2024-01-29,81539,München,1000.0,Bonus,25,EUR,32.666666666666664
2024-01-29,10115,Berlin,1500.0,Non-Bonus,5,EUR,45.79
2024-01-29,10115,Berlin,1500.0,Non-Bonus,20,EUR,47.142500000000005
2024-01-29,10115,Berlin,1500.0,Non-Bonus,35,EUR,49.0225
2024-01-29,10115,Berlin,1500.0,Non-Bonus,43,EUR,49.98
2024-01-29,10115,Berlin,1500.0,Non-Bonus,47,EUR,50.335
2024-01-29,10115,Berlin,1500.0,Non-Bonus,50,EUR,50.51666666666667
2024-01-29,81539,München,1500.0,Non-Bonus,7,EUR,45.32083333333333
2024-01-29,81539,München,1500.0,Non-Bonus,17,EUR,46.199999999999996
2024-01-29,10115,Berlin,2000.0,Non-Bonus,23,EUR,59.50666666666667
2024-01-29,10115,Berlin,3000.0,Non-Bonus,7,EUR,79.72500000000001
2024-01-29,10115,Berlin,3000.0,Non-Bonus,33,EUR,86.05166666666666
2024-01-29,81539,München,3000.0,Non-Bonus,13,EUR,79.8975
2024-01-29,81539,München,3000.0,Non-Bonus,40,EUR,86.105
2024-01-29,10115,Berlin,4250.0,Non-Bonus,29,EUR,118.0575
2024-01-29,10115,Berlin,4250.0,Non-Bonus,42,EUR,120.27333333333333
2024-01-29,81539,München,4250.0,Non-Bonus,48,EUR,120.32916666666667
2024-01-29,10115,Berlin,5000.0,Non-Bonus,13,EUR,130.28
2024-01-29,10115,Berlin,5000.0,Non-Bonus,16,EUR,131.45833333333334
2024-01-29,10115,Berlin,5000.0,Non-Bonus,40,EUR,142.035
2024-01-29,81539,München,5000.0,Non-Bonus,8,EUR,122.14333333333333
2024-01-29,10115,Berlin,4000.0,Non-Bonus,2,EUR,86.675
2024-01-29,10115,Berlin,4000.0,Non-Bonus,6,EUR,99.39999999999999
2024-01-29,10115,Berlin,4000.0,Non-Bonus,33,EUR,112.27833333333332
2024-01-29,81539,München,4500.0,Non-Bonus,9,EUR,112.88666666666667
2024-01-29,81539,München,4500.0,Non-Bonus,13,EUR,115.59750000000001
2024-01-29,81539,München,4500.0,Non-Bonus,42,EUR,125.47500000000001
2024-01-29,10115,Berlin,2500.0,Non-Bonus,4,EUR,67.07166666666667
2024-01-29,10115,Berlin,1000.0,Non-Bonus,4,EUR,33.39416666666667
2024-01-29,10115,Berlin,1000.0,Non-Bonus,30,EUR,36.255
2024-01-29,81539,München,1000.0,Non-Bonus,6,EUR,33.439166666666665
2024-01-29,81539,München,1000.0,Non-Bonus,11,EUR,34.125
2024-01-29,81539,München,1000.0,Non-Bonus,19,EUR,34.641666666666666
2024-01-29,81539,München,1000.0,Non-Bonus,28,EUR,35.58
2024-01-29,10115,Berlin,500.0,Bonus,7,EUR,19.61
2024-01-29,10115,Berlin,500.0,Bonus,11,EUR,19.966666666666665
2024-01-29,81539,München,500.0,Bonus,48,EUR,25.375833333333333
2024-01-29,10115,Berlin,500.0,Non-Bonus,1,EUR,19.583333333333332
2024-01-29,10115,Berlin,500.0,Non-Bonus,3,EUR,21.305833333333332
2024-01-29,81539,München,500.0,Non-Bonus,5,EUR,21.91416666666667
2024-01-29,81539,München,500.0,Non-Bonus,12,EUR,22.299166666666665
2024-01-29,81539,München,500.0,Non-Bonus,19,EUR,23.075
2024-01-29,81539,München,500.0,Non-Bonus,20,EUR,23.17
2024-01-29,81539,München,500.0,Non-Bonus,23,EUR,23.290833333333335
2024-01-29,81539,München,1500.0,Bonus,14,EUR,39.72083333333333
2024-01-29,81539,München,1500.0,Bonus,21,EUR,40.163333333333334
2024-01-29,81539,München,1500.0,Bonus,30,EUR,43.09583333333333
2024-01-29,10115,Berlin,4250.0,Bonus,20,EUR,103.28833333333334
2024-01-29,81539,München,4250.0,Bonus,49,EUR,111.90750000000001
2024-01-29,10115,Berlin,3000.0,Bonus,46,EUR,81.66666666666667
2024-01-29,10115,Berlin,3000.0,Bonus,50,EUR,82.00666666666667
2024-01-29,10115,Berlin,3500.0,Bonus,12,EUR,79.97666666666667
2024-01-29,10115,Berlin,3500.0,Bonus,15,EUR,82.755
2024-01-29,10115,Berlin,3500.0,Bonus,16,EUR,82.76416666666667
2024-01-29,10115,Berlin,3500.0,Bonus,33,EUR,89.41833333333334
2024-01-29,81539,München,3500.0,Bonus,4,EUR,75.2975
2024-01-29,81539,München,3500.0,Bonus,17,EUR,81.86416666666666
2024-01-29,10115,Berlin,4000.0,Bonus,21,EUR,97.16250000000001
2024-01-29,81539,München,4000.0,Bonus,15,EUR,94.71666666666665
2024-01-29,81539,München,4000.0,Bonus,31,EUR,98.69083333333333
2024-01-29,10115,Berlin,4500.0,Bonus,11,EUR,107.38583333333334
2024-01-29,81539,München,4500.0,Bonus,21,EUR,107.37083333333334
2024-01-29,81539,München,4500.0,Bonus,24,EUR,108.80583333333334
2024-01-29,81539,München,4500.0,Bonus,47,EUR,117.72500000000001
2024-01-29,10115,Berlin,2500.0,Bonus,17,EUR,59.77166666666667
2024-01-29,10115,Berlin,2500.0,Bonus,20,EUR,61.00416666666666
2024-01-29,10115,Berlin,2500.0,Bonus,32,EUR,65.08833333333332
2024-01-29,81539,München,2500.0,Bonus,1,EUR,54.836666666666666
2024-01-29,81539,München,2500.0,Bonus,45,EUR,68.72583333333334
2024-01-29,10115,Berlin,5000.0,Bonus,22,EUR,123.28750000000001
2024-01-29,10115,Berlin,5000.0,Bonus,32,EUR,127.83333333333333
2024-01-29,81539,München,5000.0,Bonus,10,EUR,117.60666666666667
2024-01-29,10115,Berlin,3500.0,Non-Bonus,2,EUR,77.09
2024-01-29,10115,Berlin,3500.0,Non-Bonus,35,EUR,99.44416666666666
2024-01-29,81539,München,3500.0,Non-Bonus,20,EUR,93.79
2024-01-29,10115,Berlin,1000.0,Bonus,6,EUR,29.16416666666667
2024-01-29,10115,Berlin,1000.0,Bonus,12,EUR,29.750833333333333
2024-01-29,81539,München,1000.0,Bonus,33,EUR,33.439166666666665
2024-01-29,81539,München,1000.0,Bonus,34,EUR,33.538333333333334
2024-01-29,10115,Berlin,1500.0,Non-Bonus,36,EUR,49.105
2024-01-29,81539,München,1500.0,Non-Bonus,27,EUR,47.490833333333335
2024-01-29,10115,Berlin,2000.0,Non-Bonus,2,EUR,48.6
2024-01-29,10115,Berlin,2000.0,Non-Bonus,21,EUR,59.39166666666667
2024-01-29,10115,Berlin,2000.0,Non-Bonus,22,EUR,59.5
2024-01-29,10115,Berlin,2000.0,Non-Bonus,24,EUR,59.72333333333333
2024-01-29,81539,München,2000.0,Non-Bonus,15,EUR,57.94833333333333
2024-01-29,81539,München,2000.0,Non-Bonus,30,EUR,59.25416666666666
2024-01-29,81539,München,2000.0,Non-Bonus,34,EUR,60.29083333333333
2024-01-29,81539,München,3000.0,Non-Bonus,15,EUR,80.04916666666666
2024-01-29,81539,München,3000.0,Non-Bonus,36,EUR,85.86583333333334
2024-01-29,81539,München,3000.0,Non-Bonus,38,EUR,85.96583333333332
2024-01-29,10115,Berlin,4250.0,Non-Bonus,7,EUR,105.39833333333333
2024-01-29,10115,Berlin,4250.0,Non-Bonus,10,EUR,109.15249999999999
2024-01-29,10115,Berlin,4250.0,Non-Bonus,49,EUR,123.53083333333332
2024-01-29,81539,München,4250.0,Non-Bonus,33,EUR,116.49083333333334
2024-01-29,81539,München,4250.0,Non-Bonus,39,EUR,117.63
2024-01-29,10115,Berlin,5000.0,Non-Bonus,31,EUR,138.70916666666668
2024-01-29,81539,München,5000.0,Non-Bonus,12,EUR,124.8575
2024-01-29,81539,München,5000.0,Non-Bonus,17,EUR,130.025
2024-01-29,81539,München,4000.0,Non-Bonus,18,EUR,104.76416666666667
2024-01-29,81539,München,4000.0,Non-Bonus,19,EUR,105.86833333333334
2024-01-29,81539,München,4000.0,Non-Bonus,20,EUR,106.30083333333333
2024-01-29,10115,Berlin,4500.0,Non-Bonus,10,EUR,115.50416666666666
2024-01-29,10115,Berlin,4500.0,Non-Bonus,17,EUR,120.55166666666666
2024-01-29,81539,München,4500.0,Non-Bonus,8,EUR,111.0125
2024-01-29,81539,München,4500.0,Non-Bonus,11,EUR,113.27333333333333
2024-01-29,81539,München,4500.0,Non-Bonus,40,EUR,124.76166666666667
2024-01-29,81539,München,4500.0,Non-Bonus,41,EUR,124.9175
2024-01-29,10115,Berlin,2500.0,Non-Bonus,28,EUR,72.46083333333333
2024-01-29,10115,Berlin,2500.0,Non-Bonus,49,EUR,76.75166666666667
2024-01-29,81539,München,2500.0,Non-Bonus,15,EUR,69.125
2024-01-29,81539,München,2500.0,Non-Bonus,32,EUR,71.7675
2024-01-29,81539,München,2500.0,Non-Bonus,46,EUR,75.21833333333333
2024-01-29,10115,Berlin,1000.0,Non-Bonus,2,EUR,32.77833333333333
2024-01-29,10115,Berlin,1000.0,Non-Bonus,5,EUR,33.50333333333334
2024-01-29,81539,München,1000.0,Non-Bonus,16,EUR,34.2125
2024-01-29,81539,München,1000.0,Non-Bonus,18,EUR,34.36083333333333
2024-01-29,81539,München,1000.0,Non-Bonus,33,EUR,36.29083333333333
2024-01-29,81539,München,500.0,Bonus,18,EUR,21.92833333333333
2024-01-29,10115,Berlin,500.0,Non-Bonus,43,EUR,24.704166666666666
2024-01-29,81539,München,500.0,Non-Bonus,37,EUR,24.632499999999997
2024-01-29,81539,München,500.0,Non-Bonus,46,EUR,25.9875
2024-01-29,10115,Berlin,1500.0,Bonus,26,EUR,42.324999999999996
2024-01-29,81539,München,1500.0,Bonus,1,EUR,36.685833333333335
2024-01-29,81539,München,1500.0,Bonus,15,EUR,39.7875
2024-01-29,81539,München,1500.0,Bonus,38,EUR,45.32083333333333
2024-01-29,81539,München,1500.0,Bonus,47,EUR,46.199999999999996
2024-01-29,10115,Berlin,4250.0,Bonus,26,EUR,104.9875
2024-01-29,81539,München,4250.0,Bonus,47,EUR,111.51666666666667
2024-01-29,10115,Berlin,3000.0,Bonus,32,EUR,77.63333333333334
2024-01-29,81539,München,3000.0,Bonus,22,EUR,71.41833333333334
2024-01-29,81539,München,3000.0,Bonus,34,EUR,77.97416666666668
2024-01-29,81539,München,3000.0,Bonus,45,EUR,80.44416666666667
2024-01-29,10115,Berlin,3500.0,Bonus,5,EUR,77.19500000000001
2024-01-29,10115,Berlin,3500.0,Bonus,38,EUR,91.04166666666667
2024-01-29,81539,München,3500.0,Bonus,47,EUR,92.85000000000001
2024-01-29,10115,Berlin,4000.0,Bonus,37,EUR,103.175
2024-01-29,81539,München,4000.0,Bonus,30,EUR,97.78583333333334
2024-01-29,81539,München,4000.0,Bonus,38,EUR,101.53166666666668
2024-01-29,10115,Berlin,4500.0,Bonus,14,EUR,108.55833333333334
2024-01-29,81539,München,4500.0,Bonus,5,EUR,99.99833333333333
2024-01-29,81539,München,4500.0,Bonus,10,EUR,105.94583333333333
2024-01-29,81539,München,4500.0,Bonus,42,EUR,116.16166666666668
2024-01-29,10115,Berlin,2500.0,Bonus,9,EUR,57.99583333333334
2024-01-29,10115,Berlin,2500.0,Bonus,40,EUR,68.5825
2024-01-29,10115,Berlin,2000.0,Bonus,5,EUR,47.806666666666665
2024-01-29,81539,München,2000.0,Bonus,21,EUR,49.26833333333334
2024-01-29,10115,Berlin,5000.0,Bonus,44,EUR,130.4725
2024-01-29,81539,München,5000.0,Bonus,22,EUR,120.60833333333333
2024-01-29,10115,Berlin,3500.0,Non-Bonus,9,EUR,90.81833333333333
2024-01-29,10115,Berlin,3500.0,Non-Bonus,11,EUR,91.06
2024-01-29,10115,Berlin,3500.0,Non-Bonus,23,EUR,96.22333333333334
2024-01-29,81539,München,3500.0,Non-Bonus,27,EUR,96.69083333333333
2024-01-29,81539,München,3500.0,Non-Bonus,29,EUR,96.83833333333332
2024-01-29,81539,München,3500.0,Non-Bonus,46,EUR,100.19833333333334
2024-01-29,10115,Berlin,1000.0,Bonus,13,EUR,30.114166666666666
2024-01-29,10115,Berlin,1000.0,Bonus,28,EUR,33.295833333333334
2024-01-29,10115,Berlin,1000.0,Bonus,38,EUR,34.125
2024-01-29,10115,Berlin,1000.0,Bonus,49,EUR,35.166666666666664
2024-01-29,81539,München,1000.0,Bonus,8,EUR,29.479166666666668
2024-01-29,81539,München,2000.0,Non-Bonus,8,EUR,56.68333333333334
2024-01-29,81539,München,2000.0,Non-Bonus,20,EUR,58.5325
2024-01-29,10115,Berlin,3000.0,Non-Bonus,3,EUR,70.635
2024-01-29,10115,Berlin,3000.0,Non-Bonus,19,EUR,83.24583333333334
2024-01-29,10115,Berlin,3000.0,Non-Bonus,25,EUR,85.165
2024-01-29,81539,München,4250.0,Non-Bonus,11,EUR,107.63
2024-01-29,10115,Berlin,5000.0,Non-Bonus,35,EUR,140.05083333333332
2024-01-29,10115,Berlin,5000.0,Non-Bonus,36,EUR,140.48666666666665
2024-01-29,10115,Berlin,5000.0,Non-Bonus,43,EUR,142.24333333333334
2024-01-29,81539,München,5000.0,Non-Bonus,30,EUR,134.97583333333333
2024-01-29,81539,München,5000.0,Non-Bonus,37,EUR,137.555
2024-01-29,81539,München,5000.0,Non-Bonus,38,EUR,137.95416666666668
2024-01-29,81539,München,5000.0,Non-Bonus,47,EUR,140.785
2024-01-29,10115,Berlin,4000.0,Non-Bonus,16,EUR,106.12916666666666
2024-01-29,81539,München,4000.0,Non-Bonus,14,EUR,102.98666666666666
2024-01-29,81539,München,4000.0,Non-Bonus,41,EUR,111.42916666666667
2024-01-29,10115,Berlin,4500.0,Non-Bonus,47,EUR,129.7675
2024-01-29,81539,München,4500.0,Non-Bonus,32,EUR,122.8675
2024-01-29,81539,München,4500.0,Non-Bonus,49,EUR,128.29749999999999
2024-01-29,10115,Berlin,2500.0,Non-Bonus,6,EUR,68.6375
2024-01-29,10115,Berlin,2500.0,Non-Bonus,47,EUR,76.30416666666666
2024-01-29,81539,München,2500.0,Non-Bonus,5,EUR,65.70666666666666
2024-01-29,81539,München,2500.0,Non-Bonus,8,EUR,67.875
2024-01-29,81539,München,2500.0,Non-Bonus,14,EUR,69.085
2024-01-29,10115,Berlin,1000.0,Non-Bonus,14,EUR,34.348333333333336
2024-01-29,10115,Berlin,1000.0,Non-Bonus,18,EUR,34.75
2024-01-29,10115,Berlin,1000.0,Non-Bonus,27,EUR,35.704166666666666
2024-01-29,10115,Berlin,1000.0,Non-Bonus,37,EUR,36.63333333333333
2024-01-29,10115,Berlin,1000.0,Non-Bonus,41,EUR,36.791666666666664
2024-01-29,10115,Berlin,1000.0,Non-Bonus,45,EUR,37.02916666666667
2024-01-29,81539,München,1000.0,Non-Bonus,21,EUR,34.71583333333333
2024-01-29,81539,München,1000.0,Non-Bonus,36,EUR,36.4325
2024-01-29,81539,München,1000.0,Non-Bonus,43,EUR,37.39416666666667
2024-01-29,10115,Berlin,500.0,Bonus,8,EUR,19.645833333333332
2024-01-29,10115,Berlin,500.0,Bonus,22,EUR,21.903333333333332
2024-01-29,81539,München,500.0,Bonus,4,EUR,19.42833333333333
2024-01-29,81539,München,500.0,Bonus,11,EUR,20.319166666666668
2024-01-29,81539,München,500.0,Bonus,20,EUR,22.151666666666667
2024-01-29,81539,München,500.0,Bonus,32,EUR,23.290833333333335
2024-01-29,10115,Berlin,500.0,Non-Bonus,5,EUR,21.66333333333333
2024-01-29,10115,Berlin,500.0,Non-Bonus,44,EUR,24.900000000000002
2024-01-29,81539,München,500.0,Non-Bonus,6,EUR,21.92833333333333
2024-01-29,81539,München,500.0,Non-Bonus,22,EUR,23.245833333333334
2024-01-29,81539,München,500.0,Non-Bonus,48,EUR,26.4475
2024-01-29,10115,Berlin,1500.0,Bonus,1,EUR,37.5725
2024-01-29,10115,Berlin,1500.0,Bonus,9,EUR,38.94583333333333
2024-01-29,10115,Berlin,1500.0,Bonus,40,EUR,45.949999999999996
2024-01-29,10115,Berlin,1500.0,Bonus,50,EUR,46.699999999999996
2024-01-29,81539,München,1500.0,Bonus,5,EUR,37.949999999999996
2024-01-29,81539,München,1500.0,Bonus,19,EUR,40.100833333333334
2024-01-29,81539,München,1500.0,Bonus,26,EUR,41.015
2024-01-29,10115,Berlin,4250.0,Bonus,28,EUR,105.67416666666666
2024-01-29,10115,Berlin,4250.0,Bonus,44,EUR,112.16666666666667
2024-01-29,10115,Berlin,3000.0,Bonus,7,EUR,67.19500000000001
2024-01-29,10115,Berlin,3000.0,Bonus,31,EUR,77.13916666666667
2024-01-29,10115,Berlin,3000.0,Bonus,36,EUR,79.59166666666667
2024-01-29,81539,München,3000.0,Bonus,25,EUR,72.23333333333333
2024-01-29,81539,München,3000.0,Bonus,46,EUR,80.4725
2024-01-29,10115,Berlin,3500.0,Bonus,22,EUR,84.91083333333333
2024-01-29,81539,München,3500.0,Bonus,2,EUR,73.94166666666666
2024-01-29,81539,München,4000.0,Bonus,4,EUR,87.24916666666667
2024-01-29,81539,München,4000.0,Bonus,11,EUR,92.50333333333333
2024-01-29,81539,München,4000.0,Bonus,34,EUR,100.15833333333335
2024-01-29,81539,München,4000.0,Bonus,50,EUR,105.86833333333334
2024-01-29,10115,Berlin,4500.0,Bonus,5,EUR,102.6375
2024-01-29,10115,Berlin,4500.0,Bonus,33,EUR,115.50416666666666
2024-01-29,81539,München,4500.0,Bonus,20,EUR,107.26416666666667
2024-01-29,10115,Berlin,2500.0,Bonus,41,EUR,68.6375
2024-01-29,81539,München,2500.0,Bonus,7,EUR,56.971666666666664
2024-01-29,81539,München,2500.0,Bonus,8,EUR,57.51416666666666
2024-01-29,10115,Berlin,2000.0,Bonus,9,EUR,48.43333333333334
2024-01-29,10115,Berlin,2000.0,Bonus,31,EUR,53.98333333333333
2024-01-29,10115,Berlin,2000.0,Bonus,49,EUR,59.16166666666667
2024-01-29,81539,München,2000.0,Bonus,49,EUR,58.81333333333333
2024-01-29,10115,Berlin,5000.0,Bonus,18,EUR,121.48666666666666
2024-01-29,10115,Berlin,5000.0,Bonus,35,EUR,128.9125
2024-01-29,10115,Berlin,3500.0,Non-Bonus,18,EUR,94.74083333333334
2024-01-29,10115,Berlin,3500.0,Non-Bonus,27,EUR,98.58166666666666
2024-01-29,81539,München,3500.0,Non-Bonus,9,EUR,88.61333333333333
2024-01-29,81539,München,3500.0,Non-Bonus,11,EUR,89.32
2024-01-29,81539,München,3500.0,Non-Bonus,12,EUR,89.32
2024-01-29,81539,München,3500.0,Non-Bonus,33,EUR,97.53583333333334
2024-01-29,10115,Berlin,1000.0,Bonus,34,EUR,33.79833333333333
2024-01-29,10115,Berlin,1000.0,Bonus,43,EUR,34.4675
2024-01-29,81539,München,1000.0,Bonus,11,EUR,29.564999999999998
2024-01-29,81539,München,1000.0,Bonus,19,EUR,30.776666666666667
2024-01-29,10115,Berlin,1500.0,Non-Bonus,6,EUR,45.79750000000001
2024-01-29,10115,Berlin,1500.0,Non-Bonus,40,EUR,49.751666666666665
2024-01-29,81539,München,1500.0,Non-Bonus,4,EUR,45.181666666666665
2024-01-29,81539,München,1500.0,Non-Bonus,6,EUR,45.31916666666667
2024-01-29,81539,München,1500.0,Non-Bonus,28,EUR,47.50333333333333
2024-01-29,81539,München,1500.0,Non-Bonus,48,EUR,50.25
2024-01-29,10115,Berlin,2000.0,Non-Bonus,38,EUR,61.994166666666665
2024-01-29,10115,Berlin,2000.0,Non-Bonus,44,EUR,62.99583333333334
2024-01-29,81539,München,3000.0,Non-Bonus,33,EUR,84.98
2024-01-29,10115,Berlin,4250.0,Non-Bonus,24,EUR,116.925
2024-01-29,81539,München,4250.0,Non-Bonus,3,EUR,89.15666666666668
2024-01-29,81539,München,4250.0,Non-Bonus,19,EUR,111.90750000000001
2024-01-29,10115,Berlin,5000.0,Non-Bonus,15,EUR,131.15666666666667
2024-01-29,10115,Berlin,5000.0,Non-Bonus,17,EUR,132.98749999999998
2024-01-29,81539,München,5000.0,Non-Bonus,3,EUR,102.92166666666667
2024-01-29,81539,München,5000.0,Non-Bonus,46,EUR,139.4375
2024-01-29,10115,Berlin,4000.0,Non-Bonus,37,EUR,112.99583333333334
2024-01-29,10115,Berlin,4000.0,Non-Bonus,46,EUR,115.82666666666667
2024-01-29,81539,München,4000.0,Non-Bonus,39,EUR,111.14583333333333
2024-01-29,10115,Berlin,4500.0,Non-Bonus,16,EUR,119.2275
2024-01-29,10115,Berlin,4500.0,Non-Bonus,23,EUR,121.44416666666666
2024-01-29,10115,Berlin,4500.0,Non-Bonus,46,EUR,129.01416666666668
2024-01-29,81539,München,4500.0,Non-Bonus,1,EUR,90.875
2024-01-29,81539,München,4500.0,Non-Bonus,14,EUR,115.60000000000001
2024-01-29,81539,München,4500.0,Non-Bonus,18,EUR,117.645
2024-01-29,81539,München,4500.0,Non-Bonus,36,EUR,124.09166666666665
2024-01-29,10115,Berlin,2500.0,Non-Bonus,1,EUR,56.93333333333334
2024-01-29,10115,Berlin,2500.0,Non-Bonus,5,EUR,67.09166666666667
2024-01-29,81539,München,2500.0,Non-Bonus,6,EUR,67.53666666666668
2024-01-29,81539,München,2500.0,Non-Bonus,21,EUR,70.2375
2024-01-29,81539,München,2500.0,Non-Bonus,26,EUR,70.85083333333334
2024-01-29,81539,München,2500.0,Non-Bonus,42,EUR,74.1825
2024-01-29,81539,München,2500.0,Non-Bonus,43,EUR,74.36749999999999
2024-01-29,81539,München,2500.0,Non-Bonus,50,EUR,76.27333333333333
2024-01-29,10115,Berlin,1000.0,Non-Bonus,29,EUR,36.18333333333333
2024-01-29,10115,Berlin,1000.0,Non-Bonus,35,EUR,36.553333333333335
2024-01-29,81539,München,1000.0,Non-Bonus,7,EUR,33.498333333333335
2024-01-29,81539,München,1000.0,Non-Bonus,15,EUR,34.2075
2024-01-29,10115,Berlin,500.0,Bonus,37,EUR,23.3
2024-01-29,10115,Berlin,500.0,Bonus,39,EUR,23.344166666666666
2024-01-29,81539,München,500.0,Bonus,27,EUR,22.9175
2024-01-29,81539,München,500.0,Bonus,28,EUR,23.006666666666664
2024-01-29,81539,München,500.0,Bonus,38,EUR,23.528333333333332
2024-01-29,10115,Berlin,500.0,Non-Bonus,20,EUR,22.846666666666668
2024-01-29,10115,Berlin,500.0,Non-Bonus,37,EUR,24.117500000000003
2024-01-29,10115,Berlin,500.0,Non-Bonus,45,EUR,25.125833333333333
2024-01-29,81539,München,500.0,Non-Bonus,33,EUR,24.360833333333332
2024-01-29,81539,München,1500.0,Bonus,46,EUR,46.17583333333334
2024-01-29,10115,Berlin,4250.0,Bonus,7,EUR,96.69749999999999
2024-01-29,10115,Berlin,4250.0,Bonus,25,EUR,104.915
2024-01-29,10115,Berlin,4250.0,Bonus,41,EUR,110.64083333333333
2024-01-29,81539,München,4250.0,Bonus,26,EUR,102.54416666666667
2024-01-29,81539,München,4250.0,Bonus,28,EUR,102.95916666666666
2024-01-29,81539,München,4250.0,Bonus,29,EUR,103.46333333333332
2024-01-29,10115,Berlin,3000.0,Bonus,1,EUR,65.26666666666667
2024-01-29,10115,Berlin,3000.0,Bonus,20,EUR,71.91666666666667
2024-01-29,10115,Berlin,3000.0,Bonus,34,EUR,79.05833333333334
2024-01-29,10115,Berlin,3000.0,Bonus,42,EUR,80.46666666666667
2024-01-29,81539,München,3500.0,Bonus,31,EUR,87.69
2024-01-29,81539,München,3500.0,Bonus,32,EUR,87.70833333333333
2024-01-29,10115,Berlin,4000.0,Bonus,19,EUR,96.96583333333332
2024-01-29,81539,München,4000.0,Bonus,39,EUR,102.13416666666666
2024-01-29,10115,Berlin,4500.0,Bonus,1,EUR,93.71666666666665
2024-01-29,10115,Berlin,4500.0,Bonus,25,EUR,110.81666666666666
2024-01-29,10115,Berlin,4500.0,Bonus,28,EUR,112.48083333333334
2024-01-29,10115,Berlin,4500.0,Bonus,41,EUR,117.27749999999999
2024-01-29,81539,München,4500.0,Bonus,34,EUR,112.88666666666667
2024-01-29,10115,Berlin,2500.0,Bonus,34,EUR,65.59166666666667
2024-01-29,10115,Berlin,2500.0,Bonus,48,EUR,69.96916666666667
2024-01-29,81539,München,2500.0,Bonus,19,EUR,59.20333333333334
2024-01-29,10115,Berlin,2000.0,Bonus,24,EUR,49.47666666666667
2024-01-29,10115,Berlin,5000.0,Bonus,40,EUR,129.44166666666666
2024-01-29,81539,München,5000.0,Bonus,32,EUR,124.75916666666666
2024-01-29,10115,Berlin,3500.0,Non-Bonus,45,EUR,102.08999999999999
2024-01-29,81539,München,3500.0,Non-Bonus,8,EUR,88.59333333333332
2024-01-29,10115,Berlin,1000.0,Bonus,8,EUR,29.375
2024-01-29,81539,München,1000.0,Bonus,22,EUR,31.334999999999997
2024-01-29,81539,München,1000.0,Bonus,31,EUR,33.288333333333334
2024-01-29,10115,Berlin,1500.0,Non-Bonus,15,EUR,46.692499999999995
2024-01-29,81539,München,1500.0,Non-Bonus,22,EUR,46.725833333333334
2024-01-29,81539,München,3000.0,Non-Bonus,16,EUR,80.44416666666667
2024-01-29,10115,Berlin,4250.0,Non-Bonus,6,EUR,104.9875
2024-01-29,10115,Berlin,4250.0,Non-Bonus,16,EUR,112.255
2024-01-29,10115,Berlin,4250.0,Non-Bonus,18,EUR,113.09916666666668
2024-01-29,81539,München,4250.0,Non-Bonus,18,EUR,110.67333333333333
2024-01-29,81539,München,4250.0,Non-Bonus,20,EUR,112.31166666666667
2024-01-29,81539,München,4250.0,Non-Bonus,24,EUR,114.48916666666666
2024-01-29,81539,München,4250.0,Non-Bonus,26,EUR,114.6325
2024-01-29,81539,München,5000.0,Non-Bonus,4,EUR,115.70833333333333
2024-01-29,81539,München,5000.0,Non-Bonus,35,EUR,137.1175
2024-01-29,10115,Berlin,4000.0,Non-Bonus,4,EUR,97.43333333333334
2024-01-29,10115,Berlin,4000.0,Non-Bonus,49,EUR,116.87666666666667
2024-01-29,81539,München,4000.0,Non-Bonus,1,EUR,82.54166666666667
2024-01-29,81539,München,4000.0,Non-Bonus,15,EUR,103.71416666666666
2024-01-29,10115,Berlin,4500.0,Non-Bonus,4,EUR,108.575
2024-01-29,10115,Berlin,4500.0,Non-Bonus,41,EUR,128.11833333333334
2024-01-29,10115,Berlin,4500.0,Non-Bonus,43,EUR,128.53
2024-01-29,81539,München,4500.0,Non-Bonus,15,EUR,116.16166666666668
2024-01-29,81539,München,4500.0,Non-Bonus,39,EUR,124.22833333333334
2024-01-29,81539,München,2500.0,Non-Bonus,20,EUR,70.07583333333334
2024-01-29,81539,München,500.0,Bonus,10,EUR,20.267500000000002
2024-01-29,81539,München,500.0,Bonus,50,EUR,25.7325
2024-01-29,10115,Berlin,500.0,Non-Bonus,41,EUR,24.5325
2024-01-29,81539,München,500.0,Non-Bonus,18,EUR,23.006666666666664
2024-01-29,10115,Berlin,1500.0,Bonus,25,EUR,42.275
2024-01-29,81539,München,1500.0,Bonus,45,EUR,46.09583333333333
2024-01-29,10115,Berlin,4250.0,Bonus,32,EUR,108.7475
2024-01-29,81539,München,4250.0,Bonus,9,EUR,97.5125
2024-01-29,81539,München,4250.0,Bonus,18,EUR,101.05583333333334
2024-01-29,10115,Berlin,3000.0,Bonus,5,EUR,67.10333333333334
2024-01-29,10115,Berlin,3000.0,Bonus,30,EUR,76.2
2024-01-29,81539,München,3000.0,Bonus,26,EUR,74.63166666666667
2024-01-29,10115,Berlin,3500.0,Bonus,34,EUR,89.58083333333333
2024-01-29,81539,München,3500.0,Bonus,20,EUR,82.16083333333333
2024-01-29,10115,Berlin,4500.0,Bonus,3,EUR,96.25916666666666
2024-01-29,10115,Berlin,4500.0,Bonus,17,EUR,108.915
2024-01-29,10115,Berlin,4500.0,Bonus,26,EUR,112.01666666666667
2024-01-29,10115,Berlin,4500.0,Bonus,29,EUR,113.19166666666666
2024-01-29,81539,München,2500.0,Bonus,31,EUR,63.94
2024-01-29,10115,Berlin,2000.0,Bonus,33,EUR,54.835
2024-01-29,81539,München,2000.0,Bonus,11,EUR,48.76666666666667
2024-01-29,81539,München,2000.0,Bonus,14,EUR,48.92583333333334
2024-01-29,81539,München,2000.0,Bonus,44,EUR,57.91583333333333
2024-01-29,10115,Berlin,5000.0,Bonus,45,EUR,131.15666666666667
2024-01-29,81539,München,5000.0,Bonus,34,EUR,124.8575
2024-01-29,81539,München,3500.0,Non-Bonus,30,EUR,97.29666666666667
2024-01-29,81539,München,3500.0,Non-Bonus,40,EUR,98.65333333333332
2024-01-29,10115,Berlin,1000.0,Bonus,5,EUR,29.111666666666665
2024-01-29,10115,Berlin,1000.0,Bonus,17,EUR,30.564999999999998
2024-01-29,81539,München,1000.0,Bonus,15,EUR,29.944166666666664
2024-01-29,81539,München,1000.0,Bonus,21,EUR,31.06833333333333
2024-01-29,81539,München,1000.0,Bonus,48,EUR,35.06583333333334
2024-01-29,10115,Berlin,1500.0,Non-Bonus,22,EUR,47.18
2024-01-29,81539,München,1500.0,Non-Bonus,30,EUR,47.98666666666667
2024-01-29,10115,Berlin,2000.0,Non-Bonus,9,EUR,58.02333333333333
2024-01-29,10115,Berlin,2000.0,Non-Bonus,27,EUR,59.8675
2024-01-29,81539,München,2000.0,Non-Bonus,33,EUR,60.125
2024-01-29,10115,Berlin,3000.0,Non-Bonus,17,EUR,82.50166666666667
2024-01-29,10115,Berlin,3000.0,Non-Bonus,30,EUR,85.91666666666667
2024-01-29,10115,Berlin,4250.0,Non-Bonus,11,EUR,110.125
2024-01-29,10115,Berlin,4250.0,Non-Bonus,25,EUR,117.01916666666666
2024-01-29,10115,Berlin,4250.0,Non-Bonus,30,EUR,118.60833333333333
2024-01-29,81539,München,4250.0,Non-Bonus,14,EUR,108.97500000000001
2024-01-29,81539,München,5000.0,Non-Bonus,6,EUR,119.70833333333333
2024-01-29,81539,München,5000.0,Non-Bonus,48,EUR,140.86166666666665
2024-01-29,10115,Berlin,4000.0,Non-Bonus,12,EUR,105.64666666666666
2024-01-29,81539,München,4000.0,Non-Bonus,5,EUR,96.99916666666667
2024-01-29,81539,München,4000.0,Non-Bonus,8,EUR,98.69083333333333
2024-01-29,81539,München,4000.0,Non-Bonus,32,EUR,110.075
2024-01-29,81539,München,4000.0,Non-Bonus,47,EUR,113.77
2024-01-29,10115,Berlin,2500.0,Non-Bonus,20,EUR,71.25333333333333
2024-01-29,81539,München,2500.0,Non-Bonus,10,EUR,68.04166666666667
2024-01-29,81539,München,2500.0,Non-Bonus,37,EUR,73.07833333333333
2024-01-29,10115,Berlin,1000.0,Non-Bonus,23,EUR,35.166666666666664
2024-01-29,10115,Berlin,500.0,Bonus,19,EUR,21.879166666666666
2024-01-29,81539,München,500.0,Bonus,39,EUR,23.595
2024-01-29,81539,München,500.0,Bonus,47,EUR,25.324166666666667
2024-01-29,10115,Berlin,500.0,Non-Bonus,16,EUR,22.641666666666666
2024-01-29,10115,Berlin,500.0,Non-Bonus,21,EUR,22.916666666666668
2024-01-29,81539,München,500.0,Non-Bonus,2,EUR,21.319166666666668
2024-01-29,81539,München,500.0,Non-Bonus,7,EUR,21.92833333333333
2024-01-29,81539,München,500.0,Non-Bonus,15,EUR,22.645
2024-01-29,10115,Berlin,1500.0,Bonus,38,EUR,45.79750000000001
2024-01-29,81539,München,1500.0,Bonus,29,EUR,42.285000000000004
2024-01-29,10115,Berlin,4250.0,Bonus,2,EUR,90.295
2024-01-29,10115,Berlin,4250.0,Bonus,13,EUR,100.70833333333333
2024-01-29,10115,Berlin,4250.0,Bonus,19,EUR,103.21083333333333
2024-01-29,10115,Berlin,4250.0,Bonus,29,EUR,106.15416666666665
2024-01-29,81539,München,4250.0,Bonus,39,EUR,108.21416666666666
2024-01-29,81539,München,4250.0,Bonus,40,EUR,109.675
2024-01-29,10115,Berlin,3000.0,Bonus,14,EUR,69.26416666666667
2024-01-29,81539,München,3000.0,Bonus,29,EUR,75.605
2024-01-29,81539,München,3000.0,Bonus,35,EUR,78.0925
2024-01-29,10115,Berlin,3500.0,Bonus,18,EUR,83.71249999999999
2024-01-29,10115,Berlin,3500.0,Bonus,43,EUR,92.5025
2024-01-29,81539,München,3500.0,Bonus,41,EUR,90.63416666666666
2024-01-29,81539,München,3500.0,Bonus,46,EUR,92.82
2024-01-29,10115,Berlin,4000.0,Bonus,35,EUR,102.61666666666667
2024-01-29,10115,Berlin,4000.0,Bonus,47,EUR,106.12916666666666
2024-01-29,81539,München,4000.0,Bonus,44,EUR,104.73166666666667
2024-01-29,10115,Berlin,4500.0,Bonus,38,EUR,116.02916666666665
2024-01-29,10115,Berlin,2500.0,Bonus,1,EUR,56.020833333333336
2024-01-29,10115,Berlin,2500.0,Bonus,24,EUR,61.5825
2024-01-29,10115,Berlin,2000.0,Bonus,22,EUR,49.16833333333333
2024-01-29,10115,Berlin,2000.0,Bonus,23,EUR,49.245000000000005
2024-01-29,10115,Berlin,5000.0,Bonus,41,EUR,129.665
2024-01-29,10115,Berlin,3500.0,Non-Bonus,19,EUR,95.21666666666665
2024-01-29,10115,Berlin,1000.0,Bonus,1,EUR,25.833333333333332
2024-01-29,10115,Berlin,1000.0,Bonus,21,EUR,31.668333333333333
2024-01-29,81539,München,1000.0,Bonus,14,EUR,29.660833333333333
2024-01-29,10115,Berlin,1500.0,Non-Bonus,17,EUR,46.744166666666665
2024-01-29,81539,München,1500.0,Non-Bonus,23,EUR,46.836666666666666
2024-01-29,81539,München,1500.0,Non-Bonus,45,EUR,49.92416666666667
2024-01-29,10115,Berlin,2000.0,Non-Bonus,4,EUR,55.280833333333334
2024-01-29,10115,Berlin,2000.0,Non-Bonus,14,EUR,58.76833333333334
2024-01-29,10115,Berlin,2000.0,Non-Bonus,29,EUR,60.028333333333336
2024-01-29,81539,München,2000.0,Non-Bonus,36,EUR,60.780833333333334
2024-01-29,10115,Berlin,3000.0,Non-Bonus,1,EUR,65.26666666666667
2024-01-29,10115,Berlin,3000.0,Non-Bonus,23,EUR,83.79333333333334
2024-01-29,81539,München,3000.0,Non-Bonus,8,EUR,78.2
2024-01-29,81539,München,3000.0,Non-Bonus,17,EUR,80.73333333333333
2024-01-29,10115,Berlin,4250.0,Non-Bonus,22,EUR,114.95083333333334
2024-01-29,81539,München,5000.0,Non-Bonus,9,EUR,124.20666666666666
2024-01-29,81539,München,5000.0,Non-Bonus,20,EUR,130.71666666666667
2024-01-29,81539,München,5000.0,Non-Bonus,43,EUR,138.99083333333334
2024-01-29,10115,Berlin,4000.0,Non-Bonus,1,EUR,85.26666666666667
2024-01-29,10115,Berlin,4000.0,Non-Bonus,27,EUR,110.9925
2024-01-29,10115,Berlin,4000.0,Non-Bonus,36,EUR,112.63583333333334
2024-01-29,81539,München,4000.0,Non-Bonus,46,EUR,113.20666666666666
2024-01-29,10115,Berlin,4500.0,Non-Bonus,6,EUR,110.825
2024-01-29,10115,Berlin,4500.0,Non-Bonus,25,EUR,123.36916666666667
2024-01-29,81539,München,4500.0,Non-Bonus,25,EUR,120.76416666666667
2024-01-29,81539,München,4500.0,Non-Bonus,26,EUR,120.7975
2024-01-29,10115,Berlin,2500.0,Non-Bonus,13,EUR,70.2625
2024-01-29,10115,Berlin,2500.0,Non-Bonus,37,EUR,74.2625
2024-01-29,81539,München,2500.0,Non-Bonus,1,EUR,56.971666666666664
2024-01-29,10115,Berlin,500.0,Bonus,6,EUR,19.583333333333332
2024-01-29,10115,Berlin,500.0,Bonus,33,EUR,23.040000000000003
2024-01-29,81539,München,500.0,Bonus,1,EUR,19.162499999999998
2024-01-29,81539,München,500.0,Bonus,44,EUR,24.780833333333334
2024-01-29,81539,München,500.0,Non-Bonus,11,EUR,22.15416666666667
2024-01-29,81539,München,500.0,Non-Bonus,27,EUR,23.528333333333332
2024-01-29,10115,Berlin,1500.0,Bonus,33,EUR,44.81333333333333
2024-01-29,81539,München,1500.0,Bonus,13,EUR,38.994166666666665
2024-01-29,81539,München,1500.0,Bonus,16,EUR,39.87083333333333
2024-01-29,10115,Berlin,3000.0,Bonus,28,EUR,76.09333333333333
2024-01-29,10115,Berlin,3500.0,Bonus,26,EUR,87.29666666666667
2024-01-29,81539,München,3500.0,Bonus,26,EUR,85.3875
2024-01-29,81539,München,3500.0,Bonus,33,EUR,87.745
2024-01-29,81539,München,3500.0,Bonus,44,EUR,92.16250000000001
2024-01-29,10115,Berlin,4000.0,Bonus,13,EUR,94.40583333333332
2024-01-29,10115,Berlin,4000.0,Bonus,16,EUR,96.15916666666668
2024-01-29,10115,Berlin,4000.0,Bonus,26,EUR,99.125
2024-01-29,81539,München,4500.0,Bonus,9,EUR,105.44583333333333
2024-01-29,81539,München,4500.0,Bonus,12,EUR,105.96416666666666
2024-01-29,81539,München,4500.0,Bonus,41,EUR,115.60000000000001
2024-01-29,10115,Berlin,2500.0,Bonus,6,EUR,57.270833333333336
2024-01-29,10115,Berlin,2500.0,Bonus,29,EUR,62.785
2024-01-29,81539,München,2500.0,Bonus,21,EUR,59.86000000000001
2024-01-29,81539,München,2500.0,Bonus,28,EUR,62.943333333333335
2024-01-29,81539,München,2500.0,Bonus,34,EUR,66.07083333333334
2024-01-29,81539,München,2500.0,Bonus,37,EUR,67.60166666666667
2024-01-29,81539,München,2000.0,Bonus,31,EUR,54.050000000000004
2024-01-29,10115,Berlin,5000.0,Bonus,6,EUR,115.96
2024-01-29,10115,Berlin,5000.0,Bonus,37,EUR,129.26833333333335
2024-01-29,81539,München,5000.0,Bonus,7,EUR,113.46916666666668
2024-01-29,10115,Berlin,3500.0,Non-Bonus,48,EUR,102.63916666666667
2024-01-29,81539,München,3500.0,Non-Bonus,21,EUR,94.27999999999999
2024-01-29,81539,München,3500.0,Non-Bonus,25,EUR,95.97083333333335
2024-01-29,10115,Berlin,1000.0,Bonus,9,EUR,29.541666666666668
2024-01-29,10115,Berlin,1000.0,Bonus,20,EUR,31.1775
2024-01-29,10115,Berlin,1500.0,Non-Bonus,19,EUR,47.119166666666665
2024-01-29,81539,München,1500.0,Non-Bonus,38,EUR,48.862500000000004
2024-01-29,81539,München,2000.0,Non-Bonus,14,EUR,57.69
2024-01-29,81539,München,2000.0,Non-Bonus,22,EUR,58.79666666666666
2024-01-29,10115,Berlin,3000.0,Non-Bonus,12,EUR,81.465
2024-01-29,10115,Berlin,3000.0,Non-Bonus,29,EUR,85.88833333333334
2024-01-29,10115,Berlin,3000.0,Non-Bonus,50,EUR,90.25999999999999
2024-01-29,81539,München,3000.0,Non-Bonus,42,EUR,86.71499999999999
2024-01-29,10115,Berlin,4250.0,Non-Bonus,35,EUR,118.9875
2024-01-29,81539,München,4250.0,Non-Bonus,46,EUR,119.71083333333333
2024-01-29,10115,Berlin,5000.0,Non-Bonus,41,EUR,142.185
2024-01-29,81539,München,5000.0,Non-Bonus,5,EUR,118.20833333333333
2024-01-29,81539,München,5000.0,Non-Bonus,16,EUR,128.49583333333334
2024-01-29,81539,München,4000.0,Non-Bonus,10,EUR,100.91583333333334
2024-01-29,81539,München,4000.0,Non-Bonus,26,EUR,108.42083333333333
2024-01-29,81539,München,4000.0,Non-Bonus,35,EUR,110.4225
2024-01-29,10115,Berlin,4500.0,Non-Bonus,2,EUR,96.25916666666666
2024-01-29,10115,Berlin,2500.0,Non-Bonus,3,EUR,61.17083333333333
2024-01-29,10115,Berlin,2500.0,Non-Bonus,29,EUR,72.52499999999999
2024-01-29,10115,Berlin,2500.0,Non-Bonus,44,EUR,75.55
2024-01-29,10115,Berlin,1000.0,Non-Bonus,42,EUR,36.791666666666664
2024-01-29,81539,München,1000.0,Non-Bonus,4,EUR,33.288333333333334
2024-01-29,81539,München,1000.0,Non-Bonus,30,EUR,36.07666666666667
2024-01-29,81539,München,1000.0,Non-Bonus,45,EUR,37.41833333333333
2024-01-29,10115,Berlin,500.0,Bonus,9,EUR,19.911666666666665
2024-01-29,81539,München,500.0,Bonus,12,EUR,20.474999999999998
2024-01-29,81539,München,500.0,Bonus,15,EUR,21.55666666666667
2024-01-29,81539,München,500.0,Bonus,16,EUR,21.564166666666665
2024-01-29,81539,München,500.0,Bonus,19,EUR,22.129166666666666
2024-01-29,10115,Berlin,500.0,Non-Bonus,13,EUR,22.394166666666667
2024-01-29,10115,Berlin,1500.0,Bonus,22,EUR,40.525
2024-01-29,10115,Berlin,1500.0,Bonus,36,EUR,45.784166666666664
2024-01-29,10115,Berlin,1500.0,Bonus,37,EUR,45.79
2024-01-29,81539,München,1500.0,Bonus,34,EUR,44.928333333333335
2024-01-29,81539,München,1500.0,Bonus,48,EUR,46.225833333333334
2024-01-29,81539,München,1500.0,Bonus,49,EUR,46.5875
2024-01-29,10115,Berlin,4250.0,Bonus,4,EUR,95.06416666666667
2024-01-29,10115,Berlin,4250.0,Bonus,30,EUR,107.6875
2024-01-29,10115,Berlin,4250.0,Bonus,37,EUR,109.36416666666666
2024-01-29,81539,München,4250.0,Bonus,13,EUR,99.9375
2024-01-29,81539,München,4250.0,Bonus,22,EUR,101.54416666666667
2024-01-29,81539,München,4250.0,Bonus,43,EUR,110.30916666666667
2024-01-29,10115,Berlin,3500.0,Bonus,11,EUR,79.96249999999999
2024-01-29,10115,Berlin,3500.0,Bonus,41,EUR,91.25
2024-01-29,81539,München,3500.0,Bonus,45,EUR,92.79583333333333
2024-01-29,81539,München,4000.0,Bonus,42,EUR,103.74416666666667
2024-01-29,81539,München,4500.0,Bonus,29,EUR,110.22583333333334
2024-01-29,10115,Berlin,2500.0,Bonus,16,EUR,59.135
2024-01-29,81539,München,2500.0,Bonus,6,EUR,56.66916666666666
2024-01-29,81539,München,2500.0,Bonus,24,EUR,60.428333333333335
2024-01-29,81539,München,2500.0,Bonus,33,EUR,64.57000000000001
2024-01-29,10115,Berlin,2000.0,Bonus,17,EUR,48.6
2024-01-29,10115,Berlin,2000.0,Bonus,50,EUR,59.24583333333334
2024-01-29,81539,München,2000.0,Bonus,16,EUR,48.97333333333333
2024-01-29,81539,München,2000.0,Bonus,17,EUR,48.97416666666667
2024-01-29,81539,München,2000.0,Bonus,18,EUR,49.07833333333334
2024-01-29,81539,München,2000.0,Bonus,28,EUR,52.369166666666665
2024-01-29,81539,München,2000.0,Bonus,48,EUR,58.5325
2024-01-29,81539,München,5000.0,Bonus,2,EUR,99.20833333333333
2024-01-29,81539,München,5000.0,Bonus,5,EUR,112.4575
2024-01-29,81539,München,5000.0,Bonus,29,EUR,124.20666666666666
2024-01-29,10115,Berlin,3500.0,Non-Bonus,6,EUR,89.41250000000001
2024-01-29,81539,München,3500.0,Non-Bonus,6,EUR,87.69166666666666
2024-01-29,81539,München,3500.0,Non-Bonus,31,EUR,97.325
2024-01-29,81539,München,3500.0,Non-Bonus,35,EUR,97.99416666666667
2024-01-29,81539,München,3500.0,Non-Bonus,36,EUR,98.16000000000001
2024-01-29,81539,München,1000.0,Bonus,44,EUR,34.361666666666665
2024-01-29,10115,Berlin,1500.0,Non-Bonus,8,EUR,45.949999999999996
2024-01-29,10115,Berlin,1500.0,Non-Bonus,24,EUR,47.32916666666667
2024-01-29,81539,München,1500.0,Non-Bonus,12,EUR,46.034166666666664
2024-01-29,81539,München,1500.0,Non-Bonus,26,EUR,46.955000000000005
2024-01-29,10115,Berlin,2000.0,Non-Bonus,10,EUR,58.37416666666667
2024-01-29,10115,Berlin,2000.0,Non-Bonus,11,EUR,58.39166666666667
2024-01-29,10115,Berlin,2000.0,Non-Bonus,18,EUR,59.16166666666667
2024-01-29,10115,Berlin,2000.0,Non-Bonus,36,EUR,61.60166666666667
2024-01-29,81539,München,2000.0,Non-Bonus,26,EUR,59.04750000000001
2024-01-29,81539,München,2000.0,Non-Bonus,38,EUR,61.17416666666667
2024-01-29,81539,München,3000.0,Non-Bonus,2,EUR,66.13416666666667
2024-01-29,81539,München,3000.0,Non-Bonus,7,EUR,78.175
2024-01-29,81539,München,3000.0,Non-Bonus,27,EUR,84.2925
2024-01-29,81539,München,3000.0,Non-Bonus,31,EUR,84.58416666666666
2024-01-29,10115,Berlin,4250.0,Non-Bonus,15,EUR,112.16666666666667
2024-01-29,81539,München,5000.0,Non-Bonus,33,EUR,136.75333333333333
2024-01-29,10115,Berlin,4000.0,Non-Bonus,40,EUR,113.46833333333332
2024-01-29,10115,Berlin,4500.0,Non-Bonus,40,EUR,127.8575
2024-01-29,10115,Berlin,4500.0,Non-Bonus,45,EUR,128.93166666666667
2024-01-29,81539,München,4500.0,Non-Bonus,45,EUR,126.21499999999999
2024-01-29,81539,München,4500.0,Non-Bonus,48,EUR,127.2975
2024-01-29,10115,Berlin,2500.0,Non-Bonus,38,EUR,74.30583333333333
2024-01-29,10115,Berlin,2500.0,Non-Bonus,48,EUR,76.35833333333333
2024-01-29,81539,München,2500.0,Non-Bonus,11,EUR,68.05333333333333
2024-01-29,81539,München,2500.0,Non-Bonus,33,EUR,71.7825
2024-01-29,81539,München,2500.0,Non-Bonus,41,EUR,74.07083333333334
2024-01-29,10115,Berlin,1000.0,Non-Bonus,34,EUR,36.52833333333333
2024-01-29,10115,Berlin,500.0,Bonus,14,EUR,21.06833333333333
2024-01-29,10115,Berlin,500.0,Bonus,15,EUR,21.305833333333332
2024-01-29,81539,München,500.0,Bonus,35,EUR,23.319999999999997
2024-01-29,81539,München,500.0,Bonus,42,EUR,24.578333333333333
2024-01-29,10115,Berlin,500.0,Non-Bonus,12,EUR,22.048333333333332
2024-01-29,81539,München,500.0,Non-Bonus,14,EUR,22.645
2024-01-29,81539,München,500.0,Non-Bonus,39,EUR,24.978333333333335
2024-01-29,81539,München,1500.0,Bonus,24,EUR,40.395833333333336
2024-01-29,81539,München,4250.0,Bonus,11,EUR,99.58333333333333
2024-01-29,81539,München,3000.0,Bonus,23,EUR,71.78083333333333
2024-01-29,81539,München,3000.0,Bonus,38,EUR,78.95666666666666
2024-01-29,10115,Berlin,3500.0,Bonus,27,EUR,88.15833333333335
2024-01-29,81539,München,3500.0,Bonus,22,EUR,83.01916666666666
2024-01-29,81539,München,3500.0,Bonus,27,EUR,86.2675
2024-01-29,10115,Berlin,4000.0,Bonus,1,EUR,85.26666666666667
2024-01-29,10115,Berlin,4000.0,Bonus,7,EUR,90.27666666666666
2024-01-29,10115,Berlin,4000.0,Bonus,30,EUR,100.77333333333333
2024-01-29,81539,München,4000.0,Bonus,43,EUR,103.88083333333333
2024-01-29,10115,Berlin,4500.0,Bonus,42,EUR,117.59166666666665
2024-01-29,10115,Berlin,2500.0,Bonus,12,EUR,58.25
2024-01-29,10115,Berlin,2500.0,Bonus,18,EUR,59.78333333333333
2024-01-29,10115,Berlin,2500.0,Bonus,21,EUR,61.11416666666667
2024-01-29,10115,Berlin,2500.0,Bonus,36,EUR,67.24833333333333
2024-01-29,10115,Berlin,2000.0,Bonus,10,EUR,48.47
2024-01-29,10115,Berlin,2000.0,Bonus,15,EUR,48.583333333333336
2024-01-29,10115,Berlin,2000.0,Bonus,35,EUR,55.34
2024-01-29,10115,Berlin,2000.0,Bonus,47,EUR,58.73583333333334
2024-01-29,10115,Berlin,5000.0,Bonus,15,EUR,120.96749999999999
2024-01-29,10115,Berlin,5000.0,Bonus,33,EUR,127.83333333333333
2024-01-29,81539,München,5000.0,Bonus,23,EUR,120.77499999999999
2024-01-29,81539,München,5000.0,Bonus,26,EUR,122.09916666666668
2024-01-29,10115,Berlin,3500.0,Non-Bonus,31,EUR,99.1175
2024-01-29,10115,Berlin,3500.0,Non-Bonus,42,EUR,100.65833333333335
2024-01-29,81539,München,3500.0,Non-Bonus,32,EUR,97.33
2024-01-29,10115,Berlin,1000.0,Bonus,4,EUR,28.67
2024-01-29,10115,Berlin,1500.0,Non-Bonus,14,EUR,46.659166666666664
2024-01-29,10115,Berlin,1500.0,Non-Bonus,32,EUR,48.62916666666666
2024-01-29,10115,Berlin,1500.0,Non-Bonus,41,EUR,49.86416666666667
2024-01-29,81539,München,1500.0,Non-Bonus,1,EUR,38.645
2024-01-29,10115,Berlin,2000.0,Non-Bonus,31,EUR,60.07416666666666
2024-01-29,10115,Berlin,2000.0,Non-Bonus,37,EUR,61.86083333333334
2024-01-29,81539,München,2000.0,Non-Bonus,10,EUR,57.20333333333334
2024-01-29,81539,München,2000.0,Non-Bonus,45,EUR,62.556666666666665
2024-01-29,10115,Berlin,3000.0,Non-Bonus,15,EUR,81.73916666666666
2024-01-29,81539,München,3000.0,Non-Bonus,6,EUR,77.97416666666668
2024-01-29,81539,München,3000.0,Non-Bonus,28,EUR,84.3025
2024-01-29,81539,München,3000.0,Non-Bonus,43,EUR,86.79916666666666
2024-01-29,10115,Berlin,4250.0,Non-Bonus,23,EUR,115.25083333333333
2024-01-29,10115,Berlin,4250.0,Non-Bonus,28,EUR,118.03250000000001
2024-01-29,81539,München,4250.0,Non-Bonus,7,EUR,103.13166666666666
2024-01-29,81539,München,4250.0,Non-Bonus,36,EUR,116.695
2024-01-29,10115,Berlin,5000.0,Non-Bonus,44,EUR,142.92583333333332
2024-01-29,81539,München,5000.0,Non-Bonus,13,EUR,127.31833333333333
2024-01-29,10115,Berlin,4500.0,Non-Bonus,48,EUR,129.99166666666667
2024-01-29,10115,Berlin,2500.0,Non-Bonus,14,EUR,70.3125
2024-01-29,10115,Berlin,2500.0,Non-Bonus,18,EUR,70.81
2024-01-29,10115,Berlin,2500.0,Non-Bonus,19,EUR,70.88416666666667
2024-01-29,81539,München,2500.0,Non-Bonus,4,EUR,65.68666666666667
2024-01-29,81539,München,2500.0,Non-Bonus,16,EUR,69.41583333333334
2024-01-29,81539,München,2500.0,Non-Bonus,28,EUR,71.27916666666667
2024-01-29,10115,Berlin,1000.0,Non-Bonus,25,EUR,35.343333333333334
2024-01-29,81539,München,1000.0,Non-Bonus,27,EUR,35.45666666666667
2024-01-29,10115,Berlin,500.0,Bonus,31,EUR,22.846666666666668
2024-01-29,81539,München,500.0,Bonus,5,EUR,19.4775
2024-01-29,81539,München,500.0,Bonus,8,EUR,20.195
2024-01-29,81539,München,500.0,Bonus,29,EUR,23.0175
2024-01-29,10115,Berlin,500.0,Non-Bonus,7,EUR,21.679166666666664
2024-01-29,10115,Berlin,500.0,Non-Bonus,18,EUR,22.808333333333334
2024-01-29,81539,München,500.0,Non-Bonus,50,EUR,27.184166666666666
