report_date,postcode,location_name,annual_consumption_in_kWh,market,ranking,currency,gross_price_per_month
2024-01-01,10115,Berlin,1500.0,Bonus,26,EUR,45.130833333333335
2024-01-01,10115,Berlin,1500.0,Bonus,33,EUR,46.58083333333334
2024-01-01,81539,München,1500.0,Bonus,36,EUR,45.854166666666664
2024-01-01,81539,München,1500.0,Bonus,47,EUR,48.6975
2024-01-01,10115,Berlin,2500.0,Non-Bonus,34,EUR,77.29166666666667
2024-01-01,81539,München,2500.0,Non-Bonus,30,EUR,74.92083333333333
2024-01-01,81539,München,2500.0,Non-Bonus,37,EUR,75.97916666666667
2024-01-01,10115,Berlin,3500.0,Non-Bonus,10,EUR,96.64583333333333
2024-01-01,10115,Berlin,3500.0,Non-Bonus,27,EUR,103.57083333333333
2024-01-01,10115,Berlin,3500.0,Non-Bonus,32,EUR,104.1875
2024-01-01,10115,Berlin,3500.0,Non-Bonus,46,EUR,106.36
2024-01-01,81539,München,3500.0,Non-Bonus,13,EUR,95.4975
2024-01-01,10115,Berlin,1000.0,Bonus,4,EUR,29.885
2024-01-01,10115,Berlin,1000.0,Bonus,33,EUR,35.345
2024-01-01,10115,Berlin,1000.0,Bonus,43,EUR,36.910833333333336
2024-01-01,81539,München,1000.0,Bonus,16,EUR,31.985833333333332
2024-01-01,10115,Berlin,3000.0,Non-Bonus,13,EUR,85.83749999999999
2024-01-01,10115,Berlin,3000.0,Non-Bonus,23,EUR,89.45166666666667
2024-01-01,10115,Berlin,3000.0,Non-Bonus,39,EUR,91.41666666666667
2024-01-01,10115,Berlin,3000.0,Non-Bonus,44,EUR,92.52499999999999
2024-01-01,10115,Berlin,2000.0,Non-Bonus,15,EUR,61.69166666666666
2024-01-01,10115,Berlin,2000.0,Non-Bonus,32,EUR,63.76916666666667
2024-01-01,10115,Berlin,2000.0,Non-Bonus,44,EUR,65.05333333333333
2024-01-01,10115,Berlin,1500.0,Non-Bonus,9,EUR,46.58083333333334
2024-01-01,10115,Berlin,1500.0,Non-Bonus,18,EUR,49.38583333333333
2024-01-01,10115,Berlin,1500.0,Non-Bonus,22,EUR,49.93333333333334
2024-01-01,10115,Berlin,1500.0,Non-Bonus,29,EUR,50.237500000000004
2024-01-01,10115,Berlin,1500.0,Non-Bonus,37,EUR,50.64166666666667
2024-01-01,10115,Berlin,4500.0,Non-Bonus,26,EUR,130.1875
2024-01-01,10115,Berlin,4500.0,Non-Bonus,27,EUR,130.5875
2024-01-01,81539,München,4500.0,Non-Bonus,27,EUR,125.73
2024-01-01,10115,Berlin,1000.0,Non-Bonus,22,EUR,36.9425
2024-01-01,10115,Berlin,1000.0,Non-Bonus,30,EUR,37.5325
2024-01-01,10115,Berlin,1000.0,Non-Bonus,34,EUR,37.725
2024-01-01,81539,München,1000.0,Non-Bonus,25,EUR,36.62833333333334
2024-01-01,10115,Berlin,5000.0,Non-Bonus,36,EUR,145.94833333333335
2024-01-01,10115,Berlin,5000.0,Non-Bonus,43,EUR,146.6225
2024-01-01,81539,München,5000.0,Non-Bonus,7,EUR,125.86
2024-01-01,81539,München,5000.0,Non-Bonus,28,EUR,138.55583333333334
2024-01-01,10115,Berlin,4250.0,Non-Bonus,19,EUR,120.98333333333333
2024-01-01,10115,Berlin,4250.0,Non-Bonus,37,EUR,125.5225
2024-01-01,10115,Berlin,4250.0,Non-Bonus,46,EUR,127.01333333333334
2024-01-01,10115,Berlin,4250.0,Non-Bonus,50,EUR,127.63333333333333
2024-01-01,81539,München,4250.0,Non-Bonus,7,EUR,108.98416666666667
2024-01-01,81539,München,4250.0,Non-Bonus,14,EUR,114.3175
2024-01-01,81539,München,4250.0,Non-Bonus,18,EUR,114.69749999999999
2024-01-01,81539,München,4250.0,Non-Bonus,23,EUR,117.3725
2024-01-01,10115,Berlin,4000.0,Non-Bonus,30,EUR,117.43333333333334
2024-01-01,10115,Berlin,4000.0,Non-Bonus,43,EUR,119.27499999999999
2024-01-01,10115,Berlin,4000.0,Non-Bonus,50,EUR,120.46666666666665
2024-01-01,81539,München,4000.0,Non-Bonus,3,EUR,84.56833333333334
2024-01-01,81539,München,4000.0,Non-Bonus,40,EUR,115.97916666666667
2024-01-01,10115,Berlin,2500.0,Non-Bonus,15,EUR,74.45916666666666
2024-01-01,10115,Berlin,2500.0,Non-Bonus,22,EUR,76.26416666666667
2024-01-01,10115,Berlin,3500.0,Non-Bonus,9,EUR,96.04333333333334
2024-01-01,81539,München,3500.0,Non-Bonus,33,EUR,101.44583333333333
2024-01-01,81539,München,3500.0,Non-Bonus,42,EUR,102.78666666666668
2024-01-01,10115,Berlin,1000.0,Bonus,17,EUR,32.585
2024-01-01,81539,München,1000.0,Bonus,29,EUR,34.06583333333334
2024-01-01,10115,Berlin,3000.0,Non-Bonus,16,EUR,87.24166666666667
2024-01-01,81539,München,3000.0,Non-Bonus,5,EUR,79.21249999999999
2024-01-01,81539,München,3000.0,Non-Bonus,29,EUR,87.54166666666667
2024-01-01,81539,München,3000.0,Non-Bonus,35,EUR,88.71249999999999
2024-01-01,10115,Berlin,2000.0,Non-Bonus,7,EUR,57.85916666666666
2024-01-01,10115,Berlin,2000.0,Non-Bonus,38,EUR,64.36
2024-01-01,81539,München,2000.0,Non-Bonus,39,EUR,63.01666666666667
2024-01-01,10115,Berlin,1500.0,Non-Bonus,2,EUR,38.7525
2024-01-01,10115,Berlin,1500.0,Non-Bonus,5,EUR,45.130833333333335
2024-01-01,10115,Berlin,1500.0,Non-Bonus,20,EUR,49.88916666666666
2024-01-01,10115,Berlin,1500.0,Non-Bonus,31,EUR,50.335
2024-01-01,10115,Berlin,1500.0,Non-Bonus,41,EUR,51.31916666666667
2024-01-01,81539,München,1500.0,Non-Bonus,3,EUR,38.685833333333335
2024-01-01,81539,München,1500.0,Non-Bonus,11,EUR,45.3975
2024-01-01,81539,München,4500.0,Non-Bonus,16,EUR,120.44583333333333
2024-01-01,81539,München,4500.0,Non-Bonus,21,EUR,122.8675
2024-01-01,81539,München,4500.0,Non-Bonus,30,EUR,125.92750000000001
2024-01-01,81539,München,4500.0,Non-Bonus,46,EUR,130.15916666666666
2024-01-01,10115,Berlin,1000.0,Non-Bonus,23,EUR,37.026666666666664
2024-01-01,81539,München,1000.0,Non-Bonus,41,EUR,37.836666666666666
2024-01-01,81539,München,5000.0,Non-Bonus,3,EUR,102.92166666666667
2024-01-01,10115,Berlin,4250.0,Non-Bonus,20,EUR,122.2275
2024-01-01,10115,Berlin,4250.0,Non-Bonus,29,EUR,124.08333333333333
2024-01-01,10115,Berlin,4250.0,Non-Bonus,33,EUR,124.79083333333334
2024-01-01,81539,München,4250.0,Non-Bonus,20,EUR,116.2675
2024-01-01,81539,München,4250.0,Non-Bonus,30,EUR,119.5
2024-01-01,10115,Berlin,4000.0,Non-Bonus,18,EUR,113.96666666666665
2024-01-01,10115,Berlin,4000.0,Non-Bonus,24,EUR,115.82666666666667
2024-01-01,81539,München,4000.0,Non-Bonus,36,EUR,114.95416666666667
2024-01-01,10115,Berlin,1500.0,Bonus,29,EUR,46.03333333333333
2024-01-01,81539,München,1500.0,Bonus,13,EUR,40.931666666666665
2024-01-01,81539,München,1500.0,Bonus,22,EUR,42.737500000000004
2024-01-01,81539,München,1500.0,Bonus,26,EUR,43.711666666666666
2024-01-01,10115,Berlin,2500.0,Non-Bonus,13,EUR,73.13333333333334
2024-01-01,10115,Berlin,2500.0,Non-Bonus,19,EUR,75.63416666666667
2024-01-01,10115,Berlin,2500.0,Non-Bonus,33,EUR,77.21249999999999
2024-01-01,10115,Berlin,2500.0,Non-Bonus,39,EUR,77.73666666666666
2024-01-01,10115,Berlin,3500.0,Non-Bonus,19,EUR,101.83916666666666
2024-01-01,10115,Berlin,3500.0,Non-Bonus,29,EUR,103.795
2024-01-01,81539,München,3500.0,Non-Bonus,27,EUR,99.86083333333333
2024-01-01,10115,Berlin,1000.0,Bonus,11,EUR,31.12
2024-01-01,10115,Berlin,1000.0,Bonus,21,EUR,33.416666666666664
2024-01-01,81539,München,1000.0,Bonus,44,EUR,36.59666666666667
2024-01-01,10115,Berlin,3000.0,Non-Bonus,14,EUR,85.9775
2024-01-01,81539,München,3000.0,Non-Bonus,1,EUR,62.580000000000005
2024-01-01,10115,Berlin,2000.0,Non-Bonus,9,EUR,58.85666666666666
2024-01-01,10115,Berlin,2000.0,Non-Bonus,17,EUR,61.94583333333333
2024-01-01,81539,München,2000.0,Non-Bonus,2,EUR,47.80833333333334
2024-01-01,81539,München,2000.0,Non-Bonus,7,EUR,56.10333333333333
2024-01-01,81539,München,2000.0,Non-Bonus,23,EUR,61.27
2024-01-01,81539,München,2000.0,Non-Bonus,35,EUR,62.840833333333336
2024-01-01,10115,Berlin,1500.0,Non-Bonus,4,EUR,44.85333333333333
2024-01-01,10115,Berlin,1500.0,Non-Bonus,13,EUR,48.495000000000005
2024-01-01,10115,Berlin,1500.0,Non-Bonus,33,EUR,50.40083333333333
2024-01-01,81539,München,1500.0,Non-Bonus,24,EUR,48.84916666666667
2024-01-01,81539,München,4500.0,Non-Bonus,9,EUR,118.78416666666668
2024-01-01,81539,München,4500.0,Non-Bonus,10,EUR,119.36166666666666
2024-01-01,81539,München,4500.0,Non-Bonus,37,EUR,128.3325
2024-01-01,10115,Berlin,1000.0,Non-Bonus,25,EUR,37.12916666666667
2024-01-01,81539,München,1000.0,Non-Bonus,19,EUR,36.025
2024-01-01,81539,München,1000.0,Non-Bonus,37,EUR,37.541666666666664
2024-01-01,10115,Berlin,5000.0,Non-Bonus,23,EUR,142.5925
2024-01-01,10115,Berlin,5000.0,Non-Bonus,50,EUR,148.1
2024-01-01,81539,München,5000.0,Non-Bonus,43,EUR,142.69916666666668
2024-01-01,10115,Berlin,4250.0,Non-Bonus,28,EUR,123.95083333333334
2024-01-01,81539,München,4250.0,Non-Bonus,44,EUR,123.11166666666666
2024-01-01,10115,Berlin,4000.0,Non-Bonus,11,EUR,109.39999999999999
2024-01-01,10115,Berlin,4000.0,Non-Bonus,31,EUR,117.52166666666666
2024-01-01,81539,München,4000.0,Non-Bonus,15,EUR,108.18916666666667
2024-01-01,10115,Berlin,1500.0,Bonus,6,EUR,39.02
2024-01-01,10115,Berlin,1500.0,Bonus,8,EUR,39.27916666666667
2024-01-01,10115,Berlin,1500.0,Bonus,21,EUR,43.56583333333333
2024-01-01,10115,Berlin,1500.0,Bonus,30,EUR,46.17083333333333
2024-01-01,81539,München,1500.0,Bonus,48,EUR,48.715833333333336
2024-01-01,10115,Berlin,2500.0,Non-Bonus,9,EUR,70.53916666666667
2024-01-01,81539,München,2500.0,Non-Bonus,26,EUR,74.47916666666667
2024-01-01,10115,Berlin,3500.0,Non-Bonus,23,EUR,102.63916666666667
2024-01-01,10115,Berlin,3500.0,Non-Bonus,28,EUR,103.75833333333333
2024-01-01,81539,München,3500.0,Non-Bonus,10,EUR,93.77
2024-01-01,81539,München,3500.0,Non-Bonus,12,EUR,95.47916666666667
2024-01-01,81539,München,3500.0,Non-Bonus,22,EUR,97.74583333333334
2024-01-01,10115,Berlin,1000.0,Bonus,20,EUR,33.07416666666666
2024-01-01,81539,München,1000.0,Bonus,22,EUR,32.791666666666664
2024-01-01,81539,München,3000.0,Non-Bonus,17,EUR,84.46583333333334
2024-01-01,81539,München,3000.0,Non-Bonus,41,EUR,89.54916666666666
2024-01-01,10115,Berlin,2000.0,Non-Bonus,41,EUR,64.8075
2024-01-01,10115,Berlin,2000.0,Non-Bonus,49,EUR,65.61666666666666
2024-01-01,81539,München,2000.0,Non-Bonus,6,EUR,56.10333333333333
2024-01-01,81539,München,1500.0,Non-Bonus,22,EUR,48.384166666666665
2024-01-01,10115,Berlin,1000.0,Non-Bonus,4,EUR,33.07416666666666
2024-01-01,10115,Berlin,1000.0,Non-Bonus,5,EUR,33.97666666666667
2024-01-01,81539,München,1000.0,Non-Bonus,22,EUR,36.527499999999996
2024-01-01,81539,München,1000.0,Non-Bonus,40,EUR,37.7825
2024-01-01,10115,Berlin,5000.0,Non-Bonus,18,EUR,139.85333333333332
2024-01-01,81539,München,5000.0,Non-Bonus,17,EUR,133.42416666666665
2024-01-01,81539,München,5000.0,Non-Bonus,34,EUR,140.01416666666668
2024-01-01,10115,Berlin,4250.0,Non-Bonus,26,EUR,123.53083333333332
2024-01-01,10115,Berlin,4250.0,Non-Bonus,38,EUR,125.815
2024-01-01,81539,München,4250.0,Non-Bonus,16,EUR,114.3575
2024-01-01,81539,München,4250.0,Non-Bonus,41,EUR,122.65333333333332
2024-01-01,81539,München,4000.0,Non-Bonus,21,EUR,109.97416666666668
2024-01-01,81539,München,4000.0,Non-Bonus,46,EUR,116.62
2024-01-01,81539,München,1500.0,Bonus,27,EUR,43.975833333333334
2024-01-01,81539,München,1500.0,Bonus,45,EUR,48.04666666666666
2024-01-01,10115,Berlin,2500.0,Non-Bonus,25,EUR,76.55666666666666
2024-01-01,81539,München,2500.0,Non-Bonus,3,EUR,57.03916666666667
2024-01-01,81539,München,2500.0,Non-Bonus,27,EUR,74.54333333333334
2024-01-01,10115,Berlin,3500.0,Non-Bonus,2,EUR,77.09
2024-01-01,10115,Berlin,3500.0,Non-Bonus,4,EUR,93.1475
2024-01-01,81539,München,3500.0,Non-Bonus,7,EUR,91.41666666666667
2024-01-01,10115,Berlin,3000.0,Non-Bonus,48,EUR,92.825
2024-01-01,81539,München,3000.0,Non-Bonus,16,EUR,84.45416666666667
2024-01-01,81539,München,2000.0,Non-Bonus,20,EUR,60.61666666666667
2024-01-01,81539,München,2000.0,Non-Bonus,31,EUR,62.27
2024-01-01,81539,München,2000.0,Non-Bonus,32,EUR,62.33083333333334
2024-01-01,81539,München,1500.0,Non-Bonus,15,EUR,46.95083333333333
2024-01-01,81539,München,1500.0,Non-Bonus,40,EUR,50.574999999999996
2024-01-01,10115,Berlin,4500.0,Non-Bonus,11,EUR,122.85916666666667
2024-01-01,10115,Berlin,4500.0,Non-Bonus,49,EUR,134.2875
2024-01-01,81539,München,4500.0,Non-Bonus,36,EUR,128.2825
2024-01-01,10115,Berlin,1000.0,Non-Bonus,8,EUR,34.73166666666666
2024-01-01,81539,München,1000.0,Non-Bonus,23,EUR,36.594166666666666
2024-01-01,10115,Berlin,5000.0,Non-Bonus,3,EUR,108.49166666666667
2024-01-01,10115,Berlin,5000.0,Non-Bonus,39,EUR,146.32833333333335
2024-01-01,10115,Berlin,5000.0,Non-Bonus,49,EUR,147.86666666666667
2024-01-01,81539,München,5000.0,Non-Bonus,15,EUR,132.70250000000001
2024-01-01,81539,München,5000.0,Non-Bonus,46,EUR,143.165
2024-01-01,10115,Berlin,4250.0,Non-Bonus,32,EUR,124.53250000000001
2024-01-01,10115,Berlin,4250.0,Non-Bonus,45,EUR,126.95166666666667
2024-01-01,81539,München,4250.0,Non-Bonus,33,EUR,120.545
2024-01-01,10115,Berlin,4000.0,Non-Bonus,23,EUR,115.77916666666665
2024-01-01,10115,Berlin,4000.0,Non-Bonus,33,EUR,117.675
2024-01-01,81539,München,4000.0,Non-Bonus,13,EUR,108.04916666666666
2024-01-01,81539,München,4000.0,Non-Bonus,28,EUR,112.89916666666666
2024-01-01,10115,Berlin,1500.0,Bonus,3,EUR,38.3425
2024-01-01,10115,Berlin,1500.0,Bonus,48,EUR,49.07583333333333
2024-01-01,81539,München,1500.0,Bonus,11,EUR,38.645
2024-01-01,81539,München,1500.0,Bonus,46,EUR,48.384166666666665
2024-01-01,10115,Berlin,2500.0,Non-Bonus,43,EUR,78.4375
2024-01-01,10115,Berlin,3500.0,Non-Bonus,7,EUR,94.70083333333334
2024-01-01,10115,Berlin,3500.0,Non-Bonus,16,EUR,100.5125
2024-01-01,81539,München,1000.0,Bonus,9,EUR,29.608333333333334
2024-01-01,10115,Berlin,3000.0,Non-Bonus,40,EUR,91.575
2024-01-01,10115,Berlin,3000.0,Non-Bonus,47,EUR,92.66833333333334
2024-01-01,81539,München,3000.0,Non-Bonus,23,EUR,85.65249999999999
2024-01-01,81539,München,3000.0,Non-Bonus,34,EUR,88.585
2024-01-01,10115,Berlin,2000.0,Non-Bonus,11,EUR,59.501666666666665
2024-01-01,81539,München,2000.0,Non-Bonus,18,EUR,60.00333333333333
2024-01-01,81539,München,2000.0,Non-Bonus,26,EUR,61.2875
2024-01-01,81539,München,2000.0,Non-Bonus,43,EUR,63.943333333333335
2024-01-01,10115,Berlin,1500.0,Non-Bonus,10,EUR,46.59
2024-01-01,10115,Berlin,1500.0,Non-Bonus,40,EUR,51.2825
2024-01-01,10115,Berlin,1500.0,Non-Bonus,45,EUR,51.75
2024-01-01,81539,München,1500.0,Non-Bonus,2,EUR,38.645
2024-01-01,10115,Berlin,4500.0,Non-Bonus,18,EUR,126.96833333333332
2024-01-01,81539,München,4500.0,Non-Bonus,42,EUR,129.3325
2024-01-01,81539,München,1000.0,Non-Bonus,7,EUR,33.31333333333333
2024-01-01,81539,München,1000.0,Non-Bonus,12,EUR,35.12833333333334
2024-01-01,81539,München,1000.0,Non-Bonus,14,EUR,35.291666666666664
2024-01-01,81539,München,1000.0,Non-Bonus,47,EUR,38.2325
2024-01-01,10115,Berlin,5000.0,Non-Bonus,22,EUR,142.2125
2024-01-01,10115,Berlin,4000.0,Non-Bonus,17,EUR,113.44666666666666
2024-01-01,81539,München,4000.0,Non-Bonus,9,EUR,106.08666666666666
2024-01-01,10115,Berlin,1500.0,Bonus,20,EUR,43.39083333333334
2024-01-01,81539,München,1500.0,Bonus,6,EUR,38.54416666666666
2024-01-01,10115,Berlin,2500.0,Non-Bonus,6,EUR,70.35916666666667
2024-01-01,10115,Berlin,2500.0,Non-Bonus,37,EUR,77.57833333333333
2024-01-01,81539,München,2500.0,Non-Bonus,4,EUR,66.51333333333334
2024-01-01,81539,München,2500.0,Non-Bonus,40,EUR,76.28666666666668
2024-01-01,81539,München,3500.0,Non-Bonus,26,EUR,99.56
2024-01-01,10115,Berlin,1000.0,Bonus,5,EUR,29.915833333333335
2024-01-01,10115,Berlin,1000.0,Bonus,12,EUR,31.295
2024-01-01,10115,Berlin,1000.0,Bonus,15,EUR,32.17
2024-01-01,10115,Berlin,1000.0,Bonus,24,EUR,33.7475
2024-01-01,10115,Berlin,1000.0,Bonus,26,EUR,33.97666666666667
2024-01-01,81539,München,1000.0,Bonus,28,EUR,33.8275
2024-01-01,81539,München,1000.0,Bonus,35,EUR,35.14083333333333
2024-01-01,10115,Berlin,3000.0,Non-Bonus,6,EUR,82.45916666666666
2024-01-01,10115,Berlin,3000.0,Non-Bonus,15,EUR,86.10583333333334
2024-01-01,10115,Berlin,3000.0,Non-Bonus,28,EUR,90.2625
2024-01-01,10115,Berlin,2000.0,Non-Bonus,40,EUR,64.78750000000001
2024-01-01,10115,Berlin,2000.0,Non-Bonus,43,EUR,65.02166666666666
2024-01-01,81539,München,2000.0,Non-Bonus,49,EUR,64.92166666666667
2024-01-01,10115,Berlin,1500.0,Non-Bonus,28,EUR,50.237500000000004
2024-01-01,10115,Berlin,1500.0,Non-Bonus,32,EUR,50.3375
2024-01-01,10115,Berlin,4500.0,Non-Bonus,29,EUR,130.68166666666667
2024-01-01,10115,Berlin,4500.0,Non-Bonus,41,EUR,132.75416666666666
2024-01-01,10115,Berlin,1000.0,Non-Bonus,1,EUR,29.1675
2024-01-01,10115,Berlin,1000.0,Non-Bonus,13,EUR,36.175000000000004
2024-01-01,81539,München,1000.0,Non-Bonus,30,EUR,37.274166666666666
2024-01-01,81539,München,1000.0,Non-Bonus,45,EUR,38.149166666666666
2024-01-01,81539,München,1000.0,Non-Bonus,49,EUR,38.415
2024-01-01,10115,Berlin,5000.0,Non-Bonus,26,EUR,143.49583333333334
2024-01-01,10115,Berlin,5000.0,Non-Bonus,33,EUR,145.30333333333334
2024-01-01,81539,München,5000.0,Non-Bonus,40,EUR,142.44083333333333
2024-01-01,10115,Berlin,4250.0,Non-Bonus,16,EUR,118.65249999999999
2024-01-01,81539,München,4250.0,Non-Bonus,17,EUR,114.39166666666667
2024-01-01,81539,München,4000.0,Non-Bonus,31,EUR,113.24833333333333
2024-01-01,81539,München,2500.0,Non-Bonus,42,EUR,76.29583333333333
2024-01-01,10115,Berlin,3500.0,Non-Bonus,12,EUR,96.66916666666667
2024-01-01,81539,München,3500.0,Non-Bonus,6,EUR,90.87416666666667
2024-01-01,10115,Berlin,1000.0,Bonus,3,EUR,29.875
2024-01-01,10115,Berlin,1000.0,Bonus,37,EUR,36.568333333333335
2024-01-01,81539,München,1000.0,Bonus,6,EUR,29.497500000000002
2024-01-01,81539,München,1000.0,Bonus,10,EUR,29.775000000000002
2024-01-01,81539,München,1000.0,Bonus,13,EUR,30.503333333333334
2024-01-01,81539,München,1000.0,Bonus,19,EUR,32.19916666666666
2024-01-01,81539,München,1000.0,Bonus,24,EUR,33.1675
2024-01-01,81539,München,1000.0,Bonus,50,EUR,37.274166666666666
2024-01-01,10115,Berlin,3000.0,Non-Bonus,32,EUR,90.58999999999999
2024-01-01,81539,München,3000.0,Non-Bonus,18,EUR,84.49
2024-01-01,10115,Berlin,2000.0,Non-Bonus,3,EUR,51.70666666666667
2024-01-01,10115,Berlin,1500.0,Non-Bonus,3,EUR,42.2425
2024-01-01,10115,Berlin,1500.0,Non-Bonus,19,EUR,49.48500000000001
2024-01-01,10115,Berlin,1500.0,Non-Bonus,44,EUR,51.72083333333333
2024-01-01,81539,München,1500.0,Non-Bonus,6,EUR,44.22666666666667
2024-01-01,81539,München,1500.0,Non-Bonus,12,EUR,46.82583333333333
2024-01-01,81539,München,1500.0,Non-Bonus,21,EUR,48.354166666666664
2024-01-01,10115,Berlin,4500.0,Non-Bonus,32,EUR,131.445
2024-01-01,10115,Berlin,4500.0,Non-Bonus,38,EUR,132.6625
2024-01-01,81539,München,4500.0,Non-Bonus,5,EUR,113.30666666666667
2024-01-01,81539,München,4500.0,Non-Bonus,14,EUR,120.35000000000001
2024-01-01,81539,München,4500.0,Non-Bonus,44,EUR,129.72
2024-01-01,10115,Berlin,1000.0,Non-Bonus,41,EUR,38.225
2024-01-01,10115,Berlin,1000.0,Non-Bonus,43,EUR,38.344166666666666
2024-01-01,81539,München,1000.0,Non-Bonus,17,EUR,35.935833333333335
2024-01-01,10115,Berlin,5000.0,Non-Bonus,25,EUR,143.49333333333334
2024-01-01,10115,Berlin,5000.0,Non-Bonus,35,EUR,145.795
2024-01-01,81539,München,5000.0,Non-Bonus,37,EUR,141.745
2024-01-01,81539,München,5000.0,Non-Bonus,44,EUR,142.745
2024-01-01,10115,Berlin,4250.0,Non-Bonus,3,EUR,94.295
2024-01-01,10115,Berlin,4250.0,Non-Bonus,7,EUR,114.94333333333333
2024-01-01,81539,München,4250.0,Non-Bonus,40,EUR,122.64416666666666
2024-01-01,10115,Berlin,4000.0,Non-Bonus,9,EUR,109.04
2024-01-01,10115,Berlin,4000.0,Non-Bonus,26,EUR,116.87666666666667
2024-01-01,10115,Berlin,4000.0,Non-Bonus,27,EUR,116.87916666666666
2024-01-01,81539,München,4000.0,Non-Bonus,14,EUR,108.08083333333333
2024-01-01,81539,München,4000.0,Non-Bonus,23,EUR,111.06666666666666
2024-01-01,81539,München,4000.0,Non-Bonus,27,EUR,112.74583333333334
2024-01-01,10115,Berlin,1500.0,Bonus,9,EUR,39.32
2024-01-01,81539,München,1500.0,Bonus,10,EUR,38.62166666666666
2024-01-01,81539,München,1500.0,Bonus,24,EUR,43.262499999999996
2024-01-01,81539,München,1500.0,Bonus,25,EUR,43.59
2024-01-01,81539,München,1500.0,Bonus,38,EUR,46.82583333333333
2024-01-01,81539,München,1500.0,Bonus,40,EUR,47.028333333333336
2024-01-01,81539,München,1500.0,Bonus,43,EUR,47.844166666666666
2024-01-01,10115,Berlin,3500.0,Non-Bonus,8,EUR,94.70083333333334
2024-01-01,10115,Berlin,3500.0,Non-Bonus,42,EUR,105.68666666666667
2024-01-01,10115,Berlin,3500.0,Non-Bonus,48,EUR,106.6125
2024-01-01,81539,München,3500.0,Non-Bonus,49,EUR,104.08749999999999
2024-01-01,10115,Berlin,1000.0,Bonus,23,EUR,33.73416666666667
2024-01-01,10115,Berlin,1000.0,Bonus,40,EUR,36.766666666666666
2024-01-01,10115,Berlin,1000.0,Bonus,47,EUR,37.02916666666667
2024-01-01,10115,Berlin,3000.0,Non-Bonus,33,EUR,90.7
2024-01-01,10115,Berlin,2000.0,Non-Bonus,8,EUR,58.403333333333336
2024-01-01,10115,Berlin,2000.0,Non-Bonus,20,EUR,62.324999999999996
2024-01-01,10115,Berlin,2000.0,Non-Bonus,21,EUR,63.07666666666666
2024-01-01,81539,München,2000.0,Non-Bonus,1,EUR,44.42166666666666
2024-01-01,81539,München,2000.0,Non-Bonus,12,EUR,57.314166666666665
2024-01-01,81539,München,2000.0,Non-Bonus,28,EUR,61.465833333333336
2024-01-01,81539,München,2000.0,Non-Bonus,34,EUR,62.800000000000004
2024-01-01,10115,Berlin,1500.0,Non-Bonus,8,EUR,46.58083333333334
2024-01-01,81539,München,1500.0,Non-Bonus,10,EUR,45.181666666666665
2024-01-01,81539,München,1500.0,Non-Bonus,13,EUR,46.884166666666665
2024-01-01,10115,Berlin,4500.0,Non-Bonus,6,EUR,118.8825
2024-01-01,10115,Berlin,4500.0,Non-Bonus,9,EUR,121.49916666666667
2024-01-01,10115,Berlin,4500.0,Non-Bonus,21,EUR,128.89833333333334
2024-01-01,10115,Berlin,4500.0,Non-Bonus,31,EUR,131.1625
2024-01-01,10115,Berlin,4500.0,Non-Bonus,33,EUR,131.625
2024-01-01,10115,Berlin,4500.0,Non-Bonus,50,EUR,134.32166666666666
2024-01-01,81539,München,4500.0,Non-Bonus,29,EUR,125.85166666666667
2024-01-01,10115,Berlin,1000.0,Non-Bonus,16,EUR,36.75
2024-01-01,10115,Berlin,1000.0,Non-Bonus,20,EUR,36.821666666666665
2024-01-01,81539,München,1000.0,Non-Bonus,4,EUR,32.1875
2024-01-01,81539,München,1000.0,Non-Bonus,39,EUR,37.780833333333334
2024-01-01,81539,München,1000.0,Non-Bonus,44,EUR,38.1325
2024-01-01,81539,München,5000.0,Non-Bonus,30,EUR,138.705
2024-01-01,10115,Berlin,4250.0,Non-Bonus,41,EUR,125.91416666666667
2024-01-01,81539,München,4250.0,Non-Bonus,31,EUR,119.62
2024-01-01,81539,München,4250.0,Non-Bonus,36,EUR,121.62583333333333
2024-01-01,10115,Berlin,4000.0,Non-Bonus,20,EUR,115.40416666666665
2024-01-01,81539,München,4000.0,Non-Bonus,11,EUR,106.8175
2024-01-01,81539,München,4000.0,Non-Bonus,12,EUR,108.03333333333335
2024-01-01,10115,Berlin,1500.0,Bonus,13,EUR,39.44583333333333
2024-01-01,10115,Berlin,1500.0,Bonus,18,EUR,43.37833333333333
2024-01-01,10115,Berlin,1500.0,Bonus,22,EUR,44.16833333333333
2024-01-01,10115,Berlin,1500.0,Bonus,50,EUR,49.48500000000001
2024-01-01,10115,Berlin,2500.0,Non-Bonus,17,EUR,74.6825
2024-01-01,10115,Berlin,2500.0,Non-Bonus,38,EUR,77.72916666666667
2024-01-01,10115,Berlin,2500.0,Non-Bonus,44,EUR,78.7825
2024-01-01,81539,München,2500.0,Non-Bonus,12,EUR,69.88916666666667
2024-01-01,81539,München,2500.0,Non-Bonus,47,EUR,77.47916666666667
2024-01-01,81539,München,3500.0,Non-Bonus,43,EUR,103.13916666666667
2024-01-01,81539,München,3500.0,Non-Bonus,45,EUR,103.14583333333333
2024-01-01,81539,München,1000.0,Bonus,14,EUR,31.295
2024-01-01,81539,München,1000.0,Bonus,36,EUR,35.48083333333333
2024-01-01,10115,Berlin,3000.0,Non-Bonus,2,EUR,67.50583333333334
2024-01-01,81539,München,3000.0,Non-Bonus,14,EUR,83.675
2024-01-01,10115,Berlin,2000.0,Non-Bonus,28,EUR,63.64333333333334
2024-01-01,81539,München,2000.0,Non-Bonus,16,EUR,59.553333333333335
2024-01-01,10115,Berlin,4500.0,Non-Bonus,14,EUR,125.3125
2024-01-01,10115,Berlin,4500.0,Non-Bonus,34,EUR,132.20916666666668
2024-01-01,10115,Berlin,4500.0,Non-Bonus,47,EUR,133.9075
2024-01-01,81539,München,4500.0,Non-Bonus,33,EUR,126.91166666666668
2024-01-01,81539,München,4500.0,Non-Bonus,47,EUR,130.1625
2024-01-01,10115,Berlin,1000.0,Non-Bonus,45,EUR,38.43
2024-01-01,81539,München,1000.0,Non-Bonus,21,EUR,36.38
2024-01-01,81539,München,1000.0,Non-Bonus,46,EUR,38.17
2024-01-01,81539,München,5000.0,Non-Bonus,24,EUR,136.71
2024-01-01,81539,München,5000.0,Non-Bonus,49,EUR,143.525
2024-01-01,10115,Berlin,4250.0,Non-Bonus,1,EUR,88.77999999999999
2024-01-01,10115,Berlin,4250.0,Non-Bonus,5,EUR,111.87416666666667
2024-01-01,81539,München,4250.0,Non-Bonus,5,EUR,107.63
2024-01-01,81539,München,4250.0,Non-Bonus,46,EUR,123.48166666666667
2024-01-01,10115,Berlin,4000.0,Non-Bonus,44,EUR,119.945
2024-01-01,81539,München,4000.0,Non-Bonus,32,EUR,113.66666666666667
2024-01-01,81539,München,4000.0,Non-Bonus,47,EUR,116.8
2024-01-01,10115,Berlin,1500.0,Bonus,5,EUR,38.7525
2024-01-01,10115,Berlin,1500.0,Bonus,15,EUR,42.362500000000004
2024-01-01,81539,München,1500.0,Bonus,8,EUR,38.583333333333336
2024-01-01,10115,Berlin,2500.0,Non-Bonus,2,EUR,57.92166666666666
2024-01-01,81539,München,2500.0,Non-Bonus,8,EUR,67.89
2024-01-01,10115,Berlin,3500.0,Non-Bonus,26,EUR,103.56833333333333
2024-01-01,10115,Berlin,3500.0,Non-Bonus,37,EUR,104.78500000000001
2024-01-01,10115,Berlin,3500.0,Non-Bonus,45,EUR,106.3075
2024-01-01,10115,Berlin,1000.0,Bonus,19,EUR,32.77916666666667
2024-01-01,81539,München,1000.0,Bonus,4,EUR,29.4825
2024-01-01,81539,München,1000.0,Bonus,15,EUR,31.69333333333333
2024-01-01,81539,München,1000.0,Bonus,23,EUR,32.85916666666667
2024-01-01,81539,München,1000.0,Bonus,37,EUR,35.774166666666666
2024-01-01,81539,München,1000.0,Bonus,39,EUR,35.935833333333335
2024-01-01,10115,Berlin,3000.0,Non-Bonus,17,EUR,87.55833333333334
2024-01-01,10115,Berlin,3000.0,Non-Bonus,18,EUR,88.22500000000001
2024-01-01,10115,Berlin,3000.0,Non-Bonus,24,EUR,89.5625
2024-01-01,81539,München,3000.0,Non-Bonus,26,EUR,87.09333333333332
2024-01-01,81539,München,3000.0,Non-Bonus,40,EUR,89.5175
2024-01-01,10115,Berlin,2000.0,Non-Bonus,5,EUR,57.32
2024-01-01,10115,Berlin,1500.0,Non-Bonus,12,EUR,48.09583333333333
2024-01-01,81539,München,1500.0,Non-Bonus,7,EUR,44.379999999999995
2024-01-01,81539,München,1500.0,Non-Bonus,31,EUR,49.6025
2024-01-01,10115,Berlin,4500.0,Non-Bonus,10,EUR,122.45833333333333
2024-01-01,10115,Berlin,4500.0,Non-Bonus,17,EUR,126.56666666666666
2024-01-01,10115,Berlin,4500.0,Non-Bonus,36,EUR,132.30666666666667
2024-01-01,10115,Berlin,1000.0,Non-Bonus,6,EUR,33.97666666666667
2024-01-01,10115,Berlin,1000.0,Non-Bonus,9,EUR,34.931666666666665
2024-01-01,10115,Berlin,1000.0,Non-Bonus,39,EUR,37.9975
2024-01-01,81539,München,1000.0,Non-Bonus,16,EUR,35.935833333333335
2024-01-01,10115,Berlin,5000.0,Non-Bonus,8,EUR,133.58333333333334
2024-01-01,81539,München,5000.0,Non-Bonus,9,EUR,130.16666666666666
2024-01-01,81539,München,5000.0,Non-Bonus,18,EUR,134.29166666666666
2024-01-01,81539,München,5000.0,Non-Bonus,41,EUR,142.4725
2024-01-01,81539,München,5000.0,Non-Bonus,42,EUR,142.49
2024-01-01,81539,München,5000.0,Non-Bonus,50,EUR,143.525
2024-01-01,10115,Berlin,4250.0,Non-Bonus,9,EUR,115.25083333333333
2024-01-01,10115,Berlin,4250.0,Non-Bonus,48,EUR,127.165
2024-01-01,81539,München,4250.0,Non-Bonus,34,EUR,120.99666666666667
2024-01-01,10115,Berlin,4000.0,Non-Bonus,35,EUR,118.26166666666667
2024-01-01,81539,München,4000.0,Non-Bonus,4,EUR,99.71333333333332
2024-01-01,81539,München,4000.0,Non-Bonus,35,EUR,114.92
2024-01-01,10115,Berlin,1500.0,Bonus,17,EUR,43.04583333333333
2024-01-01,81539,München,1500.0,Bonus,44,EUR,47.857499999999995
2024-01-01,81539,München,2500.0,Non-Bonus,9,EUR,67.99333333333333
2024-01-01,81539,München,2500.0,Non-Bonus,39,EUR,76.22916666666667
2024-01-01,10115,Berlin,3500.0,Non-Bonus,40,EUR,105.19583333333333
2024-01-01,10115,Berlin,3500.0,Non-Bonus,43,EUR,105.80416666666667
2024-01-01,10115,Berlin,3500.0,Non-Bonus,50,EUR,106.66333333333334
2024-01-01,81539,München,3500.0,Non-Bonus,3,EUR,75.39166666666667
2024-01-01,81539,München,3500.0,Non-Bonus,41,EUR,102.74833333333333
2024-01-01,10115,Berlin,1000.0,Bonus,39,EUR,36.70166666666667
2024-01-01,81539,München,1000.0,Bonus,33,EUR,34.90083333333333
2024-01-01,81539,München,1000.0,Bonus,40,EUR,36.295
2024-01-01,10115,Berlin,3000.0,Non-Bonus,27,EUR,90.25999999999999
2024-01-01,10115,Berlin,3000.0,Non-Bonus,29,EUR,90.29583333333333
2024-01-01,81539,München,3000.0,Non-Bonus,25,EUR,86.87
2024-01-01,10115,Berlin,2000.0,Non-Bonus,42,EUR,65.02
2024-01-01,81539,München,2000.0,Non-Bonus,30,EUR,62.07833333333334
2024-01-01,81539,München,2000.0,Non-Bonus,46,EUR,64.41666666666667
2024-01-01,10115,Berlin,1500.0,Non-Bonus,15,EUR,49.07583333333333
2024-01-01,10115,Berlin,1500.0,Non-Bonus,24,EUR,49.96
2024-01-01,10115,Berlin,1500.0,Non-Bonus,42,EUR,51.362500000000004
2024-01-01,81539,München,1500.0,Non-Bonus,41,EUR,50.906666666666666
2024-01-01,10115,Berlin,4500.0,Non-Bonus,20,EUR,128.88750000000002
2024-01-01,81539,München,4500.0,Non-Bonus,12,EUR,120.21
2024-01-01,10115,Berlin,1000.0,Non-Bonus,33,EUR,37.64
2024-01-01,81539,München,1000.0,Non-Bonus,5,EUR,32.564166666666665
2024-01-01,10115,Berlin,5000.0,Non-Bonus,38,EUR,146.26
2024-01-01,81539,München,5000.0,Non-Bonus,29,EUR,138.635
2024-01-01,81539,München,4250.0,Non-Bonus,2,EUR,89.04166666666667
2024-01-01,81539,München,4000.0,Non-Bonus,34,EUR,114.65750000000001
2024-01-01,81539,München,1500.0,Bonus,15,EUR,41.05416666666667
2024-01-01,81539,München,1500.0,Bonus,17,EUR,41.46333333333333
2024-01-01,81539,München,1500.0,Bonus,34,EUR,45.181666666666665
2024-01-01,81539,München,1500.0,Bonus,37,EUR,46.79916666666667
2024-01-01,10115,Berlin,2500.0,Non-Bonus,5,EUR,69.44333333333334
2024-01-01,10115,Berlin,2500.0,Non-Bonus,26,EUR,76.83416666666666
2024-01-01,10115,Berlin,2500.0,Non-Bonus,29,EUR,76.95416666666667
2024-01-01,81539,München,2500.0,Non-Bonus,24,EUR,74.0825
2024-01-01,10115,Berlin,3500.0,Non-Bonus,5,EUR,93.69
2024-01-01,10115,Berlin,3500.0,Non-Bonus,39,EUR,105.18916666666667
2024-01-01,10115,Berlin,3500.0,Non-Bonus,47,EUR,106.36583333333334
2024-01-01,10115,Berlin,3500.0,Non-Bonus,49,EUR,106.64583333333333
2024-01-01,81539,München,3500.0,Non-Bonus,9,EUR,92.185
2024-01-01,81539,München,3500.0,Non-Bonus,46,EUR,103.14916666666666
2024-01-01,10115,Berlin,1000.0,Bonus,10,EUR,30.041666666666668
2024-01-01,10115,Berlin,1000.0,Bonus,13,EUR,31.6525
2024-01-01,10115,Berlin,1000.0,Bonus,18,EUR,32.611666666666665
2024-01-01,10115,Berlin,1000.0,Bonus,31,EUR,34.931666666666665
2024-01-01,10115,Berlin,3000.0,Non-Bonus,5,EUR,81.56666666666666
2024-01-01,10115,Berlin,3000.0,Non-Bonus,36,EUR,91.37916666666666
2024-01-01,81539,München,3000.0,Non-Bonus,15,EUR,84.24333333333333
2024-01-01,81539,München,3000.0,Non-Bonus,38,EUR,89.09500000000001
2024-01-01,10115,Berlin,2000.0,Non-Bonus,23,EUR,63.31
2024-01-01,81539,München,2000.0,Non-Bonus,44,EUR,64.24583333333334
2024-01-01,10115,Berlin,1500.0,Non-Bonus,16,EUR,49.20916666666667
2024-01-01,81539,München,1500.0,Non-Bonus,14,EUR,46.90416666666667
2024-01-01,10115,Berlin,4500.0,Non-Bonus,28,EUR,130.64666666666668
2024-01-01,81539,München,4500.0,Non-Bonus,1,EUR,87.8675
2024-01-01,81539,München,4500.0,Non-Bonus,49,EUR,130.16916666666665
2024-01-01,10115,Berlin,1000.0,Non-Bonus,2,EUR,32.402499999999996
2024-01-01,10115,Berlin,1000.0,Non-Bonus,15,EUR,36.70166666666667
2024-01-01,10115,Berlin,1000.0,Non-Bonus,32,EUR,37.583333333333336
2024-01-01,10115,Berlin,5000.0,Non-Bonus,44,EUR,147.26250000000002
2024-01-01,81539,München,5000.0,Non-Bonus,5,EUR,124.66083333333334
2024-01-01,10115,Berlin,4250.0,Non-Bonus,11,EUR,115.81083333333333
2024-01-01,81539,München,4250.0,Non-Bonus,9,EUR,112.245
2024-01-01,81539,München,4250.0,Non-Bonus,19,EUR,115.96083333333333
2024-01-01,10115,Berlin,4000.0,Non-Bonus,19,EUR,114.60166666666667
2024-01-01,10115,Berlin,4000.0,Non-Bonus,29,EUR,117.36666666666667
2024-01-01,81539,München,4000.0,Non-Bonus,22,EUR,110.91916666666667
2024-01-01,10115,Berlin,1500.0,Bonus,34,EUR,46.585
2024-01-01,81539,München,2500.0,Non-Bonus,17,EUR,72.15666666666667
2024-01-01,81539,München,2500.0,Non-Bonus,18,EUR,72.16166666666668
2024-01-01,81539,München,2500.0,Non-Bonus,41,EUR,76.29583333333333
2024-01-01,10115,Berlin,3500.0,Non-Bonus,3,EUR,80.09916666666668
2024-01-01,81539,München,3500.0,Non-Bonus,5,EUR,90.59833333333334
2024-01-01,10115,Berlin,1000.0,Bonus,6,EUR,29.915833333333335
2024-01-01,10115,Berlin,1000.0,Bonus,34,EUR,35.69583333333333
2024-01-01,10115,Berlin,1000.0,Bonus,45,EUR,36.94916666666666
2024-01-01,10115,Berlin,3000.0,Non-Bonus,46,EUR,92.59500000000001
2024-01-01,81539,München,3000.0,Non-Bonus,50,EUR,91.15166666666666
2024-01-01,10115,Berlin,2000.0,Non-Bonus,30,EUR,63.725
2024-01-01,81539,München,2000.0,Non-Bonus,5,EUR,55.88833333333333
2024-01-01,81539,München,2000.0,Non-Bonus,45,EUR,64.34916666666668
2024-01-01,81539,München,1500.0,Non-Bonus,9,EUR,44.57083333333333
2024-01-01,81539,München,1500.0,Non-Bonus,16,EUR,46.95333333333334
2024-01-01,81539,München,1500.0,Non-Bonus,18,EUR,47.857499999999995
2024-01-01,81539,München,1500.0,Non-Bonus,29,EUR,49.330000000000005
2024-01-01,81539,München,1500.0,Non-Bonus,39,EUR,50.51333333333333
2024-01-01,81539,München,1500.0,Non-Bonus,49,EUR,51.29083333333333
2024-01-01,10115,Berlin,4500.0,Non-Bonus,48,EUR,134.14333333333335
2024-01-01,81539,München,4500.0,Non-Bonus,15,EUR,120.44083333333333
2024-01-01,81539,München,4500.0,Non-Bonus,20,EUR,122.57833333333333
2024-01-01,81539,München,4500.0,Non-Bonus,32,EUR,126.72916666666667
2024-01-01,81539,München,4500.0,Non-Bonus,48,EUR,130.1625
2024-01-01,81539,München,4500.0,Non-Bonus,50,EUR,130.45416666666668
2024-01-01,10115,Berlin,1000.0,Non-Bonus,3,EUR,32.77916666666667
2024-01-01,10115,Berlin,1000.0,Non-Bonus,14,EUR,36.5925
2024-01-01,81539,München,1000.0,Non-Bonus,2,EUR,31.985833333333332
2024-01-01,10115,Berlin,5000.0,Non-Bonus,20,EUR,141.99583333333334
2024-01-01,81539,München,5000.0,Non-Bonus,25,EUR,137.19916666666668
2024-01-01,10115,Berlin,4250.0,Non-Bonus,23,EUR,122.42083333333333
2024-01-01,10115,Berlin,4250.0,Non-Bonus,27,EUR,123.53333333333335
2024-01-01,81539,München,4250.0,Non-Bonus,37,EUR,121.66166666666668
2024-01-01,81539,München,4250.0,Non-Bonus,39,EUR,122.62666666666667
2024-01-01,10115,Berlin,4000.0,Non-Bonus,10,EUR,109.05666666666667
2024-01-01,81539,München,4000.0,Non-Bonus,19,EUR,109.43333333333334
2024-01-01,10115,Berlin,1500.0,Bonus,19,EUR,43.38333333333333
2024-01-01,81539,München,1500.0,Bonus,7,EUR,38.574999999999996
2024-01-01,81539,München,1500.0,Bonus,18,EUR,42.236666666666665
2024-01-01,81539,München,1500.0,Bonus,39,EUR,46.884166666666665
2024-01-01,10115,Berlin,2500.0,Non-Bonus,30,EUR,77.02499999999999
2024-01-01,81539,München,2500.0,Non-Bonus,7,EUR,67.70083333333334
2024-01-01,81539,München,2500.0,Non-Bonus,22,EUR,73.18916666666667
2024-01-01,81539,München,3500.0,Non-Bonus,35,EUR,101.8175
2024-01-01,81539,München,1000.0,Bonus,12,EUR,30.503333333333334
2024-01-01,10115,Berlin,3000.0,Non-Bonus,4,EUR,81.07333333333334
2024-01-01,10115,Berlin,3000.0,Non-Bonus,35,EUR,91.27166666666666
2024-01-01,10115,Berlin,2000.0,Non-Bonus,46,EUR,65.28416666666666
2024-01-01,81539,München,2000.0,Non-Bonus,13,EUR,58.8675
2024-01-01,10115,Berlin,1500.0,Non-Bonus,35,EUR,50.45249999999999
2024-01-01,81539,München,1500.0,Non-Bonus,33,EUR,49.637499999999996
2024-01-01,81539,München,1500.0,Non-Bonus,42,EUR,50.965833333333336
2024-01-01,81539,München,4500.0,Non-Bonus,4,EUR,110.77999999999999
2024-01-01,10115,Berlin,1000.0,Non-Bonus,26,EUR,37.37
2024-01-01,81539,München,1000.0,Non-Bonus,1,EUR,29.4825
2024-01-01,81539,München,1000.0,Non-Bonus,13,EUR,35.14083333333333
2024-01-01,81539,München,5000.0,Non-Bonus,8,EUR,126.55166666666666
2024-01-01,81539,München,5000.0,Non-Bonus,11,EUR,130.7675
2024-01-01,10115,Berlin,4250.0,Non-Bonus,30,EUR,124.08416666666666
2024-01-01,10115,Berlin,4250.0,Non-Bonus,31,EUR,124.41916666666667
2024-01-01,81539,München,4250.0,Non-Bonus,1,EUR,83.85666666666667
2024-01-01,10115,Berlin,4000.0,Non-Bonus,3,EUR,89.56333333333333
2024-01-01,10115,Berlin,4000.0,Non-Bonus,15,EUR,110.89
2024-01-01,10115,Berlin,4000.0,Non-Bonus,46,EUR,120.07
2024-01-01,10115,Berlin,1500.0,Bonus,16,EUR,42.37833333333334
2024-01-01,10115,Berlin,2500.0,Non-Bonus,41,EUR,78.14666666666666
2024-01-01,81539,München,2500.0,Non-Bonus,16,EUR,71.6575
2024-01-01,10115,Berlin,3500.0,Non-Bonus,1,EUR,74.92583333333333
2024-01-01,10115,Berlin,3500.0,Non-Bonus,17,EUR,100.52166666666666
2024-01-01,81539,München,3500.0,Non-Bonus,25,EUR,99.55833333333334
2024-01-01,81539,München,3500.0,Non-Bonus,37,EUR,101.93833333333333
2024-01-01,81539,München,1000.0,Bonus,20,EUR,32.42666666666667
2024-01-01,81539,München,1000.0,Bonus,26,EUR,33.375
2024-01-01,10115,Berlin,3000.0,Non-Bonus,43,EUR,92.33333333333333
2024-01-01,81539,München,3000.0,Non-Bonus,3,EUR,66.215
2024-01-01,81539,München,3000.0,Non-Bonus,11,EUR,81.6725
2024-01-01,81539,München,3000.0,Non-Bonus,37,EUR,88.9525
2024-01-01,81539,München,3000.0,Non-Bonus,44,EUR,90.02499999999999
2024-01-01,81539,München,3000.0,Non-Bonus,45,EUR,90.13583333333334
2024-01-01,10115,Berlin,2000.0,Non-Bonus,24,EUR,63.34583333333333
2024-01-01,81539,München,1500.0,Non-Bonus,5,EUR,43.975833333333334
2024-01-01,81539,München,1500.0,Non-Bonus,8,EUR,44.50416666666666
2024-01-01,10115,Berlin,4500.0,Non-Bonus,1,EUR,93.08
2024-01-01,10115,Berlin,4500.0,Non-Bonus,4,EUR,117.29416666666667
2024-01-01,10115,Berlin,4500.0,Non-Bonus,44,EUR,133.74416666666667
2024-01-01,81539,München,4500.0,Non-Bonus,13,EUR,120.34750000000001
2024-01-01,81539,München,4500.0,Non-Bonus,43,EUR,129.64083333333335
2024-01-01,10115,Berlin,1000.0,Non-Bonus,27,EUR,37.449999999999996
2024-01-01,10115,Berlin,1000.0,Non-Bonus,40,EUR,38.07833333333333
2024-01-01,81539,München,1000.0,Non-Bonus,6,EUR,32.85916666666667
2024-01-01,81539,München,1000.0,Non-Bonus,8,EUR,33.8275
2024-01-01,10115,Berlin,5000.0,Non-Bonus,11,EUR,136.03916666666666
2024-01-01,10115,Berlin,5000.0,Non-Bonus,34,EUR,145.445
2024-01-01,10115,Berlin,5000.0,Non-Bonus,41,EUR,146.42916666666667
2024-01-01,81539,München,5000.0,Non-Bonus,26,EUR,137.28833333333333
2024-01-01,10115,Berlin,4250.0,Non-Bonus,25,EUR,123.00999999999999
2024-01-01,10115,Berlin,4000.0,Non-Bonus,48,EUR,120.18666666666667
2024-01-01,81539,München,4000.0,Non-Bonus,1,EUR,79.77166666666666
2024-01-01,81539,München,4000.0,Non-Bonus,38,EUR,115.05
2024-01-01,10115,Berlin,1500.0,Bonus,7,EUR,39.275
2024-01-01,10115,Berlin,1500.0,Bonus,38,EUR,47.119166666666665
2024-01-01,10115,Berlin,1500.0,Bonus,39,EUR,47.42583333333334
2024-01-01,81539,München,1500.0,Bonus,20,EUR,42.72
2024-01-01,81539,München,1500.0,Bonus,23,EUR,43.23
2024-01-01,81539,München,1500.0,Bonus,31,EUR,44.50416666666666
2024-01-01,81539,München,1500.0,Bonus,32,EUR,44.57083333333333
2024-01-01,10115,Berlin,2500.0,Non-Bonus,1,EUR,55.696666666666665
2024-01-01,10115,Berlin,2500.0,Non-Bonus,7,EUR,70.49916666666667
2024-01-01,10115,Berlin,2500.0,Non-Bonus,36,EUR,77.57333333333334
2024-01-01,81539,München,2500.0,Non-Bonus,25,EUR,74.19
2024-01-01,81539,München,2500.0,Non-Bonus,29,EUR,74.79666666666667
2024-01-01,81539,München,3500.0,Non-Bonus,14,EUR,95.93166666666667
2024-01-01,81539,München,3500.0,Non-Bonus,19,EUR,96.5225
2024-01-01,10115,Berlin,1000.0,Bonus,1,EUR,29.1675
2024-01-01,10115,Berlin,1000.0,Bonus,49,EUR,37.495
2024-01-01,81539,München,1000.0,Bonus,1,EUR,28.09
2024-01-01,81539,München,1000.0,Bonus,30,EUR,34.2125
2024-01-01,81539,München,1000.0,Bonus,32,EUR,34.48083333333333
2024-01-01,81539,München,1000.0,Bonus,38,EUR,35.935833333333335
2024-01-01,81539,München,1000.0,Bonus,41,EUR,36.30916666666666
2024-01-01,81539,München,1000.0,Bonus,42,EUR,36.350833333333334
2024-01-01,81539,München,3000.0,Non-Bonus,36,EUR,88.8275
2024-01-01,81539,München,3000.0,Non-Bonus,47,EUR,90.46583333333332
2024-01-01,10115,Berlin,2000.0,Non-Bonus,29,EUR,63.645833333333336
2024-01-01,81539,München,2000.0,Non-Bonus,21,EUR,60.6325
2024-01-01,10115,Berlin,1500.0,Non-Bonus,27,EUR,50.199999999999996
2024-01-01,10115,Berlin,1500.0,Non-Bonus,30,EUR,50.262499999999996
2024-01-01,81539,München,1500.0,Non-Bonus,28,EUR,49.29083333333333
2024-01-01,10115,Berlin,4500.0,Non-Bonus,39,EUR,132.695
2024-01-01,81539,München,4500.0,Non-Bonus,6,EUR,114.19833333333334
2024-01-01,81539,München,4500.0,Non-Bonus,7,EUR,114.83999999999999
2024-01-01,81539,München,4500.0,Non-Bonus,8,EUR,118.40333333333332
2024-01-01,10115,Berlin,1000.0,Non-Bonus,28,EUR,37.495
2024-01-01,10115,Berlin,1000.0,Non-Bonus,42,EUR,38.31666666666667
2024-01-01,10115,Berlin,5000.0,Non-Bonus,16,EUR,139.29999999999998
2024-01-01,10115,Berlin,5000.0,Non-Bonus,46,EUR,147.43583333333333
2024-01-01,81539,München,4250.0,Non-Bonus,6,EUR,108.3675
2024-01-01,81539,München,4250.0,Non-Bonus,8,EUR,111.96916666666668
2024-01-01,81539,München,4250.0,Non-Bonus,27,EUR,119.33
2024-01-01,81539,München,4250.0,Non-Bonus,28,EUR,119.35083333333334
2024-01-01,81539,München,4250.0,Non-Bonus,35,EUR,121.515
2024-01-01,81539,München,4250.0,Non-Bonus,49,EUR,123.66666666666667
2024-01-01,10115,Berlin,4000.0,Non-Bonus,6,EUR,106.78666666666668
2024-01-01,10115,Berlin,4000.0,Non-Bonus,38,EUR,118.66416666666667
2024-01-01,81539,München,4000.0,Non-Bonus,49,EUR,117.15333333333332
2024-01-01,10115,Berlin,1500.0,Bonus,1,EUR,36.2925
2024-01-01,81539,München,1500.0,Bonus,14,EUR,41.049166666666665
2024-01-01,81539,München,1500.0,Bonus,16,EUR,41.22083333333333
2024-01-01,81539,München,1500.0,Bonus,21,EUR,42.72083333333333
2024-01-01,10115,Berlin,2500.0,Non-Bonus,8,EUR,70.53916666666667
2024-01-01,81539,München,2500.0,Non-Bonus,2,EUR,56.971666666666664
2024-01-01,81539,München,2500.0,Non-Bonus,15,EUR,71.4175
2024-01-01,81539,München,2500.0,Non-Bonus,28,EUR,74.6825
2024-01-01,10115,Berlin,3500.0,Non-Bonus,33,EUR,104.22833333333334
2024-01-01,10115,Berlin,3500.0,Non-Bonus,44,EUR,106.23
2024-01-01,10115,Berlin,1000.0,Bonus,42,EUR,36.821666666666665
2024-01-01,81539,München,1000.0,Bonus,3,EUR,29.4475
2024-01-01,81539,München,1000.0,Bonus,18,EUR,32.1875
2024-01-01,10115,Berlin,3000.0,Non-Bonus,1,EUR,65.03
2024-01-01,10115,Berlin,3000.0,Non-Bonus,20,EUR,88.9525
2024-01-01,81539,München,3000.0,Non-Bonus,4,EUR,77.58
2024-01-01,81539,München,3000.0,Non-Bonus,19,EUR,84.51083333333334
2024-01-01,81539,München,3000.0,Non-Bonus,24,EUR,86.3575
2024-01-01,81539,München,3000.0,Non-Bonus,30,EUR,87.73916666666666
2024-01-01,81539,München,3000.0,Non-Bonus,32,EUR,88.50666666666666
2024-01-01,81539,München,2000.0,Non-Bonus,8,EUR,56.281666666666666
2024-01-01,81539,München,2000.0,Non-Bonus,50,EUR,64.96166666666666
2024-01-01,10115,Berlin,1500.0,Non-Bonus,11,EUR,47.119166666666665
2024-01-01,10115,Berlin,1500.0,Non-Bonus,34,EUR,50.403333333333336
2024-01-01,10115,Berlin,1500.0,Non-Bonus,49,EUR,52.1325
2024-01-01,81539,München,1500.0,Non-Bonus,17,EUR,47.39666666666667
2024-01-01,81539,München,1500.0,Non-Bonus,19,EUR,48.04666666666666
2024-01-01,10115,Berlin,4500.0,Non-Bonus,25,EUR,130.185
2024-01-01,81539,München,4500.0,Non-Bonus,25,EUR,124.13916666666667
2024-01-01,10115,Berlin,5000.0,Non-Bonus,7,EUR,130.97833333333332
2024-01-01,10115,Berlin,5000.0,Non-Bonus,17,EUR,139.4075
2024-01-01,10115,Berlin,5000.0,Non-Bonus,19,EUR,140.1275
2024-01-01,81539,München,5000.0,Non-Bonus,4,EUR,121.84666666666668
2024-01-01,81539,München,5000.0,Non-Bonus,36,EUR,141.51500000000001
2024-01-01,10115,Berlin,4250.0,Non-Bonus,24,EUR,122.81833333333333
2024-01-01,81539,München,4250.0,Non-Bonus,11,EUR,113.0225
2024-01-01,10115,Berlin,4000.0,Non-Bonus,7,EUR,108.58916666666666
2024-01-01,10115,Berlin,4000.0,Non-Bonus,21,EUR,115.58
2024-01-01,81539,München,4000.0,Non-Bonus,10,EUR,106.80083333333333
2024-01-01,10115,Berlin,1500.0,Bonus,12,EUR,39.44166666666667
2024-01-01,10115,Berlin,1500.0,Bonus,25,EUR,44.85333333333333
2024-01-01,10115,Berlin,1500.0,Bonus,35,EUR,46.59
2024-01-01,81539,München,1500.0,Bonus,4,EUR,37.651666666666664
2024-01-01,81539,München,1500.0,Bonus,9,EUR,38.6175
2024-01-01,81539,München,1500.0,Bonus,33,EUR,44.696666666666665
2024-01-01,81539,München,1500.0,Bonus,50,EUR,48.857499999999995
2024-01-01,10115,Berlin,2500.0,Non-Bonus,18,EUR,75.33333333333333
2024-01-01,10115,Berlin,2500.0,Non-Bonus,40,EUR,77.87916666666666
2024-01-01,81539,München,2500.0,Non-Bonus,34,EUR,75.57000000000001
2024-01-01,10115,Berlin,3500.0,Non-Bonus,21,EUR,102.26916666666666
2024-01-01,10115,Berlin,3500.0,Non-Bonus,24,EUR,102.67083333333333
2024-01-01,81539,München,3500.0,Non-Bonus,15,EUR,96.08583333333333
2024-01-01,81539,München,3500.0,Non-Bonus,38,EUR,101.97916666666667
2024-01-01,10115,Berlin,1000.0,Bonus,36,EUR,36.526666666666664
2024-01-01,81539,München,1000.0,Bonus,27,EUR,33.51833333333334
2024-01-01,10115,Berlin,3000.0,Non-Bonus,41,EUR,91.95
2024-01-01,10115,Berlin,3000.0,Non-Bonus,50,EUR,93.42333333333333
2024-01-01,81539,München,3000.0,Non-Bonus,20,EUR,84.61
2024-01-01,10115,Berlin,2000.0,Non-Bonus,45,EUR,65.18333333333334
2024-01-01,81539,München,1500.0,Non-Bonus,1,EUR,35.33
2024-01-01,81539,München,1500.0,Non-Bonus,27,EUR,49.1975
2024-01-01,10115,Berlin,4500.0,Non-Bonus,7,EUR,121.44
2024-01-01,81539,München,4500.0,Non-Bonus,22,EUR,123.7375
2024-01-01,81539,München,4500.0,Non-Bonus,34,EUR,127.33583333333333
2024-01-01,10115,Berlin,1000.0,Non-Bonus,21,EUR,36.910833333333336
2024-01-01,10115,Berlin,1000.0,Non-Bonus,29,EUR,37.51166666666666
2024-01-01,81539,München,1000.0,Non-Bonus,18,EUR,36.025
2024-01-01,81539,München,1000.0,Non-Bonus,24,EUR,36.59666666666667
2024-01-01,81539,München,1000.0,Non-Bonus,43,EUR,38.1225
2024-01-01,10115,Berlin,5000.0,Non-Bonus,14,EUR,137.27833333333334
2024-01-01,10115,Berlin,5000.0,Non-Bonus,24,EUR,143.0975
2024-01-01,81539,München,5000.0,Non-Bonus,12,EUR,132.25
2024-01-01,10115,Berlin,4250.0,Non-Bonus,17,EUR,119.57
2024-01-01,81539,München,4250.0,Non-Bonus,3,EUR,89.15666666666668
2024-01-01,81539,München,4250.0,Non-Bonus,48,EUR,123.65666666666668
2024-01-01,10115,Berlin,4000.0,Non-Bonus,5,EUR,105.8125
2024-01-01,10115,Berlin,4000.0,Non-Bonus,49,EUR,120.23
2024-01-01,81539,München,4000.0,Non-Bonus,8,EUR,105.82583333333334
2024-01-01,81539,München,4000.0,Non-Bonus,43,EUR,116.15249999999999
2024-01-01,81539,München,4000.0,Non-Bonus,50,EUR,117.16333333333334
2024-01-01,10115,Berlin,1500.0,Bonus,4,EUR,38.75083333333333
2024-01-01,10115,Berlin,1500.0,Bonus,24,EUR,44.629999999999995
2024-01-01,10115,Berlin,1500.0,Bonus,47,EUR,49.07416666666666
2024-01-01,81539,München,1500.0,Bonus,1,EUR,35.33
2024-01-01,81539,München,1500.0,Bonus,3,EUR,37.14333333333334
2024-01-01,81539,München,1500.0,Bonus,30,EUR,44.22666666666667
2024-01-01,81539,München,1500.0,Bonus,49,EUR,48.84916666666667
2024-01-01,10115,Berlin,2500.0,Non-Bonus,23,EUR,76.31333333333333
2024-01-01,10115,Berlin,2500.0,Non-Bonus,46,EUR,78.8625
2024-01-01,81539,München,2500.0,Non-Bonus,23,EUR,73.85916666666667
2024-01-01,81539,München,2500.0,Non-Bonus,44,EUR,76.68416666666667
2024-01-01,81539,München,2500.0,Non-Bonus,45,EUR,76.70416666666667
2024-01-01,10115,Berlin,3500.0,Non-Bonus,13,EUR,98.09166666666665
2024-01-01,10115,Berlin,3500.0,Non-Bonus,22,EUR,102.39
2024-01-01,10115,Berlin,3500.0,Non-Bonus,30,EUR,103.93333333333334
2024-01-01,81539,München,3500.0,Non-Bonus,29,EUR,100.26333333333334
2024-01-01,81539,München,3500.0,Non-Bonus,31,EUR,100.60416666666667
2024-01-01,10115,Berlin,1000.0,Bonus,7,EUR,29.92
2024-01-01,10115,Berlin,1000.0,Bonus,46,EUR,37.026666666666664
2024-01-01,10115,Berlin,1000.0,Bonus,50,EUR,37.51166666666666
2024-01-01,81539,München,1000.0,Bonus,7,EUR,29.535833333333333
2024-01-01,81539,München,1000.0,Bonus,25,EUR,33.21666666666667
2024-01-01,81539,München,1000.0,Bonus,46,EUR,36.651666666666664
2024-01-01,10115,Berlin,3000.0,Non-Bonus,21,EUR,88.95416666666667
2024-01-01,81539,München,3000.0,Non-Bonus,31,EUR,88.09500000000001
2024-01-01,81539,München,3000.0,Non-Bonus,33,EUR,88.55
2024-01-01,10115,Berlin,2000.0,Non-Bonus,26,EUR,63.59
2024-01-01,10115,Berlin,2000.0,Non-Bonus,48,EUR,65.53333333333333
2024-01-01,81539,München,2000.0,Non-Bonus,3,EUR,47.862500000000004
2024-01-01,81539,München,2000.0,Non-Bonus,10,EUR,56.53583333333333
2024-01-01,81539,München,2000.0,Non-Bonus,37,EUR,62.87083333333334
2024-01-01,81539,München,1500.0,Non-Bonus,4,EUR,43.975833333333334
2024-01-01,81539,München,1500.0,Non-Bonus,26,EUR,48.8725
2024-01-01,81539,München,1500.0,Non-Bonus,34,EUR,49.637499999999996
2024-01-01,81539,München,1500.0,Non-Bonus,36,EUR,50.01166666666666
2024-01-01,81539,München,1500.0,Non-Bonus,37,EUR,50.096666666666664
2024-01-01,81539,München,1500.0,Non-Bonus,44,EUR,51.12583333333333
2024-01-01,10115,Berlin,4500.0,Non-Bonus,5,EUR,117.93583333333333
2024-01-01,10115,Berlin,4500.0,Non-Bonus,13,EUR,123.08749999999999
2024-01-01,10115,Berlin,4500.0,Non-Bonus,40,EUR,132.74583333333334
2024-01-01,81539,München,4500.0,Non-Bonus,17,EUR,120.6225
2024-01-01,81539,München,4500.0,Non-Bonus,26,EUR,124.195
2024-01-01,81539,München,4500.0,Non-Bonus,45,EUR,130.09833333333333
2024-01-01,10115,Berlin,1000.0,Non-Bonus,7,EUR,34.211666666666666
2024-01-01,10115,Berlin,1000.0,Non-Bonus,44,EUR,38.36666666666667
2024-01-01,10115,Berlin,1000.0,Non-Bonus,47,EUR,38.49166666666667
2024-01-01,81539,München,1000.0,Non-Bonus,31,EUR,37.31583333333334
2024-01-01,10115,Berlin,5000.0,Non-Bonus,5,EUR,129.3675
2024-01-01,10115,Berlin,5000.0,Non-Bonus,10,EUR,134.22666666666666
2024-01-01,10115,Berlin,5000.0,Non-Bonus,48,EUR,147.67833333333334
2024-01-01,81539,München,5000.0,Non-Bonus,6,EUR,125.64416666666666
2024-01-01,81539,München,5000.0,Non-Bonus,13,EUR,132.26
2024-01-01,81539,München,5000.0,Non-Bonus,22,EUR,136.26416666666668
2024-01-01,81539,München,5000.0,Non-Bonus,33,EUR,139.79166666666666
2024-01-01,81539,München,4250.0,Non-Bonus,26,EUR,117.77333333333333
2024-01-01,81539,München,4250.0,Non-Bonus,38,EUR,122.59500000000001
2024-01-01,10115,Berlin,4000.0,Non-Bonus,14,EUR,110.53333333333335
2024-01-01,10115,Berlin,4000.0,Non-Bonus,45,EUR,120.05250000000001
2024-01-01,81539,München,4000.0,Non-Bonus,37,EUR,114.9775
2024-01-01,81539,München,1500.0,Bonus,29,EUR,44.086666666666666
2024-01-01,10115,Berlin,2500.0,Non-Bonus,3,EUR,61.17083333333333
2024-01-01,10115,Berlin,2500.0,Non-Bonus,11,EUR,71.32333333333334
2024-01-01,10115,Berlin,2500.0,Non-Bonus,12,EUR,71.89416666666666
2024-01-01,10115,Berlin,2500.0,Non-Bonus,16,EUR,74.64333333333333
2024-01-01,81539,München,2500.0,Non-Bonus,33,EUR,75.3525
2024-01-01,81539,München,3500.0,Non-Bonus,24,EUR,98.40416666666665
2024-01-01,81539,München,3500.0,Non-Bonus,39,EUR,102.48666666666666
2024-01-01,10115,Berlin,1000.0,Bonus,2,EUR,29.46666666666667
2024-01-01,10115,Berlin,1000.0,Bonus,9,EUR,29.962500000000002
2024-01-01,10115,Berlin,1000.0,Bonus,22,EUR,33.675000000000004
2024-01-01,10115,Berlin,1000.0,Bonus,25,EUR,33.97666666666667
2024-01-01,81539,München,1000.0,Bonus,11,EUR,30.396666666666665
2024-01-01,81539,München,1000.0,Bonus,31,EUR,34.473333333333336
2024-01-01,10115,Berlin,3000.0,Non-Bonus,11,EUR,84.28166666666667
2024-01-01,10115,Berlin,3000.0,Non-Bonus,25,EUR,89.97000000000001
2024-01-01,10115,Berlin,3000.0,Non-Bonus,26,EUR,89.99416666666667
2024-01-01,81539,München,3000.0,Non-Bonus,42,EUR,89.825
2024-01-01,10115,Berlin,2000.0,Non-Bonus,25,EUR,63.3725
2024-01-01,10115,Berlin,2000.0,Non-Bonus,37,EUR,64.35000000000001
2024-01-01,81539,München,2000.0,Non-Bonus,11,EUR,56.82083333333333
2024-01-01,81539,München,2000.0,Non-Bonus,27,EUR,61.416666666666664
2024-01-01,81539,München,2000.0,Non-Bonus,29,EUR,62.06333333333333
2024-01-01,81539,München,2000.0,Non-Bonus,40,EUR,63.05583333333333
2024-01-01,81539,München,1500.0,Non-Bonus,30,EUR,49.385
2024-01-01,81539,München,1500.0,Non-Bonus,50,EUR,51.307500000000005
2024-01-01,10115,Berlin,4500.0,Non-Bonus,45,EUR,133.79666666666665
2024-01-01,81539,München,4500.0,Non-Bonus,19,EUR,122.56916666666666
2024-01-01,81539,München,4500.0,Non-Bonus,39,EUR,129.155
2024-01-01,81539,München,1000.0,Non-Bonus,20,EUR,36.295
2024-01-01,81539,München,1000.0,Non-Bonus,32,EUR,37.37833333333334
2024-01-01,81539,München,5000.0,Non-Bonus,14,EUR,132.68
2024-01-01,81539,München,5000.0,Non-Bonus,19,EUR,135.17166666666665
2024-01-01,10115,Berlin,4250.0,Non-Bonus,8,EUR,115.13499999999999
2024-01-01,10115,Berlin,4250.0,Non-Bonus,22,EUR,122.33333333333333
2024-01-01,10115,Berlin,4000.0,Non-Bonus,2,EUR,86.675
2024-01-01,10115,Berlin,4000.0,Non-Bonus,32,EUR,117.62
2024-01-01,81539,München,4000.0,Non-Bonus,2,EUR,84.46
2024-01-01,81539,München,4000.0,Non-Bonus,25,EUR,111.19083333333333
2024-01-01,10115,Berlin,1500.0,Bonus,14,EUR,39.77333333333333
2024-01-01,81539,München,1500.0,Bonus,28,EUR,43.975833333333334
2024-01-01,81539,München,1500.0,Bonus,42,EUR,47.145833333333336
2024-01-01,10115,Berlin,2500.0,Non-Bonus,48,EUR,79.0
2024-01-01,81539,München,2500.0,Non-Bonus,21,EUR,72.89999999999999
2024-01-01,81539,München,2500.0,Non-Bonus,36,EUR,75.7525
2024-01-01,81539,München,2500.0,Non-Bonus,46,EUR,77.4075
2024-01-01,10115,Berlin,3500.0,Non-Bonus,6,EUR,94.69083333333333
2024-01-01,10115,Berlin,3500.0,Non-Bonus,20,EUR,101.83999999999999
2024-01-01,81539,München,3500.0,Non-Bonus,34,EUR,101.5075
2024-01-01,10115,Berlin,1000.0,Bonus,8,EUR,29.920833333333334
2024-01-01,10115,Berlin,1000.0,Bonus,27,EUR,34.07083333333333
2024-01-01,10115,Berlin,1000.0,Bonus,28,EUR,34.28333333333333
2024-01-01,81539,München,1000.0,Bonus,8,EUR,29.5425
2024-01-01,81539,München,1000.0,Bonus,34,EUR,35.12833333333334
2024-01-01,81539,München,1000.0,Bonus,48,EUR,36.9075
2024-01-01,10115,Berlin,3000.0,Non-Bonus,34,EUR,90.96
2024-01-01,10115,Berlin,3000.0,Non-Bonus,45,EUR,92.545
2024-01-01,81539,München,3000.0,Non-Bonus,12,EUR,82.83416666666666
2024-01-01,81539,München,3000.0,Non-Bonus,39,EUR,89.30083333333333
2024-01-01,81539,München,3000.0,Non-Bonus,46,EUR,90.14583333333333
2024-01-01,81539,München,3000.0,Non-Bonus,48,EUR,90.80666666666667
2024-01-01,10115,Berlin,2000.0,Non-Bonus,18,EUR,62.300000000000004
2024-01-01,10115,Berlin,2000.0,Non-Bonus,27,EUR,63.63333333333333
2024-01-01,10115,Berlin,2000.0,Non-Bonus,34,EUR,64.09416666666667
2024-01-01,81539,München,2000.0,Non-Bonus,42,EUR,63.43333333333334
2024-01-01,81539,München,2000.0,Non-Bonus,47,EUR,64.55333333333333
2024-01-01,10115,Berlin,4500.0,Non-Bonus,16,EUR,126.35833333333333
2024-01-01,10115,Berlin,4500.0,Non-Bonus,24,EUR,129.4125
2024-01-01,81539,München,4500.0,Non-Bonus,2,EUR,93.62333333333333
2024-01-01,81539,München,4500.0,Non-Bonus,31,EUR,125.99166666666667
2024-01-01,81539,München,4500.0,Non-Bonus,38,EUR,129.14583333333334
2024-01-01,81539,München,1000.0,Non-Bonus,9,EUR,34.2125
2024-01-01,81539,München,1000.0,Non-Bonus,33,EUR,37.39416666666667
2024-01-01,10115,Berlin,5000.0,Non-Bonus,21,EUR,142.20166666666668
2024-01-01,10115,Berlin,5000.0,Non-Bonus,27,EUR,143.77166666666668
2024-01-01,81539,München,5000.0,Non-Bonus,1,EUR,96.94666666666666
2024-01-01,81539,München,5000.0,Non-Bonus,10,EUR,130.71916666666667
2024-01-01,81539,München,5000.0,Non-Bonus,21,EUR,135.7825
2024-01-01,10115,Berlin,4250.0,Non-Bonus,43,EUR,126.32
2024-01-01,10115,Berlin,4250.0,Non-Bonus,47,EUR,127.0225
2024-01-01,10115,Berlin,1500.0,Bonus,32,EUR,46.58083333333334
2024-01-01,10115,Berlin,1500.0,Bonus,41,EUR,47.70333333333334
2024-01-01,10115,Berlin,1500.0,Bonus,49,EUR,49.20916666666667
2024-01-01,81539,München,1500.0,Bonus,2,EUR,36.685833333333335
2024-01-01,81539,München,1500.0,Bonus,41,EUR,47.12416666666667
2024-01-01,10115,Berlin,2500.0,Non-Bonus,50,EUR,79.105
2024-01-01,81539,München,2500.0,Non-Bonus,31,EUR,75.035
2024-01-01,81539,München,2500.0,Non-Bonus,32,EUR,75.11916666666666
2024-01-01,81539,München,2500.0,Non-Bonus,48,EUR,77.47916666666667
2024-01-01,81539,München,2500.0,Non-Bonus,50,EUR,77.9075
2024-01-01,10115,Berlin,3500.0,Non-Bonus,31,EUR,103.99583333333334
2024-01-01,10115,Berlin,3500.0,Non-Bonus,34,EUR,104.26833333333333
2024-01-01,81539,München,3500.0,Non-Bonus,40,EUR,102.5075
2024-01-01,10115,Berlin,1000.0,Bonus,16,EUR,32.402499999999996
2024-01-01,10115,Berlin,1000.0,Bonus,35,EUR,35.99166666666667
2024-01-01,10115,Berlin,1000.0,Bonus,48,EUR,37.449999999999996
2024-01-01,10115,Berlin,3000.0,Non-Bonus,10,EUR,83.515
2024-01-01,81539,München,3000.0,Non-Bonus,28,EUR,87.52999999999999
2024-01-01,10115,Berlin,2000.0,Non-Bonus,19,EUR,62.32
2024-01-01,10115,Berlin,2000.0,Non-Bonus,47,EUR,65.39166666666667
2024-01-01,10115,Berlin,2000.0,Non-Bonus,50,EUR,65.91666666666667
2024-01-01,81539,München,2000.0,Non-Bonus,4,EUR,55.446666666666665
2024-01-01,81539,München,2000.0,Non-Bonus,36,EUR,62.850833333333334
2024-01-01,10115,Berlin,1500.0,Non-Bonus,14,EUR,49.01083333333333
2024-01-01,81539,München,1500.0,Non-Bonus,38,EUR,50.512499999999996
2024-01-01,10115,Berlin,4500.0,Non-Bonus,35,EUR,132.295
2024-01-01,10115,Berlin,1000.0,Non-Bonus,37,EUR,37.7825
2024-01-01,81539,München,1000.0,Non-Bonus,28,EUR,36.96
2024-01-01,81539,München,1000.0,Non-Bonus,42,EUR,38.025
2024-01-01,10115,Berlin,5000.0,Non-Bonus,31,EUR,144.9125
2024-01-01,10115,Berlin,5000.0,Non-Bonus,32,EUR,145.27
2024-01-01,81539,München,5000.0,Non-Bonus,16,EUR,133.18083333333334
2024-01-01,81539,München,5000.0,Non-Bonus,38,EUR,142.14833333333334
2024-01-01,81539,München,5000.0,Non-Bonus,39,EUR,142.15833333333333
2024-01-01,10115,Berlin,4250.0,Non-Bonus,6,EUR,112.835
2024-01-01,10115,Berlin,4250.0,Non-Bonus,10,EUR,115.37166666666667
2024-01-01,10115,Berlin,4250.0,Non-Bonus,12,EUR,115.82833333333333
2024-01-01,81539,München,4250.0,Non-Bonus,12,EUR,114.28750000000001
2024-01-01,81539,München,4250.0,Non-Bonus,15,EUR,114.31833333333333
2024-01-01,81539,München,4250.0,Non-Bonus,42,EUR,122.72583333333334
2024-01-01,81539,München,4250.0,Non-Bonus,45,EUR,123.48166666666667
2024-01-01,10115,Berlin,4000.0,Non-Bonus,16,EUR,111.96666666666665
2024-01-01,10115,Berlin,4000.0,Non-Bonus,34,EUR,117.94666666666666
2024-01-01,10115,Berlin,1500.0,Bonus,27,EUR,45.1975
2024-01-01,10115,Berlin,1500.0,Bonus,28,EUR,45.744166666666665
2024-01-01,10115,Berlin,1500.0,Bonus,36,EUR,46.718333333333334
2024-01-01,10115,Berlin,1500.0,Bonus,44,EUR,48.09583333333333
2024-01-01,81539,München,1500.0,Bonus,35,EUR,45.3975
2024-01-01,10115,Berlin,2500.0,Non-Bonus,10,EUR,70.58666666666666
2024-01-01,10115,Berlin,2500.0,Non-Bonus,14,EUR,74.16083333333333
2024-01-01,10115,Berlin,2500.0,Non-Bonus,31,EUR,77.06666666666666
2024-01-01,81539,München,2500.0,Non-Bonus,10,EUR,68.7225
2024-01-01,81539,München,2500.0,Non-Bonus,49,EUR,77.52666666666667
2024-01-01,10115,Berlin,3500.0,Non-Bonus,35,EUR,104.39666666666666
2024-01-01,81539,München,3500.0,Non-Bonus,4,EUR,88.64666666666666
2024-01-01,81539,München,3500.0,Non-Bonus,11,EUR,94.8175
2024-01-01,81539,München,3500.0,Non-Bonus,20,EUR,97.3625
2024-01-01,10115,Berlin,1000.0,Bonus,14,EUR,31.911666666666665
2024-01-01,81539,München,1000.0,Bonus,47,EUR,36.873333333333335
2024-01-01,10115,Berlin,3000.0,Non-Bonus,22,EUR,89.07666666666667
2024-01-01,10115,Berlin,2000.0,Non-Bonus,6,EUR,57.715
2024-01-01,10115,Berlin,2000.0,Non-Bonus,10,EUR,59.501666666666665
2024-01-01,10115,Berlin,2000.0,Non-Bonus,14,EUR,61.12916666666666
2024-01-01,10115,Berlin,2000.0,Non-Bonus,36,EUR,64.26
2024-01-01,81539,München,2000.0,Non-Bonus,24,EUR,61.285
2024-01-01,81539,München,2000.0,Non-Bonus,41,EUR,63.24666666666667
2024-01-01,10115,Berlin,1500.0,Non-Bonus,6,EUR,45.1975
2024-01-01,10115,Berlin,1500.0,Non-Bonus,21,EUR,49.91083333333333
2024-01-01,10115,Berlin,1500.0,Non-Bonus,36,EUR,50.487500000000004
2024-01-01,81539,München,1500.0,Non-Bonus,48,EUR,51.26499999999999
2024-01-01,10115,Berlin,4500.0,Non-Bonus,42,EUR,132.805
2024-01-01,81539,München,4500.0,Non-Bonus,3,EUR,93.745
2024-01-01,10115,Berlin,1000.0,Non-Bonus,49,EUR,38.63
2024-01-01,81539,München,1000.0,Non-Bonus,35,EUR,37.485
2024-01-01,10115,Berlin,5000.0,Non-Bonus,28,EUR,144.14333333333335
2024-01-01,10115,Berlin,5000.0,Non-Bonus,30,EUR,144.65
2024-01-01,81539,München,5000.0,Non-Bonus,20,EUR,135.18166666666667
2024-01-01,81539,München,5000.0,Non-Bonus,31,EUR,139.1175
2024-01-01,10115,Berlin,4250.0,Non-Bonus,36,EUR,125.485
2024-01-01,10115,Berlin,4250.0,Non-Bonus,42,EUR,126.01083333333334
2024-01-01,81539,München,4250.0,Non-Bonus,47,EUR,123.53666666666668
2024-01-01,10115,Berlin,4000.0,Non-Bonus,25,EUR,116.22333333333334
2024-01-01,10115,Berlin,4000.0,Non-Bonus,40,EUR,118.99666666666667
2024-01-01,81539,München,4000.0,Non-Bonus,20,EUR,109.96583333333332
2024-01-01,81539,München,4000.0,Non-Bonus,29,EUR,112.99666666666667
2024-01-01,81539,München,4000.0,Non-Bonus,41,EUR,116.02499999999999
2024-01-01,10115,Berlin,1500.0,Bonus,10,EUR,39.32083333333333
2024-01-01,10115,Berlin,1500.0,Bonus,42,EUR,47.75416666666666
2024-01-01,81539,München,1500.0,Bonus,5,EUR,38.18
2024-01-01,81539,München,3500.0,Non-Bonus,8,EUR,91.83833333333332
2024-01-01,81539,München,1000.0,Bonus,17,EUR,31.985833333333332
2024-01-01,81539,München,1000.0,Bonus,21,EUR,32.564166666666665
2024-01-01,81539,München,1000.0,Bonus,45,EUR,36.62833333333334
2024-01-01,10115,Berlin,3000.0,Non-Bonus,19,EUR,88.77416666666666
2024-01-01,10115,Berlin,3000.0,Non-Bonus,37,EUR,91.38083333333333
2024-01-01,10115,Berlin,3000.0,Non-Bonus,38,EUR,91.38666666666667
2024-01-01,81539,München,3000.0,Non-Bonus,9,EUR,80.41916666666667
2024-01-01,10115,Berlin,2000.0,Non-Bonus,4,EUR,56.92666666666667
2024-01-01,10115,Berlin,2000.0,Non-Bonus,39,EUR,64.53333333333333
2024-01-01,81539,München,2000.0,Non-Bonus,22,EUR,60.785
2024-01-01,81539,München,2000.0,Non-Bonus,33,EUR,62.6775
2024-01-01,81539,München,2000.0,Non-Bonus,48,EUR,64.78333333333333
2024-01-01,10115,Berlin,1500.0,Non-Bonus,23,EUR,49.9575
2024-01-01,10115,Berlin,1500.0,Non-Bonus,25,EUR,49.98
2024-01-01,81539,München,1500.0,Non-Bonus,32,EUR,49.626666666666665
2024-01-01,81539,München,1500.0,Non-Bonus,43,EUR,51.090833333333336
2024-01-01,81539,München,1500.0,Non-Bonus,47,EUR,51.262499999999996
2024-01-01,10115,Berlin,4500.0,Non-Bonus,2,EUR,96.25916666666666
2024-01-01,10115,Berlin,4500.0,Non-Bonus,8,EUR,121.44416666666666
2024-01-01,10115,Berlin,4500.0,Non-Bonus,12,EUR,122.8625
2024-01-01,10115,Berlin,4500.0,Non-Bonus,23,EUR,129.03166666666667
2024-01-01,81539,München,4500.0,Non-Bonus,11,EUR,120.05
2024-01-01,81539,München,4500.0,Non-Bonus,18,EUR,122.27499999999999
2024-01-01,81539,München,4500.0,Non-Bonus,35,EUR,128.0525
2024-01-01,10115,Berlin,1000.0,Non-Bonus,36,EUR,37.737500000000004
2024-01-01,10115,Berlin,1000.0,Non-Bonus,46,EUR,38.449999999999996
2024-01-01,10115,Berlin,1000.0,Non-Bonus,50,EUR,38.77166666666667
2024-01-01,10115,Berlin,5000.0,Non-Bonus,2,EUR,105.84333333333332
2024-01-01,10115,Berlin,4250.0,Non-Bonus,49,EUR,127.3775
2024-01-01,81539,München,4250.0,Non-Bonus,22,EUR,116.96749999999999
2024-01-01,10115,Berlin,4000.0,Non-Bonus,4,EUR,105.22083333333335
2024-01-01,81539,München,4000.0,Non-Bonus,39,EUR,115.92
2024-01-01,81539,München,4000.0,Non-Bonus,45,EUR,116.5825
2024-01-01,10115,Berlin,2500.0,Non-Bonus,28,EUR,76.95166666666667
2024-01-01,81539,München,2500.0,Non-Bonus,19,EUR,72.6875
2024-01-01,81539,München,2500.0,Non-Bonus,43,EUR,76.6225
2024-01-01,10115,Berlin,3500.0,Non-Bonus,15,EUR,98.40416666666665
2024-01-01,10115,Berlin,3500.0,Non-Bonus,38,EUR,105.02166666666666
2024-01-01,81539,München,3500.0,Non-Bonus,16,EUR,96.29083333333334
2024-01-01,10115,Berlin,1000.0,Bonus,41,EUR,36.81
2024-01-01,10115,Berlin,3000.0,Non-Bonus,3,EUR,70.635
2024-01-01,10115,Berlin,3000.0,Non-Bonus,9,EUR,83.315
2024-01-01,10115,Berlin,3000.0,Non-Bonus,31,EUR,90.5
2024-01-01,81539,München,3000.0,Non-Bonus,10,EUR,81.45333333333333
2024-01-01,81539,München,3000.0,Non-Bonus,22,EUR,84.76583333333333
2024-01-01,10115,Berlin,2000.0,Non-Bonus,1,EUR,45.73833333333334
2024-01-01,10115,Berlin,2000.0,Non-Bonus,22,EUR,63.26833333333334
2024-01-01,10115,Berlin,1500.0,Non-Bonus,39,EUR,51.2575
2024-01-01,81539,München,1500.0,Non-Bonus,35,EUR,49.824999999999996
2024-01-01,10115,Berlin,1000.0,Non-Bonus,10,EUR,35.105
2024-01-01,81539,München,1000.0,Non-Bonus,29,EUR,36.9625
2024-01-01,10115,Berlin,5000.0,Non-Bonus,6,EUR,130.05916666666667
2024-01-01,10115,Berlin,5000.0,Non-Bonus,9,EUR,133.83166666666668
2024-01-01,10115,Berlin,4250.0,Non-Bonus,4,EUR,111.2575
2024-01-01,81539,München,4250.0,Non-Bonus,43,EUR,123.09083333333332
2024-01-01,10115,Berlin,4000.0,Non-Bonus,8,EUR,108.77083333333333
2024-01-01,10115,Berlin,4000.0,Non-Bonus,36,EUR,118.40499999999999
2024-01-01,81539,München,4000.0,Non-Bonus,17,EUR,108.435
2024-01-01,81539,München,4000.0,Non-Bonus,18,EUR,108.59750000000001
2024-01-01,10115,Berlin,1500.0,Bonus,31,EUR,46.23666666666667
2024-01-01,10115,Berlin,1500.0,Bonus,45,EUR,48.495000000000005
2024-01-01,81539,München,1500.0,Bonus,12,EUR,39.4475
2024-01-01,10115,Berlin,2500.0,Non-Bonus,4,EUR,69.0
2024-01-01,10115,Berlin,2500.0,Non-Bonus,24,EUR,76.45416666666667
2024-01-01,10115,Berlin,2500.0,Non-Bonus,27,EUR,76.91166666666668
2024-01-01,81539,München,2500.0,Non-Bonus,35,EUR,75.6825
2024-01-01,81539,München,3500.0,Non-Bonus,50,EUR,104.1475
2024-01-01,81539,München,1000.0,Bonus,2,EUR,29.4225
2024-01-01,10115,Berlin,3000.0,Non-Bonus,7,EUR,82.45916666666666
2024-01-01,10115,Berlin,3000.0,Non-Bonus,12,EUR,85.825
2024-01-01,10115,Berlin,3000.0,Non-Bonus,42,EUR,92.27333333333333
2024-01-01,10115,Berlin,3000.0,Non-Bonus,49,EUR,93.09666666666668
2024-01-01,81539,München,3000.0,Non-Bonus,2,EUR,66.13416666666667
2024-01-01,81539,München,3000.0,Non-Bonus,21,EUR,84.76
2024-01-01,81539,München,3000.0,Non-Bonus,43,EUR,89.825
2024-01-01,10115,Berlin,2000.0,Non-Bonus,13,EUR,60.270833333333336
2024-01-01,10115,Berlin,2000.0,Non-Bonus,16,EUR,61.767500000000005
2024-01-01,10115,Berlin,2000.0,Non-Bonus,31,EUR,63.76499999999999
2024-01-01,10115,Berlin,2000.0,Non-Bonus,33,EUR,63.88333333333333
2024-01-01,81539,München,2000.0,Non-Bonus,19,EUR,60.14833333333333
2024-01-01,81539,München,2000.0,Non-Bonus,38,EUR,63.01666666666667
2024-01-01,10115,Berlin,1500.0,Non-Bonus,1,EUR,36.2925
2024-01-01,10115,Berlin,1500.0,Non-Bonus,17,EUR,49.324999999999996
2024-01-01,10115,Berlin,1500.0,Non-Bonus,43,EUR,51.5925
2024-01-01,10115,Berlin,1500.0,Non-Bonus,50,EUR,52.39666666666667
2024-01-01,81539,München,1500.0,Non-Bonus,46,EUR,51.195
2024-01-01,81539,München,4500.0,Non-Bonus,23,EUR,123.90750000000001
2024-01-01,81539,München,4500.0,Non-Bonus,40,EUR,129.21
2024-01-01,81539,München,1000.0,Non-Bonus,26,EUR,36.873333333333335
2024-01-01,10115,Berlin,5000.0,Non-Bonus,29,EUR,144.23333333333332
2024-01-01,81539,München,5000.0,Non-Bonus,23,EUR,136.65916666666666
2024-01-01,81539,München,5000.0,Non-Bonus,27,EUR,138.46333333333334
2024-01-01,10115,Berlin,4250.0,Non-Bonus,21,EUR,122.24083333333334
2024-01-01,10115,Berlin,4000.0,Non-Bonus,12,EUR,109.4225
2024-01-01,10115,Berlin,4000.0,Non-Bonus,42,EUR,119.08916666666666
2024-01-01,81539,München,4000.0,Non-Bonus,6,EUR,102.53666666666668
2024-01-01,81539,München,4000.0,Non-Bonus,44,EUR,116.43166666666667
2024-01-01,10115,Berlin,1500.0,Bonus,2,EUR,37.81166666666667
2024-01-01,10115,Berlin,1500.0,Bonus,23,EUR,44.21666666666667
2024-01-01,10115,Berlin,1500.0,Bonus,43,EUR,47.762499999999996
2024-01-01,10115,Berlin,2500.0,Non-Bonus,20,EUR,75.64
2024-01-01,10115,Berlin,2500.0,Non-Bonus,32,EUR,77.135
2024-01-01,10115,Berlin,2500.0,Non-Bonus,45,EUR,78.82416666666667
2024-01-01,81539,München,2500.0,Non-Bonus,14,EUR,71.27833333333334
2024-01-01,81539,München,2500.0,Non-Bonus,20,EUR,72.6975
2024-01-01,10115,Berlin,3500.0,Non-Bonus,25,EUR,103.47916666666667
2024-01-01,10115,Berlin,3500.0,Non-Bonus,36,EUR,104.76666666666667
2024-01-01,10115,Berlin,3500.0,Non-Bonus,41,EUR,105.27083333333333
2024-01-01,81539,München,3500.0,Non-Bonus,1,EUR,70.69666666666667
2024-01-01,81539,München,3500.0,Non-Bonus,47,EUR,103.52416666666666
2024-01-01,10115,Berlin,1000.0,Bonus,29,EUR,34.696666666666665
2024-01-01,81539,München,3000.0,Non-Bonus,49,EUR,91.1425
2024-01-01,10115,Berlin,2000.0,Non-Bonus,2,EUR,48.336666666666666
2024-01-01,10115,Berlin,1500.0,Non-Bonus,26,EUR,50.12916666666666
2024-01-01,10115,Berlin,1500.0,Non-Bonus,38,EUR,51.2125
2024-01-01,81539,München,4500.0,Non-Bonus,24,EUR,123.99666666666667
2024-01-01,81539,München,4500.0,Non-Bonus,41,EUR,129.30833333333334
2024-01-01,10115,Berlin,1000.0,Non-Bonus,35,EUR,37.737500000000004
2024-01-01,81539,München,1000.0,Non-Bonus,27,EUR,36.9225
2024-01-01,81539,München,1000.0,Non-Bonus,34,EUR,37.425000000000004
2024-01-01,81539,München,1000.0,Non-Bonus,50,EUR,38.586666666666666
2024-01-01,10115,Berlin,5000.0,Non-Bonus,47,EUR,147.595
2024-01-01,81539,München,5000.0,Non-Bonus,47,EUR,143.17499999999998
2024-01-01,10115,Berlin,4250.0,Non-Bonus,13,EUR,116.75416666666666
2024-01-01,10115,Berlin,4250.0,Non-Bonus,15,EUR,117.13333333333333
2024-01-01,10115,Berlin,4250.0,Non-Bonus,35,EUR,125.41583333333334
2024-01-01,10115,Berlin,4250.0,Non-Bonus,39,EUR,125.90083333333332
2024-01-01,10115,Berlin,4000.0,Non-Bonus,28,EUR,117.22000000000001
2024-01-01,81539,München,4000.0,Non-Bonus,5,EUR,101.9525
2024-01-01,81539,München,4000.0,Non-Bonus,24,EUR,111.15583333333332
2024-01-01,81539,München,2500.0,Non-Bonus,6,EUR,67.70083333333334
2024-01-01,81539,München,3500.0,Non-Bonus,18,EUR,96.39833333333333
2024-01-01,81539,München,3500.0,Non-Bonus,36,EUR,101.90249999999999
2024-01-01,10115,Berlin,1000.0,Bonus,38,EUR,36.5925
2024-01-01,10115,Berlin,1000.0,Bonus,44,EUR,36.9425
2024-01-01,81539,München,2000.0,Non-Bonus,25,EUR,61.28666666666667
2024-01-01,10115,Berlin,1500.0,Non-Bonus,47,EUR,51.92083333333333
2024-01-01,10115,Berlin,4500.0,Non-Bonus,22,EUR,129.01416666666668
2024-01-01,10115,Berlin,1000.0,Non-Bonus,11,EUR,35.345
2024-01-01,10115,Berlin,1000.0,Non-Bonus,12,EUR,35.69583333333333
2024-01-01,81539,München,1000.0,Non-Bonus,3,EUR,31.985833333333332
2024-01-01,81539,München,1000.0,Non-Bonus,15,EUR,35.48083333333333
2024-01-01,10115,Berlin,5000.0,Non-Bonus,1,EUR,102.40499999999999
2024-01-01,10115,Berlin,5000.0,Non-Bonus,45,EUR,147.36333333333332
2024-01-01,81539,München,5000.0,Non-Bonus,2,EUR,102.78666666666668
2024-01-01,81539,München,5000.0,Non-Bonus,35,EUR,141.1275
2024-01-01,81539,München,5000.0,Non-Bonus,45,EUR,142.95833333333334
2024-01-01,10115,Berlin,4250.0,Non-Bonus,40,EUR,125.90916666666668
2024-01-01,81539,München,4250.0,Non-Bonus,4,EUR,105.24666666666667
2024-01-01,10115,Berlin,4000.0,Non-Bonus,1,EUR,84.405
2024-01-01,10115,Berlin,4000.0,Non-Bonus,13,EUR,110.50833333333333
2024-01-01,10115,Berlin,4000.0,Non-Bonus,22,EUR,115.58333333333333
2024-01-01,10115,Berlin,4000.0,Non-Bonus,39,EUR,118.96666666666665
2024-01-01,81539,München,4000.0,Non-Bonus,7,EUR,103.12833333333333
2024-01-01,81539,München,4000.0,Non-Bonus,16,EUR,108.24083333333334
2024-01-01,81539,München,4000.0,Non-Bonus,30,EUR,113.1475
2024-01-01,10115,Berlin,2500.0,Non-Bonus,35,EUR,77.375
2024-01-01,10115,Berlin,2500.0,Non-Bonus,49,EUR,79.00416666666666
2024-01-01,81539,München,2500.0,Non-Bonus,1,EUR,53.509166666666665
2024-01-01,81539,München,2500.0,Non-Bonus,5,EUR,67.55
2024-01-01,81539,München,2500.0,Non-Bonus,11,EUR,69.13666666666667
2024-01-01,81539,München,2500.0,Non-Bonus,38,EUR,76.135
2024-01-01,10115,Berlin,3500.0,Non-Bonus,14,EUR,98.22500000000001
2024-01-01,10115,Berlin,3500.0,Non-Bonus,18,EUR,101.74583333333334
2024-01-01,81539,München,3500.0,Non-Bonus,23,EUR,98.18666666666667
2024-01-01,81539,München,3500.0,Non-Bonus,30,EUR,100.44333333333333
2024-01-01,81539,München,3500.0,Non-Bonus,32,EUR,101.29166666666667
2024-01-01,81539,München,3500.0,Non-Bonus,44,EUR,103.14583333333333
2024-01-01,81539,München,3500.0,Non-Bonus,48,EUR,103.60416666666667
2024-01-01,10115,Berlin,1000.0,Bonus,32,EUR,35.105
2024-01-01,81539,München,1000.0,Bonus,5,EUR,29.489166666666666
2024-01-01,10115,Berlin,3000.0,Non-Bonus,30,EUR,90.47500000000001
2024-01-01,81539,München,3000.0,Non-Bonus,13,EUR,83.675
2024-01-01,10115,Berlin,2000.0,Non-Bonus,12,EUR,59.50666666666667
2024-01-01,81539,München,2000.0,Non-Bonus,9,EUR,56.525
2024-01-01,10115,Berlin,1500.0,Non-Bonus,7,EUR,46.307500000000005
2024-01-01,10115,Berlin,4500.0,Non-Bonus,3,EUR,99.02749999999999
2024-01-01,10115,Berlin,4500.0,Non-Bonus,19,EUR,127.36500000000001
2024-01-01,10115,Berlin,4500.0,Non-Bonus,30,EUR,130.79999999999998
2024-01-01,10115,Berlin,1000.0,Non-Bonus,19,EUR,36.81
2024-01-01,10115,Berlin,1000.0,Non-Bonus,38,EUR,37.90083333333333
2024-01-01,81539,München,1000.0,Non-Bonus,10,EUR,34.48083333333333
2024-01-01,81539,München,1000.0,Non-Bonus,11,EUR,34.90083333333333
2024-01-01,81539,München,1000.0,Non-Bonus,38,EUR,37.685
2024-01-01,10115,Berlin,5000.0,Non-Bonus,12,EUR,136.04166666666666
2024-01-01,10115,Berlin,5000.0,Non-Bonus,13,EUR,136.69833333333335
2024-01-01,81539,München,5000.0,Non-Bonus,48,EUR,143.4825
2024-01-01,81539,München,4250.0,Non-Bonus,21,EUR,116.27583333333332
2024-01-01,81539,München,4250.0,Non-Bonus,32,EUR,120.19833333333334
2024-01-01,10115,Berlin,1500.0,Bonus,11,EUR,39.4075
2024-01-01,10115,Berlin,1500.0,Bonus,37,EUR,47.115833333333335
2024-01-01,10115,Berlin,1500.0,Bonus,46,EUR,49.01083333333333
2024-01-01,10115,Berlin,2500.0,Non-Bonus,47,EUR,78.97666666666667
2024-01-01,10115,Berlin,3500.0,Non-Bonus,11,EUR,96.66916666666667
2024-01-01,81539,München,3500.0,Non-Bonus,17,EUR,96.36583333333334
2024-01-01,10115,Berlin,1000.0,Bonus,30,EUR,34.73166666666666
2024-01-01,81539,München,3000.0,Non-Bonus,8,EUR,79.705
2024-01-01,10115,Berlin,2000.0,Non-Bonus,35,EUR,64.18333333333334
2024-01-01,81539,München,2000.0,Non-Bonus,17,EUR,59.557500000000005
2024-01-01,10115,Berlin,1500.0,Non-Bonus,46,EUR,51.89666666666667
2024-01-01,81539,München,1500.0,Non-Bonus,20,EUR,48.137499999999996
2024-01-01,81539,München,1500.0,Non-Bonus,23,EUR,48.715833333333336
2024-01-01,10115,Berlin,4500.0,Non-Bonus,15,EUR,125.69416666666666
2024-01-01,10115,Berlin,4500.0,Non-Bonus,37,EUR,132.435
2024-01-01,10115,Berlin,4500.0,Non-Bonus,43,EUR,132.81416666666667
2024-01-01,81539,München,4500.0,Non-Bonus,28,EUR,125.80250000000001
2024-01-01,10115,Berlin,1000.0,Non-Bonus,17,EUR,36.766666666666666
2024-01-01,10115,Berlin,1000.0,Non-Bonus,24,EUR,37.02916666666667
2024-01-01,81539,München,5000.0,Non-Bonus,32,EUR,139.64416666666668
2024-01-01,10115,Berlin,4250.0,Non-Bonus,2,EUR,91.46666666666665
2024-01-01,10115,Berlin,4250.0,Non-Bonus,14,EUR,117.00833333333333
2024-01-01,10115,Berlin,4250.0,Non-Bonus,18,EUR,120.46499999999999
2024-01-01,81539,München,4250.0,Non-Bonus,10,EUR,112.7925
2024-01-01,81539,München,4250.0,Non-Bonus,24,EUR,117.53166666666668
2024-01-01,81539,München,4250.0,Non-Bonus,25,EUR,117.69333333333333
2024-01-01,81539,München,4250.0,Non-Bonus,50,EUR,123.90249999999999
2024-01-01,10115,Berlin,4000.0,Non-Bonus,41,EUR,119.005
2024-01-01,81539,München,4000.0,Non-Bonus,48,EUR,116.8
2024-01-01,10115,Berlin,1500.0,Bonus,40,EUR,47.583333333333336
2024-01-01,81539,München,1500.0,Bonus,19,EUR,42.51
2024-01-01,10115,Berlin,2500.0,Non-Bonus,21,EUR,76.145
2024-01-01,10115,Berlin,2500.0,Non-Bonus,42,EUR,78.31666666666666
2024-01-01,81539,München,2500.0,Non-Bonus,13,EUR,70.85083333333334
2024-01-01,81539,München,3500.0,Non-Bonus,2,EUR,75.2975
2024-01-01,81539,München,3500.0,Non-Bonus,21,EUR,97.37
2024-01-01,81539,München,3500.0,Non-Bonus,28,EUR,99.99583333333334
2024-01-01,81539,München,1000.0,Bonus,43,EUR,36.594166666666666
2024-01-01,81539,München,1000.0,Bonus,49,EUR,36.9625
2024-01-01,10115,Berlin,3000.0,Non-Bonus,8,EUR,82.595
2024-01-01,81539,München,3000.0,Non-Bonus,6,EUR,79.24416666666666
2024-01-01,81539,München,3000.0,Non-Bonus,7,EUR,79.55666666666666
2024-01-01,81539,München,3000.0,Non-Bonus,27,EUR,87.28666666666668
2024-01-01,81539,München,2000.0,Non-Bonus,14,EUR,59.16083333333333
2024-01-01,81539,München,2000.0,Non-Bonus,15,EUR,59.22833333333333
2024-01-01,10115,Berlin,1500.0,Non-Bonus,48,EUR,51.9625
2024-01-01,81539,München,1500.0,Non-Bonus,25,EUR,48.857499999999995
2024-01-01,81539,München,1500.0,Non-Bonus,45,EUR,51.13583333333333
2024-01-01,10115,Berlin,4500.0,Non-Bonus,46,EUR,133.8325
2024-01-01,10115,Berlin,1000.0,Non-Bonus,18,EUR,36.791666666666664
2024-01-01,10115,Berlin,1000.0,Non-Bonus,31,EUR,37.541666666666664
2024-01-01,10115,Berlin,1000.0,Non-Bonus,48,EUR,38.574999999999996
2024-01-01,81539,München,1000.0,Non-Bonus,36,EUR,37.525
2024-01-01,81539,München,1000.0,Non-Bonus,48,EUR,38.274166666666666
2024-01-01,10115,Berlin,5000.0,Non-Bonus,4,EUR,129.01583333333335
2024-01-01,10115,Berlin,5000.0,Non-Bonus,15,EUR,137.83333333333334
2024-01-01,10115,Berlin,5000.0,Non-Bonus,37,EUR,146.21666666666667
2024-01-01,10115,Berlin,5000.0,Non-Bonus,40,EUR,146.35833333333332
2024-01-01,10115,Berlin,5000.0,Non-Bonus,42,EUR,146.61249999999998
2024-01-01,10115,Berlin,4250.0,Non-Bonus,34,EUR,125.27833333333332
2024-01-01,10115,Berlin,4250.0,Non-Bonus,44,EUR,126.89833333333333
2024-01-01,81539,München,4250.0,Non-Bonus,13,EUR,114.31416666666667
2024-01-01,81539,München,4250.0,Non-Bonus,29,EUR,119.36333333333333
2024-01-01,10115,Berlin,4000.0,Non-Bonus,37,EUR,118.61
2024-01-01,10115,Berlin,4000.0,Non-Bonus,47,EUR,120.13666666666667
2024-01-01,81539,München,4000.0,Non-Bonus,26,EUR,111.43333333333334
2024-01-01,81539,München,4000.0,Non-Bonus,33,EUR,114.17833333333334
2024-01-01,81539,München,4000.0,Non-Bonus,42,EUR,116.1425
2024-01-01,10115,Berlin,2000.0,Bonus,28,EUR,55.870000000000005
2024-01-01,10115,Berlin,2000.0,Bonus,40,EUR,60.18333333333334
2024-01-01,10115,Berlin,2000.0,Bonus,48,EUR,61.767500000000005
2024-01-01,81539,München,2000.0,Bonus,11,EUR,48.21666666666667
2024-01-01,81539,München,2000.0,Bonus,32,EUR,56.22
2024-01-01,81539,München,2000.0,Bonus,34,EUR,56.29333333333333
2024-01-01,81539,München,2000.0,Bonus,37,EUR,56.82083333333333
2024-01-01,10115,Berlin,3000.0,Bonus,12,EUR,74.25833333333334
2024-01-01,10115,Berlin,3000.0,Bonus,23,EUR,79.41
2024-01-01,81539,München,2500.0,Bonus,2,EUR,55.038333333333334
2024-01-01,81539,München,4500.0,Bonus,34,EUR,115.55833333333334
2024-01-01,10115,Berlin,4250.0,Bonus,24,EUR,111.10333333333334
2024-01-01,10115,Berlin,4250.0,Bonus,36,EUR,115.25083333333333
2024-01-01,10115,Berlin,4250.0,Bonus,38,EUR,115.82833333333333
2024-01-01,81539,München,4250.0,Bonus,44,EUR,115.79916666666666
2024-01-01,81539,München,4250.0,Bonus,46,EUR,116.3325
2024-01-01,10115,Berlin,4000.0,Bonus,34,EUR,108.58916666666666
2024-01-01,81539,München,4000.0,Bonus,46,EUR,109.65333333333332
2024-01-01,10115,Berlin,3500.0,Bonus,11,EUR,85.46083333333333
2024-01-01,10115,Berlin,3500.0,Bonus,27,EUR,93.1475
2024-01-01,10115,Berlin,3500.0,Bonus,28,EUR,93.34166666666665
2024-01-01,10115,Berlin,3500.0,Bonus,38,EUR,96.66916666666667
2024-01-01,10115,Berlin,3500.0,Bonus,47,EUR,100.77916666666665
2024-01-01,81539,München,3500.0,Bonus,37,EUR,94.71833333333332
2024-01-01,10115,Berlin,5000.0,Bonus,10,EUR,123.27499999999999
2024-01-01,10115,Berlin,5000.0,Bonus,35,EUR,135.35
2024-01-01,10115,Berlin,5000.0,Bonus,45,EUR,139.4075
2024-01-01,81539,München,5000.0,Bonus,23,EUR,125.20416666666667
2024-01-01,81539,München,5000.0,Bonus,44,EUR,136.26416666666668
2024-01-01,10115,Berlin,3000.0,Bonus,17,EUR,75.8875
2024-01-01,10115,Berlin,3000.0,Bonus,28,EUR,81.085
2024-01-01,10115,Berlin,3000.0,Bonus,33,EUR,81.825
2024-01-01,10115,Berlin,2500.0,Bonus,38,EUR,70.49083333333333
2024-01-01,81539,München,2500.0,Bonus,8,EUR,57.895833333333336
2024-01-01,10115,Berlin,4500.0,Bonus,4,EUR,105.64666666666666
2024-01-01,10115,Berlin,4500.0,Bonus,42,EUR,125.3125
2024-01-01,10115,Berlin,4250.0,Bonus,44,EUR,118.57083333333333
2024-01-01,81539,München,4250.0,Bonus,30,EUR,108.49666666666667
2024-01-01,81539,München,4000.0,Bonus,13,EUR,96.76166666666667
2024-01-01,10115,Berlin,3500.0,Bonus,32,EUR,93.84166666666665
2024-01-01,81539,München,3500.0,Bonus,2,EUR,72.39166666666667
2024-01-01,81539,München,3500.0,Bonus,22,EUR,87.78833333333334
2024-01-01,81539,München,3500.0,Bonus,27,EUR,89.07666666666667
2024-01-01,81539,München,5000.0,Bonus,16,EUR,123.81166666666667
2024-01-01,10115,Berlin,2000.0,Bonus,23,EUR,54.30083333333334
2024-01-01,10115,Berlin,2000.0,Bonus,33,EUR,57.715
2024-01-01,81539,München,2000.0,Bonus,36,EUR,56.53583333333333
2024-01-01,10115,Berlin,3000.0,Bonus,37,EUR,83.07833333333333
2024-01-01,10115,Berlin,3000.0,Bonus,44,EUR,85.9775
2024-01-01,10115,Berlin,2500.0,Bonus,1,EUR,55.696666666666665
2024-01-01,10115,Berlin,2500.0,Bonus,27,EUR,67.6675
2024-01-01,10115,Berlin,2500.0,Bonus,31,EUR,69.0
2024-01-01,10115,Berlin,2500.0,Bonus,44,EUR,72.60416666666667
2024-01-01,10115,Berlin,2500.0,Bonus,45,EUR,73.13333333333334
2024-01-01,81539,München,2500.0,Bonus,38,EUR,68.7225
2024-01-01,10115,Berlin,4500.0,Bonus,48,EUR,126.56666666666666
2024-01-01,81539,München,4500.0,Bonus,44,EUR,122.82666666666667
2024-01-01,10115,Berlin,4250.0,Bonus,32,EUR,114.24666666666667
2024-01-01,10115,Berlin,4250.0,Bonus,40,EUR,116.295
2024-01-01,81539,München,4250.0,Bonus,1,EUR,83.85666666666667
2024-01-01,10115,Berlin,4000.0,Bonus,48,EUR,113.44666666666666
2024-01-01,81539,München,4000.0,Bonus,8,EUR,95.39999999999999
2024-01-01,81539,München,4000.0,Bonus,10,EUR,95.41916666666667
2024-01-01,10115,Berlin,3500.0,Bonus,21,EUR,90.02833333333332
2024-01-01,81539,München,3500.0,Bonus,4,EUR,75.2975
2024-01-01,81539,München,3500.0,Bonus,49,EUR,99.55833333333334
2024-01-01,10115,Berlin,5000.0,Bonus,7,EUR,121.95833333333333
2024-01-01,81539,München,5000.0,Bonus,7,EUR,117.97250000000001
2024-01-01,10115,Berlin,2000.0,Bonus,38,EUR,59.501666666666665
2024-01-01,81539,München,2000.0,Bonus,12,EUR,48.74
2024-01-01,10115,Berlin,3000.0,Bonus,31,EUR,81.56666666666666
2024-01-01,10115,Berlin,3000.0,Bonus,40,EUR,84.26166666666667
2024-01-01,81539,München,3000.0,Bonus,11,EUR,73.00833333333334
2024-01-01,81539,München,3000.0,Bonus,28,EUR,78.0025
2024-01-01,81539,München,2500.0,Bonus,5,EUR,56.971666666666664
2024-01-01,81539,München,2500.0,Bonus,23,EUR,63.875
2024-01-01,10115,Berlin,4500.0,Bonus,9,EUR,110.10416666666667
2024-01-01,10115,Berlin,4500.0,Bonus,44,EUR,125.69416666666666
2024-01-01,10115,Berlin,4500.0,Bonus,46,EUR,125.9225
2024-01-01,81539,München,4500.0,Bonus,3,EUR,93.62333333333333
2024-01-01,81539,München,4500.0,Bonus,25,EUR,113.78250000000001
2024-01-01,10115,Berlin,4250.0,Bonus,10,EUR,104.71083333333333
2024-01-01,10115,Berlin,4250.0,Bonus,15,EUR,108.95
2024-01-01,10115,Berlin,4250.0,Bonus,22,EUR,109.91833333333334
2024-01-01,81539,München,4250.0,Bonus,2,EUR,85.15666666666667
2024-01-01,81539,München,4250.0,Bonus,29,EUR,108.3675
2024-01-01,10115,Berlin,4000.0,Bonus,11,EUR,98.08916666666666
2024-01-01,10115,Berlin,4000.0,Bonus,29,EUR,106.15166666666666
2024-01-01,10115,Berlin,4000.0,Bonus,33,EUR,107.49416666666667
2024-01-01,81539,München,4000.0,Bonus,4,EUR,84.46
2024-01-01,10115,Berlin,3500.0,Bonus,3,EUR,77.09916666666668
2024-01-01,81539,München,3500.0,Bonus,21,EUR,87.11333333333333
2024-01-01,81539,München,3500.0,Bonus,38,EUR,94.77083333333333
2024-01-01,81539,München,3500.0,Bonus,46,EUR,98.185
2024-01-01,10115,Berlin,5000.0,Bonus,32,EUR,133.72666666666666
2024-01-01,81539,München,5000.0,Bonus,4,EUR,107.25999999999999
2024-01-01,81539,München,5000.0,Bonus,45,EUR,136.37
2024-01-01,10115,Berlin,2000.0,Bonus,6,EUR,48.26666666666667
2024-01-01,10115,Berlin,2000.0,Bonus,13,EUR,49.050000000000004
2024-01-01,10115,Berlin,2000.0,Bonus,49,EUR,61.94583333333333
2024-01-01,81539,München,2000.0,Bonus,4,EUR,46.196666666666665
2024-01-01,81539,München,2000.0,Bonus,22,EUR,53.42333333333334
2024-01-01,81539,München,2000.0,Bonus,24,EUR,53.778333333333336
2024-01-01,81539,München,2000.0,Bonus,41,EUR,58.8675
2024-01-01,81539,München,2000.0,Bonus,46,EUR,60.6325
2024-01-01,81539,München,3000.0,Bonus,27,EUR,76.9575
2024-01-01,81539,München,3000.0,Bonus,43,EUR,84.46583333333334
2024-01-01,10115,Berlin,2500.0,Bonus,28,EUR,67.73333333333333
2024-01-01,81539,München,2500.0,Bonus,7,EUR,57.88833333333333
2024-01-01,10115,Berlin,4500.0,Bonus,10,EUR,110.10833333333333
2024-01-01,10115,Berlin,4500.0,Bonus,22,EUR,116.6475
2024-01-01,81539,München,4500.0,Bonus,2,EUR,89.745
2024-01-01,81539,München,4500.0,Bonus,35,EUR,118.40333333333332
2024-01-01,81539,München,4500.0,Bonus,48,EUR,124.13916666666667
2024-01-01,10115,Berlin,4250.0,Bonus,14,EUR,107.22250000000001
2024-01-01,81539,München,4250.0,Bonus,4,EUR,89.39166666666667
2024-01-01,10115,Berlin,4000.0,Bonus,5,EUR,94.07583333333334
2024-01-01,10115,Berlin,4000.0,Bonus,15,EUR,102.29583333333333
2024-01-01,81539,München,4000.0,Bonus,47,EUR,111.06666666666666
2024-01-01,10115,Berlin,3500.0,Bonus,24,EUR,91.59666666666668
2024-01-01,81539,München,3500.0,Bonus,17,EUR,85.515
2024-01-01,81539,München,3500.0,Bonus,23,EUR,87.835
2024-01-01,81539,München,3500.0,Bonus,40,EUR,95.4975
2024-01-01,10115,Berlin,5000.0,Bonus,4,EUR,118.77166666666666
2024-01-01,10115,Berlin,5000.0,Bonus,23,EUR,129.3675
2024-01-01,81539,München,5000.0,Bonus,50,EUR,138.25
2024-01-01,81539,München,2000.0,Bonus,25,EUR,54.975
2024-01-01,81539,München,2000.0,Bonus,44,EUR,60.182500000000005
2024-01-01,10115,Berlin,3000.0,Bonus,8,EUR,72.79333333333334
2024-01-01,10115,Berlin,3000.0,Bonus,24,EUR,79.42666666666666
2024-01-01,10115,Berlin,3000.0,Bonus,42,EUR,84.62333333333333
2024-01-01,81539,München,3000.0,Bonus,2,EUR,64.215
2024-01-01,81539,München,3000.0,Bonus,3,EUR,64.30333333333333
2024-01-01,81539,München,3000.0,Bonus,31,EUR,79.24416666666666
2024-01-01,10115,Berlin,2500.0,Bonus,41,EUR,70.58666666666666
2024-01-01,10115,Berlin,2500.0,Bonus,43,EUR,71.89416666666666
2024-01-01,81539,München,2500.0,Bonus,24,EUR,64.1225
2024-01-01,10115,Berlin,4500.0,Bonus,26,EUR,117.32
2024-01-01,10115,Berlin,4500.0,Bonus,30,EUR,120.265
2024-01-01,81539,München,4500.0,Bonus,28,EUR,114.19833333333334
2024-01-01,10115,Berlin,4250.0,Bonus,31,EUR,113.54333333333334
2024-01-01,81539,München,4250.0,Bonus,32,EUR,108.9375
2024-01-01,81539,München,4000.0,Bonus,33,EUR,103.12833333333333
2024-01-01,81539,München,4000.0,Bonus,36,EUR,106.08666666666666
2024-01-01,10115,Berlin,3500.0,Bonus,2,EUR,77.09
2024-01-01,81539,München,3500.0,Bonus,35,EUR,92.185
2024-01-01,10115,Berlin,2000.0,Bonus,9,EUR,48.30083333333334
2024-01-01,10115,Berlin,2000.0,Bonus,15,EUR,49.416666666666664
2024-01-01,10115,Berlin,2000.0,Bonus,41,EUR,60.193333333333335
2024-01-01,81539,München,2000.0,Bonus,3,EUR,46.1775
2024-01-01,81539,München,2000.0,Bonus,16,EUR,52.53
2024-01-01,10115,Berlin,3000.0,Bonus,2,EUR,66.735
2024-01-01,10115,Berlin,3000.0,Bonus,29,EUR,81.12916666666666
2024-01-01,81539,München,3000.0,Bonus,38,EUR,81.6725
2024-01-01,10115,Berlin,2500.0,Bonus,50,EUR,74.81
2024-01-01,81539,München,2500.0,Bonus,27,EUR,65.18166666666666
2024-01-01,81539,München,2500.0,Bonus,48,EUR,73.85916666666667
2024-01-01,10115,Berlin,4250.0,Bonus,8,EUR,104.6275
2024-01-01,10115,Berlin,4250.0,Bonus,28,EUR,112.31166666666667
2024-01-01,10115,Berlin,4250.0,Bonus,50,EUR,120.98333333333333
2024-01-01,81539,München,4000.0,Bonus,6,EUR,93.67833333333334
2024-01-01,81539,München,4000.0,Bonus,48,EUR,111.1725
2024-01-01,81539,München,3500.0,Bonus,11,EUR,83.235
2024-01-01,81539,München,3500.0,Bonus,15,EUR,85.14583333333333
2024-01-01,81539,München,3500.0,Bonus,31,EUR,90.87416666666667
2024-01-01,10115,Berlin,5000.0,Bonus,18,EUR,128.19416666666666
2024-01-01,10115,Berlin,5000.0,Bonus,43,EUR,139.29999999999998
2024-01-01,81539,München,5000.0,Bonus,18,EUR,123.90916666666668
2024-01-01,81539,München,5000.0,Bonus,24,EUR,125.53416666666668
2024-01-01,81539,München,5000.0,Bonus,29,EUR,126.55166666666666
2024-01-01,81539,München,5000.0,Bonus,30,EUR,127.36333333333333
2024-01-01,81539,München,5000.0,Bonus,31,EUR,127.51416666666667
2024-01-01,10115,Berlin,2000.0,Bonus,11,EUR,48.336666666666666
2024-01-01,81539,München,2000.0,Bonus,15,EUR,52.51666666666667
2024-01-01,81539,München,2000.0,Bonus,17,EUR,52.68333333333334
2024-01-01,81539,München,2000.0,Bonus,29,EUR,56.056666666666665
2024-01-01,10115,Berlin,3000.0,Bonus,10,EUR,72.90833333333333
2024-01-01,10115,Berlin,3000.0,Bonus,15,EUR,75.60333333333334
2024-01-01,81539,München,2500.0,Bonus,21,EUR,63.596666666666664
2024-01-01,10115,Berlin,4500.0,Bonus,24,EUR,117.13666666666667
2024-01-01,81539,München,4500.0,Bonus,14,EUR,109.8825
2024-01-01,81539,München,4500.0,Bonus,38,EUR,120.05
2024-01-01,81539,München,4500.0,Bonus,49,EUR,124.16416666666667
2024-01-01,10115,Berlin,4250.0,Bonus,1,EUR,88.77999999999999
2024-01-01,10115,Berlin,4000.0,Bonus,4,EUR,92.52166666666666
2024-01-01,81539,München,4000.0,Bonus,2,EUR,81.56833333333334
2024-01-01,81539,München,4000.0,Bonus,37,EUR,106.80083333333333
2024-01-01,10115,Berlin,3500.0,Bonus,20,EUR,89.40166666666666
2024-01-01,10115,Berlin,3500.0,Bonus,34,EUR,94.70083333333334
2024-01-01,81539,München,3500.0,Bonus,20,EUR,85.73
2024-01-01,81539,München,3500.0,Bonus,25,EUR,88.69916666666667
2024-01-01,10115,Berlin,5000.0,Bonus,2,EUR,104.49166666666667
2024-01-01,10115,Berlin,5000.0,Bonus,29,EUR,132.21166666666667
2024-01-01,81539,München,5000.0,Bonus,38,EUR,132.68
2024-01-01,81539,München,5000.0,Bonus,49,EUR,137.20000000000002
2024-01-01,10115,Berlin,2000.0,Bonus,17,EUR,51.18333333333334
2024-01-01,10115,Berlin,2000.0,Bonus,19,EUR,54.107499999999995
2024-01-01,81539,München,2000.0,Bonus,1,EUR,44.42166666666666
2024-01-01,81539,München,2000.0,Bonus,9,EUR,47.4975
2024-01-01,81539,München,2000.0,Bonus,28,EUR,55.98166666666666
2024-01-01,81539,München,2000.0,Bonus,50,EUR,61.285
2024-01-01,10115,Berlin,3000.0,Bonus,25,EUR,79.67833333333333
2024-01-01,10115,Berlin,2500.0,Bonus,29,EUR,68.11583333333333
2024-01-01,81539,München,2500.0,Bonus,39,EUR,69.13666666666667
2024-01-01,10115,Berlin,4500.0,Bonus,8,EUR,109.98166666666667
2024-01-01,10115,Berlin,4500.0,Bonus,31,EUR,120.8825
2024-01-01,10115,Berlin,4500.0,Bonus,37,EUR,122.85916666666667
2024-01-01,81539,München,4500.0,Bonus,19,EUR,111.32083333333333
2024-01-01,10115,Berlin,4250.0,Bonus,45,EUR,118.65249999999999
2024-01-01,81539,München,4250.0,Bonus,11,EUR,101.51666666666667
2024-01-01,81539,München,4250.0,Bonus,24,EUR,107.09083333333332
2024-01-01,81539,München,4250.0,Bonus,28,EUR,108.33999999999999
2024-01-01,81539,München,4250.0,Bonus,38,EUR,113.0225
2024-01-01,81539,München,4250.0,Bonus,43,EUR,114.69749999999999
2024-01-01,10115,Berlin,4000.0,Bonus,20,EUR,103.75
2024-01-01,10115,Berlin,4000.0,Bonus,45,EUR,111.45666666666666
2024-01-01,81539,München,4000.0,Bonus,3,EUR,83.435
2024-01-01,81539,München,4000.0,Bonus,41,EUR,108.08083333333333
2024-01-01,81539,München,4000.0,Bonus,45,EUR,109.43333333333334
2024-01-01,10115,Berlin,3500.0,Bonus,23,EUR,91.58
2024-01-01,81539,München,3500.0,Bonus,18,EUR,85.62416666666667
2024-01-01,81539,München,3500.0,Bonus,24,EUR,88.395
2024-01-01,81539,München,3500.0,Bonus,30,EUR,90.8625
2024-01-01,81539,München,3500.0,Bonus,33,EUR,91.63583333333334
2024-01-01,81539,München,3500.0,Bonus,48,EUR,99.3575
2024-01-01,10115,Berlin,5000.0,Bonus,21,EUR,129.07500000000002
2024-01-01,10115,Berlin,5000.0,Bonus,50,EUR,141.70833333333334
2024-01-01,81539,München,5000.0,Bonus,9,EUR,118.95416666666667
2024-01-01,81539,München,5000.0,Bonus,22,EUR,124.66083333333334
2024-01-01,81539,München,2000.0,Bonus,26,EUR,54.994166666666665
2024-01-01,10115,Berlin,3000.0,Bonus,41,EUR,84.28166666666667
2024-01-01,81539,München,3000.0,Bonus,6,EUR,69.12916666666666
2024-01-01,81539,München,3000.0,Bonus,24,EUR,76.80083333333333
2024-01-01,10115,Berlin,2500.0,Bonus,46,EUR,74.45916666666666
2024-01-01,10115,Berlin,2500.0,Bonus,47,EUR,74.64333333333333
2024-01-01,81539,München,4500.0,Bonus,20,EUR,112.21666666666665
2024-01-01,81539,München,4500.0,Bonus,47,EUR,123.7375
2024-01-01,10115,Berlin,4250.0,Bonus,2,EUR,90.295
2024-01-01,10115,Berlin,4250.0,Bonus,41,EUR,116.75416666666666
2024-01-01,10115,Berlin,4000.0,Bonus,25,EUR,105.20583333333333
2024-01-01,10115,Berlin,4000.0,Bonus,30,EUR,106.335
2024-01-01,81539,München,4000.0,Bonus,18,EUR,98.40583333333332
2024-01-01,81539,München,4000.0,Bonus,22,EUR,100.37083333333334
2024-01-01,81539,München,4000.0,Bonus,23,EUR,100.40916666666668
2024-01-01,81539,München,4000.0,Bonus,49,EUR,111.17916666666667
2024-01-01,10115,Berlin,3500.0,Bonus,6,EUR,84.25416666666666
2024-01-01,81539,München,3500.0,Bonus,9,EUR,83.22916666666667
2024-01-01,81539,München,3500.0,Bonus,41,EUR,96.08583333333333
2024-01-01,81539,München,3500.0,Bonus,44,EUR,96.36583333333334
2024-01-01,81539,München,3500.0,Bonus,45,EUR,96.39833333333333
2024-01-01,81539,München,5000.0,Bonus,2,EUR,98.92083333333333
2024-01-01,81539,München,5000.0,Bonus,47,EUR,136.88
2024-01-01,10115,Berlin,2000.0,Bonus,34,EUR,57.85916666666666
2024-01-01,10115,Berlin,3000.0,Bonus,50,EUR,88.50166666666667
2024-01-01,81539,München,3000.0,Bonus,46,EUR,85.17666666666666
2024-01-01,10115,Berlin,2500.0,Bonus,26,EUR,67.5825
2024-01-01,10115,Berlin,2500.0,Bonus,32,EUR,69.22083333333333
2024-01-01,10115,Berlin,2500.0,Bonus,49,EUR,74.69583333333334
2024-01-01,81539,München,2500.0,Bonus,1,EUR,53.509166666666665
2024-01-01,10115,Berlin,4500.0,Bonus,20,EUR,116.21666666666665
2024-01-01,10115,Berlin,4500.0,Bonus,41,EUR,123.4775
2024-01-01,10115,Berlin,4500.0,Bonus,47,EUR,126.35833333333333
2024-01-01,81539,München,4500.0,Bonus,43,EUR,122.27499999999999
2024-01-01,10115,Berlin,4000.0,Bonus,8,EUR,97.88333333333333
2024-01-01,81539,München,4000.0,Bonus,19,EUR,98.435
2024-01-01,81539,München,4000.0,Bonus,40,EUR,108.04916666666666
2024-01-01,81539,München,4000.0,Bonus,43,EUR,108.59750000000001
2024-01-01,10115,Berlin,3500.0,Bonus,14,EUR,87.495
2024-01-01,10115,Berlin,3500.0,Bonus,15,EUR,88.77166666666666
2024-01-01,81539,München,3500.0,Bonus,43,EUR,96.295
2024-01-01,10115,Berlin,5000.0,Bonus,33,EUR,133.83166666666668
2024-01-01,10115,Berlin,5000.0,Bonus,44,EUR,139.345
2024-01-01,10115,Berlin,5000.0,Bonus,49,EUR,140.38750000000002
2024-01-01,81539,München,5000.0,Bonus,28,EUR,126.41666666666667
2024-01-01,10115,Berlin,2000.0,Bonus,20,EUR,54.11666666666667
2024-01-01,10115,Berlin,2000.0,Bonus,42,EUR,60.504999999999995
2024-01-01,81539,München,2000.0,Bonus,33,EUR,56.281666666666666
2024-01-01,10115,Berlin,3000.0,Bonus,1,EUR,65.03
2024-01-01,10115,Berlin,3000.0,Bonus,13,EUR,74.27499999999999
2024-01-01,10115,Berlin,3000.0,Bonus,39,EUR,83.515
2024-01-01,81539,München,3000.0,Bonus,19,EUR,74.825
2024-01-01,81539,München,3000.0,Bonus,21,EUR,75.83083333333333
2024-01-01,81539,München,3000.0,Bonus,41,EUR,82.93666666666667
2024-01-01,10115,Berlin,2500.0,Bonus,15,EUR,62.62083333333334
2024-01-01,81539,München,2500.0,Bonus,35,EUR,67.99333333333333
2024-01-01,10115,Berlin,4500.0,Bonus,5,EUR,106.8325
2024-01-01,81539,München,4500.0,Bonus,30,EUR,114.54583333333333
2024-01-01,10115,Berlin,4250.0,Bonus,46,EUR,118.68916666666667
2024-01-01,10115,Berlin,4000.0,Bonus,16,EUR,102.42833333333334
2024-01-01,10115,Berlin,4000.0,Bonus,37,EUR,109.05666666666667
2024-01-01,10115,Berlin,4000.0,Bonus,50,EUR,114.60166666666667
2024-01-01,81539,München,4000.0,Bonus,9,EUR,95.41666666666667
2024-01-01,10115,Berlin,5000.0,Bonus,11,EUR,123.27499999999999
2024-01-01,81539,München,5000.0,Bonus,36,EUR,130.71916666666667
2024-01-01,81539,München,3000.0,Bonus,17,EUR,74.65833333333333
2024-01-01,81539,München,3000.0,Bonus,30,EUR,79.21249999999999
2024-01-01,10115,Berlin,2500.0,Bonus,42,EUR,71.32333333333334
2024-01-01,81539,München,2500.0,Bonus,3,EUR,55.25
2024-01-01,81539,München,2500.0,Bonus,4,EUR,56.419999999999995
2024-01-01,81539,München,2500.0,Bonus,34,EUR,67.89
2024-01-01,10115,Berlin,4500.0,Bonus,7,EUR,109.97083333333335
2024-01-01,81539,München,4500.0,Bonus,13,EUR,109.53333333333335
2024-01-01,81539,München,4500.0,Bonus,23,EUR,113.30666666666667
2024-01-01,81539,München,4500.0,Bonus,46,EUR,123.01166666666667
2024-01-01,81539,München,4250.0,Bonus,7,EUR,101.09666666666668
2024-01-01,81539,München,4250.0,Bonus,21,EUR,106.39666666666666
2024-01-01,81539,München,4250.0,Bonus,37,EUR,112.7925
2024-01-01,10115,Berlin,4000.0,Bonus,21,EUR,103.76666666666667
2024-01-01,10115,Berlin,4000.0,Bonus,35,EUR,108.77083333333333
2024-01-01,10115,Berlin,4000.0,Bonus,49,EUR,113.96666666666665
2024-01-01,81539,München,4000.0,Bonus,1,EUR,79.77166666666666
2024-01-01,81539,München,4000.0,Bonus,42,EUR,108.24083333333334
2024-01-01,10115,Berlin,3500.0,Bonus,35,EUR,95.53500000000001
2024-01-01,10115,Berlin,5000.0,Bonus,30,EUR,133.58333333333334
2024-01-01,10115,Berlin,5000.0,Bonus,47,EUR,140.1275
2024-01-01,81539,München,5000.0,Bonus,8,EUR,118.93
2024-01-01,81539,München,2000.0,Bonus,21,EUR,53.415
2024-01-01,10115,Berlin,3000.0,Bonus,32,EUR,81.69
2024-01-01,81539,München,3000.0,Bonus,16,EUR,74.50833333333334
2024-01-01,81539,München,3000.0,Bonus,22,EUR,76.11666666666666
2024-01-01,81539,München,3000.0,Bonus,39,EUR,81.70833333333333
2024-01-01,81539,München,2500.0,Bonus,16,EUR,62.31666666666666
2024-01-01,10115,Berlin,4250.0,Bonus,25,EUR,111.16333333333334
2024-01-01,81539,München,4250.0,Bonus,14,EUR,103.72666666666667
2024-01-01,10115,Berlin,4000.0,Bonus,3,EUR,86.675
2024-01-01,10115,Berlin,4000.0,Bonus,22,EUR,103.87
2024-01-01,10115,Berlin,4000.0,Bonus,42,EUR,110.53333333333335
2024-01-01,81539,München,4000.0,Bonus,17,EUR,97.7725
2024-01-01,81539,München,4000.0,Bonus,39,EUR,107.83333333333333
2024-01-01,10115,Berlin,3500.0,Bonus,13,EUR,85.78250000000001
2024-01-01,81539,München,3500.0,Bonus,3,EUR,73.35666666666667
2024-01-01,81539,München,3500.0,Bonus,7,EUR,80.61
2024-01-01,10115,Berlin,5000.0,Bonus,16,EUR,128.09083333333334
2024-01-01,10115,Berlin,5000.0,Bonus,38,EUR,136.66416666666666
2024-01-01,81539,München,5000.0,Bonus,3,EUR,102.78666666666668
2024-01-01,10115,Berlin,2000.0,Bonus,37,EUR,59.501666666666665
2024-01-01,81539,München,2000.0,Bonus,13,EUR,52.195
2024-01-01,81539,München,2000.0,Bonus,20,EUR,53.4
2024-01-01,10115,Berlin,3000.0,Bonus,14,EUR,74.83416666666666
2024-01-01,81539,München,3000.0,Bonus,4,EUR,66.13416666666667
2024-01-01,10115,Berlin,2500.0,Bonus,16,EUR,62.770833333333336
2024-01-01,10115,Berlin,2500.0,Bonus,48,EUR,74.6825
2024-01-01,10115,Berlin,4500.0,Bonus,21,EUR,116.42166666666667
2024-01-01,10115,Berlin,4250.0,Bonus,17,EUR,109.5
2024-01-01,10115,Berlin,4250.0,Bonus,39,EUR,116.10000000000001
2024-01-01,10115,Berlin,4250.0,Bonus,49,EUR,120.46499999999999
2024-01-01,81539,München,4250.0,Bonus,6,EUR,100.045
2024-01-01,81539,München,4250.0,Bonus,31,EUR,108.515
2024-01-01,81539,München,4250.0,Bonus,50,EUR,117.77333333333333
2024-01-01,10115,Berlin,4000.0,Bonus,6,EUR,97.69583333333333
2024-01-01,10115,Berlin,3500.0,Bonus,10,EUR,85.43166666666667
2024-01-01,10115,Berlin,3500.0,Bonus,31,EUR,93.69
2024-01-01,10115,Berlin,3500.0,Bonus,33,EUR,94.70083333333334
2024-01-01,81539,München,3500.0,Bonus,8,EUR,80.94583333333334
2024-01-01,81539,München,3500.0,Bonus,13,EUR,84.84916666666668
2024-01-01,81539,München,5000.0,Bonus,26,EUR,125.64416666666666
2024-01-01,10115,Berlin,2000.0,Bonus,21,EUR,54.126666666666665
2024-01-01,10115,Berlin,2000.0,Bonus,43,EUR,61.1175
2024-01-01,81539,München,2000.0,Bonus,35,EUR,56.525
2024-01-01,81539,München,2000.0,Bonus,38,EUR,57.25
2024-01-01,10115,Berlin,3000.0,Bonus,5,EUR,69.98916666666666
2024-01-01,10115,Berlin,2500.0,Bonus,19,EUR,63.17166666666666
2024-01-01,81539,München,2500.0,Bonus,6,EUR,57.8675
2024-01-01,81539,München,2500.0,Bonus,19,EUR,62.945
2024-01-01,81539,München,2500.0,Bonus,45,EUR,73.18916666666667
2024-01-01,10115,Berlin,4500.0,Bonus,2,EUR,95.02749999999999
2024-01-01,10115,Berlin,4500.0,Bonus,25,EUR,117.29416666666667
2024-01-01,10115,Berlin,4500.0,Bonus,27,EUR,117.93583333333333
2024-01-01,10115,Berlin,4500.0,Bonus,34,EUR,121.44416666666666
2024-01-01,81539,München,4500.0,Bonus,33,EUR,115.45416666666667
2024-01-01,10115,Berlin,4250.0,Bonus,11,EUR,104.71166666666666
2024-01-01,10115,Berlin,4250.0,Bonus,18,EUR,109.67833333333334
2024-01-01,10115,Berlin,4000.0,Bonus,12,EUR,98.23666666666666
2024-01-01,10115,Berlin,4000.0,Bonus,23,EUR,104.4875
2024-01-01,81539,München,4000.0,Bonus,24,EUR,100.4575
2024-01-01,81539,München,4000.0,Bonus,26,EUR,101.9525
2024-01-01,81539,München,4000.0,Bonus,31,EUR,102.54833333333333
2024-01-01,10115,Berlin,3500.0,Bonus,37,EUR,96.04333333333334
2024-01-01,10115,Berlin,3500.0,Bonus,43,EUR,98.09166666666665
2024-01-01,10115,Berlin,3500.0,Bonus,48,EUR,101.6375
2024-01-01,81539,München,3500.0,Bonus,5,EUR,78.9175
2024-01-01,81539,München,3500.0,Bonus,6,EUR,80.595
2024-01-01,81539,München,3500.0,Bonus,16,EUR,85.24166666666666
2024-01-01,81539,München,3500.0,Bonus,36,EUR,93.77
2024-01-01,81539,München,5000.0,Bonus,32,EUR,127.77
2024-01-01,81539,München,5000.0,Bonus,39,EUR,133.18083333333334
2024-01-01,10115,Berlin,2000.0,Bonus,27,EUR,55.48666666666667
2024-01-01,10115,Berlin,2000.0,Bonus,30,EUR,56.92666666666667
2024-01-01,10115,Berlin,2000.0,Bonus,32,EUR,57.32
2024-01-01,81539,München,2000.0,Bonus,10,EUR,47.80833333333334
2024-01-01,81539,München,2000.0,Bonus,45,EUR,60.487500000000004
2024-01-01,10115,Berlin,3000.0,Bonus,9,EUR,72.82833333333333
2024-01-01,10115,Berlin,3000.0,Bonus,34,EUR,82.45916666666666
2024-01-01,10115,Berlin,3000.0,Bonus,45,EUR,86.10583333333334
2024-01-01,81539,München,3000.0,Bonus,34,EUR,79.72666666666667
2024-01-01,81539,München,2500.0,Bonus,12,EUR,59.876666666666665
2024-01-01,81539,München,2500.0,Bonus,18,EUR,62.94083333333333
2024-01-01,81539,München,2500.0,Bonus,42,EUR,70.85083333333334
2024-01-01,10115,Berlin,4500.0,Bonus,1,EUR,93.08
2024-01-01,10115,Berlin,4500.0,Bonus,18,EUR,115.96583333333332
2024-01-01,10115,Berlin,4500.0,Bonus,39,EUR,123.08749999999999
2024-01-01,81539,München,4500.0,Bonus,15,EUR,110.02916666666665
2024-01-01,10115,Berlin,4250.0,Bonus,27,EUR,111.87416666666667
2024-01-01,10115,Berlin,4000.0,Bonus,9,EUR,98.06666666666666
2024-01-01,10115,Berlin,4000.0,Bonus,19,EUR,102.78333333333335
2024-01-01,81539,München,4000.0,Bonus,11,EUR,95.48083333333334
2024-01-01,81539,München,4000.0,Bonus,34,EUR,103.545
2024-01-01,81539,München,4000.0,Bonus,44,EUR,108.7725
2024-01-01,10115,Berlin,3500.0,Bonus,49,EUR,101.74583333333334
2024-01-01,10115,Berlin,5000.0,Bonus,22,EUR,129.32666666666668
2024-01-01,81539,München,5000.0,Bonus,20,EUR,123.9925
2024-01-01,81539,München,5000.0,Bonus,27,EUR,125.86
2024-01-01,81539,München,5000.0,Bonus,43,EUR,135.7825
2024-01-01,10115,Berlin,2000.0,Bonus,4,EUR,48.262499999999996
2024-01-01,10115,Berlin,2000.0,Bonus,22,EUR,54.28666666666667
2024-01-01,10115,Berlin,2000.0,Bonus,35,EUR,58.85666666666666
2024-01-01,10115,Berlin,2000.0,Bonus,50,EUR,62.149166666666666
2024-01-01,81539,München,2000.0,Bonus,18,EUR,53.1
2024-01-01,81539,München,2000.0,Bonus,19,EUR,53.399166666666666
2024-01-01,81539,München,2000.0,Bonus,42,EUR,60.00333333333333
2024-01-01,10115,Berlin,3000.0,Bonus,21,EUR,77.70416666666667
2024-01-01,10115,Berlin,3000.0,Bonus,22,EUR,78.11166666666666
2024-01-01,81539,München,3000.0,Bonus,14,EUR,73.48833333333333
2024-01-01,10115,Berlin,2500.0,Bonus,7,EUR,60.37083333333334
2024-01-01,10115,Berlin,2500.0,Bonus,34,EUR,69.29166666666667
2024-01-01,10115,Berlin,2500.0,Bonus,37,EUR,70.35916666666667
2024-01-01,81539,München,2500.0,Bonus,33,EUR,67.8175
2024-01-01,10115,Berlin,4500.0,Bonus,6,EUR,109.95416666666667
2024-01-01,10115,Berlin,4500.0,Bonus,43,EUR,125.57416666666667
2024-01-01,81539,München,4500.0,Bonus,42,EUR,120.89583333333333
2024-01-01,81539,München,4250.0,Bonus,9,EUR,101.4875
2024-01-01,81539,München,4250.0,Bonus,17,EUR,104.23166666666667
2024-01-01,81539,München,4250.0,Bonus,22,EUR,106.41416666666667
2024-01-01,81539,München,4250.0,Bonus,27,EUR,108.07166666666666
2024-01-01,81539,München,4250.0,Bonus,41,EUR,114.3575
2024-01-01,10115,Berlin,4000.0,Bonus,32,EUR,107.43666666666667
2024-01-01,10115,Berlin,4000.0,Bonus,38,EUR,109.245
2024-01-01,10115,Berlin,4000.0,Bonus,41,EUR,110.50833333333333
2024-01-01,10115,Berlin,4000.0,Bonus,44,EUR,111.34833333333334
2024-01-01,81539,München,4000.0,Bonus,14,EUR,96.79666666666667
2024-01-01,81539,München,4000.0,Bonus,35,EUR,105.82583333333334
2024-01-01,10115,Berlin,3500.0,Bonus,18,EUR,89.05166666666666
2024-01-01,10115,Berlin,3500.0,Bonus,19,EUR,89.35000000000001
2024-01-01,81539,München,3500.0,Bonus,10,EUR,83.23
2024-01-01,10115,Berlin,2000.0,Bonus,3,EUR,47.806666666666665
2024-01-01,10115,Berlin,2000.0,Bonus,10,EUR,48.303333333333335
2024-01-01,10115,Berlin,2000.0,Bonus,26,EUR,55.08583333333333
2024-01-01,81539,München,2000.0,Bonus,49,EUR,61.27
2024-01-01,10115,Berlin,3000.0,Bonus,11,EUR,73.07166666666667
2024-01-01,81539,München,3000.0,Bonus,10,EUR,71.0125
2024-01-01,81539,München,3000.0,Bonus,29,EUR,79.06666666666666
2024-01-01,81539,München,2500.0,Bonus,50,EUR,74.1675
2024-01-01,10115,Berlin,4500.0,Bonus,16,EUR,115.92
2024-01-01,10115,Berlin,4500.0,Bonus,38,EUR,122.955
2024-01-01,81539,München,4500.0,Bonus,1,EUR,87.8675
2024-01-01,81539,München,4500.0,Bonus,11,EUR,107.75583333333333
2024-01-01,81539,München,4500.0,Bonus,24,EUR,113.445
2024-01-01,81539,München,4500.0,Bonus,36,EUR,118.78416666666668
2024-01-01,81539,München,4250.0,Bonus,23,EUR,106.66166666666668
2024-01-01,10115,Berlin,4000.0,Bonus,47,EUR,111.96666666666665
2024-01-01,10115,Berlin,3500.0,Bonus,29,EUR,93.41833333333334
2024-01-01,10115,Berlin,3500.0,Bonus,50,EUR,101.83916666666666
2024-01-01,81539,München,3500.0,Bonus,42,EUR,96.29083333333334
2024-01-01,10115,Berlin,5000.0,Bonus,19,EUR,128.9125
2024-01-01,81539,München,5000.0,Bonus,37,EUR,130.7675
2024-01-01,10115,Berlin,2000.0,Bonus,1,EUR,45.73833333333334
2024-01-01,10115,Berlin,2000.0,Bonus,46,EUR,61.69166666666666
2024-01-01,81539,München,2000.0,Bonus,5,EUR,47.37833333333333
2024-01-01,10115,Berlin,3000.0,Bonus,35,EUR,82.45916666666666
2024-01-01,10115,Berlin,2500.0,Bonus,11,EUR,60.50416666666666
2024-01-01,81539,München,2500.0,Bonus,11,EUR,59.27666666666667
2024-01-01,10115,Berlin,4500.0,Bonus,3,EUR,96.25916666666666
2024-01-01,81539,München,4500.0,Bonus,12,EUR,107.86333333333333
2024-01-01,10115,Berlin,4250.0,Bonus,19,EUR,109.87416666666667
2024-01-01,81539,München,4250.0,Bonus,3,EUR,89.04166666666667
2024-01-01,81539,München,4250.0,Bonus,36,EUR,112.245
2024-01-01,10115,Berlin,4000.0,Bonus,24,EUR,104.64916666666666
2024-01-01,81539,München,4000.0,Bonus,27,EUR,102.15750000000001
2024-01-01,81539,München,4000.0,Bonus,29,EUR,102.36083333333333
2024-01-01,81539,München,4000.0,Bonus,32,EUR,102.74166666666667
2024-01-01,10115,Berlin,5000.0,Bonus,15,EUR,128.06166666666667
2024-01-01,10115,Berlin,5000.0,Bonus,20,EUR,129.01583333333335
2024-01-01,10115,Berlin,5000.0,Bonus,25,EUR,130.05916666666667
2024-01-01,81539,München,5000.0,Bonus,6,EUR,117.94749999999999
2024-01-01,81539,München,5000.0,Bonus,33,EUR,127.80916666666667
2024-01-01,10115,Berlin,2000.0,Bonus,29,EUR,56.72
2024-01-01,81539,München,2000.0,Bonus,23,EUR,53.44
2024-01-01,81539,München,2000.0,Bonus,40,EUR,57.9375
2024-01-01,10115,Berlin,3000.0,Bonus,18,EUR,75.91666666666667
2024-01-01,81539,München,3000.0,Bonus,5,EUR,67.61916666666666
2024-01-01,81539,München,3000.0,Bonus,8,EUR,69.24083333333333
2024-01-01,81539,München,3000.0,Bonus,45,EUR,84.51083333333334
2024-01-01,10115,Berlin,2500.0,Bonus,14,EUR,62.48333333333333
2024-01-01,10115,Berlin,2500.0,Bonus,36,EUR,70.17833333333333
2024-01-01,81539,München,2500.0,Bonus,25,EUR,64.23416666666667
2024-01-01,10115,Berlin,4500.0,Bonus,13,EUR,113.0475
2024-01-01,10115,Berlin,4500.0,Bonus,33,EUR,121.44
2024-01-01,81539,München,4500.0,Bonus,31,EUR,114.83583333333333
2024-01-01,81539,München,4500.0,Bonus,39,EUR,120.21
2024-01-01,10115,Berlin,4250.0,Bonus,3,EUR,91.46666666666665
2024-01-01,10115,Berlin,4250.0,Bonus,26,EUR,111.2575
2024-01-01,10115,Berlin,4250.0,Bonus,33,EUR,114.415
2024-01-01,10115,Berlin,4250.0,Bonus,37,EUR,115.37166666666667
2024-01-01,81539,München,4250.0,Bonus,10,EUR,101.49083333333334
2024-01-01,81539,München,4250.0,Bonus,47,EUR,116.96749999999999
2024-01-01,10115,Berlin,4000.0,Bonus,10,EUR,98.08
2024-01-01,81539,München,4000.0,Bonus,5,EUR,90.11416666666666
2024-01-01,81539,München,4000.0,Bonus,21,EUR,99.92833333333334
2024-01-01,10115,Berlin,3500.0,Bonus,17,EUR,88.9875
2024-01-01,10115,Berlin,5000.0,Bonus,3,EUR,105.84333333333332
2024-01-01,10115,Berlin,5000.0,Bonus,14,EUR,127.71416666666666
2024-01-01,10115,Berlin,5000.0,Bonus,17,EUR,128.1075
2024-01-01,10115,Berlin,5000.0,Bonus,27,EUR,130.77333333333334
2024-01-01,10115,Berlin,5000.0,Bonus,46,EUR,139.85333333333332
2024-01-01,81539,München,5000.0,Bonus,12,EUR,119.65166666666666
2024-01-01,81539,München,5000.0,Bonus,42,EUR,134.29166666666666
2024-01-01,10115,Berlin,2000.0,Bonus,31,EUR,56.928333333333335
2024-01-01,10115,Berlin,2000.0,Bonus,45,EUR,61.225
2024-01-01,81539,München,2000.0,Bonus,8,EUR,47.442499999999995
2024-01-01,81539,München,2000.0,Bonus,27,EUR,55.88833333333333
2024-01-01,10115,Berlin,3000.0,Bonus,38,EUR,83.315
2024-01-01,81539,München,3000.0,Bonus,7,EUR,69.23916666666666
2024-01-01,81539,München,3000.0,Bonus,33,EUR,79.705
2024-01-01,10115,Berlin,2500.0,Bonus,4,EUR,58.870000000000005
2024-01-01,10115,Berlin,2500.0,Bonus,5,EUR,59.39083333333334
2024-01-01,10115,Berlin,2500.0,Bonus,22,EUR,66.19500000000001
2024-01-01,10115,Berlin,2500.0,Bonus,35,EUR,69.44333333333334
2024-01-01,81539,München,2500.0,Bonus,13,EUR,61.9625
2024-01-01,81539,München,2500.0,Bonus,17,EUR,62.9375
2024-01-01,81539,München,2500.0,Bonus,26,EUR,64.76166666666667
2024-01-01,81539,München,2500.0,Bonus,29,EUR,65.31166666666667
2024-01-01,81539,München,2500.0,Bonus,37,EUR,68.64583333333333
2024-01-01,10115,Berlin,4500.0,Bonus,19,EUR,116.01833333333333
2024-01-01,10115,Berlin,4500.0,Bonus,29,EUR,120.25166666666667
2024-01-01,10115,Berlin,4500.0,Bonus,45,EUR,125.79416666666667
2024-01-01,81539,München,4500.0,Bonus,4,EUR,95.34750000000001
2024-01-01,81539,München,4500.0,Bonus,5,EUR,101.23083333333334
2024-01-01,81539,München,4500.0,Bonus,9,EUR,107.745
2024-01-01,81539,München,4500.0,Bonus,10,EUR,107.74583333333334
2024-01-01,81539,München,4500.0,Bonus,41,EUR,120.6225
2024-01-01,10115,Berlin,4250.0,Bonus,6,EUR,103.91666666666667
2024-01-01,10115,Berlin,4250.0,Bonus,23,EUR,110.53583333333334
2024-01-01,10115,Berlin,3500.0,Bonus,30,EUR,93.48
2024-01-01,10115,Berlin,3500.0,Bonus,44,EUR,98.22500000000001
2024-01-01,81539,München,3500.0,Bonus,34,EUR,91.83833333333332
2024-01-01,81539,München,3500.0,Bonus,50,EUR,99.56
2024-01-01,10115,Berlin,5000.0,Bonus,28,EUR,132.20333333333335
2024-01-01,81539,München,5000.0,Bonus,19,EUR,123.97500000000001
2024-01-01,81539,München,5000.0,Bonus,40,EUR,133.42416666666665
2024-01-01,10115,Berlin,2000.0,Bonus,44,EUR,61.12916666666666
2024-01-01,81539,München,3000.0,Bonus,48,EUR,86.29916666666666
2024-01-01,10115,Berlin,2500.0,Bonus,17,EUR,62.781666666666666
2024-01-01,10115,Berlin,2500.0,Bonus,18,EUR,62.785
2024-01-01,81539,München,2500.0,Bonus,22,EUR,63.854166666666664
2024-01-01,81539,München,2500.0,Bonus,31,EUR,67.70083333333334
2024-01-01,81539,München,2500.0,Bonus,44,EUR,73.11166666666666
2024-01-01,81539,München,4500.0,Bonus,8,EUR,106.85166666666667
2024-01-01,81539,München,4500.0,Bonus,18,EUR,111.15750000000001
2024-01-01,10115,Berlin,4250.0,Bonus,42,EUR,117.00833333333333
2024-01-01,81539,München,4250.0,Bonus,39,EUR,114.31416666666667
2024-01-01,10115,Berlin,4000.0,Bonus,7,EUR,97.71666666666665
2024-01-01,10115,Berlin,4000.0,Bonus,14,EUR,101.12
2024-01-01,10115,Berlin,4000.0,Bonus,18,EUR,102.71
2024-01-01,81539,München,4000.0,Bonus,28,EUR,102.3175
2024-01-01,81539,München,4000.0,Bonus,50,EUR,111.43333333333334
2024-01-01,10115,Berlin,3500.0,Bonus,22,EUR,91.51166666666667
2024-01-01,10115,Berlin,3500.0,Bonus,26,EUR,92.79916666666666
2024-01-01,10115,Berlin,3500.0,Bonus,39,EUR,96.66916666666667
2024-01-01,10115,Berlin,3500.0,Bonus,45,EUR,98.40416666666665
2024-01-01,81539,München,3500.0,Bonus,12,EUR,84.50916666666667
2024-01-01,81539,München,3500.0,Bonus,14,EUR,84.97916666666667
2024-01-01,81539,München,3500.0,Bonus,19,EUR,85.65416666666665
2024-01-01,10115,Berlin,5000.0,Bonus,8,EUR,123.10833333333333
2024-01-01,81539,München,2000.0,Bonus,30,EUR,56.10333333333333
2024-01-01,81539,München,2000.0,Bonus,47,EUR,60.899166666666666
2024-01-01,10115,Berlin,3000.0,Bonus,36,EUR,82.52583333333332
2024-01-01,81539,München,3000.0,Bonus,42,EUR,84.24333333333333
2024-01-01,81539,München,3000.0,Bonus,44,EUR,84.49
2024-01-01,81539,München,2500.0,Bonus,36,EUR,68.0275
2024-01-01,81539,München,2500.0,Bonus,43,EUR,71.6575
2024-01-01,81539,München,2500.0,Bonus,49,EUR,74.0825
2024-01-01,81539,München,4500.0,Bonus,26,EUR,114.10083333333334
2024-01-01,81539,München,4250.0,Bonus,33,EUR,108.98416666666667
2024-01-01,10115,Berlin,4000.0,Bonus,27,EUR,105.59500000000001
2024-01-01,10115,Berlin,3500.0,Bonus,36,EUR,95.61500000000001
2024-01-01,10115,Berlin,3500.0,Bonus,41,EUR,96.99166666666667
2024-01-01,81539,München,3500.0,Bonus,32,EUR,91.41666666666667
2024-01-01,10115,Berlin,2000.0,Bonus,8,EUR,48.29750000000001
2024-01-01,10115,Berlin,2000.0,Bonus,36,EUR,59.20583333333334
2024-01-01,10115,Berlin,3000.0,Bonus,3,EUR,67.50583333333334
2024-01-01,10115,Berlin,3000.0,Bonus,6,EUR,72.72916666666667
2024-01-01,81539,München,3000.0,Bonus,9,EUR,70.69333333333334
2024-01-01,81539,München,3000.0,Bonus,15,EUR,74.47
2024-01-01,81539,München,3000.0,Bonus,25,EUR,76.845
2024-01-01,81539,München,3000.0,Bonus,47,EUR,85.18333333333334
2024-01-01,10115,Berlin,2500.0,Bonus,2,EUR,57.270833333333336
2024-01-01,10115,Berlin,2500.0,Bonus,33,EUR,69.2275
2024-01-01,81539,München,2500.0,Bonus,32,EUR,67.70083333333334
2024-01-01,81539,München,2500.0,Bonus,41,EUR,69.88916666666667
2024-01-01,81539,München,2500.0,Bonus,46,EUR,73.24083333333333
2024-01-01,10115,Berlin,4500.0,Bonus,15,EUR,115.60416666666667
2024-01-01,81539,München,4500.0,Bonus,29,EUR,114.53750000000001
2024-01-01,10115,Berlin,4250.0,Bonus,5,EUR,100.39166666666667
2024-01-01,81539,München,4250.0,Bonus,16,EUR,104.065
2024-01-01,81539,München,4250.0,Bonus,18,EUR,104.3625
2024-01-01,10115,Berlin,4000.0,Bonus,13,EUR,100.36916666666667
2024-01-01,10115,Berlin,4000.0,Bonus,36,EUR,109.04
2024-01-01,81539,München,4000.0,Bonus,38,EUR,106.8175
2024-01-01,10115,Berlin,3500.0,Bonus,4,EUR,79.39666666666666
2024-01-01,10115,Berlin,3500.0,Bonus,8,EUR,84.3475
2024-01-01,10115,Berlin,3500.0,Bonus,12,EUR,85.47500000000001
2024-01-01,10115,Berlin,3500.0,Bonus,25,EUR,91.77416666666666
2024-01-01,81539,München,3500.0,Bonus,26,EUR,88.71583333333332
2024-01-01,81539,München,3500.0,Bonus,29,EUR,90.59833333333334
2024-01-01,81539,München,5000.0,Bonus,13,EUR,122.2
2024-01-01,81539,München,5000.0,Bonus,15,EUR,123.77
2024-01-01,81539,München,5000.0,Bonus,34,EUR,128.79833333333332
2024-01-01,10115,Berlin,2000.0,Bonus,2,EUR,47.06333333333333
2024-01-01,10115,Berlin,2000.0,Bonus,7,EUR,48.291666666666664
2024-01-01,81539,München,3000.0,Bonus,13,EUR,73.48333333333333
2024-01-01,81539,München,3000.0,Bonus,23,EUR,76.45666666666666
2024-01-01,81539,München,3000.0,Bonus,37,EUR,81.45333333333333
2024-01-01,10115,Berlin,2500.0,Bonus,25,EUR,67.335
2024-01-01,10115,Berlin,2500.0,Bonus,39,EUR,70.53916666666667
2024-01-01,81539,München,4500.0,Bonus,37,EUR,119.36166666666666
2024-01-01,81539,München,4500.0,Bonus,45,EUR,122.8675
2024-01-01,81539,München,4500.0,Bonus,50,EUR,124.18166666666667
2024-01-01,10115,Berlin,4250.0,Bonus,12,EUR,104.79416666666667
2024-01-01,10115,Berlin,4250.0,Bonus,35,EUR,115.13499999999999
2024-01-01,81539,München,4250.0,Bonus,20,EUR,105.8825
2024-01-01,81539,München,4250.0,Bonus,48,EUR,117.69333333333333
2024-01-01,10115,Berlin,4000.0,Bonus,2,EUR,86.56333333333333
2024-01-01,10115,Berlin,4000.0,Bonus,17,EUR,102.71
2024-01-01,81539,München,4000.0,Bonus,25,EUR,100.47500000000001
2024-01-01,10115,Berlin,3500.0,Bonus,5,EUR,81.27666666666667
2024-01-01,10115,Berlin,5000.0,Bonus,13,EUR,125.72000000000001
2024-01-01,10115,Berlin,5000.0,Bonus,40,EUR,136.975
2024-01-01,10115,Berlin,5000.0,Bonus,41,EUR,137.27833333333334
2024-01-01,81539,München,5000.0,Bonus,41,EUR,133.95833333333334
2024-01-01,81539,München,5000.0,Bonus,46,EUR,136.71
2024-01-01,10115,Berlin,3000.0,Bonus,46,EUR,86.69166666666666
2024-01-01,10115,Berlin,3000.0,Bonus,48,EUR,88.16666666666667
2024-01-01,81539,München,3000.0,Bonus,26,EUR,76.94
2024-01-01,81539,München,3000.0,Bonus,36,EUR,80.665
2024-01-01,10115,Berlin,2500.0,Bonus,13,EUR,60.99916666666667
2024-01-01,10115,Berlin,2500.0,Bonus,40,EUR,70.53916666666667
2024-01-01,81539,München,2500.0,Bonus,30,EUR,67.55
2024-01-01,81539,München,2500.0,Bonus,47,EUR,73.36
2024-01-01,10115,Berlin,4500.0,Bonus,12,EUR,111.12833333333333
2024-01-01,10115,Berlin,4500.0,Bonus,14,EUR,114.41666666666667
2024-01-01,81539,München,4500.0,Bonus,7,EUR,106.83833333333332
2024-01-01,81539,München,4500.0,Bonus,16,EUR,110.16250000000001
2024-01-01,81539,München,4500.0,Bonus,27,EUR,114.15083333333332
2024-01-01,81539,München,4500.0,Bonus,32,EUR,114.83999999999999
2024-01-01,10115,Berlin,4250.0,Bonus,7,EUR,103.94166666666666
2024-01-01,10115,Berlin,4250.0,Bonus,21,EUR,109.91166666666668
2024-01-01,10115,Berlin,4000.0,Bonus,1,EUR,84.405
2024-01-01,10115,Berlin,4000.0,Bonus,28,EUR,105.8125
2024-01-01,81539,München,4000.0,Bonus,30,EUR,102.53666666666668
2024-01-01,10115,Berlin,3500.0,Bonus,1,EUR,74.92583333333333
2024-01-01,10115,Berlin,3500.0,Bonus,16,EUR,88.92
2024-01-01,10115,Berlin,5000.0,Bonus,12,EUR,123.395
2024-01-01,10115,Berlin,5000.0,Bonus,42,EUR,137.83333333333334
2024-01-01,81539,München,5000.0,Bonus,35,EUR,130.16666666666666
2024-01-01,81539,München,5000.0,Bonus,48,EUR,137.19666666666666
2024-01-01,10115,Berlin,2000.0,Bonus,18,EUR,54.085
2024-01-01,81539,München,2000.0,Bonus,14,EUR,52.36000000000001
2024-01-01,81539,München,2000.0,Bonus,39,EUR,57.314166666666665
2024-01-01,10115,Berlin,3000.0,Bonus,4,EUR,69.36666666666666
2024-01-01,10115,Berlin,3000.0,Bonus,27,EUR,81.07333333333334
2024-01-01,10115,Berlin,3000.0,Bonus,43,EUR,85.83749999999999
2024-01-01,81539,München,3000.0,Bonus,35,EUR,80.41916666666667
2024-01-01,81539,München,3000.0,Bonus,40,EUR,82.83416666666666
2024-01-01,10115,Berlin,2500.0,Bonus,3,EUR,57.92166666666666
2024-01-01,10115,Berlin,2500.0,Bonus,10,EUR,60.41416666666667
2024-01-01,81539,München,2500.0,Bonus,14,EUR,62.12916666666666
2024-01-01,81539,München,2500.0,Bonus,20,EUR,63.3325
2024-01-01,10115,Berlin,4500.0,Bonus,11,EUR,110.12083333333334
2024-01-01,10115,Berlin,4500.0,Bonus,17,EUR,115.9375
2024-01-01,10115,Berlin,4500.0,Bonus,23,EUR,117.13583333333334
2024-01-01,10115,Berlin,4500.0,Bonus,35,EUR,121.49916666666667
2024-01-01,10115,Berlin,4500.0,Bonus,36,EUR,122.45833333333333
2024-01-01,10115,Berlin,4500.0,Bonus,50,EUR,127.36500000000001
2024-01-01,81539,München,4250.0,Bonus,19,EUR,104.78166666666668
2024-01-01,81539,München,4250.0,Bonus,26,EUR,107.63
2024-01-01,81539,München,4250.0,Bonus,34,EUR,109.495
2024-01-01,10115,Berlin,4000.0,Bonus,43,EUR,110.89
2024-01-01,81539,München,4000.0,Bonus,16,EUR,97.55
2024-01-01,81539,München,4000.0,Bonus,20,EUR,99.69749999999999
2024-01-01,10115,Berlin,3500.0,Bonus,42,EUR,98.03250000000001
2024-01-01,10115,Berlin,3500.0,Bonus,46,EUR,100.5125
2024-01-01,81539,München,3500.0,Bonus,1,EUR,70.69666666666667
2024-01-01,10115,Berlin,5000.0,Bonus,6,EUR,121.91250000000001
2024-01-01,10115,Berlin,5000.0,Bonus,39,EUR,136.69833333333335
2024-01-01,10115,Berlin,5000.0,Bonus,48,EUR,140.23916666666665
2024-01-01,81539,München,5000.0,Bonus,10,EUR,118.95833333333333
2024-01-01,81539,München,5000.0,Bonus,11,EUR,119.14416666666666
2024-01-01,81539,München,5000.0,Bonus,21,EUR,124.02499999999999
2024-01-01,10115,Berlin,2000.0,Bonus,14,EUR,49.229166666666664
2024-01-01,10115,Berlin,2000.0,Bonus,24,EUR,54.405833333333334
2024-01-01,10115,Berlin,2000.0,Bonus,25,EUR,55.06916666666667
2024-01-01,10115,Berlin,2000.0,Bonus,39,EUR,59.50666666666667
2024-01-01,81539,München,3000.0,Bonus,1,EUR,62.580000000000005
2024-01-01,81539,München,3000.0,Bonus,12,EUR,73.06416666666667
2024-01-01,81539,München,3000.0,Bonus,49,EUR,86.3575
2024-01-01,81539,München,3000.0,Bonus,50,EUR,86.56833333333333
2024-01-01,10115,Berlin,2500.0,Bonus,12,EUR,60.895833333333336
2024-01-01,81539,München,2500.0,Bonus,10,EUR,58.945
2024-01-01,10115,Berlin,4500.0,Bonus,49,EUR,126.96833333333332
2024-01-01,81539,München,4500.0,Bonus,17,EUR,110.32916666666667
2024-01-01,10115,Berlin,4250.0,Bonus,30,EUR,113.53416666666668
2024-01-01,10115,Berlin,4250.0,Bonus,47,EUR,118.69
2024-01-01,81539,München,4250.0,Bonus,8,EUR,101.16666666666667
2024-01-01,81539,München,4250.0,Bonus,15,EUR,103.90083333333332
2024-01-01,10115,Berlin,4000.0,Bonus,26,EUR,105.22083333333335
2024-01-01,10115,Berlin,4000.0,Bonus,31,EUR,106.80333333333334
2024-01-01,81539,München,4000.0,Bonus,15,EUR,97.38333333333333
2024-01-01,81539,München,3500.0,Bonus,39,EUR,94.8175
2024-01-01,81539,München,3500.0,Bonus,47,EUR,98.19
2024-01-01,10115,Berlin,5000.0,Bonus,5,EUR,119.00833333333333
2024-01-01,10115,Berlin,5000.0,Bonus,31,EUR,133.585
2024-01-01,81539,München,5000.0,Bonus,25,EUR,125.60416666666667
2024-01-01,10115,Berlin,2000.0,Bonus,12,EUR,48.43333333333334
2024-01-01,10115,Berlin,2000.0,Bonus,16,EUR,49.89333333333334
2024-01-01,10115,Berlin,2000.0,Bonus,47,EUR,61.75
2024-01-01,81539,München,2000.0,Bonus,43,EUR,60.07916666666667
2024-01-01,10115,Berlin,3000.0,Bonus,7,EUR,72.74166666666666
2024-01-01,10115,Berlin,3000.0,Bonus,20,EUR,76.09333333333333
2024-01-01,10115,Berlin,3000.0,Bonus,47,EUR,87.55833333333334
2024-01-01,10115,Berlin,2500.0,Bonus,21,EUR,65.47166666666666
2024-01-01,10115,Berlin,2500.0,Bonus,30,EUR,68.17416666666666
2024-01-01,10115,Berlin,4500.0,Bonus,32,EUR,121.39333333333333
2024-01-01,81539,München,4500.0,Bonus,6,EUR,106.41166666666668
2024-01-01,10115,Berlin,4250.0,Bonus,13,EUR,106.71583333333332
2024-01-01,10115,Berlin,4250.0,Bonus,34,EUR,114.94333333333333
2024-01-01,10115,Berlin,4250.0,Bonus,48,EUR,119.57
2024-01-01,81539,München,4250.0,Bonus,13,EUR,103.26916666666666
2024-01-01,81539,München,4250.0,Bonus,25,EUR,107.15499999999999
2024-01-01,81539,München,4250.0,Bonus,45,EUR,115.96083333333333
2024-01-01,81539,München,4250.0,Bonus,49,EUR,117.7475
2024-01-01,81539,München,4000.0,Bonus,7,EUR,95.27666666666666
2024-01-01,10115,Berlin,3500.0,Bonus,7,EUR,84.3125
2024-01-01,81539,München,5000.0,Bonus,5,EUR,112.52833333333332
2024-01-01,10115,Berlin,2000.0,Bonus,5,EUR,48.26666666666667
2024-01-01,81539,München,2000.0,Bonus,2,EUR,45.862500000000004
2024-01-01,81539,München,2000.0,Bonus,6,EUR,47.413333333333334
2024-01-01,81539,München,2000.0,Bonus,7,EUR,47.43416666666667
2024-01-01,10115,Berlin,3000.0,Bonus,30,EUR,81.53083333333333
2024-01-01,81539,München,3000.0,Bonus,18,EUR,74.66333333333334
2024-01-01,81539,München,3000.0,Bonus,32,EUR,79.55666666666666
2024-01-01,10115,Berlin,2500.0,Bonus,6,EUR,60.3375
2024-01-01,10115,Berlin,2500.0,Bonus,20,EUR,63.362500000000004
2024-01-01,10115,Berlin,2500.0,Bonus,24,EUR,67.25666666666667
2024-01-01,81539,München,2500.0,Bonus,15,EUR,62.25083333333333
2024-01-01,81539,München,2500.0,Bonus,28,EUR,65.19833333333334
2024-01-01,81539,München,2500.0,Bonus,40,EUR,69.57833333333333
2024-01-01,81539,München,4500.0,Bonus,21,EUR,112.23333333333333
2024-01-01,81539,München,4500.0,Bonus,40,EUR,120.44083333333333
2024-01-01,10115,Berlin,4250.0,Bonus,4,EUR,99.08416666666666
2024-01-01,10115,Berlin,4250.0,Bonus,9,EUR,104.6825
2024-01-01,10115,Berlin,4250.0,Bonus,20,EUR,109.895
2024-01-01,10115,Berlin,4250.0,Bonus,29,EUR,113.23916666666666
2024-01-01,81539,München,4250.0,Bonus,12,EUR,102.33
2024-01-01,81539,München,4250.0,Bonus,42,EUR,114.36500000000001
2024-01-01,10115,Berlin,4000.0,Bonus,46,EUR,111.80333333333334
2024-01-01,81539,München,4000.0,Bonus,12,EUR,96.60833333333333
2024-01-01,10115,Berlin,3500.0,Bonus,9,EUR,84.47916666666667
2024-01-01,10115,Berlin,3500.0,Bonus,40,EUR,96.90249999999999
2024-01-01,81539,München,3500.0,Bonus,28,EUR,89.47916666666667
2024-01-01,10115,Berlin,5000.0,Bonus,1,EUR,102.40499999999999
2024-01-01,10115,Berlin,5000.0,Bonus,26,EUR,130.585
2024-01-01,10115,Berlin,5000.0,Bonus,34,EUR,134.22666666666666
2024-01-01,81539,München,5000.0,Bonus,1,EUR,96.94666666666666
2024-01-01,81539,München,5000.0,Bonus,14,EUR,122.28583333333334
2024-01-01,81539,München,2000.0,Bonus,31,EUR,56.10333333333333
2024-01-01,81539,München,2000.0,Bonus,48,EUR,60.916666666666664
2024-01-01,10115,Berlin,3000.0,Bonus,16,EUR,75.6275
2024-01-01,10115,Berlin,3000.0,Bonus,19,EUR,75.92916666666666
2024-01-01,10115,Berlin,3000.0,Bonus,26,EUR,80.48666666666666
2024-01-01,10115,Berlin,3000.0,Bonus,49,EUR,88.22500000000001
2024-01-01,81539,München,3000.0,Bonus,20,EUR,75.06916666666667
2024-01-01,10115,Berlin,2500.0,Bonus,8,EUR,60.37083333333334
2024-01-01,10115,Berlin,2500.0,Bonus,9,EUR,60.4
2024-01-01,10115,Berlin,2500.0,Bonus,23,EUR,67.23916666666666
2024-01-01,81539,München,2500.0,Bonus,9,EUR,58.935
2024-01-01,10115,Berlin,4500.0,Bonus,28,EUR,118.46249999999999
2024-01-01,10115,Berlin,4500.0,Bonus,40,EUR,123.18833333333333
2024-01-01,81539,München,4500.0,Bonus,22,EUR,112.9525
2024-01-01,10115,Berlin,4250.0,Bonus,16,EUR,109.36416666666666
2024-01-01,10115,Berlin,4250.0,Bonus,43,EUR,117.13333333333333
2024-01-01,81539,München,4250.0,Bonus,5,EUR,95.60000000000001
2024-01-01,81539,München,4250.0,Bonus,35,EUR,111.96916666666668
2024-01-01,81539,München,4250.0,Bonus,40,EUR,114.31833333333333
2024-01-01,10115,Berlin,4000.0,Bonus,39,EUR,109.40166666666666
2024-01-01,10115,Berlin,4000.0,Bonus,40,EUR,109.4225
2024-01-01,10115,Berlin,5000.0,Bonus,9,EUR,123.25
2024-01-01,10115,Berlin,5000.0,Bonus,24,EUR,129.65
2024-01-01,10115,Berlin,5000.0,Bonus,36,EUR,136.03916666666666
2024-01-01,10115,Berlin,5000.0,Bonus,37,EUR,136.17
2024-01-01,81539,München,5000.0,Bonus,17,EUR,123.85833333333333
